-- phpMyAdmin SQL Dump
-- version 4.6.6deb5ubuntu0.5
-- https://www.phpmyadmin.net/
--
-- Host: localhost:3306
-- Generation Time: Feb 15, 2022 at 05:16 AM
-- Server version: 5.7.36-0ubuntu0.18.04.1
-- PHP Version: 7.2.24-0ubuntu0.18.04.10

SET SQL_MODE = "NO_AUTO_VALUE_ON_ZERO";
SET time_zone = "+00:00";


/*!40101 SET @OLD_CHARACTER_SET_CLIENT=@@CHARACTER_SET_CLIENT */;
/*!40101 SET @OLD_CHARACTER_SET_RESULTS=@@CHARACTER_SET_RESULTS */;
/*!40101 SET @OLD_COLLATION_CONNECTION=@@COLLATION_CONNECTION */;
/*!40101 SET NAMES utf8mb4 */;

--
-- Database: `DailyLiveExcerciseChannel_PM_77batchno`
--

-- --------------------------------------------------------

--
-- Table structure for table `tbl_countries`
--

CREATE TABLE `tbl_countries` (
  `country` varchar(43) DEFAULT NULL,
  `cntry_code` varchar(5) DEFAULT NULL
) ENGINE=InnoDB DEFAULT CHARSET=utf8;

--
-- Dumping data for table `tbl_countries`
--

INSERT INTO `tbl_countries` (`country`, `cntry_code`) VALUES
('Afghanistan', '93'),
('Albania', '355'),
('Algeria', '213'),
('American Samoa', '1-684'),
('Andorra', '376'),
('Angola', '244'),
('Anguilla', '1-264'),
('Antarctica', '672'),
('Antigua', '1-268'),
('Argentina', '54'),
('Armenia', '374'),
('Aruba', '297'),
('Ascension', '247'),
('Australia', '61'),
('Australian External Territories', '672'),
('Austria', '43'),
('Azerbaijan', '994'),
('Bahamas', '1-242'),
('Bahrain', '973'),
('Bangladesh', '880'),
('Barbados', '1-246'),
('Barbuda', '1-268'),
('Belarus', '375'),
('Belgium', '32'),
('Belize', '501'),
('Benin', '229'),
('Bermuda', '1-441'),
('Bhutan', '975'),
('Bolivia', '591'),
('Bosnia & Herzegovina', '387'),
('Botswana', '267'),
('Brazil', '55'),
('British Virgin Islands', '1-284'),
('Brunei Darussalam', '673'),
('Bulgaria', '359'),
('Burkina Faso', '226'),
('Burundi', '257'),
('Cambodia', '855'),
('Cameroon', '237'),
('Canada', '1'),
('Cape Verde Islands', '238'),
('Cayman Islands', '1-345'),
('Central African Republic', '236'),
('Chad', '235'),
('Chatham Island (New Zealand)', '64'),
('Chile', '56'),
('China (PRC)', '86'),
('Christmas Island', '61-8'),
('', ''),
('Cocos-Keeling Islands', '61'),
('Colombia', '57'),
('Comoros', '269'),
('Congo', '242'),
('Congo, Dem. Rep. of?', '243'),
('Cook Islands', '682'),
('Costa Rica', '506'),
('C?te d\'Ivoire', '225'),
('Croatia', '385'),
('Cuba', '53'),
('Cuba', '5399'),
('Cura?ao', '599'),
('Cyprus', '357'),
('Czech Republic', '420'),
('Denmark', '45'),
('Diego Garcia', '246'),
('Djibouti', '253'),
('Dominica', '1-767'),
('Dominican Republic', '1-809'),
('East Timor', '670'),
('Easter Island', '56'),
('Ecuador', '593'),
('Egypt', '20'),
('El Salvador', '503'),
('Equatorial Guinea', '240'),
('Eritrea', '291'),
('Estonia', '372'),
('Ethiopia', '251'),
('Falkland Islands', '500'),
('Faroe Islands', '298'),
('Fiji Islands', '679'),
('Finland', '358'),
('France', '33'),
('French Antilles', '596'),
('French Guiana', '594'),
('French Polynesia', '689'),
('Gabonese Republic', '241'),
('Gambia', '220'),
('Georgia', '995'),
('Germany', '49'),
('Ghana', '233'),
('Gibraltar', '350'),
('Greece', '30'),
('Greenland', '299'),
('Grenada', '1-473'),
('Guadeloupe', '590'),
('Guam', '1-671'),
('Guantanamo Bay', '5399'),
('Guatemala', '502'),
('Guinea-Bissau', '245'),
('Guinea', '224'),
('Guyana', '592'),
('Haiti', '509'),
('Honduras', '504'),
('Hong Kong', '852'),
('Hungary', '36'),
('Iceland', '354'),
('India', '91'),
('Indonesia', '62'),
('Inmarsat (Atlantic Ocean - East)', '871'),
('Inmarsat (Atlantic Ocean - West)', '874'),
('Inmarsat (Indian Ocean)', '873'),
('Inmarsat (Pacific Ocean)', '872'),
('International Freephone Service', '800'),
('International Shared Cost Service (ISCS)', '808'),
('Iran', '98'),
('Iraq', '964'),
('Ireland', '353'),
('Iridium', '8816'),
('Israel', '972'),
('Italy', '39'),
('Jamaica', '1-876'),
('Japan', '81'),
('Jordan', '962'),
('Kazakhstan', '7'),
('Kenya', '254'),
('Kiribati', '686'),
('Korea (North)', '850'),
('Korea (South)', '82'),
('Kuwait', '965'),
('Kyrgyz Republic', '996'),
('Laos', '856'),
('Latvia', '371'),
('Lebanon', '961'),
('Lesotho', '266'),
('Liberia', '231'),
('Libya', '218'),
('Liechtenstein', '423'),
('Lithuania', '370'),
('Luxembourg', '352'),
('Macao', '853'),
('Macedonia', '389'),
('Madagascar', '261'),
('Malawi', '265'),
('Malaysia', '60'),
('Maldives', '960'),
('Mali Republic', '223'),
('Malta', '356'),
('Marshall Islands', '692'),
('Martinique', '596'),
('Mauritania', '222'),
('Mauritius', '230'),
('Mayotte Island', '269'),
('Mexico', '52'),
('Micronesia, (Federal States of)', '691'),
('Midway Island', '1-808'),
('Moldova', '373'),
('Monaco', '377'),
('Mongolia', '976'),
('Montenegro', '382'),
('Montserrat', '1-664'),
('Morocco', '212'),
('Mozambique', '258'),
('Myanmar', '95'),
('Namibia', '264'),
('Nauru', '674'),
('Nepal', '977'),
('Netherlands', '31'),
('Netherlands Antilles', '599'),
('Nevis', '1-869'),
('New Caledonia', '687'),
('New Zealand', '64'),
('Nicaragua', '505'),
('Niger', '227'),
('Nigeria', '234'),
('Niue', '683'),
('Norfolk Island', '672'),
('Northern Marianas Islands', '1-670'),
('', ''),
('Norway', '47'),
('Oman', '968'),
('Pakistan', '92'),
('Palau', '680'),
('Palestinian Settlements', '970'),
('Panama', '507'),
('Papua New Guinea', '675'),
('Paraguay', '595'),
('Peru', '51'),
('Philippines', '63'),
('Poland', '48'),
('Portugal', '351'),
('Puerto Rico', '1-787'),
('Qatar', '974'),
('R?union Island', '262'),
('Romania', '40'),
('Russia', '7'),
('Rwandese Republic', '250'),
('St. Helena', '290'),
('St. Kitts/Nevis', '1-869'),
('St. Lucia', '-757'),
('St. Pierre & Miquelon', '508'),
('St. Vincent & Grenadines', '1-784'),
('Samoa', '685'),
('San Marino', '378'),
('S?o Tom? and Principe', '239'),
('Saudi Arabia', '966'),
('Senegal', '221'),
('Serbia', '381'),
('Seychelles Republic', '248'),
('Sierra Leone', '232'),
('Singapore', '65'),
('Slovak Republic', '421'),
('Slovenia', '386'),
('Solomon Islands', '677'),
('Somali Democratic Republic', '252'),
('South Africa', '27'),
('Spain', '34'),
('Sri Lanka', '94'),
('Sudan', '249'),
('Suriname', '597'),
('Swaziland', '268'),
('Sweden', '46'),
('Switzerland', '41'),
('Syria', '963'),
('Taiwan', '886'),
('Tajikistan', '992'),
('Tanzania', '255'),
('Thailand', '66'),
('Thuraya (Mobile Satellite service)', '88216'),
('Timor Leste', '670'),
('Togolese Republic', '228'),
('Tokelau', '690'),
('Tonga Islands', '676'),
('Trinidad & Tobago', '1-868'),
('Tunisia', '216'),
('Turkey', '90'),
('Turkmenistan', '993'),
('Turks and Caicos Islands', '1-649'),
('Tuvalu', '688'),
('Uganda', '256'),
('Ukraine', '380'),
('United Arab Emirates', '971'),
('United Kingdom', '44'),
('United States of America', '1'),
('US Virgin Islands', '1-340'),
('Universal Personal Telecommunications (UPT)', '878'),
('Uruguay', '598'),
('Uzbekistan', '998'),
('Vanuatu', '678'),
('Vatican City', '39'),
('Venezuela', '58'),
('Vietnam', '84'),
('Wake Island', '808');

-- --------------------------------------------------------

--
-- Table structure for table `tbl_questions`
--

CREATE TABLE `tbl_questions` (
  `id` int(11) NOT NULL,
  `batch` varchar(50) NOT NULL,
  `user_name` varchar(255) NOT NULL,
  `user_phone` varchar(15) NOT NULL,
  `user_question` varchar(500) NOT NULL,
  `asked_at` datetime NOT NULL,
  `user_code` varchar(10) NOT NULL,
  `speaker` int(11) NOT NULL DEFAULT '0',
  `answered` int(11) NOT NULL DEFAULT '0',
  `responded` int(11) DEFAULT '0',
  `doctor` int(11) DEFAULT '0',
  `diet` int(11) DEFAULT '0',
  `exercise` int(11) DEFAULT '0',
  `mentor` int(11) DEFAULT '0',
  `operations` int(11) DEFAULT '0',
  `InnerTransformation` int(11) DEFAULT '0',
  `Sales` int(11) DEFAULT '0',
  `Program` int(11) DEFAULT '0',
  `remark` varchar(250) DEFAULT NULL
) ENGINE=InnoDB DEFAULT CHARSET=latin1;

--
-- Dumping data for table `tbl_questions`
--

INSERT INTO `tbl_questions` (`id`, `batch`, `user_name`, `user_phone`, `user_question`, `asked_at`, `user_code`, `speaker`, `answered`, `responded`, `doctor`, `diet`, `exercise`, `mentor`, `operations`, `InnerTransformation`, `Sales`, `Program`, `remark`) VALUES
(1, 'batch77', 'V V RATNAM', '7799615052', '5', '2022-02-14 07:04:06', '', 0, 0, 0, 0, 0, 0, 0, 0, 0, 0, 0, NULL),
(2, 'batch77', 'V V RATNAM', '7799615052', '5', '2022-02-14 07:04:19', '', 0, 0, 0, 0, 0, 0, 0, 0, 0, 0, 0, NULL),
(3, 'batch77', 'Ghanshyam Ahirwar', '8959842979', '1', '2022-02-14 07:08:52', '', 0, 0, 0, 0, 0, 0, 0, 0, 0, 0, 0, NULL),
(4, 'batch77', 'Ghanshyam Ahirwar', '8959842979', '5', '2022-02-14 07:09:08', '', 0, 0, 0, 0, 0, 0, 0, 0, 0, 0, 0, NULL),
(5, 'batch77', 'Ramesh ', '6360656678', '5', '2022-02-14 07:11:43', '', 0, 0, 0, 0, 0, 0, 0, 0, 0, 0, 0, NULL),
(6, 'batch77', 'Rajib Kumar Mandal', '09921414639', '5', '2022-02-14 07:18:19', '', 0, 0, 0, 0, 0, 0, 0, 0, 0, 0, 0, NULL),
(7, 'batch77', 'Rajib Kumar Mandal', '09921414639', '5', '2022-02-14 07:18:24', '', 0, 0, 0, 0, 0, 0, 0, 0, 0, 0, 0, NULL),
(8, 'batch77', 'Pranabesh Pattanaik', '8895108822', '5', '2022-02-14 07:18:25', '', 0, 0, 0, 0, 0, 0, 0, 0, 0, 0, 0, NULL),
(9, 'batch77', 'Pranabesh Pattanaik', '8895108822', '5', '2022-02-14 07:20:15', '', 0, 0, 0, 0, 0, 0, 0, 0, 0, 0, 0, NULL),
(10, 'batch77', 'PURUSHOTHAMA  REDDY', '9986040915', '5', '2022-02-14 07:20:17', '', 0, 0, 0, 0, 0, 0, 0, 0, 0, 0, 0, NULL),
(11, 'batch77', 'PURUSHOTHAMA  REDDY', '9986040915', '5', '2022-02-14 07:20:22', '', 0, 0, 0, 0, 0, 0, 0, 0, 0, 0, 0, NULL),
(12, 'batch77', 'Pranabesh Pattanaik', '8895108822', '5', '2022-02-14 07:20:23', '', 0, 0, 0, 0, 0, 0, 0, 0, 0, 0, 0, NULL),
(13, 'batch77', 'Pranabesh Pattanaik', '8895108822', '5', '2022-02-14 07:20:55', '', 0, 0, 0, 0, 0, 0, 0, 0, 0, 0, 0, NULL),
(14, 'batch77', 'Shree Ram Poddar', '09830321141', '5', '2022-02-14 07:25:33', '', 0, 0, 0, 0, 0, 0, 0, 0, 0, 0, 0, NULL),
(15, 'batch77', 'Shree Ram Poddar', '09830321141', '5', '2022-02-14 07:25:39', '', 0, 0, 0, 0, 0, 0, 0, 0, 0, 0, 0, NULL),
(16, 'batch77', 'Rajesh Benny ', '9820410322', '5', '2022-02-14 07:39:48', '', 0, 0, 0, 0, 0, 0, 0, 0, 0, 0, 0, NULL),
(17, 'batch77', 'R LAKSHMI', '9840427823', '4', '2022-02-14 07:53:40', '', 0, 0, 0, 0, 0, 0, 0, 0, 0, 0, 0, NULL),
(18, 'batch77', 'Sumayya rafi', '9108670575', '5', '2022-02-14 07:53:43', '', 0, 0, 0, 0, 0, 0, 0, 0, 0, 0, 0, NULL),
(19, 'batch77', 'madhukar tallam', '4088327936', '5', '2022-02-14 07:53:46', '1', 0, 0, 0, 0, 0, 0, 0, 0, 0, 0, 0, NULL),
(20, 'batch77', 'Shree Ram Poddar', '09830321141', '5', '2022-02-14 07:54:04', '', 0, 0, 0, 0, 0, 0, 0, 0, 0, 0, 0, NULL),
(21, 'batch77', 'SIDDAJI YAMANAJI CHAVAN', '09844900142', '4', '2022-02-14 07:54:08', '', 0, 0, 0, 0, 0, 0, 0, 0, 0, 0, 0, NULL),
(22, 'batch77', 'SIDDAJI YAMANAJI CHAVAN', '09844900142', '4', '2022-02-14 07:54:10', '', 0, 0, 0, 0, 0, 0, 0, 0, 0, 0, 0, NULL),
(23, 'batch77', 'Reena', '6478222517', '5', '2022-02-14 07:54:19', '1', 0, 0, 0, 0, 0, 0, 0, 0, 0, 0, 0, NULL),
(24, 'batch77', 'Reena', '6478222517', '5', '2022-02-14 07:54:20', '1', 0, 0, 0, 0, 0, 0, 0, 0, 0, 0, 0, NULL),
(25, 'batch77', 'Vanaja NS', '9663383668', '5', '2022-02-14 07:55:13', '', 0, 0, 0, 0, 0, 0, 0, 0, 0, 0, 0, NULL),
(26, 'batch77', 'Amit Singh', '7898695752', '5', '2022-02-14 07:55:14', '', 0, 0, 0, 0, 0, 0, 0, 0, 0, 0, 0, NULL),
(27, 'batch77', 'Vanaja NS', '9663383668', '5', '2022-02-14 07:55:14', '', 0, 0, 0, 0, 0, 0, 0, 0, 0, 0, 0, NULL),
(28, 'batch77', 'Vanaja NS', '9663383668', '5', '2022-02-14 07:55:15', '', 0, 0, 0, 0, 0, 0, 0, 0, 0, 0, 0, NULL),
(29, 'batch77', 'S PRAKASH', '9448701305', '4', '2022-02-14 07:55:27', '', 0, 0, 0, 0, 0, 0, 0, 0, 0, 0, 0, NULL),
(30, 'batch77', 'divakararao', '9686625255', '1', '2022-02-14 07:55:42', '', 0, 0, 0, 0, 0, 0, 0, 0, 0, 0, 0, NULL),
(31, 'batch77', 'divakararao', '9686625255', '1', '2022-02-14 07:55:47', '', 0, 0, 0, 0, 0, 0, 0, 0, 0, 0, 0, NULL),
(32, 'batch77', 'divakararao', '9686625255', '1', '2022-02-14 07:55:53', '', 0, 0, 0, 0, 0, 0, 0, 0, 0, 0, 0, NULL),
(33, 'batch77', 'V V RATNAM', '7799615052', '5', '2022-02-14 07:56:31', '', 0, 0, 0, 0, 0, 0, 0, 0, 0, 0, 0, NULL),
(34, 'batch77', 'divakararao S', '09986625255', '5', '2022-02-14 07:56:46', '', 0, 0, 0, 0, 0, 0, 0, 0, 0, 0, 0, NULL),
(35, 'batch77', 'kuber', '9903180061', '4', '2022-02-14 07:57:36', '', 0, 0, 0, 0, 0, 0, 0, 0, 0, 0, 0, NULL),
(36, 'batch77', 'Ishita ', '9409117585', '5', '2022-02-14 07:58:59', '', 0, 0, 0, 0, 0, 0, 0, 0, 0, 0, 0, NULL),
(37, 'batch77', 'Ishita ', '9409117585', '5', '2022-02-14 07:59:03', '', 0, 0, 0, 0, 0, 0, 0, 0, 0, 0, 0, NULL),
(38, 'batch77', 'Ramesh Chabd', '9818235571', '2', '2022-02-14 08:01:03', '', 0, 0, 0, 0, 0, 0, 0, 0, 0, 0, 0, NULL),
(39, 'batch77', 'Ramesh Chabd', '9818235571', '2', '2022-02-14 08:01:05', '', 0, 0, 0, 0, 0, 0, 0, 0, 0, 0, 0, NULL),
(40, 'batch77', 'Ramesh Chabd', '9818235571', '2', '2022-02-14 08:01:05', '', 0, 0, 0, 0, 0, 0, 0, 0, 0, 0, 0, NULL),
(41, 'batch77', 'Pallavi Tyagi', '9818047739', '2', '2022-02-14 08:01:50', '', 0, 0, 0, 0, 0, 0, 0, 0, 0, 0, 0, NULL),
(42, 'batch77', 'Pallavi Tyagi', '9818047739', '2', '2022-02-14 08:01:51', '', 0, 0, 0, 0, 0, 0, 0, 0, 0, 0, 0, NULL),
(43, 'batch77', 'Pallavi Tyagi', '9818047739', '2', '2022-02-14 08:01:53', '', 0, 0, 0, 0, 0, 0, 0, 0, 0, 0, 0, NULL),
(44, 'batch77', 'Ghanshyam Ahirwar', '8959842979', '5', '2022-02-14 08:31:11', '', 0, 0, 0, 0, 0, 0, 0, 0, 0, 0, 0, NULL),
(45, 'batch77', 'Ghanshyam Ahirwar', '8959842979', '5', '2022-02-14 08:31:13', '', 0, 0, 0, 0, 0, 0, 0, 0, 0, 0, 0, NULL),
(46, 'batch77', 'Deepak K R', '9880284475', '4', '2022-02-14 08:34:25', '', 0, 0, 0, 0, 0, 0, 0, 0, 0, 0, 0, NULL),
(47, 'batch77', 'Srinivasa Chaganti', '8088755733', '5', '2022-02-14 08:54:37', '', 0, 0, 0, 0, 0, 0, 0, 0, 0, 0, 0, NULL),
(48, 'batch77', 'Rajesh Dalve', '9822220678', '5', '2022-02-14 10:05:08', '', 0, 0, 0, 0, 0, 0, 0, 0, 0, 0, 0, NULL),
(49, 'batch77', 'Sharda jangid ', '9167201205', '4', '2022-02-14 11:34:57', '', 0, 0, 0, 0, 0, 0, 0, 0, 0, 0, 0, NULL),
(50, 'batch77', 'Sharda jangid ', '9167201205', '4', '2022-02-14 11:35:01', '', 0, 0, 0, 0, 0, 0, 0, 0, 0, 0, 0, NULL),
(51, 'batch77', 'Sharda jangid ', '9167201205', '4', '2022-02-14 11:35:10', '', 0, 0, 0, 0, 0, 0, 0, 0, 0, 0, 0, NULL),
(52, 'batch77', 'Veena Samudra', '9728974061', '4', '2022-02-14 18:15:47', '1', 0, 0, 0, 0, 0, 0, 0, 0, 0, 0, 0, NULL),
(53, 'batch77', 'S Kannan ', '9900150713', '4', '2022-02-14 19:12:35', '', 0, 0, 0, 0, 0, 0, 0, 0, 0, 0, 0, NULL),
(54, 'batch77', 'Snehal', '8121266140', '4', '2022-02-14 19:13:34', '', 0, 0, 0, 0, 0, 0, 0, 0, 0, 0, 0, NULL),
(55, 'batch77', 'Snehal', '8121266140', '4', '2022-02-14 19:13:41', '', 0, 0, 0, 0, 0, 0, 0, 0, 0, 0, 0, NULL),
(56, 'batch77', 'Snehal', '8121266140', '4', '2022-02-14 19:13:47', '', 0, 0, 0, 0, 0, 0, 0, 0, 0, 0, 0, NULL),
(57, 'batch77', 'raviprakash ', '9449000101', '5', '2022-02-14 19:14:04', '', 0, 0, 0, 0, 0, 0, 0, 0, 0, 0, 0, NULL),
(58, 'batch77', 'raviprakash ', '9449000101', '5', '2022-02-14 19:14:08', '', 0, 0, 0, 0, 0, 0, 0, 0, 0, 0, 0, NULL),
(59, 'batch77', 'Nishu', '9819276921', '5', '2022-02-14 19:14:13', '', 0, 0, 0, 0, 0, 0, 0, 0, 0, 0, 0, NULL),
(60, 'batch77', 'Nishu', '9819276921', '5', '2022-02-14 19:14:18', '', 0, 0, 0, 0, 0, 0, 0, 0, 0, 0, 0, NULL),
(61, 'batch77', 'Nishu', '9819276921', '5', '2022-02-14 19:14:20', '', 0, 0, 0, 0, 0, 0, 0, 0, 0, 0, 0, NULL),
(62, 'batch77', 'Vijaylaxmi', '8050381579', '5', '2022-02-14 19:14:45', '', 0, 0, 0, 0, 0, 0, 0, 0, 0, 0, 0, NULL),
(63, 'batch77', 'Vijaylaxmi', '8050381579', '5', '2022-02-14 19:14:47', '', 0, 0, 0, 0, 0, 0, 0, 0, 0, 0, 0, NULL),
(64, 'batch77', 'Nitin Birje', '9880510675', '1', '2022-02-14 19:17:17', '', 0, 0, 0, 0, 0, 0, 0, 0, 0, 0, 0, NULL),
(65, 'batch77', 'Sharda jangid ', '9167201205', '4', '2022-02-14 19:19:08', '', 0, 0, 0, 0, 0, 0, 0, 0, 0, 0, 0, NULL),
(66, 'batch77', 'Prakash', '9611133402', '5', '2022-02-14 19:20:44', '', 0, 0, 0, 0, 0, 0, 0, 0, 0, 0, 0, NULL),
(67, 'batch77', 'Vijaylaxmi', '8050381579', '5', '2022-02-14 19:21:49', '', 0, 0, 0, 0, 0, 0, 0, 0, 0, 0, 0, NULL),
(68, 'batch77', 'SUJATHAVASU', '9740363864', '5', '2022-02-14 19:28:18', '', 0, 0, 0, 0, 0, 0, 0, 0, 0, 0, 0, NULL),
(69, 'batch77', 'SUJATHAVASU', '9740363864', '5', '2022-02-14 19:28:38', '', 0, 0, 0, 0, 0, 0, 0, 0, 0, 0, 0, NULL),
(70, 'batch77', 'SUJATHAVASU', '9740363864', '5', '2022-02-14 19:29:16', '', 0, 0, 0, 0, 0, 0, 0, 0, 0, 0, 0, NULL),
(71, 'batch77', 'SUJATHAVASU', '9740363864', '5', '2022-02-14 19:30:06', '', 0, 0, 0, 0, 0, 0, 0, 0, 0, 0, 0, NULL),
(72, 'batch77', 'Pranabesh Pattanaik', '8895108822', '5', '2022-02-14 19:32:47', '', 0, 0, 0, 0, 0, 0, 0, 0, 0, 0, 0, NULL),
(73, 'batch77', 'Pranabesh Pattanaik', '8895108822', '5', '2022-02-14 19:34:47', '', 0, 0, 0, 0, 0, 0, 0, 0, 0, 0, 0, NULL),
(74, 'batch77', 'Shashishekar Pujari', '07829185866', '4', '2022-02-14 19:36:40', '', 0, 0, 0, 0, 0, 0, 0, 0, 0, 0, 0, NULL),
(75, 'batch77', 'Shashishekar Pujari', '07829185866', '4', '2022-02-14 19:37:08', '', 0, 0, 0, 0, 0, 0, 0, 0, 0, 0, 0, NULL),
(76, 'batch77', 'Lakshmi Krishna', '0876643261', '5', '2022-02-14 19:37:12', '', 0, 0, 0, 0, 0, 0, 0, 0, 0, 0, 0, NULL),
(77, 'batch77', 'Prakash ', '9986862662', '4', '2022-02-14 19:38:21', '', 0, 0, 0, 0, 0, 0, 0, 0, 0, 0, 0, NULL),
(78, 'batch77', 'Lakshmi Krishna', '0876643261', '5', '2022-02-14 19:38:30', '', 0, 0, 0, 0, 0, 0, 0, 0, 0, 0, 0, NULL),
(79, 'batch77', 'à¤ªà¥à¤°à¤•à¤¾à¤¶ ', '9422375098', '4', '2022-02-14 19:39:50', '', 0, 0, 0, 0, 0, 0, 0, 0, 0, 0, 0, NULL),
(80, 'batch77', 'Prakash ', '9986862662', '4', '2022-02-14 19:42:03', '', 0, 0, 0, 0, 0, 0, 0, 0, 0, 0, 0, NULL),
(81, 'batch77', 'Jignasha Vegad', '913156696', '5', '2022-02-14 19:50:45', '', 0, 0, 0, 0, 0, 0, 0, 0, 0, 0, 0, NULL),
(82, 'batch77', 'Kriti  kajal', '9650483949', '5', '2022-02-14 19:53:37', '', 0, 0, 0, 0, 0, 0, 0, 0, 0, 0, 0, NULL),
(83, 'batch77', 'Kriti  kajal', '9650483949', '5', '2022-02-14 19:53:43', '', 0, 0, 0, 0, 0, 0, 0, 0, 0, 0, 0, NULL),
(84, 'batch77', 'Smita', '4692237413', '5', '2022-02-14 19:53:46', '1', 0, 0, 0, 0, 0, 0, 0, 0, 0, 0, 0, NULL),
(85, 'batch77', 'madhukar tallam', '4088327936', '5', '2022-02-14 19:54:02', '1', 0, 0, 0, 0, 0, 0, 0, 0, 0, 0, 0, NULL),
(86, 'batch77', 'Ritika', '8130747050', '5', '2022-02-14 19:54:03', '', 0, 0, 0, 0, 0, 0, 0, 0, 0, 0, 0, NULL),
(87, 'batch77', 'Nisha Ganesh Naik', '9823473132', '5', '2022-02-14 19:54:10', '', 0, 0, 0, 0, 0, 0, 0, 0, 0, 0, 0, NULL),
(88, 'batch77', 'Eera', '8750118252', '3', '2022-02-14 19:54:19', '', 0, 0, 0, 0, 0, 0, 0, 0, 0, 0, 0, NULL),
(89, 'batch77', 'Eera', '8750118252', '3', '2022-02-14 19:54:25', '', 0, 0, 0, 0, 0, 0, 0, 0, 0, 0, 0, NULL),
(90, 'batch77', 'Rajendrasinh', '9825075905', '5', '2022-02-14 19:54:36', '', 0, 0, 0, 0, 0, 0, 0, 0, 0, 0, 0, NULL),
(91, 'batch77', 'Uday Kothari', '9890527680', '3', '2022-02-14 19:54:46', '', 0, 0, 0, 0, 0, 0, 0, 0, 0, 0, 0, NULL),
(92, 'batch77', 'AlkaRathi', '9810636046', '5', '2022-02-14 19:54:47', '', 0, 0, 0, 0, 0, 0, 0, 0, 0, 0, 0, NULL),
(93, 'batch77', 'AlkaRathi', '9810636046', '5', '2022-02-14 19:54:49', '', 0, 0, 0, 0, 0, 0, 0, 0, 0, 0, 0, NULL),
(94, 'batch77', 'SIDDAJI YAMANAJI CHAVAN', '9844900142', '5', '2022-02-14 19:55:28', '', 0, 0, 0, 0, 0, 0, 0, 0, 0, 0, 0, NULL),
(95, 'batch77', 'SIDDAJI YAMANAJI CHAVAN', '9844900142', '5', '2022-02-14 19:55:34', '', 0, 0, 0, 0, 0, 0, 0, 0, 0, 0, 0, NULL),
(96, 'batch77', 'karabi datta', '8077923687', '4', '2022-02-14 19:56:01', '234', 0, 0, 0, 0, 0, 0, 0, 0, 0, 0, 0, NULL),
(97, 'batch77', 'Bhairavi Raj', '9881403305', '4', '2022-02-14 19:56:38', '', 0, 0, 0, 0, 0, 0, 0, 0, 0, 0, 0, NULL),
(98, 'batch77', 'Sudhir Nayak ', '9560030297', '5', '2022-02-14 19:56:57', '', 0, 0, 0, 0, 0, 0, 0, 0, 0, 0, 0, NULL),
(99, 'batch77', 'Sudhir Nayak ', '9560030297', '5', '2022-02-14 19:56:59', '', 0, 0, 0, 0, 0, 0, 0, 0, 0, 0, 0, NULL),
(100, 'batch77', 'Rajeeva Gopalaiah', '9731044880', '4', '2022-02-14 19:57:20', '', 0, 0, 0, 0, 0, 0, 0, 0, 0, 0, 0, NULL),
(101, 'batch77', 'Ramesh Mahadeo Gaikwad', '9975600411', '4', '2022-02-14 19:57:27', '', 0, 0, 0, 0, 0, 0, 0, 0, 0, 0, 0, NULL),
(102, 'batch77', 'Ramesh Mahadeo Gaikwad', '9975600411', '4', '2022-02-14 19:57:30', '', 0, 0, 0, 0, 0, 0, 0, 0, 0, 0, 0, NULL),
(103, 'batch77', 'P. S. N. Murthy', '8884994960', '5', '2022-02-14 19:58:23', '', 0, 0, 0, 0, 0, 0, 0, 0, 0, 0, 0, NULL),
(104, 'batch77', 'P. S. N. Murthy', '8884994960', '5', '2022-02-14 19:58:30', '', 0, 0, 0, 0, 0, 0, 0, 0, 0, 0, 0, NULL),
(105, 'batch77', 'Sudhir Nayak ', '9560030297', '5', '2022-02-14 20:00:04', '', 0, 0, 0, 0, 0, 0, 0, 0, 0, 0, 0, NULL),
(106, 'batch77', 'Virendra Prakash', '9758244700', '4', '2022-02-14 20:01:50', '', 0, 0, 0, 0, 0, 0, 0, 0, 0, 0, 0, NULL),
(107, 'batch77', 'Christopher Wade', '9177125503', '4', '2022-02-14 20:02:25', '63', 0, 0, 0, 0, 0, 0, 0, 0, 0, 0, 0, NULL),
(108, 'batch77', 'Rajendrasinh', '9825075905', '5', '2022-02-14 20:25:35', '', 0, 0, 0, 0, 0, 0, 0, 0, 0, 0, 0, NULL),
(109, 'batch77', 'Purittigadda Ammaji', '9441215995', '5', '2022-02-14 20:41:37', '', 0, 0, 0, 0, 0, 0, 0, 0, 0, 0, 0, NULL),
(110, 'batch77', 'Ritu Kapoor', '09717222113', '5', '2022-02-14 21:04:27', '', 0, 0, 0, 0, 0, 0, 0, 0, 0, 0, 0, NULL),
(111, 'batch77', 'Ritu Kapoor', '09717222113', '5', '2022-02-14 21:04:31', '', 0, 0, 0, 0, 0, 0, 0, 0, 0, 0, 0, NULL),
(112, 'batch77', 'Sharda jangid ', '9167201205', '4', '2022-02-14 21:38:22', '', 0, 0, 0, 0, 0, 0, 0, 0, 0, 0, 0, NULL),
(113, 'batch77', 'Prakash ', '9986862662', '4', '2022-02-14 21:39:55', '', 0, 0, 0, 0, 0, 0, 0, 0, 0, 0, 0, NULL),
(114, 'batch77', 'Prakash ', '9986862662', '4', '2022-02-14 21:39:57', '', 0, 0, 0, 0, 0, 0, 0, 0, 0, 0, 0, NULL),
(115, 'batch77', 'Prakash ', '9986862662', '3', '2022-02-14 21:41:34', '', 0, 0, 0, 0, 0, 0, 0, 0, 0, 0, 0, NULL),
(116, 'batch77', 'Sandeep', '9740016388', '5', '2022-02-14 21:52:15', '', 0, 0, 0, 0, 0, 0, 0, 0, 0, 0, 0, NULL),
(117, 'batch77', 'Anand Angadi', '9986575013', '3', '2022-02-14 21:54:11', '', 0, 0, 0, 0, 0, 0, 0, 0, 0, 0, 0, NULL),
(118, 'batch77', 'Anand Angadi', '9986575013', '3', '2022-02-14 21:54:13', '', 0, 0, 0, 0, 0, 0, 0, 0, 0, 0, 0, NULL),
(119, 'batch77', 'Sukhbir', '6046151693', '1', '2022-02-14 21:56:09', '1', 0, 0, 0, 0, 0, 0, 0, 0, 0, 0, 0, NULL),
(120, 'batch77', 'Charanjit  singh ', '9814102214', '4', '2022-02-14 21:58:27', '', 0, 0, 0, 0, 0, 0, 0, 0, 0, 0, 0, NULL),
(121, 'batch77', 'Charanjit  singh ', '9814102214', '4', '2022-02-14 21:58:35', '', 0, 0, 0, 0, 0, 0, 0, 0, 0, 0, 0, NULL),
(122, 'batch77', 'Neena Gupta', '09868217455', '5', '2022-02-14 22:00:06', '', 0, 0, 0, 0, 0, 0, 0, 0, 0, 0, 0, NULL),
(123, 'batch77', 'Pramodini Yergolkar', '08472237219', '5', '2022-02-14 22:11:27', '', 0, 0, 0, 0, 0, 0, 0, 0, 0, 0, 0, NULL),
(124, 'batch77', 'Rama', '9518353158', '2', '2022-02-14 22:22:55', '', 0, 0, 0, 0, 0, 0, 0, 0, 0, 0, 0, NULL),
(125, 'batch77', 'Neena Gupta', '09868217455', '5', '2022-02-15 07:06:38', '', 0, 0, 0, 0, 0, 0, 0, 0, 0, 0, 0, NULL),
(126, 'batch77', 'Neena Gupta', '09868217455', '5', '2022-02-15 07:06:50', '', 0, 0, 0, 0, 0, 0, 0, 0, 0, 0, 0, NULL),
(127, 'batch77', 'raviprakash ', '9449000101', '4', '2022-02-15 07:10:05', '', 0, 0, 0, 0, 0, 0, 0, 0, 0, 0, 0, NULL),
(128, 'batch77', 'Yogesh Kenjale', '9763933077', '4', '2022-02-15 07:13:17', '', 0, 0, 0, 0, 0, 0, 0, 0, 0, 0, 0, NULL),
(129, 'batch77', 'madhukar tallam', '4088327936', '5', '2022-02-15 07:14:04', '1', 0, 0, 0, 0, 0, 0, 0, 0, 0, 0, 0, NULL),
(130, 'batch77', 'Srikanth Kovuri', '419929643', '4', '2022-02-15 07:14:20', '61', 0, 0, 0, 0, 0, 0, 0, 0, 0, 0, 0, NULL),
(131, 'batch77', 'Yogesh Kenjale', '9763933077', '4', '2022-02-15 07:16:13', '', 0, 0, 0, 0, 0, 0, 0, 0, 0, 0, 0, NULL),
(132, 'batch77', 'PURUSHOTHAMA  REDDY', '9986040915', '5', '2022-02-15 07:17:40', '', 0, 0, 0, 0, 0, 0, 0, 0, 0, 0, 0, NULL),
(133, 'batch77', 'Shree Ram Poddar', '09830321141', '5', '2022-02-15 07:18:23', '', 0, 0, 0, 0, 0, 0, 0, 0, 0, 0, 0, NULL),
(134, 'batch77', 'raviprakash ', '9449000101', '5', '2022-02-15 07:18:44', '', 0, 0, 0, 0, 0, 0, 0, 0, 0, 0, 0, NULL),
(135, 'batch77', 'V V RATNAM', '7799615052', '5', '2022-02-15 07:18:45', '', 0, 0, 0, 0, 0, 0, 0, 0, 0, 0, 0, NULL),
(136, 'batch77', 'raviprakash ', '9449000101', '5', '2022-02-15 07:18:46', '', 0, 0, 0, 0, 0, 0, 0, 0, 0, 0, 0, NULL),
(137, 'batch77', 'raviprakash ', '9449000101', '5', '2022-02-15 07:18:47', '', 0, 0, 0, 0, 0, 0, 0, 0, 0, 0, 0, NULL),
(138, 'batch77', 'SUSHIL KUMAR DHARA', '08178400767', '5', '2022-02-15 07:18:51', '', 0, 0, 0, 0, 0, 0, 0, 0, 0, 0, 0, NULL),
(139, 'batch77', 'SUSHIL KUMAR DHARA', '08178400767', '5', '2022-02-15 07:18:55', '', 0, 0, 0, 0, 0, 0, 0, 0, 0, 0, 0, NULL),
(140, 'batch77', 'Vilas P Tambe', '9892581233', '3', '2022-02-15 07:19:26', '', 0, 0, 0, 0, 0, 0, 0, 0, 0, 0, 0, NULL),
(141, 'batch77', 'Vilas P Tambe', '9892581233', '3', '2022-02-15 07:19:31', '', 0, 0, 0, 0, 0, 0, 0, 0, 0, 0, 0, NULL),
(142, 'batch77', 'Vilas P Tambe', '9892581233', '3', '2022-02-15 07:19:36', '', 0, 0, 0, 0, 0, 0, 0, 0, 0, 0, 0, NULL),
(143, 'batch77', 'BANGARU BABU POPURI', '9440206342', '3', '2022-02-15 07:19:46', '', 0, 0, 0, 0, 0, 0, 0, 0, 0, 0, 0, NULL),
(144, 'batch77', 'Sumit lekhi', '9986611193', '5', '2022-02-15 07:20:11', '', 0, 0, 0, 0, 0, 0, 0, 0, 0, 0, 0, NULL),
(145, 'batch77', 'Vijaylaxmi', '8050381579', '4', '2022-02-15 07:20:12', '', 0, 0, 0, 0, 0, 0, 0, 0, 0, 0, 0, NULL),
(146, 'batch77', 'Vijaylaxmi', '8050381579', '4', '2022-02-15 07:20:14', '', 0, 0, 0, 0, 0, 0, 0, 0, 0, 0, 0, NULL),
(147, 'batch77', 'Vijaylaxmi', '8050381579', '5', '2022-02-15 07:20:18', '', 0, 0, 0, 0, 0, 0, 0, 0, 0, 0, 0, NULL),
(148, 'batch77', 'Shashishekar Pujari', '7829185866', '3', '2022-02-15 07:20:29', '', 0, 0, 0, 0, 0, 0, 0, 0, 0, 0, 0, NULL),
(149, 'batch77', 'Vijaylaxmi', '8050381579', '5', '2022-02-15 07:20:31', '', 0, 0, 0, 0, 0, 0, 0, 0, 0, 0, 0, NULL),
(150, 'batch77', 'Shashishekar Pujari', '7829185866', '3', '2022-02-15 07:20:36', '', 0, 0, 0, 0, 0, 0, 0, 0, 0, 0, 0, NULL),
(151, 'batch77', 'Purittigadda Ammaji', '9441215995', '4', '2022-02-15 07:20:55', '', 0, 0, 0, 0, 0, 0, 0, 0, 0, 0, 0, NULL),
(152, 'batch77', 'Pranabesh Pattanaik', '8895108822', '5', '2022-02-15 07:22:47', '', 0, 0, 0, 0, 0, 0, 0, 0, 0, 0, 0, NULL),
(153, 'batch77', 'divakararao', '9686625255', '2', '2022-02-15 07:25:34', '', 0, 0, 0, 0, 0, 0, 0, 0, 0, 0, 0, NULL),
(154, 'batch77', 'divakararao', '9686625255', '2', '2022-02-15 07:25:35', '', 0, 0, 0, 0, 0, 0, 0, 0, 0, 0, 0, NULL),
(155, 'batch77', 'divakararao', '9686625255', '2', '2022-02-15 07:25:36', '', 0, 0, 0, 0, 0, 0, 0, 0, 0, 0, 0, NULL),
(156, 'batch77', 'M.j.poornima', '8951167089', '0', '2022-02-15 07:30:47', '', 0, 0, 0, 0, 0, 0, 0, 0, 0, 0, 0, NULL),
(157, 'batch77', 'raviprakash ', '9449000101', '5', '2022-02-15 07:32:45', '', 0, 0, 0, 0, 0, 0, 0, 0, 0, 0, 0, NULL),
(158, 'batch77', 'raviprakash ', '9449000101', '5', '2022-02-15 07:32:50', '', 0, 0, 0, 0, 0, 0, 0, 0, 0, 0, 0, NULL),
(159, 'batch77', 'raviprakash ', '9449000101', '5', '2022-02-15 07:32:59', '', 0, 0, 0, 0, 0, 0, 0, 0, 0, 0, 0, NULL),
(160, 'batch77', 'raviprakash ', '9449000101', '5', '2022-02-15 07:33:14', '', 0, 0, 0, 0, 0, 0, 0, 0, 0, 0, 0, NULL),
(161, 'batch77', 'M.j.poornima', '8951167089', '1', '2022-02-15 07:33:22', '', 0, 0, 0, 0, 0, 0, 0, 0, 0, 0, 0, NULL),
(162, 'batch77', 'SUJATHAVASU', '9740363864', '3', '2022-02-15 07:33:22', '', 0, 0, 0, 0, 0, 0, 0, 0, 0, 0, 0, NULL),
(163, 'batch77', 'Rekha ', '9848353663', '5', '2022-02-15 07:40:54', '', 0, 0, 0, 0, 0, 0, 0, 0, 0, 0, 0, NULL),
(164, 'batch77', 'Rekha ', '9848353663', '5', '2022-02-15 07:40:58', '', 0, 0, 0, 0, 0, 0, 0, 0, 0, 0, 0, NULL),
(165, 'batch77', 'Vishram Kunte', '9820636491', '5', '2022-02-15 07:44:37', '', 0, 0, 0, 0, 0, 0, 0, 0, 0, 0, 0, NULL),
(166, 'batch77', 'Abraham P C', '09880730333', '4', '2022-02-15 07:48:48', '', 0, 0, 0, 0, 0, 0, 0, 0, 0, 0, 0, NULL),
(167, 'batch77', 'Vanaja NS', '9663383668', '5', '2022-02-15 07:55:23', '', 0, 0, 0, 0, 0, 0, 0, 0, 0, 0, 0, NULL),
(168, 'batch77', 'Vanaja NS', '9663383668', '5', '2022-02-15 07:55:25', '', 0, 0, 0, 0, 0, 0, 0, 0, 0, 0, 0, NULL),
(169, 'batch77', 'Sanjay Lambe', '9820213908', '5', '2022-02-15 07:57:15', '', 0, 0, 0, 0, 0, 0, 0, 0, 0, 0, 0, NULL),
(170, 'batch77', 'Vasundhara Ramakrishna', '2016681540', '5', '2022-02-15 07:58:01', '1', 0, 0, 0, 0, 0, 0, 0, 0, 0, 0, 0, NULL),
(171, 'batch77', 'Sylaja Akunuri', '9949040777', '5', '2022-02-15 08:01:06', '', 0, 0, 0, 0, 0, 0, 0, 0, 0, 0, 0, NULL),
(172, 'batch77', 'Manoj M Patel', '5106972690', '3', '2022-02-15 08:01:20', '1', 0, 0, 0, 0, 0, 0, 0, 0, 0, 0, 0, NULL),
(173, 'batch77', 'Philomena ', '9740035355', '4', '2022-02-15 08:01:30', '', 0, 0, 0, 0, 0, 0, 0, 0, 0, 0, 0, NULL),
(174, 'batch77', 'Ramdas Kannankuzhiyil', '9645275012', '5', '2022-02-15 08:01:31', '', 0, 0, 0, 0, 0, 0, 0, 0, 0, 0, 0, NULL),
(175, 'batch77', 'Philomena ', '9740035355', '4', '2022-02-15 08:01:32', '', 0, 0, 0, 0, 0, 0, 0, 0, 0, 0, 0, NULL),
(176, 'batch77', 'dilip kumar koley', '9411103525', '5', '2022-02-15 08:01:32', '', 0, 0, 0, 0, 0, 0, 0, 0, 0, 0, 0, NULL),
(177, 'batch77', 'Ramdas Kannankuzhiyil', '9645275012', '5', '2022-02-15 08:01:36', '', 0, 0, 0, 0, 0, 0, 0, 0, 0, 0, 0, NULL),
(178, 'batch77', 'Subrahmanyam Pavalla', '9886993727', '5', '2022-02-15 08:01:38', '', 0, 0, 0, 0, 0, 0, 0, 0, 0, 0, 0, NULL),
(179, 'batch77', 'Sudhirkumar ', '4088132840', '5', '2022-02-15 08:03:02', '1', 0, 0, 0, 0, 0, 0, 0, 0, 0, 0, 0, NULL),
(180, 'batch77', 'Ramesh Mahadeo Gaikwad', '9975600411', '4', '2022-02-15 08:03:04', '', 0, 0, 0, 0, 0, 0, 0, 0, 0, 0, 0, NULL),
(181, 'batch77', 'Sudhirkumar ', '4088132840', '5', '2022-02-15 08:03:08', '1', 0, 0, 0, 0, 0, 0, 0, 0, 0, 0, 0, NULL),
(182, 'batch77', 'Rekha ', '9848353663', '5', '2022-02-15 08:03:12', '', 0, 0, 0, 0, 0, 0, 0, 0, 0, 0, 0, NULL),
(183, 'batch77', 'Sudhirkumar ', '4088132840', '5', '2022-02-15 08:03:15', '1', 0, 0, 0, 0, 0, 0, 0, 0, 0, 0, 0, NULL),
(184, 'batch77', 'Bidhu Mohanty', '551003700', '5', '2022-02-15 08:03:31', '971', 0, 0, 0, 0, 0, 0, 0, 0, 0, 0, 0, NULL),
(185, 'batch77', 'Bidhu Mohanty', '551003700', '5', '2022-02-15 08:03:36', '971', 0, 0, 0, 0, 0, 0, 0, 0, 0, 0, 0, NULL),
(186, 'batch77', 'Ghanshyam Ahirwar', '8959842979', '5', '2022-02-15 08:03:39', '', 0, 0, 0, 0, 0, 0, 0, 0, 0, 0, 0, NULL),
(187, 'batch77', 'Pallavi Tyagi', '9818047739', '2', '2022-02-15 08:04:15', '', 0, 0, 0, 0, 0, 0, 0, 0, 0, 0, 0, NULL),
(188, 'batch77', 'Pallavi Tyagi', '9818047739', '2', '2022-02-15 08:04:16', '', 0, 0, 0, 0, 0, 0, 0, 0, 0, 0, 0, NULL),
(189, 'batch77', 'Rajeeva Gopalaiah', '9731044880', '5', '2022-02-15 08:04:23', '', 0, 0, 0, 0, 0, 0, 0, 0, 0, 0, 0, NULL),
(190, 'batch77', 'Sumangala Patil', '9158889057', '5', '2022-02-15 08:04:35', '', 0, 0, 0, 0, 0, 0, 0, 0, 0, 0, 0, NULL),
(191, 'batch77', 'Sumangala Patil', '9158889057', '5', '2022-02-15 08:04:40', '', 0, 0, 0, 0, 0, 0, 0, 0, 0, 0, 0, NULL),
(192, 'batch77', 'Meena I Nagarajan ', '9845002296', '4', '2022-02-15 08:04:51', '', 0, 0, 0, 0, 0, 0, 0, 0, 0, 0, 0, NULL),
(193, 'batch77', 'Abraham P C', '09880730333', '4', '2022-02-15 09:30:26', '', 0, 0, 0, 0, 0, 0, 0, 0, 0, 0, 0, NULL),
(194, 'batch77', 'Abraham P C', '09880730333', '4', '2022-02-15 09:30:28', '', 0, 0, 0, 0, 0, 0, 0, 0, 0, 0, 0, NULL),
(195, 'batch77', 'Rekha Chauhan', '9897351697', '4', '2022-02-15 09:35:53', '', 0, 0, 0, 0, 0, 0, 0, 0, 0, 0, 0, NULL),
(196, 'batch77', 'Rekha Chauhan', '9897351697', '4', '2022-02-15 09:35:57', '', 0, 0, 0, 0, 0, 0, 0, 0, 0, 0, 0, NULL),
(197, 'batch77', 'Rekha Chauhan', '9897351697', '4', '2022-02-15 09:36:21', '', 0, 0, 0, 0, 0, 0, 0, 0, 0, 0, 0, NULL),
(198, 'batch77', 'NARENDRA LIMAYE', '4129798465', '4', '2022-02-15 09:46:09', '1', 0, 0, 0, 0, 0, 0, 0, 0, 0, 0, 0, NULL);

-- --------------------------------------------------------

--
-- Table structure for table `tbl_users`
--

CREATE TABLE `tbl_users` (
  `id` int(4) NOT NULL,
  `batch` varchar(7) DEFAULT NULL,
  `name` varchar(50) DEFAULT NULL,
  `cntry_code` varchar(10) DEFAULT NULL,
  `mobile_num` varchar(12) DEFAULT NULL,
  `login_date` datetime DEFAULT NULL,
  `logout_date` datetime DEFAULT NULL,
  `logout_status` int(11) DEFAULT '0',
  `joining_date` datetime DEFAULT NULL
) ENGINE=InnoDB DEFAULT CHARSET=utf8;

--
-- Dumping data for table `tbl_users`
--

INSERT INTO `tbl_users` (`id`, `batch`, `name`, `cntry_code`, `mobile_num`, `login_date`, `logout_date`, `logout_status`, `joining_date`) VALUES
(1, 'batch77', 'Jahnavi Shaikh', '', '9834252442', '2022-02-15 07:23:19', '2022-02-15 07:23:49', 1, '2022-02-13 21:33:12'),
(2, 'batch77', 'Girish Sutar', '', '9881613732', '2022-02-13 21:47:48', '2022-02-13 21:51:50', 1, '2022-02-13 21:47:48'),
(3, 'batch77', 'Avijit', '', '8141331090', '2022-02-14 07:57:13', '2022-02-14 08:10:29', 1, '2022-02-13 21:59:18'),
(4, 'batch77', 'Dilip', '', '8527176888', '2022-02-14 07:20:56', '2022-02-14 07:53:57', 1, '2022-02-13 22:21:26'),
(5, 'batch77', 'Neha Thengdi ', '', '7588325900', '2022-02-15 07:23:34', '2022-02-15 08:13:05', 1, '2022-02-13 22:58:40'),
(6, 'batch77', 'Manoj M Patel', '1', '5106972690', '2022-02-15 07:16:43', '2022-02-15 08:01:43', 1, '2022-02-13 23:30:43'),
(7, 'batch77', 'SUJATHAVASU', '', '9740363864', '2022-02-15 07:44:50', '2022-02-15 07:45:20', 1, '2022-02-14 06:32:30'),
(8, 'batch77', 'sarita R Shrestha', '977', '9851047184', '2022-02-15 07:22:18', '2022-02-15 08:01:19', 1, '2022-02-14 06:53:56'),
(9, 'batch77', 'Raman ', '65', '91519991', '2022-02-15 07:13:55', '2022-02-15 08:32:11', 1, '2022-02-14 06:55:10'),
(10, '-1', 'Reshmi', '91', '9969267194', '2022-02-14 06:59:15', '2022-02-14 06:59:45', 1, '2022-02-14 06:59:15'),
(11, 'batch77', 'Reshmi', '91', '9969267194', '2022-02-14 06:59:28', '2022-02-14 07:53:41', 1, '2022-02-14 06:59:28'),
(12, 'batch77', 'Tulasi Ramarao', '1', '8454610716', '2022-02-15 07:21:22', '2022-02-15 08:02:23', 1, '2022-02-14 07:00:05'),
(13, 'batch77', 'Priyanka kale', '', '8888850836', '2022-02-15 08:04:49', '2022-02-15 08:05:19', 1, '2022-02-14 07:01:50'),
(14, 'batch77', 'V V RATNAM', '', '7799615052', '2022-02-15 07:20:21', '2022-02-15 08:05:22', 1, '2022-02-14 07:03:28'),
(15, 'batch77', 'Semban Babu', '', '7299229972', '2022-02-15 07:15:47', '2022-02-15 08:01:47', 1, '2022-02-14 07:05:51'),
(16, 'batch77', 'Mahantesh B Satihal', '', '9581412504', '2022-02-15 07:14:49', '2022-02-15 08:13:56', 0, '2022-02-14 07:06:34'),
(17, 'batch77', 'Sumangala Patil', '', '9158889057', '2022-02-15 08:03:39', '2022-02-15 08:06:10', 1, '2022-02-14 07:06:36'),
(18, 'batch77', 'Priyanka Gokave', '', '9503765178', '2022-02-15 07:14:24', '2022-02-15 08:03:50', 1, '2022-02-14 07:07:02'),
(19, 'batch77', 'Ashwini Chaubal ', '', '7666582510', '2022-02-15 07:26:18', '2022-02-15 08:01:48', 1, '2022-02-14 07:08:03'),
(20, 'batch77', 'vibhanshu vishwakarma', '', '8953722001', '2022-02-15 07:23:30', '2022-02-15 07:35:01', 1, '2022-02-14 07:08:29'),
(21, 'batch77', 'Ghanshyam Ahirwar', '', '8959842979', '2022-02-15 07:33:39', '2022-02-15 08:04:11', 1, '2022-02-14 07:08:40'),
(22, 'batch77', 'PramathR', '1', '9144565998', '2022-02-14 07:08:49', '2022-02-14 08:15:15', 1, '2022-02-14 07:08:49'),
(23, 'batch77', 'Ishita ', '', '9409117585', '2022-02-15 07:18:53', '2022-02-15 08:03:54', 1, '2022-02-14 07:09:47'),
(24, 'batch77', 'Eera', '', '8750118252', '2022-02-14 19:36:47', '2022-02-14 19:54:47', 1, '2022-02-14 07:10:49'),
(25, 'batch77', 'Ramesh ', '', '6360656678', '2022-02-15 07:32:13', '2022-02-15 10:42:15', 1, '2022-02-14 07:11:25'),
(26, 'batch77', 'Sheela Kakde', '', '09323542048', '2022-02-15 07:27:59', '2022-02-15 08:21:08', 1, '2022-02-14 07:11:32'),
(27, 'batch77', 'Thilak Kumar', '', '8951162690', '2022-02-15 07:16:02', '2022-02-15 07:27:53', 1, '2022-02-14 07:12:14'),
(28, 'batch77', 'Sreeni', '1', '4079108853', '2022-02-15 07:27:47', '2022-02-15 07:37:09', 1, '2022-02-14 07:12:19'),
(29, 'batch77', 'PURUSHOTHAMA  REDDY', '', '9986040915', '2022-02-15 07:17:21', '2022-02-15 08:02:22', 1, '2022-02-14 07:12:22'),
(30, 'batch77', 'Samyuktha ', '', '7675963603', '2022-02-15 07:23:32', '2022-02-15 08:01:33', 1, '2022-02-14 07:14:06'),
(31, 'batch77', 'à¤ªà¥à¤°à¤•à¤¾à¤¶ ', '', '9422375098', '2022-02-14 19:51:48', '2022-02-14 20:15:49', 1, '2022-02-14 07:14:06'),
(32, 'batch77', 'Tushar', '61', '469674464', '2022-02-15 00:56:13', '2022-02-15 00:56:43', 1, '2022-02-14 07:14:54'),
(33, 'batch77', 'S PRAKASH', '', '9448701305', '2022-02-15 07:28:51', '2022-02-15 08:07:22', 1, '2022-02-14 07:15:00'),
(34, 'batch77', 'Vanaja NS', '', '9663383668', '2022-02-15 07:05:29', '2022-02-15 08:02:12', 1, '2022-02-14 07:15:20'),
(35, 'batch77', 'Pranab', '', '9886107912', '2022-02-15 07:17:14', '2022-02-15 08:01:17', 1, '2022-02-14 07:15:42'),
(36, 'batch77', 'Veena Samudra', '1', '9728974061', '2022-02-15 07:14:57', '2022-02-15 08:01:03', 0, '2022-02-14 07:15:48'),
(37, 'batch77', 'Savithri kumari E.K ', '', '8971097566', '2022-02-15 06:51:53', '2022-02-15 07:02:59', 1, '2022-02-14 07:15:48'),
(38, 'batch77', 'Omkareshwari ', '', '9448145121', '2022-02-14 07:15:58', '2022-02-14 08:39:57', 1, '2022-02-14 07:15:58'),
(39, 'batch77', 'Spveena', '', '9591392754', '2022-02-15 07:18:52', '2022-02-15 08:02:52', 1, '2022-02-14 07:16:06'),
(40, 'batch77', 'BANGARU BABU POPURI', '', '9440206342', '2022-02-15 07:19:33', '2022-02-15 08:03:34', 1, '2022-02-14 07:16:11'),
(41, 'batch77', 'Amit Singh', '', '7898695752', '2022-02-15 07:24:01', '2022-02-15 08:03:05', 1, '2022-02-14 07:16:21'),
(42, 'batch77', 'Reeta Mohanty', '', '9040010042', '2022-02-15 07:19:40', '2022-02-15 07:31:54', 0, '2022-02-14 07:17:09'),
(43, 'batch77', 'Philomena ', '', '9740035355', '2022-02-15 07:25:01', '2022-02-15 08:07:02', 1, '2022-02-14 07:17:16'),
(44, 'batch77', 'VIJAYAKUMARAN MARUDHAMUTHU ', '', '9444015422', '2022-02-15 07:22:24', '2022-02-15 08:05:56', 1, '2022-02-14 07:17:44'),
(45, 'batch77', 'priyamvada', '', '7509664433', '2022-02-14 07:17:46', '2022-02-14 07:28:38', 1, '2022-02-14 07:17:46'),
(46, 'batch77', 'Ujala', '1', '8016499430', '2022-02-15 07:22:54', '2022-02-15 08:17:14', 1, '2022-02-14 07:17:50'),
(47, 'batch77', 'Rajib Kumar Mandal', '', '09921414639', '2022-02-14 07:17:58', '2022-02-14 07:56:34', 1, '2022-02-14 07:17:58'),
(48, 'batch77', 'P chandra sekhara rao', '', '9494721629', '2022-02-15 07:32:11', '2022-02-15 07:52:32', 0, '2022-02-14 07:18:07'),
(49, 'batch77', 'Bornali mech', '', '8879736848', '2022-02-14 07:18:13', '2022-02-14 08:20:31', 1, '2022-02-14 07:18:13'),
(50, 'batch77', 'kuber', '', '9903180061', '2022-02-15 07:22:50', '2022-02-15 08:05:51', 1, '2022-02-14 07:18:14'),
(51, 'batch77', 'Minal', '', '8975549830', '2022-02-15 07:42:36', '2022-02-15 08:01:36', 1, '2022-02-14 07:18:15'),
(52, 'batch77', 'Pranabesh Pattanaik', '', '8895108822', '2022-02-15 07:22:42', '2022-02-15 08:02:13', 1, '2022-02-14 07:18:18'),
(53, 'batch77', 'Sumayya rafi', '', '9108670575', '2022-02-14 07:39:43', '2022-02-14 07:55:13', 1, '2022-02-14 07:18:22'),
(54, 'batch77', 'Sivakumar', '', '8618823288', '2022-02-15 07:25:15', '2022-02-15 08:34:27', 1, '2022-02-14 07:18:27'),
(55, 'batch77', 'Aman Dutt Jha', '', '09461466940', '2022-02-14 08:15:08', '2022-02-14 08:18:18', 1, '2022-02-14 07:18:41'),
(56, 'batch77', 'R LAKSHMI', '', '9840427823', '2022-02-14 19:21:41', '2022-02-14 22:00:10', 1, '2022-02-14 07:18:44'),
(57, 'batch77', 'Saurabh Kumar ', '', '9810094438', '2022-02-14 07:18:53', '2022-02-14 07:20:24', 1, '2022-02-14 07:18:53'),
(58, 'batch77', 'Barbara Friedman ', '1', '4147914068', '2022-02-15 07:18:09', '2022-02-15 07:41:10', 1, '2022-02-14 07:19:11'),
(59, 'batch77', 'Shaon Mitra ', '', '7381818420', '2022-02-14 07:19:19', '2022-02-14 08:03:19', 1, '2022-02-14 07:19:19'),
(60, 'batch77', 'Yogesh Kenjale', '', '9763933077', '2022-02-15 07:12:58', '2022-02-15 08:01:58', 1, '2022-02-14 07:19:24'),
(61, 'batch76', 'Narendra Rampura Marikale', '', '9845164613', '2022-02-14 07:19:31', '2022-02-14 07:53:29', 0, '2022-02-14 07:19:31'),
(62, 'batch77', 'Umang Doshi', '1', '4379924295', '2022-02-15 07:21:40', '2022-02-15 08:12:38', 1, '2022-02-14 07:19:41'),
(63, 'batch77', 'Sulbha', '', '09881907979', '2022-02-14 07:19:46', '2022-02-14 07:54:17', 1, '2022-02-14 07:19:46'),
(64, 'batch77', 'Karthikeyan R', '', '9884106086', '2022-02-15 07:20:36', '2022-02-15 08:02:06', 1, '2022-02-14 07:19:56'),
(65, 'batch77', 'Deepak Awari', '', '9350570057', '2022-02-15 07:24:10', '2022-02-15 08:27:10', 1, '2022-02-14 07:19:59'),
(66, 'batch77', 'N R.Mohan', '', '7021136198', '2022-02-15 07:18:38', '2022-02-15 08:01:39', 1, '2022-02-14 07:20:08'),
(67, 'batch77', 'Vishwas nadar', '', '9970927268', '2022-02-15 07:34:12', '2022-02-15 08:01:13', 1, '2022-02-14 07:20:18'),
(68, 'batch77', 'mathangi Jagdish', '', '9945399856', '2022-02-14 07:20:25', '2022-02-14 07:39:03', 0, '2022-02-14 07:20:25'),
(69, 'batch77', 'Sameer', '', '9867566844', '2022-02-15 08:29:53', '2022-02-15 08:30:54', 1, '2022-02-14 07:20:38'),
(70, 'batch77', 'Srinath H R', '', '09845690667', '2022-02-14 07:20:48', '2022-02-14 07:57:17', 1, '2022-02-14 07:20:48'),
(71, 'batch77', 'Raghvendra Singh', '91', '7846896828', '2022-02-14 19:22:40', '2022-02-14 19:26:40', 1, '2022-02-14 07:21:00'),
(72, 'batch77', 'Lakshman Mysore', '', '9880004616', '2022-02-15 07:17:40', '2022-02-15 08:01:10', 1, '2022-02-14 07:21:22'),
(73, 'batch77', 'S Parida', '', '9823445671', '2022-02-15 07:20:27', '2022-02-15 08:01:28', 1, '2022-02-14 07:21:31'),
(74, 'batch77', 'M.j.poornima', '', '8951167089', '2022-02-15 07:38:05', '2022-02-15 07:39:19', 0, '2022-02-14 07:21:31'),
(75, 'batch77', 'SIDDAJI YAMANAJI CHAVAN', '', '09844900142', '2022-02-14 07:21:31', '2022-02-14 07:54:32', 1, '2022-02-14 07:21:31'),
(76, 'batch77', 'Geetha krishnan KRISHNAN', '', '9175200535', '2022-02-15 07:22:56', '2022-02-15 08:01:57', 1, '2022-02-14 07:21:46'),
(77, 'batch77', 'Ram', '', '9886618078', '2022-02-14 07:22:01', '2022-02-14 07:40:58', 1, '2022-02-14 07:22:01'),
(78, 'batch77', 'Shruti Marathe', '', '8010443217', '2022-02-14 07:23:16', '2022-02-14 07:54:16', 1, '2022-02-14 07:22:03'),
(79, 'batch77', 'Reena', '1', '6478222517', '2022-02-15 07:20:45', '2022-02-15 08:04:42', 0, '2022-02-14 07:22:28'),
(80, 'batch77', 'Subrahmanyam Pavalla', '', '9886993727', '2022-02-15 07:27:25', '2022-02-15 08:01:55', 1, '2022-02-14 07:22:31'),
(81, 'batch77', 'AJAYKERHALKAR ', '', '9425571448', '2022-02-14 07:22:32', '2022-02-14 16:47:14', 1, '2022-02-14 07:22:32'),
(82, 'batch77', 'Shweta', '', '9900078338', '2022-02-14 07:22:34', '2022-02-14 07:58:05', 1, '2022-02-14 07:22:34'),
(83, 'batch77', 'divakararao', '', '9686625255', '2022-02-15 07:25:28', '2022-02-15 08:21:29', 1, '2022-02-14 07:22:42'),
(84, 'batch77', 'Rajappa kc', '', '9448234390', '2022-02-15 07:15:01', '2022-02-15 07:16:32', 1, '2022-02-14 07:23:19'),
(85, 'batch77', 'Manjiri Joshi', '', '9890977927', '2022-02-15 07:11:35', '2022-02-15 07:31:05', 1, '2022-02-14 07:23:34'),
(86, 'batch77', 'Navnita', '1', '2819658001', '2022-02-14 07:23:35', '2022-02-14 07:54:05', 1, '2022-02-14 07:23:35'),
(87, 'batch77', 'krishnan ranganathan', '1', '4252462682', '2022-02-14 07:24:04', '2022-02-14 07:53:45', 1, '2022-02-14 07:24:04'),
(88, 'batch77', 'Ramesh Chabd', '', '9818235571', '2022-02-14 19:15:50', '2022-02-14 21:10:43', 0, '2022-02-14 07:24:13'),
(89, 'batch77', 'Kamala', '1', '9738685493', '2022-02-15 07:19:01', '2022-02-15 08:02:04', 1, '2022-02-14 07:24:36'),
(90, 'batch77', 'Reeta Mohanty', '', '9040010092', '2022-02-14 07:25:00', '2022-02-14 08:14:07', 1, '2022-02-14 07:25:00'),
(91, 'batch77', 'Shree Ram Poddar', '', '09830321141', '2022-02-15 07:18:17', '2022-02-15 08:02:18', 1, '2022-02-14 07:25:21'),
(92, 'batch77', 'Lakshmi Krishna', '', '08766432614', '2022-02-15 08:01:41', '2022-02-15 08:03:12', 1, '2022-02-14 07:25:24'),
(93, 'batch77', 'Anjali Ghatge ', '', '9423971660', '2022-02-15 07:16:33', '2022-02-15 08:02:40', 1, '2022-02-14 07:25:36'),
(94, 'batch77', 'Meena I Nagarajan ', '', '9845002296', '2022-02-15 07:19:34', '2022-02-15 08:04:58', 0, '2022-02-14 07:25:51'),
(95, 'batch77', 'Akanksha Ajit Shinde ', '', '9527295169', '2022-02-15 07:11:34', '2022-02-15 08:09:36', 1, '2022-02-14 07:26:06'),
(96, 'batch77', 'Nishu', '', '9819276921', '2022-02-15 07:16:52', '2022-02-15 08:04:56', 1, '2022-02-14 07:26:08'),
(97, 'batch77', 'ASHWANI KUMAR', '', '72300350006', '2022-02-14 07:26:38', '2022-02-14 07:42:38', 1, '2022-02-14 07:26:38'),
(98, 'batch77', 'Pallavi Tyagi', '', '9818047739', '2022-02-15 07:27:40', '2022-02-15 08:05:26', 0, '2022-02-14 07:26:46'),
(99, 'batch77', 'Dr Shantha Hosamani', '', '06360321716', '2022-02-15 07:14:24', '2022-02-15 08:01:31', 1, '2022-02-14 07:27:18'),
(100, 'batch77', 'Saravana Vel ', '', '9841088406', '2022-02-15 07:20:29', '2022-02-15 08:02:59', 1, '2022-02-14 07:27:29'),
(101, 'batch77', 'Shikha', '1', '2035505177', '2022-02-14 07:27:34', '2022-02-14 07:35:36', 1, '2022-02-14 07:27:34'),
(102, 'batch77', 'Anjali palsule', '', '9822174623', '2022-02-14 07:27:37', '2022-02-14 07:54:38', 1, '2022-02-14 07:27:37'),
(103, 'batch77', 'G s Santharam ', '', '9176621840', '2022-02-15 07:31:47', '2022-02-15 07:34:18', 1, '2022-02-14 07:29:01'),
(104, 'batch77', 'Nilisha ', '', '9591242492', '2022-02-14 07:29:39', '2022-02-14 07:31:39', 1, '2022-02-14 07:29:39'),
(105, 'batch77', 'madhukar tallam', '1', '4088327936', '2022-02-15 07:13:57', '2022-02-15 08:02:27', 1, '2022-02-14 07:29:56'),
(106, 'batch77', 'Shrikala Shetty', '', '9845576026', '2022-02-14 07:30:00', '2022-02-14 07:45:59', 0, '2022-02-14 07:30:00'),
(107, 'batch77', 'Anupama', '1', '9542347566', '2022-02-15 07:31:41', '2022-02-15 07:46:42', 1, '2022-02-14 07:30:42'),
(108, 'batch77', 'Fatima Alam ', '', '6011939093', '2022-02-14 07:31:12', '2022-02-14 07:31:42', 1, '2022-02-14 07:31:12'),
(109, 'batch77', 'Ravishyam Sri', '', '09160296827', '2022-02-14 07:55:00', '2022-02-14 08:30:54', 1, '2022-02-14 07:31:20'),
(110, 'batch77', 'Dayarani', '', '9366442677', '2022-02-15 07:30:00', '2022-02-15 07:51:49', 1, '2022-02-14 07:32:01'),
(111, 'batch77', 'Ramdas Kannankuzhiyil', '', '9645275012', '2022-02-15 07:18:40', '2022-02-15 08:01:42', 1, '2022-02-14 07:32:09'),
(112, 'batch77', 'Nirmala ', '', '9448333913', '2022-02-14 08:00:17', '2022-02-14 08:01:18', 1, '2022-02-14 07:32:25'),
(113, 'batch77', 'Fatima Alam ', '', '7011939093', '2022-02-15 08:10:23', '2022-02-15 08:11:54', 1, '2022-02-14 07:32:47'),
(114, '-1', '76', '', '8803121106', '2022-02-14 07:33:29', '2022-02-14 07:33:59', 1, '2022-02-14 07:33:29'),
(115, 'batch77', 'Rajesh Benny ', '', '9820410322', '2022-02-14 07:38:04', '2022-02-14 07:40:04', 0, '2022-02-14 07:38:04'),
(116, 'batch77', 'Dr Divya Verma', '', '07800865818', '2022-02-14 19:21:27', '2022-02-14 19:56:28', 1, '2022-02-14 07:39:11'),
(117, 'batch77', 'Srikanth Kovuri', '61', '419929643', '2022-02-15 07:14:04', '2022-02-15 08:05:55', 1, '2022-02-14 07:39:18'),
(118, 'batch77', 'mathangi Jagdish', '', '9945399855', '2022-02-14 07:39:21', '2022-02-14 07:54:52', 1, '2022-02-14 07:39:21'),
(119, '-1', 'Nirmala ', '', '9448333913', '2022-02-14 07:40:41', '2022-02-14 07:41:11', 1, '2022-02-14 07:40:41'),
(120, 'batch77', 'Upendra Tiwari', '1', '2812175733', '2022-02-14 07:40:46', '2022-02-14 07:41:47', 1, '2022-02-14 07:40:46'),
(121, 'batch77', 'Vikas Kakkar', '', '09815131355', '2022-02-14 19:39:01', '2022-02-14 20:06:32', 1, '2022-02-14 07:41:22'),
(122, 'batch77', 'Shilpa', '', '9913300599', '2022-02-14 07:41:27', '2022-02-14 07:47:27', 1, '2022-02-14 07:41:27'),
(123, 'batch77', 'Ramesh Poojegowda', '', '09008433666', '2022-02-15 07:23:01', '2022-02-15 08:02:32', 1, '2022-02-14 07:41:59'),
(124, 'batch77', 'Deepak K R', '', '9880284475', '2022-02-15 08:12:17', '2022-02-15 08:12:47', 1, '2022-02-14 07:42:16'),
(125, 'batch77', 'Iris pinto', '', '9833746898', '2022-02-15 07:18:30', '2022-02-15 08:02:30', 1, '2022-02-14 07:46:34'),
(126, 'batch77', 'chendilnathan balasubramanian', '', '9840058474', '2022-02-14 07:47:49', '2022-02-14 07:55:24', 1, '2022-02-14 07:47:49'),
(127, 'batch77', 'Ashwani kumar', '', '7230035006', '2022-02-15 08:21:46', '2022-02-15 08:22:47', 1, '2022-02-14 07:49:29'),
(128, 'batch77', 'SIDDAJI YAMANAJI CHAVAN', '', '9844900142', '2022-02-15 07:12:55', '2022-02-15 08:02:16', 1, '2022-02-14 07:54:34'),
(129, 'batch77', 'divakararao S', '', '09986625255', '2022-02-14 07:56:42', '2022-02-14 08:06:54', 1, '2022-02-14 07:56:42'),
(130, 'batch77', 'Meenaxhi', '', '9174869808', '2022-02-15 07:30:10', '2022-02-15 08:06:16', 1, '2022-02-14 07:58:33'),
(131, 'batch77', 'M Jafar', '', '09110437372', '2022-02-14 07:59:06', '2022-02-14 07:59:36', 1, '2022-02-14 07:59:06'),
(132, 'batch77', 'Sanal kumar', '', '9061818779', '2022-02-15 07:21:33', '2022-02-15 08:01:34', 1, '2022-02-14 07:59:27'),
(133, 'batch77', 'Jayasri Srivas', '', '9940140871', '2022-02-15 07:23:57', '2022-02-15 08:02:30', 1, '2022-02-14 08:02:20'),
(134, 'batch77', 'Meenaxhi', '', '917486988', '2022-02-14 08:19:46', '2022-02-14 08:20:16', 1, '2022-02-14 08:19:46'),
(135, 'batch77', 'Mahesh Shekdar', '', '8850765911', '2022-02-14 19:49:07', '2022-02-14 19:54:38', 1, '2022-02-14 08:20:09'),
(136, 'batch77', 'Vijaylaxmi', '', '8050381579', '2022-02-15 07:19:28', '2022-02-15 08:03:59', 1, '2022-02-14 08:24:39'),
(137, 'batch77', 'PRAKASH KALLURAYA', '', '09482017487', '2022-02-14 08:24:42', '2022-02-14 08:25:12', 1, '2022-02-14 08:24:42'),
(138, 'batch77', 'Sandhya Shiraguppi', '', '9945276821', '2022-02-15 07:23:34', '2022-02-15 08:01:35', 1, '2022-02-14 08:54:03'),
(139, 'batch77', 'Srinivasa Chaganti', '', '8088755733', '2022-02-14 08:54:29', '2022-02-14 08:58:57', 1, '2022-02-14 08:54:29'),
(140, 'batch77', 'Uday Kothari', '', '9890527680', '2022-02-14 19:19:44', '2022-02-14 19:55:14', 1, '2022-02-14 08:54:39'),
(141, 'batch77', 'Hemant Goyal', '', '9820119462', '2022-02-15 07:20:27', '2022-02-15 08:01:27', 1, '2022-02-14 09:17:01'),
(142, 'batch77', 'Gaayathri', '', '9840606273', '2022-02-15 05:22:12', '2022-02-15 05:22:42', 1, '2022-02-14 09:24:42'),
(143, 'batch77', 'Kavita tari', '', '9004324984', '2022-02-14 19:20:06', '2022-02-14 19:31:37', 1, '2022-02-14 09:26:53'),
(144, 'batch77', 'Lakhimi', '', '9864076971', '2022-02-14 19:41:20', '2022-02-14 19:54:40', 1, '2022-02-14 09:47:03'),
(145, 'batch77', 'Sk', '', '9972344144', '2022-02-14 09:48:53', '2022-02-14 10:07:53', 1, '2022-02-14 09:48:53'),
(146, 'batch77', 'Rajesh Dalve', '', '9822220678', '2022-02-15 07:22:35', '2022-02-15 08:04:17', 1, '2022-02-14 10:04:56'),
(147, 'batch77', 'Sujata Bhagwat', '', '09900198085', '2022-02-15 08:01:27', '2022-02-15 08:02:28', 1, '2022-02-14 10:18:48'),
(148, 'batch77', 'Sharda jangid ', '', '9167201205', '2022-02-14 21:38:13', '2022-02-14 21:39:13', 1, '2022-02-14 11:34:17'),
(149, 'batch77', 'Indira Chavali', '', '9886727214', '2022-02-14 12:59:53', '2022-02-14 13:00:23', 1, '2022-02-14 12:59:53'),
(150, 'batch77', 'Vijaya raju', '', '08939346709', '2022-02-14 16:03:01', '2022-02-14 16:33:46', 1, '2022-02-14 16:03:01'),
(151, 'batch77', 'T. Divya', '', '8074539430', '2022-02-14 16:05:43', '2022-02-14 16:06:13', 1, '2022-02-14 16:05:43'),
(152, 'batch77', 'Sudheer Kalyanashetty', '', '09980041605', '2022-02-15 07:48:36', '2022-02-15 07:56:28', 1, '2022-02-14 16:20:26'),
(153, 'batch77', 'Deepak kumar', '', '09570506977', '2022-02-14 22:35:38', '2022-02-14 22:45:16', 1, '2022-02-14 18:00:49'),
(154, 'batch77', 'karabi datta', '234', '8077923687', '2022-02-14 19:37:00', '2022-02-14 19:56:34', 1, '2022-02-14 18:02:08'),
(155, 'batch77', 'Vikram Trivedi', '', '09867155765', '2022-02-14 18:03:41', '2022-02-14 18:04:11', 1, '2022-02-14 18:03:41'),
(156, 'batch77', 'Manickams ', '', '9980597823', '2022-02-15 07:16:44', '2022-02-15 08:24:58', 1, '2022-02-14 18:04:07'),
(157, 'batch77', 'Sandeep Upadhyay', '44', '7442001813', '2022-02-14 19:27:52', '2022-02-14 19:39:43', 1, '2022-02-14 18:06:03'),
(158, 'batch77', 'Devika', '', '9049477980', '2022-02-14 18:06:09', '2022-02-14 18:19:47', 1, '2022-02-14 18:06:09'),
(159, 'batch77', 'Mihika ', '1', '7036247759', '2022-02-15 07:23:10', '2022-02-15 07:56:11', 1, '2022-02-14 18:14:28'),
(160, 'batch77', 'Virendra Prakash', '', '9758244700', '2022-02-15 07:30:02', '2022-02-15 08:10:33', 1, '2022-02-14 18:33:59'),
(161, 'batch77', 'Nisha Ganesh Naik', '', '9823473132', '2022-02-14 19:15:40', '2022-02-14 19:55:11', 1, '2022-02-14 18:38:24'),
(162, 'batch77', 'Madhu Chadda', '', '9849252897', '2022-02-15 07:33:37', '2022-02-15 07:45:05', 1, '2022-02-14 18:39:41'),
(163, 'batch77', 'Om prakash Srivastava ', '', '9648646000', '2022-02-15 07:27:48', '2022-02-15 07:44:49', 1, '2022-02-14 18:44:23'),
(164, 'batch77', 'Snehal', '', '8121266140', '2022-02-14 19:13:06', '2022-02-14 19:14:36', 1, '2022-02-14 19:08:21'),
(165, 'batch77', 'PRAKASH GOWINDYE', '', '9980982933', '2022-02-14 19:08:51', '2022-02-14 19:54:15', 1, '2022-02-14 19:08:51'),
(166, 'batch77', 'Anuradha Vaze', '', '9820284381', '2022-02-14 19:45:29', '2022-02-14 20:08:30', 1, '2022-02-14 19:09:49'),
(167, 'batch77', 'Tejaswini', '', '9119438609', '2022-02-14 19:10:47', '2022-02-14 19:53:44', 1, '2022-02-14 19:10:47'),
(168, 'batch77', 'Sayeed Ahmed', '', '8197095754', '2022-02-15 07:21:41', '2022-02-15 07:23:15', 1, '2022-02-14 19:11:42'),
(169, 'batch77', 'S Kannan ', '', '9900150713', '2022-02-14 19:20:37', '2022-02-14 20:01:09', 1, '2022-02-14 19:11:52'),
(170, 'batch77', 'Sunil Phatak', '', '9322888012', '2022-02-14 19:12:16', '2022-02-14 22:45:12', 0, '2022-02-14 19:12:16'),
(171, 'batch77', 'Manisha Dixit', '', '9822820408', '2022-02-14 19:12:37', '2022-02-14 20:37:21', 1, '2022-02-14 19:12:37'),
(172, 'batch77', 'raviprakash ', '', '9449000101', '2022-02-15 07:34:21', '2022-02-15 08:13:21', 1, '2022-02-14 19:13:51'),
(173, 'batch77', 'Pushkar', '', '8291041816', '2022-02-14 19:14:24', '2022-02-14 19:49:00', 1, '2022-02-14 19:14:24'),
(174, 'batch77', 'Ramesh Mahadeo Gaikwad', '', '9975600411', '2022-02-15 07:20:09', '2022-02-15 08:03:54', 0, '2022-02-14 19:15:11'),
(175, 'batch77', 'Alok gupta', '', '9810198881', '2022-02-15 07:19:21', '2022-02-15 07:34:02', 1, '2022-02-14 19:15:33'),
(176, 'batch77', 'Nitin Birje', '', '9880510675', '2022-02-15 07:10:55', '2022-02-15 08:06:56', 1, '2022-02-14 19:16:28'),
(177, 'batch77', 'Rajeeva Gopalaiah', '', '9731044880', '2022-02-15 07:24:30', '2022-02-15 08:04:30', 1, '2022-02-14 19:16:28'),
(178, 'batch77', 'Dharmishtha Subhash Raval', '', '9427426262', '2022-02-15 06:31:26', '2022-02-15 06:31:56', 1, '2022-02-14 19:16:44'),
(179, '-1', 'Tarun Guha Neogi', '', '9425857009', '2022-02-14 19:16:48', '2022-02-14 19:17:18', 1, '2022-02-14 19:16:48'),
(180, 'batch77', 'Ritika', '', '8130747050', '2022-02-14 19:17:03', '2022-02-14 19:54:19', 0, '2022-02-14 19:17:03'),
(181, 'batch77', 'Kriti  kajal', '', '9650483949', '2022-02-14 19:17:07', '2022-02-14 19:54:08', 1, '2022-02-14 19:17:07'),
(182, 'batch77', 'Tarun Guha Neogi', '', '9425857009', '2022-02-14 19:17:25', '2022-02-14 19:50:26', 1, '2022-02-14 19:17:25'),
(183, 'batch77', 'Sujoy Kumar Maity', '', '9903086412', '2022-02-15 07:22:04', '2022-02-15 07:59:35', 1, '2022-02-14 19:17:29'),
(184, 'batch77', 'Bala sundaresan', '1', '9734543449', '2022-02-15 07:43:50', '2022-02-15 08:03:30', 0, '2022-02-14 19:17:37'),
(185, 'batch77', 'Nilpa Bandiwadekar', '', '9421746472', '2022-02-14 19:20:49', '2022-02-14 19:54:19', 1, '2022-02-14 19:17:41'),
(186, 'batch77', 'Sandhya Bulbule', '', '9741578258', '2022-02-14 19:17:47', '2022-02-14 20:04:14', 1, '2022-02-14 19:17:47'),
(187, 'batch77', 'vineeta mangla', '', '09910071370', '2022-02-14 19:20:40', '2022-02-14 20:16:10', 1, '2022-02-14 19:18:09'),
(188, 'batch77', 'dilip kumar koley', '', '9411103525', '2022-02-15 07:15:31', '2022-02-15 08:02:04', 1, '2022-02-14 19:18:12'),
(189, 'batch77', 'Pallavi', '', '7666998671', '2022-02-14 19:18:14', '2022-02-14 19:27:16', 1, '2022-02-14 19:18:14'),
(190, 'batch77', 'Jyoti Srivastava', '', '9833450046', '2022-02-14 19:18:54', '2022-02-14 19:19:14', 0, '2022-02-14 19:18:54'),
(191, 'batch77', 'Sudheer Kalyanashetty', '', '9980041605', '2022-02-14 19:18:55', '2022-02-14 19:54:25', 1, '2022-02-14 19:18:55'),
(192, 'batch77', 'Pushpa Ranjan Shrivastava', '', '9811612044', '2022-02-14 19:19:01', '2022-02-14 19:36:41', 1, '2022-02-14 19:19:01'),
(193, 'batch77', 'Rameshwar', '', '8975028095', '2022-02-14 19:19:13', '2022-02-14 19:59:47', 1, '2022-02-14 19:19:13'),
(194, 'batch77', 'Mala Ganapathy', '', '8108821234', '2022-02-14 19:22:21', '2022-02-14 19:32:51', 1, '2022-02-14 19:19:17'),
(195, 'batch77', 'C M Patnaik', '', '9437029892', '2022-02-15 07:20:36', '2022-02-15 08:01:18', 0, '2022-02-14 19:19:31'),
(196, 'batch77', 'Jyoti Srivastava', '', '9833450045', '2022-02-15 07:16:42', '2022-02-15 08:02:39', 0, '2022-02-14 19:19:36'),
(197, 'batch77', 'P. S. N. Murthy', '', '8884994960', '2022-02-15 07:40:10', '2022-02-15 08:09:26', 0, '2022-02-14 19:19:45'),
(198, 'batch77', 'Paromita Mukerjee', '', '9560186611', '2022-02-14 19:48:02', '2022-02-14 19:59:21', 1, '2022-02-14 19:19:58'),
(199, 'batch77', 'Christopher Wade', '63', '9177125503', '2022-02-14 19:20:00', '2022-02-14 21:37:53', 1, '2022-02-14 19:20:00'),
(200, 'batch77', 'Bhairavi Raj', '', '9881403305', '2022-02-14 19:20:04', '2022-02-14 19:56:50', 0, '2022-02-14 19:20:04'),
(201, 'batch77', 'Smita', '1', '4692237413', '2022-02-15 07:20:06', '2022-02-15 08:06:39', 1, '2022-02-14 19:20:13'),
(202, 'batch77', 'Hanumanthareddyhm', '', '7899983775', '2022-02-14 19:20:14', '2022-02-14 19:55:17', 1, '2022-02-14 19:20:14'),
(203, 'batch77', 'Prabha r shankar ', '', '9481321484', '2022-02-15 07:22:08', '2022-02-15 08:31:08', 1, '2022-02-14 19:20:18'),
(204, 'batch77', 'Prakash', '', '9611133402', '2022-02-14 19:20:20', '2022-02-14 19:29:50', 1, '2022-02-14 19:20:20'),
(205, 'batch77', 'Ashok Deshmukh', '', '9004974970', '2022-02-15 07:24:07', '2022-02-15 08:18:06', 1, '2022-02-14 19:20:31'),
(206, '-1', 'Mamta', '1', '6107148585', '2022-02-14 19:21:15', '2022-02-14 19:21:45', 1, '2022-02-14 19:21:15'),
(207, 'batch77', 'Sarita bhau ', '', '9821517190', '2022-02-14 19:21:21', '2022-02-14 19:27:22', 1, '2022-02-14 19:21:21'),
(208, 'batch77', 'Vishnu vijayanath ', '971', '557890024', '2022-02-14 19:21:28', '2022-02-14 19:25:30', 1, '2022-02-14 19:21:28'),
(209, 'batch77', 'Monika Bhola', '', '9814109129', '2022-02-14 19:21:35', '2022-02-14 19:22:05', 1, '2022-02-14 19:21:35'),
(210, 'batch77', 'Tara Marlecha', '', '9840654000', '2022-02-15 07:20:19', '2022-02-15 08:03:24', 0, '2022-02-14 19:21:37'),
(211, 'batch77', 'Sreelatha', '', '9845830908', '2022-02-15 07:25:41', '2022-02-15 08:01:41', 1, '2022-02-14 19:21:42'),
(212, 'batch77', 'Prashant Karandikar', '', '9890652634', '2022-02-14 19:22:15', '2022-02-14 19:27:46', 0, '2022-02-14 19:22:15'),
(213, 'batch77', 'Darshan Thakkar', '', '9673817886', '2022-02-14 19:22:27', '2022-02-14 19:44:57', 1, '2022-02-14 19:22:27'),
(214, 'batch77', 'Poonam Patel ', '', '9000423570', '2022-02-14 19:22:39', '2022-02-14 19:23:43', 1, '2022-02-14 19:22:39'),
(215, 'batch77', 'Praveen', '', '9168185666', '2022-02-14 19:23:08', '2022-02-14 19:54:09', 1, '2022-02-14 19:23:08'),
(216, 'batch77', 'Vilas P Tambe', '', '9892581233', '2022-02-15 07:23:48', '2022-02-15 07:49:20', 1, '2022-02-14 19:23:11'),
(217, 'batch77', 'Tarun Mahajan', '', '9945689870', '2022-02-14 19:23:30', '2022-02-14 23:30:05', 1, '2022-02-14 19:23:30'),
(218, 'batch77', 'Harpal S Burmhi', '1', '5105793715', '2022-02-14 19:23:37', '2022-02-14 20:05:38', 1, '2022-02-14 19:23:37'),
(219, 'batch77', 'Rajendrasinh', '', '9825075905', '2022-02-15 07:14:08', '2022-02-15 08:25:31', 1, '2022-02-14 19:23:43'),
(220, 'batch77', 'Anantha', '', '9739943404', '2022-02-15 07:20:13', '2022-02-15 08:02:43', 1, '2022-02-14 19:23:45'),
(221, 'batch77', 'Aman Dutt Jha', '', '3461466940', '2022-02-14 19:23:48', '2022-02-14 19:56:18', 1, '2022-02-14 19:23:48'),
(222, 'batch77', 'Sudhir Nayak ', '', '9560030297', '2022-02-14 19:55:58', '2022-02-14 20:03:59', 1, '2022-02-14 19:24:08'),
(223, '-1', 'Alok Gupta', '', '9810198881', '2022-02-14 19:24:34', '2022-02-14 19:25:04', 1, '2022-02-14 19:24:34'),
(224, 'batch77', 'Sanjay Kumar', '', '9098315055', '2022-02-14 19:27:26', '2022-02-14 19:28:26', 1, '2022-02-14 19:25:19'),
(225, 'batch77', 'Mathew Skariah', '', '9764006286', '2022-02-14 19:38:34', '2022-02-14 20:01:34', 1, '2022-02-14 19:25:54'),
(226, 'batch77', 'AlkaRathi', '', '9810636046', '2022-02-14 19:26:40', '2022-02-14 19:55:11', 1, '2022-02-14 19:26:40'),
(227, 'batch77', 'Madhu Chadda', '', '09849252897', '2022-02-14 19:26:44', '2022-02-14 19:54:15', 1, '2022-02-14 19:26:44'),
(228, 'batch77', 'Pallavi Lokhande', '', '07666998671', '2022-02-14 19:26:50', '2022-02-14 19:59:21', 1, '2022-02-14 19:26:50'),
(229, 'batch77', 'Chandan Gupta', '973', '36391730', '2022-02-14 19:27:06', '2022-02-14 19:53:15', 1, '2022-02-14 19:27:06'),
(230, 'batch77', 'Ajeet Chaubey ', '', '9564568067', '2022-02-14 23:51:15', '2022-02-14 23:52:10', 0, '2022-02-14 19:27:12'),
(231, 'batch77', 'Ravindranath Narayana Rao', '', '9845258480', '2022-02-14 19:52:05', '2022-02-14 19:56:32', 1, '2022-02-14 19:27:21'),
(232, 'batch77', 'Kamini Dushyant Parmar ', '', '9727311444', '2022-02-14 19:27:35', '2022-02-14 19:28:35', 1, '2022-02-14 19:27:35'),
(233, 'batch77', 'Jafar', '', '9110437372', '2022-02-14 19:29:09', '2022-02-14 19:55:40', 1, '2022-02-14 19:29:09'),
(234, 'batch77', 'Alka Kulkarni ', '', '8879725093', '2022-02-14 19:31:07', '2022-02-14 19:32:07', 1, '2022-02-14 19:31:07'),
(235, 'batch77', 'RAJIT RAVI', '965', '97221604', '2022-02-14 19:31:19', '2022-02-14 19:37:21', 1, '2022-02-14 19:31:19'),
(236, 'batch77', 'MUKUL B GUPTA', '', '07738050986', '2022-02-14 19:32:21', '2022-02-14 20:10:09', 1, '2022-02-14 19:32:21'),
(237, 'batch77', 'Alka Kulkarni', '', '08879725093', '2022-02-14 19:32:48', '2022-02-14 19:34:18', 1, '2022-02-14 19:32:48'),
(238, 'batch77', 'Vineeta', '', '08408974709', '2022-02-14 19:34:41', '2022-02-14 19:57:59', 1, '2022-02-14 19:34:41'),
(239, 'batch77', 'Shashishekar Pujari', '', '07829185866', '2022-02-14 19:36:18', '2022-02-14 19:39:56', 1, '2022-02-14 19:36:18'),
(240, 'batch77', 'Rekha ', '', '9848353663', '2022-02-15 07:47:06', '2022-02-15 08:07:36', 1, '2022-02-14 19:36:22'),
(241, 'batch77', 'Tadung Rigia', '', '9774771506', '2022-02-15 07:03:49', '2022-02-15 08:11:07', 1, '2022-02-14 19:36:45'),
(242, 'batch77', 'Lakshmi Krishna', '', '0876643261', '2022-02-14 19:37:04', '2022-02-14 19:43:35', 1, '2022-02-14 19:37:04'),
(243, 'batch77', 'Prakash ', '', '9986862662', '2022-02-14 21:42:25', '2022-02-14 21:42:55', 1, '2022-02-14 19:37:53'),
(244, 'batch77', 'Jignasha Vegad', '', '913156696', '2022-02-14 19:39:43', '2022-02-14 19:54:44', 1, '2022-02-14 19:39:43'),
(245, 'batch77', 'Sanjay Lambe', '', '9820213908', '2022-02-15 07:20:52', '2022-02-15 08:01:23', 1, '2022-02-14 19:40:01'),
(246, 'batch77', 'Sakshi', '', '8560058009', '2022-02-14 19:40:12', '2022-02-14 19:46:45', 1, '2022-02-14 19:40:12'),
(247, 'batch77', 'Rajagopal Iyengar', '1', '5109992155', '2022-02-14 19:41:43', '2022-02-14 19:53:44', 1, '2022-02-14 19:41:43'),
(248, '-1', 'Shankar Kolpekar', '', '09373011211', '2022-02-14 19:43:46', '2022-02-14 19:44:16', 1, '2022-02-14 19:43:46'),
(249, 'batch77', 'Nitin', '', '9922934748', '2022-02-15 10:42:00', '2022-02-15 10:42:30', 1, '2022-02-14 19:48:27'),
(250, 'batch77', 'PUSHKAR VINAYAK DATE', '', '08291041816', '2022-02-14 19:49:32', '2022-02-14 19:54:02', 1, '2022-02-14 19:49:32'),
(251, 'batch77', 'Kuchipudi Srikrishna Satyanarayana', '', '9490998733', '2022-02-15 07:00:54', '2022-02-15 07:01:24', 1, '2022-02-14 19:50:17'),
(252, 'batch77', 'Balaji Chettiar', '', '8390902450', '2022-02-15 07:17:30', '2022-02-15 09:06:08', 1, '2022-02-14 19:51:03'),
(253, 'batch77', 'Rema Gopal', '', '9663031031', '2022-02-15 07:19:19', '2022-02-15 08:56:25', 1, '2022-02-14 19:54:11'),
(254, '-1', 'Ajeet Chaubey ', '', '9564568067', '2022-02-14 19:54:58', '2022-02-14 19:55:28', 1, '2022-02-14 19:54:58'),
(255, 'batch77', 'Shalini Sharma ', '', '9870517009', '2022-02-14 19:58:43', '2022-02-14 19:59:13', 1, '2022-02-14 19:58:09'),
(256, 'batch77', 'Vineeta Sinha', '', '8408974709', '2022-02-14 20:00:11', '2022-02-14 20:04:35', 1, '2022-02-14 20:00:11'),
(257, 'batch77', 'Surya', '', '9846107006', '2022-02-14 20:02:29', '2022-02-14 20:06:00', 1, '2022-02-14 20:02:29'),
(258, 'batch77', 'Ratna lahiri', '', '9163254563', '2022-02-14 20:27:42', '2022-02-14 20:31:43', 1, '2022-02-14 20:25:18'),
(259, 'batch77', 'Kumudini', '', '9403848362', '2022-02-14 20:39:03', '2022-02-14 20:46:19', 1, '2022-02-14 20:39:03'),
(260, 'batch77', 'Purittigadda Ammaji', '', '9441215995', '2022-02-15 08:07:24', '2022-02-15 08:12:55', 1, '2022-02-14 20:40:59'),
(261, 'batch77', 'Sujatha Kumar', '', '09884714963', '2022-02-15 07:56:04', '2022-02-15 08:01:34', 1, '2022-02-14 20:59:56'),
(262, 'batch77', 'Ritu Kapoor', '', '09717222113', '2022-02-14 21:05:11', '2022-02-14 21:06:41', 1, '2022-02-14 21:04:07'),
(263, 'batch77', 'Hari VK', '', '9744136472', '2022-02-14 21:23:42', '2022-02-14 21:24:12', 1, '2022-02-14 21:23:42'),
(264, 'batch77', 'Pankaj Jain', '', '9772202720', '2022-02-15 07:14:51', '2022-02-15 08:02:22', 1, '2022-02-14 21:49:25'),
(265, 'batch77', 'Sandeep', '', '9740016388', '2022-02-14 21:51:58', '2022-02-14 22:06:29', 1, '2022-02-14 21:51:58'),
(266, 'batch77', 'Anand Angadi', '', '9986575013', '2022-02-14 21:53:31', '2022-02-14 21:56:01', 1, '2022-02-14 21:53:31'),
(267, 'batch77', 'Sukhbir', '1', '6046151693', '2022-02-15 01:40:50', '2022-02-15 01:41:14', 0, '2022-02-14 21:54:54'),
(268, 'batch77', 'Charanjit  singh ', '', '9814102214', '2022-02-14 21:57:23', '2022-02-14 21:59:23', 1, '2022-02-14 21:57:23'),
(269, 'batch77', 'Neena Gupta', '', '09868217455', '2022-02-15 07:05:05', '2022-02-15 08:01:40', 1, '2022-02-14 21:59:43'),
(270, 'batch77', 'BV', '47', '40589996', '2022-02-14 23:45:33', '2022-02-14 23:47:22', 1, '2022-02-14 22:03:40'),
(271, 'batch77', 'Pramodini Yergolkar', '', '08472237219', '2022-02-14 22:17:06', '2022-02-14 22:17:36', 1, '2022-02-14 22:11:04'),
(272, 'batch77', 'Sudhirkumar ', '1', '4088132840', '2022-02-15 07:39:39', '2022-02-15 08:22:21', 1, '2022-02-14 22:13:46'),
(273, 'batch77', 'Rama', '', '9518353158', '2022-02-14 22:22:37', '2022-02-14 22:27:38', 1, '2022-02-14 22:21:17'),
(274, 'batch77', 'Rama', '1', '6263530206', '2022-02-15 08:34:25', '2022-02-15 08:34:55', 1, '2022-02-14 22:22:49'),
(275, 'batch77', 'Kumkum maity', '', '7550908992', '2022-02-15 07:28:17', '2022-02-15 08:05:18', 1, '2022-02-14 22:25:08'),
(276, 'batch77', 'Ramesh Bidaloor', '', '9980351100', '2022-02-14 22:26:42', '2022-02-14 22:27:12', 1, '2022-02-14 22:26:42'),
(277, 'batch77', 'Sylaja Akunuri', '', '9949040777', '2022-02-15 07:14:21', '2022-02-15 08:01:19', 0, '2022-02-14 23:15:08'),
(278, 'batch77', 'Krishna ', '', '9833411669', '2022-02-14 23:15:24', '2022-02-14 23:16:49', 1, '2022-02-14 23:15:24'),
(279, 'batch77', 'Shaik', '965', '60761614', '2022-02-14 23:28:49', '2022-02-14 23:29:59', 0, '2022-02-14 23:28:49'),
(280, 'batch77', 'Anand Menon ', '', '9924011169', '2022-02-15 07:16:18', '2022-02-15 07:34:15', 1, '2022-02-14 23:52:00'),
(281, 'batch77', 'Anuradha Phadtare', '', '9637329160', '2022-02-15 07:18:12', '2022-02-15 08:02:14', 1, '2022-02-15 03:20:37'),
(282, 'batch77', 'Prasan Kumar Jena', '', '9437147139', '2022-02-15 04:47:58', '2022-02-15 04:50:03', 1, '2022-02-15 04:47:58'),
(283, 'batch77', 'Abraham P C', '', '09880730333', '2022-02-15 09:30:15', '2022-02-15 09:39:46', 1, '2022-02-15 05:11:01'),
(284, 'batch77', 'Nita', '971', '503555290', '2022-02-15 06:11:11', '2022-02-15 06:14:12', 1, '2022-02-15 06:11:11'),
(285, 'batch77', 'Balasubramanian', '', '9444974911', '2022-02-15 06:21:48', '2022-02-15 06:22:18', 1, '2022-02-15 06:21:48'),
(286, 'batch77', 'Ashok Narayanasamy', '1', '7138764392', '2022-02-15 07:08:37', '2022-02-15 07:09:39', 1, '2022-02-15 07:08:37'),
(287, 'batch77', 'Reshmi', '', '9969267194', '2022-02-15 07:10:08', '2022-02-15 08:01:38', 1, '2022-02-15 07:10:08'),
(288, 'batch77', 'Kauthalam Sushil Pathak ', '', '9341760360', '2022-02-15 07:13:14', '2022-02-15 07:39:10', 1, '2022-02-15 07:13:14'),
(289, 'batch77', 'Vijay ', '', '9422921049', '2022-02-15 07:14:35', '2022-02-15 07:15:05', 1, '2022-02-15 07:14:35'),
(290, 'batch77', 'Shashishekar Pujari', '', '7829185866', '2022-02-15 07:15:50', '2022-02-15 08:01:21', 0, '2022-02-15 07:15:50'),
(291, 'batch77', 'Narendra Rampura  Marikle', '', '9845164613', '2022-02-15 07:16:57', '2022-02-15 07:19:16', 0, '2022-02-15 07:16:57'),
(292, 'batch77', 'Anushree', '', '9930108741', '2022-02-15 07:17:23', '2022-02-15 07:57:54', 1, '2022-02-15 07:17:23'),
(293, 'batch77', 'Maqbool Ahmed', '', '9902744110', '2022-02-15 07:18:05', '2022-02-15 08:02:29', 1, '2022-02-15 07:18:05'),
(294, 'batch77', 'SUSHIL KUMAR DHARA', '', '08178400767', '2022-02-15 08:02:24', '2022-02-15 08:03:05', 0, '2022-02-15 07:18:32'),
(295, 'batch77', 'Sivakanth Sundharaj', '', '9786353361', '2022-02-15 07:31:10', '2022-02-15 08:12:32', 1, '2022-02-15 07:19:37'),
(296, 'batch77', 'Vishal', '', '9167730894', '2022-02-15 07:19:48', '2022-02-15 08:09:18', 1, '2022-02-15 07:19:48'),
(297, 'batch77', 'Sumit lekhi', '', '9986611193', '2022-02-15 07:20:01', '2022-02-15 07:49:32', 1, '2022-02-15 07:20:01'),
(298, 'batch77', 'Aman Dutt Jha', '', '9461466940', '2022-02-15 07:20:42', '2022-02-15 08:02:13', 1, '2022-02-15 07:20:42'),
(299, 'batch77', 'Jignasha Vegad', '', '9151396696', '2022-02-15 07:21:43', '2022-02-15 08:01:43', 1, '2022-02-15 07:21:43'),
(300, 'batch77', 'Narendra', '1', '7345481409', '2022-02-15 07:23:14', '2022-02-15 07:29:15', 1, '2022-02-15 07:23:14'),
(301, 'batch77', 'Bidhu Mohanty', '971', '551003700', '2022-02-15 07:23:34', '2022-02-15 08:05:06', 1, '2022-02-15 07:23:34'),
(302, 'batch77', 'Amar', '1', '4084138585', '2022-02-15 07:27:35', '2022-02-15 08:15:43', 1, '2022-02-15 07:24:22'),
(303, 'batch77', 'Sarika Jadhav', '', '9637366850', '2022-02-15 07:24:44', '2022-02-15 08:29:46', 1, '2022-02-15 07:24:44'),
(304, 'batch77', 'Poonam Joshi', '1', '3106586447', '2022-02-15 07:34:00', '2022-02-15 08:04:38', 1, '2022-02-15 07:24:52'),
(305, 'batch77', 'Vinita', '61', '0403092151', '2022-02-15 07:25:04', '2022-02-15 08:01:40', 0, '2022-02-15 07:25:04'),
(306, 'batch77', 'Priyamvada Saxena', '', '07509664433', '2022-02-15 07:25:09', '2022-02-15 08:01:10', 1, '2022-02-15 07:25:09'),
(307, 'batch77', 'Shaon Mitra', '', '7381018420', '2022-02-15 07:28:40', '2022-02-15 08:04:11', 1, '2022-02-15 07:27:00'),
(308, 'batch77', 'Umesh Shingavi', '61', '422348506', '2022-02-15 07:27:08', '2022-02-15 08:02:09', 1, '2022-02-15 07:27:08'),
(309, 'batch77', 'Sanjeev Pandit', '', '9822049985', '2022-02-15 07:27:09', '2022-02-15 07:31:09', 1, '2022-02-15 07:27:09'),
(310, 'batch77', 'Manish Mokadam', '', '9823837825', '2022-02-15 07:27:28', '2022-02-15 07:55:59', 1, '2022-02-15 07:27:28'),
(311, 'batch77', 'Prikshit Mehra', '', '09810149122', '2022-02-15 07:27:41', '2022-02-15 08:03:11', 1, '2022-02-15 07:27:41'),
(312, 'batch77', 'Ranbir', '', '9810924882', '2022-02-15 07:29:03', '2022-02-15 07:31:06', 1, '2022-02-15 07:29:03'),
(313, 'batch77', 'Vikram Narsaria', '', '9831174450', '2022-02-15 07:30:09', '2022-02-15 07:37:09', 1, '2022-02-15 07:30:09'),
(314, 'batch77', 'Sajeev', '', '9841124504', '2022-02-15 07:31:21', '2022-02-15 07:43:50', 1, '2022-02-15 07:31:21'),
(315, 'batch77', 'Shubhankar Mahapure', '', '8007699725', '2022-02-15 07:31:30', '2022-02-15 07:33:02', 1, '2022-02-15 07:31:30'),
(316, 'batch77', 'Dhiraj Chintawar ', '', '9922892293', '2022-02-15 07:33:27', '2022-02-15 07:40:57', 1, '2022-02-15 07:33:27'),
(317, 'batch77', 'Vishram Kunte', '', '9820636491', '2022-02-15 07:44:30', '2022-02-15 08:04:30', 1, '2022-02-15 07:33:56'),
(318, 'batch77', 'Arun Kumar Goel', '', '9820011555', '2022-02-15 07:44:52', '2022-02-15 07:46:22', 1, '2022-02-15 07:44:52'),
(319, 'batch77', 'Seema Agarwal', '', '9987512866', '2022-02-15 08:12:06', '2022-02-15 08:34:53', 0, '2022-02-15 07:47:38'),
(320, 'batch77', 'Shyamala Gopinath', '', '9820418218', '2022-02-15 07:49:13', '2022-02-15 08:14:14', 1, '2022-02-15 07:49:13'),
(321, 'batch77', 'Sudhir Prabhudessai ', '', '7798752999', '2022-02-15 07:51:53', '2022-02-15 07:54:23', 1, '2022-02-15 07:51:53'),
(322, 'batch77', 'Mahendra Singh', '', '09411265761', '2022-02-15 07:53:50', '2022-02-15 07:57:21', 1, '2022-02-15 07:53:50'),
(323, 'batch77', 'Vasundhara Ramakrishna', '1', '2016681540', '2022-02-15 07:55:50', '2022-02-15 07:59:01', 0, '2022-02-15 07:55:50'),
(324, 'batch77', 'Komal Mehta', '', '7045833144', '2022-02-15 07:56:13', '2022-02-15 07:56:43', 1, '2022-02-15 07:56:13'),
(325, 'batch77', 'Rupinder ', '', '9501649900', '2022-02-15 08:05:25', '2022-02-15 08:09:39', 1, '2022-02-15 08:05:25'),
(326, 'batch77', 'Bharti patel ', '1', '9084194292', '2022-02-15 08:16:15', '2022-02-15 08:17:17', 1, '2022-02-15 08:16:15'),
(327, 'batch77', 'Ajeet Chaubey ', '', '9567', '2022-02-15 08:17:19', '2022-02-15 08:17:39', 0, '2022-02-15 08:17:19'),
(328, 'batch77', 'Sravanthi', '', '9573040926', '2022-02-15 08:48:55', '2022-02-15 08:49:55', 1, '2022-02-15 08:48:55'),
(329, 'batch77', 'Manoj Kumar choudhary', '', '9785077177', '2022-02-15 08:52:47', '2022-02-15 09:01:37', 1, '2022-02-15 08:52:47'),
(330, 'batch77', 'R Mahadevan', '', '8851235618', '2022-02-15 09:33:17', '2022-02-15 09:34:20', 1, '2022-02-15 09:33:17'),
(331, 'batch77', 'Rajesh Ananthakrishnan Nair', '', '9987555159', '2022-02-15 09:34:38', '2022-02-15 09:35:08', 1, '2022-02-15 09:34:38'),
(332, 'batch77', 'Rekha Chauhan', '', '9897351697', '2022-02-15 09:35:40', '2022-02-15 09:41:42', 1, '2022-02-15 09:35:40'),
(333, 'batch77', 'NARENDRA LIMAYE', '1', '4129798465', '2022-02-15 09:47:29', '2022-02-15 09:50:00', 1, '2022-02-15 09:45:54'),
(334, 'batch77', 'Yathirajula. Lalitha Kumari', '', '9182259055', '2022-02-15 10:26:52', '2022-02-15 10:29:01', 1, '2022-02-15 10:26:52');

--
-- Indexes for dumped tables
--

--
-- Indexes for table `tbl_questions`
--
ALTER TABLE `tbl_questions`
  ADD PRIMARY KEY (`id`);

--
-- Indexes for table `tbl_users`
--
ALTER TABLE `tbl_users`
  ADD PRIMARY KEY (`id`);

--
-- AUTO_INCREMENT for dumped tables
--

--
-- AUTO_INCREMENT for table `tbl_questions`
--
ALTER TABLE `tbl_questions`
  MODIFY `id` int(11) NOT NULL AUTO_INCREMENT, AUTO_INCREMENT=199;
--
-- AUTO_INCREMENT for table `tbl_users`
--
ALTER TABLE `tbl_users`
  MODIFY `id` int(4) NOT NULL AUTO_INCREMENT, AUTO_INCREMENT=335;
/*!40101 SET CHARACTER_SET_CLIENT=@OLD_CHARACTER_SET_CLIENT */;
/*!40101 SET CHARACTER_SET_RESULTS=@OLD_CHARACTER_SET_RESULTS */;
/*!40101 SET COLLATION_CONNECTION=@OLD_COLLATION_CONNECTION */;
