-- phpMyAdmin SQL Dump
-- version 4.6.6deb5ubuntu0.5
-- https://www.phpmyadmin.net/
--
-- Host: localhost:3306
-- Generation Time: Feb 15, 2022 at 05:19 AM
-- Server version: 5.7.36-0ubuntu0.18.04.1
-- PHP Version: 7.2.24-0ubuntu0.18.04.10

SET SQL_MODE = "NO_AUTO_VALUE_ON_ZERO";
SET time_zone = "+00:00";


/*!40101 SET @OLD_CHARACTER_SET_CLIENT=@@CHARACTER_SET_CLIENT */;
/*!40101 SET @OLD_CHARACTER_SET_RESULTS=@@CHARACTER_SET_RESULTS */;
/*!40101 SET @OLD_COLLATION_CONNECTION=@@COLLATION_CONNECTION */;
/*!40101 SET NAMES utf8mb4 */;

--
-- Database: `ExcerciseExpertQA_1`
--

-- --------------------------------------------------------

--
-- Table structure for table `tbl_countries`
--

CREATE TABLE `tbl_countries` (
  `country` varchar(43) DEFAULT NULL,
  `cntry_code` varchar(5) DEFAULT NULL
) ENGINE=InnoDB DEFAULT CHARSET=utf8;

--
-- Dumping data for table `tbl_countries`
--

INSERT INTO `tbl_countries` (`country`, `cntry_code`) VALUES
('Afghanistan', '93'),
('Albania', '355'),
('Algeria', '213'),
('American Samoa', '1-684'),
('Andorra', '376'),
('Angola', '244'),
('Anguilla', '1-264'),
('Antarctica', '672'),
('Antigua', '1-268'),
('Argentina', '54'),
('Armenia', '374'),
('Aruba', '297'),
('Ascension', '247'),
('Australia', '61'),
('Australian External Territories', '672'),
('Austria', '43'),
('Azerbaijan', '994'),
('Bahamas', '1-242'),
('Bahrain', '973'),
('Bangladesh', '880'),
('Barbados', '1-246'),
('Barbuda', '1-268'),
('Belarus', '375'),
('Belgium', '32'),
('Belize', '501'),
('Benin', '229'),
('Bermuda', '1-441'),
('Bhutan', '975'),
('Bolivia', '591'),
('Bosnia & Herzegovina', '387'),
('Botswana', '267'),
('Brazil', '55'),
('British Virgin Islands', '1-284'),
('Brunei Darussalam', '673'),
('Bulgaria', '359'),
('Burkina Faso', '226'),
('Burundi', '257'),
('Cambodia', '855'),
('Cameroon', '237'),
('Canada', '1'),
('Cape Verde Islands', '238'),
('Cayman Islands', '1-345'),
('Central African Republic', '236'),
('Chad', '235'),
('Chatham Island (New Zealand)', '64'),
('Chile', '56'),
('China (PRC)', '86'),
('Christmas Island', '61-8'),
('', ''),
('Cocos-Keeling Islands', '61'),
('Colombia', '57'),
('Comoros', '269'),
('Congo', '242'),
('Congo, Dem. Rep. of?', '243'),
('Cook Islands', '682'),
('Costa Rica', '506'),
('C?te d\'Ivoire', '225'),
('Croatia', '385'),
('Cuba', '53'),
('Cuba', '5399'),
('Cura?ao', '599'),
('Cyprus', '357'),
('Czech Republic', '420'),
('Denmark', '45'),
('Diego Garcia', '246'),
('Djibouti', '253'),
('Dominica', '1-767'),
('Dominican Republic', '1-809'),
('East Timor', '670'),
('Easter Island', '56'),
('Ecuador', '593'),
('Egypt', '20'),
('El Salvador', '503'),
('Equatorial Guinea', '240'),
('Eritrea', '291'),
('Estonia', '372'),
('Ethiopia', '251'),
('Falkland Islands', '500'),
('Faroe Islands', '298'),
('Fiji Islands', '679'),
('Finland', '358'),
('France', '33'),
('French Antilles', '596'),
('French Guiana', '594'),
('French Polynesia', '689'),
('Gabonese Republic', '241'),
('Gambia', '220'),
('Georgia', '995'),
('Germany', '49'),
('Ghana', '233'),
('Gibraltar', '350'),
('Greece', '30'),
('Greenland', '299'),
('Grenada', '1-473'),
('Guadeloupe', '590'),
('Guam', '1-671'),
('Guantanamo Bay', '5399'),
('Guatemala', '502'),
('Guinea-Bissau', '245'),
('Guinea', '224'),
('Guyana', '592'),
('Haiti', '509'),
('Honduras', '504'),
('Hong Kong', '852'),
('Hungary', '36'),
('Iceland', '354'),
('India', '91'),
('Indonesia', '62'),
('Inmarsat (Atlantic Ocean - East)', '871'),
('Inmarsat (Atlantic Ocean - West)', '874'),
('Inmarsat (Indian Ocean)', '873'),
('Inmarsat (Pacific Ocean)', '872'),
('International Freephone Service', '800'),
('International Shared Cost Service (ISCS)', '808'),
('Iran', '98'),
('Iraq', '964'),
('Ireland', '353'),
('Iridium', '8816'),
('Israel', '972'),
('Italy', '39'),
('Jamaica', '1-876'),
('Japan', '81'),
('Jordan', '962'),
('Kazakhstan', '7'),
('Kenya', '254'),
('Kiribati', '686'),
('Korea (North)', '850'),
('Korea (South)', '82'),
('Kuwait', '965'),
('Kyrgyz Republic', '996'),
('Laos', '856'),
('Latvia', '371'),
('Lebanon', '961'),
('Lesotho', '266'),
('Liberia', '231'),
('Libya', '218'),
('Liechtenstein', '423'),
('Lithuania', '370'),
('Luxembourg', '352'),
('Macao', '853'),
('Macedonia', '389'),
('Madagascar', '261'),
('Malawi', '265'),
('Malaysia', '60'),
('Maldives', '960'),
('Mali Republic', '223'),
('Malta', '356'),
('Marshall Islands', '692'),
('Martinique', '596'),
('Mauritania', '222'),
('Mauritius', '230'),
('Mayotte Island', '269'),
('Mexico', '52'),
('Micronesia, (Federal States of)', '691'),
('Midway Island', '1-808'),
('Moldova', '373'),
('Monaco', '377'),
('Mongolia', '976'),
('Montenegro', '382'),
('Montserrat', '1-664'),
('Morocco', '212'),
('Mozambique', '258'),
('Myanmar', '95'),
('Namibia', '264'),
('Nauru', '674'),
('Nepal', '977'),
('Netherlands', '31'),
('Netherlands Antilles', '599'),
('Nevis', '1-869'),
('New Caledonia', '687'),
('New Zealand', '64'),
('Nicaragua', '505'),
('Niger', '227'),
('Nigeria', '234'),
('Niue', '683'),
('Norfolk Island', '672'),
('Northern Marianas Islands', '1-670'),
('', ''),
('Norway', '47'),
('Oman', '968'),
('Pakistan', '92'),
('Palau', '680'),
('Palestinian Settlements', '970'),
('Panama', '507'),
('Papua New Guinea', '675'),
('Paraguay', '595'),
('Peru', '51'),
('Philippines', '63'),
('Poland', '48'),
('Portugal', '351'),
('Puerto Rico', '1-787'),
('Qatar', '974'),
('R?union Island', '262'),
('Romania', '40'),
('Russia', '7'),
('Rwandese Republic', '250'),
('St. Helena', '290'),
('St. Kitts/Nevis', '1-869'),
('St. Lucia', '-757'),
('St. Pierre & Miquelon', '508'),
('St. Vincent & Grenadines', '1-784'),
('Samoa', '685'),
('San Marino', '378'),
('S?o Tom? and Principe', '239'),
('Saudi Arabia', '966'),
('Senegal', '221'),
('Serbia', '381'),
('Seychelles Republic', '248'),
('Sierra Leone', '232'),
('Singapore', '65'),
('Slovak Republic', '421'),
('Slovenia', '386'),
('Solomon Islands', '677'),
('Somali Democratic Republic', '252'),
('South Africa', '27'),
('Spain', '34'),
('Sri Lanka', '94'),
('Sudan', '249'),
('Suriname', '597'),
('Swaziland', '268'),
('Sweden', '46'),
('Switzerland', '41'),
('Syria', '963'),
('Taiwan', '886'),
('Tajikistan', '992'),
('Tanzania', '255'),
('Thailand', '66'),
('Thuraya (Mobile Satellite service)', '88216'),
('Timor Leste', '670'),
('Togolese Republic', '228'),
('Tokelau', '690'),
('Tonga Islands', '676'),
('Trinidad & Tobago', '1-868'),
('Tunisia', '216'),
('Turkey', '90'),
('Turkmenistan', '993'),
('Turks and Caicos Islands', '1-649'),
('Tuvalu', '688'),
('Uganda', '256'),
('Ukraine', '380'),
('United Arab Emirates', '971'),
('United Kingdom', '44'),
('United States of America', '1'),
('US Virgin Islands', '1-340'),
('Universal Personal Telecommunications (UPT)', '878'),
('Uruguay', '598'),
('Uzbekistan', '998'),
('Vanuatu', '678'),
('Vatican City', '39'),
('Venezuela', '58'),
('Vietnam', '84'),
('Wake Island', '808');

-- --------------------------------------------------------

--
-- Table structure for table `tbl_questions`
--

CREATE TABLE `tbl_questions` (
  `id` int(11) NOT NULL,
  `batch` varchar(50) NOT NULL,
  `select_batch` varchar(150) DEFAULT NULL,
  `user_name` varchar(255) NOT NULL,
  `user_phone` varchar(15) NOT NULL,
  `user_question` varchar(500) NOT NULL,
  `asked_at` datetime NOT NULL,
  `user_code` varchar(10) NOT NULL,
  `speaker` int(11) NOT NULL DEFAULT '0',
  `answered` int(11) NOT NULL DEFAULT '0',
  `responded` int(11) DEFAULT '0',
  `doctor` int(11) DEFAULT '0',
  `diet` int(11) DEFAULT '0',
  `exercise` int(11) DEFAULT '0',
  `mentor` int(11) DEFAULT '0',
  `operations` int(11) DEFAULT '0',
  `remark` varchar(250) DEFAULT NULL
) ENGINE=InnoDB DEFAULT CHARSET=latin1;

--
-- Dumping data for table `tbl_questions`
--

INSERT INTO `tbl_questions` (`id`, `batch`, `select_batch`, `user_name`, `user_phone`, `user_question`, `asked_at`, `user_code`, `speaker`, `answered`, `responded`, `doctor`, `diet`, `exercise`, `mentor`, `operations`, `remark`) VALUES
(1, 'batch65', 'Batch62', 'V', '9765875731', 'hi how are you', '2021-04-23 16:06:04', '', 0, 0, 1, 0, 0, 0, 0, 0, 'Hi'),
(2, 'batch65', 'Batch69', 'Onkar', '9821007071', 'How do you check the regular progress for hypothyroid?', '2021-04-24 07:01:54', '', 0, 0, 1, 0, 0, 0, 0, 0, NULL),
(3, 'batch65', 'Batch68', 'Varsha Khairnar', '9619727124', 'à¤®à¤²à¤¾ à¤œà¤¾à¥…à¤‡à¤‚à¤¨ à¤¹à¥‹à¤Šà¤¨ à¤¦à¤¿à¤¡ à¤®à¤¹à¤¿à¤¨à¤¾ à¤à¤¾à¤²à¤¾  à¥¤ à¤®à¥€ à¤¯à¥‹à¤—à¤¾ à¤•à¤°à¤¤à¥‡ à¤¡à¤¾à¤¯à¤Ÿ à¤•à¤°à¤¤à¥‡ à¤µà¤¾à¥…à¤Ÿà¤° à¤«à¤¾à¤¸à¥à¤Ÿà¥€à¤‚à¤— à¤•à¤°à¤¤à¥‡  à¤¤à¤°à¥€à¤¸à¥à¤¦à¥à¤§à¤¾ à¤®à¤¾à¤à¤‚ à¤µà¤œà¤¨ à¤•à¤®à¥€ à¤¹à¥‹à¤¤à¤š à¤¨à¤¾à¤¹à¥€à¥¤', '2021-04-24 07:22:28', '', 0, 0, 1, 0, 0, 0, 0, 0, NULL),
(4, 'batch65', 'Batch64', 'Nandini pawar ', '7065809707', 'Good evening sir diat se hair full ka problem he', '2021-04-24 17:56:41', '91', 0, 0, 1, 0, 0, 0, 0, 0, NULL),
(5, 'batch65', 'Batch68', 'Poonam Jain', '9810125652', 'How to gain muscle while reducing weight', '2021-04-24 18:04:42', '', 0, 0, 1, 0, 0, 0, 0, 0, NULL),
(6, 'batch65', 'Batch62', 'yogita bhangale', '9880717352', 'Hi Malhar Sir, when do we know we are exercising enough. I always feel i am not exercising enough.\r\nAny exercises to burn body  fat effectively', '2021-04-24 18:55:43', '', 0, 0, 1, 0, 0, 0, 0, 0, NULL),
(7, 'batch65', 'Batch63', 'vijaya eligar', '09740066045', 'sir..still not achieved my target..loosing interest', '2021-04-24 18:56:04', '', 0, 0, 1, 0, 0, 0, 0, 0, NULL),
(8, 'batch65', 'Batch67', 'Deepika Khanna', '9650979933', 'Hi, after doing WF for 58 hours, I felt very week. Have done WF, 2 weeks back and till today not feeling stable as weakness is still there and I am not able to perform excercises also. Not doing IF also and taking all 3 meals.. have lost 6.5 Kgs since beginning of the programme.Is this weakness persisting bcoz of weight loss and WF.', '2021-04-24 18:57:49', '91', 0, 0, 1, 0, 0, 0, 0, 0, NULL),
(9, 'batch65', 'Batch64', 'Ramadevi', '9840188840', 'Hi Dr.Malhar', '2021-04-24 18:59:13', '91', 0, 0, 1, 0, 0, 0, 0, 0, NULL),
(10, 'batch65', 'Batch67', 'Usha Seshadri ðŸŒº', '9886969480', 'How much wt we should loose ina month', '2021-04-24 19:00:59', '', 0, 0, 0, 0, 0, 0, 0, 0, NULL),
(11, 'batch65', 'Batch62', 'yogita bhangale', '9880717352', 'no audio', '2021-04-24 19:01:11', '', 0, 0, 0, 0, 0, 0, 0, 0, NULL),
(12, 'batch65', 'Batch68', 'Kritika Banerjee', '9999219823', 'Greetings Dr Ganla, If you had to assign a percentage between exercise and diet - what ratio will you assign for a sustainable weight loss.\r\nQ 2 - While I will never go back to the kind of eating practices before I joined Batch 68 starting 13th march - but I still crave for a few things. Like a curd or a slice of bread. Will we ever be able to eat it, without the fear of weight gain, more importantly - adding something not advisable to a cleansed and pure body. Basically Guilt free.', '2021-04-24 19:01:39', '91', 0, 0, 1, 0, 0, 0, 0, 0, NULL),
(13, 'batch65', 'Batch68', 'Vinay Garg', '8479244061', 'No sound', '2021-04-24 19:01:48', '1', 0, 0, 1, 0, 0, 0, 0, 0, NULL),
(14, 'batch65', 'Batch66', 'Sujatha Jayarajan ', '9544943971', 'Cannot hear you', '2021-04-24 19:01:53', '', 0, 0, 0, 0, 0, 0, 0, 0, NULL),
(15, 'batch65', 'Batch67', 'Pradnya Prabhu', '9820009267', 'I followed struct protocol for 3 months . Blood tests reports show increse in HB1AC from 5.4 to 6. Sugar from 116 to 113 and insulin decreased from 19 to 8. Why HBA1C increased?', '2021-04-24 19:01:53', '', 0, 0, 1, 0, 0, 0, 0, 0, NULL),
(16, 'batch65', 'Batch67', 'Usha Seshadri ðŸŒº', '9886969480', 'I cannot hear as the audio is not working', '2021-04-24 19:02:35', '', 0, 0, 1, 0, 0, 0, 0, 0, NULL),
(17, 'batch65', 'Batch63', 'vijaya eligar', '09740066045', 'u r voice not audible', '2021-04-24 19:03:13', '', 0, 0, 1, 0, 0, 0, 0, 0, NULL),
(18, 'batch65', 'Batch62', 'yogita bhangale', '9880717352', 'cannot hear what sir is saying', '2021-04-24 19:03:35', '', 0, 0, 1, 0, 0, 0, 0, 0, NULL),
(19, 'batch65', 'Batch67', 'SANDEEP PIDSHETTI', '7147234299', 'Canâ€™t hear you Doctor.', '2021-04-24 19:03:41', '1', 0, 0, 1, 0, 0, 0, 0, 0, NULL),
(20, 'batch65', 'Batch64', 'GEETA V  HAIKERWAL', '9450909736', 'NOT AUDIBLE', '2021-04-24 19:03:48', '91', 0, 0, 0, 0, 0, 0, 0, 0, NULL),
(21, 'batch65', 'Batch68', 'Varsha Khairnar', '9619727124', 'à¤†à¤µà¤¾à¤œ à¤à¤•à¥‚ à¤¯à¥‡à¤¤ à¤¨à¤¾à¤¹à¥€', '2021-04-24 19:03:49', '', 0, 0, 1, 0, 0, 0, 0, 0, NULL),
(22, 'batch65', 'Batch67', 'Usha Seshadri ðŸŒº', '9886969480', 'Audio problem as we cannot hear,please rectify', '2021-04-24 19:03:59', '', 0, 0, 1, 0, 0, 0, 0, 0, NULL),
(23, 'batch65', 'Batch67', 'Varuni ', '9811173445', 'No sound', '2021-04-24 19:04:11', '', 0, 0, 1, 0, 0, 0, 0, 0, NULL),
(24, 'batch65', 'Batch67', 'Nirmala Sharma', '9461671884', 'à¤®à¥à¤à¥‡ à¤…à¤­à¥€ à¤­à¥€ à¤•à¤¬à¥à¤œ à¤°à¤¹à¤¤à¥€ à¤¹à¥ˆ', '2021-04-24 19:04:46', '91', 0, 0, 1, 0, 0, 0, 0, 0, NULL),
(25, 'batch65', 'Batch67', 'Pradnya Prabhu', '9820009267', 'After 3 months of diet plan why my HBA1C increased?', '2021-04-24 19:05:20', '', 0, 0, 1, 0, 0, 0, 0, 0, NULL),
(26, 'batch65', 'Batch67', 'Nirmala Sharma', '9461671884', 'à¤®à¥à¤à¥‡ à¤…à¤­à¥€ à¤­à¥€ à¤¬à¤¹à¥à¤¤ à¤•à¤¬à¥à¤œ à¤°à¤¹à¤¤à¥€ à¤¹à¥ˆ à¤”à¤° à¤ªà¤²à¥à¤¸ à¤«à¤¿à¤«à¥à¤Ÿà¥€ à¤µà¤¨ à¤—à¤°à¥€à¤¬ à¤šà¤²à¤¤à¥€ à¤¹à¥ˆ', '2021-04-24 19:06:01', '91', 0, 0, 0, 0, 0, 0, 0, 0, NULL),
(27, 'batch65', 'Batch68', 'Varsha Khairnar', '9619727124', 'à¤®à¥€ à¤¡à¤¾à¤¯à¤Ÿ à¤•à¤°à¤¤à¥‡ , à¤µà¤¾à¥…à¤Ÿà¤° à¤«à¤¾à¤¸à¥à¤Ÿà¥€à¤‚à¤— à¤•à¤°à¤¤à¥‡ à¤†à¤£à¤¿ à¤µà¥à¤¯à¤¾à¤¯à¤¾à¤® à¤ªà¤£ à¤•à¤°à¤¤à¥‡ à¤ªà¤£ à¤®à¤¾à¤à¥‡ à¤µà¤œà¤¨ à¤•à¤®à¥€ à¤¹à¥‹à¤¤ à¤¨à¤¾à¤¹à¥€ à¤ªà¥à¤²à¤¿à¤œ à¤¸à¤œà¥‡à¤¶à¤¨ à¤•à¤°à¤¾à¤µà¥‡à¥¤', '2021-04-24 19:06:39', '', 0, 0, 1, 0, 0, 0, 0, 0, NULL),
(28, 'batch65', 'Batch68', 'Kritika Banerjee', '9999219823', 'Dr Ganla, I really really admire you. I joined this course inspired by you :-)', '2021-04-24 19:06:45', '91', 0, 0, 1, 0, 0, 0, 0, 0, NULL),
(29, 'batch65', 'Batch65', 'Sriprada ', '8197094985', 'Doctor could you please suggest an alternative for gyms? As there is lockdown now in my city', '2021-04-24 19:07:08', '91', 0, 0, 1, 0, 0, 0, 0, 0, NULL),
(30, 'batch65', 'Batch68', 'Manjunath', '9900546989', 'Sir I feel  total  weak ,feel like to sit when I started 2 meals a day,', '2021-04-24 19:07:16', '', 0, 0, 1, 0, 0, 0, 0, 0, NULL),
(31, 'batch65', 'Batch68', 'Kritika Banerjee', '9999219823', 'I did water fasting for 40 hours. Pure water..no smoothie and no seeds. I felt weak...not hungry. I felt weird. Is it normal.', '2021-04-24 19:07:46', '91', 0, 0, 1, 0, 0, 0, 0, 0, NULL),
(32, 'batch65', 'Batch68', 'Pratibha Shrivastava ', '9958789933', 'Juice fasting ke bad mujhe loose motion & weakness ki problem hui', '2021-04-24 19:08:44', '', 0, 0, 1, 0, 0, 0, 0, 0, NULL),
(33, 'batch65', 'Batch64', 'Gayatriyeleswarapu', '7780354849', 'I can hear now', '2021-04-24 19:09:25', '', 0, 0, 1, 0, 0, 0, 0, 0, NULL),
(34, 'batch65', 'Batch64', 'Ramadevi', '9840188840', 'Yes Sir', '2021-04-24 19:09:33', '91', 0, 0, 1, 0, 0, 0, 0, 0, NULL),
(35, 'batch65', 'Batch67', 'reena', '9810088775', 'yes', '2021-04-24 19:09:37', '91', 0, 0, 1, 0, 0, 0, 0, 0, NULL),
(36, 'batch65', 'Batch64', 'Gayatriyeleswarapu', '7780354849', 'M', '2021-04-24 19:11:05', '', 0, 0, 1, 0, 0, 0, 0, 0, NULL),
(37, 'batch65', 'Batch62', 'Smit Shah', '9867779916', 'Mac D', '2021-04-24 19:11:09', '', 0, 0, 1, 0, 0, 0, 0, 0, NULL),
(38, 'batch65', 'Batch63', 'vijaya eligar', '09740066045', 'm', '2021-04-24 19:11:13', '', 0, 0, 1, 0, 0, 0, 0, 0, NULL),
(39, 'batch65', 'Batch67', 'Rakhi mathur', '8451844820', 'Triangle', '2021-04-24 19:11:18', '', 0, 0, 1, 0, 0, 0, 0, 0, NULL),
(40, 'batch65', 'Batch68', 'Kritika Banerjee', '9999219823', 'Mac Donalds :-(', '2021-04-24 19:11:20', '91', 0, 0, 1, 0, 0, 0, 0, 0, NULL),
(41, 'batch65', 'Batch62', 'Sharmila umesh ', '9845073024', 'Snow covered peaks', '2021-04-24 19:11:24', '', 0, 0, 1, 0, 0, 0, 0, 0, NULL),
(42, 'batch65', 'Batch64', 'Gayatriyeleswarapu', '7780354849', 'Mountains', '2021-04-24 19:11:25', '', 0, 0, 1, 0, 0, 0, 0, 0, NULL),
(43, 'batch65', 'Batch63', 'VEERANNA BANDI', '08762228584', 'M', '2021-04-24 19:11:27', '', 0, 0, 1, 0, 0, 0, 0, 0, NULL),
(44, 'batch65', 'Batch67', 'reena', '9810088775', 'mountains', '2021-04-24 19:11:28', '91', 0, 0, 1, 0, 0, 0, 0, 0, NULL),
(45, 'batch65', 'Batch69', 'Pratigya Mathur', '9867696840', 'Beautiful mountains a', '2021-04-24 19:11:29', '', 0, 0, 1, 0, 0, 0, 0, 0, NULL),
(46, 'batch65', 'Batch68', 'Vinay Garg', '8479244061', 'Mcdonald sign', '2021-04-24 19:11:30', '1', 0, 0, 1, 0, 0, 0, 0, 0, NULL),
(47, 'batch65', 'Batch69', 'C P Krishnan', '7875225215', 'M', '2021-04-24 19:11:32', '', 0, 0, 1, 0, 0, 0, 0, 0, NULL),
(48, 'batch65', 'Batch62', 'Smit Shah', '9867779916', 'Scenic beauty', '2021-04-24 19:11:32', '', 0, 0, 1, 0, 0, 0, 0, 0, NULL),
(49, 'batch65', 'Batch65', 'Sriprada ', '8197094985', 'McDonalds logo', '2021-04-24 19:11:35', '91', 0, 0, 1, 0, 0, 0, 0, 0, NULL),
(50, 'batch65', 'Batch62', 'Sharmila umesh ', '9845073024', 'Snow covered mountains', '2021-04-24 19:11:35', '', 0, 0, 1, 0, 0, 0, 0, 0, NULL),
(51, 'batch65', 'Batch67', 'Anuradha', '9611262383', 'Those beautiful peaks', '2021-04-24 19:11:40', '91', 0, 0, 1, 0, 0, 0, 0, 0, NULL),
(52, 'batch65', 'Batch67', 'Sandhya Prasad', '9967872584', 'mountains', '2021-04-24 19:11:47', '91', 0, 0, 1, 0, 0, 0, 0, 0, NULL),
(53, 'batch65', 'Batch67', 'Anuradha Diwakar ', '9740200446', 'Beautiful mountain range and nature', '2021-04-24 19:11:53', '', 0, 0, 1, 0, 0, 0, 0, 0, NULL),
(54, 'batch65', 'Batch64', 'Shubhangi Ambadekar ', '8888720773', 'Constant weight  since 2 month', '2021-04-24 19:12:04', '', 0, 0, 1, 0, 0, 0, 0, 0, NULL),
(55, 'batch65', 'Batch67', 'Heena Reshamwala', '9821736265', 'Mountains', '2021-04-24 19:12:11', '91', 0, 0, 0, 0, 0, 0, 0, 0, NULL),
(56, 'batch65', 'Batch64', 'Shubhangi Ambadekar ', '8888720773', 'Mac D', '2021-04-24 19:12:14', '', 0, 0, 0, 0, 0, 0, 0, 0, NULL),
(57, 'batch65', 'Batch68', 'Richa Sheth', '9978746680', 'Mountain', '2021-04-24 19:13:17', '', 0, 0, 0, 0, 0, 0, 0, 0, NULL),
(58, 'batch65', 'Batch64', 'pratima khatake', '9766072830', 'with vegan diet do you think omega 3 supplement is needed for epa and dha components (not available generally in plant foods except for algae)', '2021-04-24 19:13:50', '91', 0, 0, 0, 0, 0, 0, 0, 0, NULL),
(59, 'batch65', 'Batch68', 'Sayali Godbole', '09822388089', 'Still suffering from constipation related problems, I am following proper diet as well as exercise, still need to take medicines, can you please help to get rid of medicines', '2021-04-24 19:15:32', '91', 0, 0, 0, 0, 0, 0, 0, 0, NULL),
(60, 'batch65', 'Batch68', 'Kritika Banerjee', '9999219823', 'Cycle', '2021-04-24 19:15:32', '91', 0, 0, 0, 0, 0, 0, 0, 0, NULL),
(61, 'batch65', 'Batch69', 'Pratigya Mathur', '9867696840', 'Smart Cycle', '2021-04-24 19:15:35', '', 0, 0, 0, 0, 0, 0, 0, 0, NULL),
(62, 'batch65', 'Batch63', 'vijaya eligar', '09740066045', 'cycle', '2021-04-24 19:15:35', '', 0, 0, 0, 0, 0, 0, 0, 0, NULL),
(63, 'batch65', 'Batch64', 'Shubhangi Ambadekar ', '8888720773', 'Bicycle', '2021-04-24 19:15:38', '', 0, 0, 0, 0, 0, 0, 0, 0, NULL),
(64, 'batch65', 'Batch63', 'VEERANNA BANDI', '08762228584', 'cycle', '2021-04-24 19:15:43', '', 0, 0, 0, 0, 0, 0, 0, 0, NULL),
(65, 'batch65', 'Batch67', 'Varuni ', '9811173445', 'Cycle', '2021-04-24 19:15:44', '', 0, 0, 0, 0, 0, 0, 0, 0, NULL),
(66, 'batch65', 'Batch64', 'Shubhangi Ambadekar ', '8888720773', 'Bicycle', '2021-04-24 19:15:47', '', 0, 0, 0, 0, 0, 0, 0, 0, NULL),
(67, 'batch65', 'Batch64', 'Ramadevi', '9840188840', 'Wonderful ride in the cycle', '2021-04-24 19:15:48', '91', 0, 0, 1, 0, 0, 0, 0, 0, NULL),
(68, 'batch65', 'Batch67', 'Sandhya Prasad', '9967872584', 'cycle', '2021-04-24 19:15:52', '91', 0, 0, 1, 0, 0, 0, 0, 0, NULL),
(69, 'batch65', 'Batch62', 'Vibha Gupta', '09810307997', 'Hi', '2021-04-24 19:15:54', '91', 0, 0, 1, 0, 0, 0, 0, 0, NULL),
(70, 'batch65', 'Batch67', 'Heena Reshamwala', '9821736265', 'Bicycle n Mercedes', '2021-04-24 19:16:13', '91', 0, 0, 1, 0, 0, 0, 0, 0, NULL),
(71, 'batch65', 'Batch67', 'Anuradha Diwakar ', '9740200446', 'My SAAF goal is to do 108 suryanamaskaras by end of 3 months. As of now I can do 24. How do I step up gradually and reach my goal Dr.Malhar sir.', '2021-04-24 19:16:33', '', 0, 0, 1, 0, 0, 0, 0, 0, NULL),
(72, 'batch65', 'Batch67', 'Shahid khan', '502873440', 'Dr malhar my weight is reduced 5 kgs after that stuck in two months not reduced what is the reason', '2021-04-24 19:17:03', '966', 0, 0, 0, 0, 0, 0, 0, 0, NULL),
(73, 'batch65', 'Batch68', 'Kritika Banerjee', '9999219823', 'So Dr Ganla, In perspective to the Mc D question. All my life I have eaten relatively clean. I dont like exercising so have done it moderately. I am 42 and had an accident when I was 27. Body went thru a lot of Trauma and then 2 C-sections. I am aware about food.....and I hate Mc D...but why am I still obese. Why is it a general thought that obese people eat mindlessly ?', '2021-04-24 19:17:58', '91', 0, 0, 0, 0, 0, 0, 0, 0, NULL),
(74, 'batch65', 'Batch67', 'reena', '9810088775', 'its fne', '2021-04-24 19:18:21', '91', 0, 0, 0, 0, 0, 0, 0, 0, NULL),
(75, 'batch65', 'Batch67', 'reena', '9810088775', 'audio is good', '2021-04-24 19:18:32', '91', 0, 0, 1, 0, 0, 0, 0, 0, NULL),
(76, 'batch65', 'Batch67', 'Varuni ', '9811173445', 'After loosing 10kg just 4 kgs to go! So thank you to the entire ffd team. My question... there is loose double chin can you suggest something', '2021-04-24 19:18:32', '', 0, 0, 0, 0, 0, 0, 0, 0, NULL),
(77, 'batch65', 'Batch62', 'Smit Shah', '9867779916', 'Does Intense exercise of particular body part where we have accumulated fat help loose that fat faster as compared to diet/fasting. Ketosis Vs Exercise, at my this phase.  The weight and body fat loss stopped/plateaued even after few days of water fasting. So I shift back to exercise', '2021-04-24 19:18:33', '', 0, 0, 1, 0, 0, 0, 0, 0, NULL),
(78, 'batch65', 'Batch62', 'Vibha Gupta', '09810307997', 'Voice is loud and clear', '2021-04-24 19:18:51', '91', 0, 0, 1, 0, 0, 0, 0, 0, NULL),
(79, 'batch65', 'Batch65', 'Nikhil Dhami', '09920378759', 'Intermittent audio issue', '2021-04-24 19:19:20', '', 0, 0, 1, 0, 0, 0, 0, 0, NULL),
(80, 'batch65', 'Batch64', 'Aakanksha Manan', '9820762577', 'Hi Doc!\r\nI lost 20 kgs. But weight is still 83 kgs! Started with a good exercise schedule but then tested positive for covid. How do I get back to exercising now? Please guide.', '2021-04-24 19:19:52', '', 0, 0, 1, 0, 0, 0, 0, 0, NULL),
(81, 'batch65', 'Batch62', 'Padmini Atal', '99325633', 'As we are on a vegan diet are we getting enough calcium ? Do we need to take calcium supplements ?', '2021-04-24 19:20:17', '968', 0, 0, 1, 0, 0, 0, 0, 0, NULL),
(82, 'batch65', 'Batch67', 'Nirmala Sharma', '9461671884', 'Constipation rehta h', '2021-04-24 19:20:29', '91', 0, 0, 1, 0, 0, 0, 0, 0, NULL),
(83, 'batch65', 'Batch69', 'C P Krishnan', '7875225215', 'WHAT IS 3.  2. 1', '2021-04-24 19:21:47', '', 0, 0, 1, 0, 0, 0, 0, 0, NULL),
(84, 'batch65', 'Batch65', 'yogita', '7906120038', 'is it mandatory to be a lifetime vegan...fr a nondiabetic..missing buttermilk n milk', '2021-04-24 19:22:21', '91', 0, 0, 1, 0, 0, 0, 0, 0, NULL),
(85, 'batch65', 'Batch67', 'reena', '9810088775', 'did jf for three days had loose motions.should we continue ?', '2021-04-24 19:22:29', '91', 0, 0, 1, 0, 0, 0, 0, 0, NULL),
(86, 'batch65', 'Batch63', 'Shweta  Lath ', '9819508711', 'IMalhar sir, am again going for 2-1-2-1-2 again.  Wish me luck to reduce from 94 to another atleast 10 kgs.', '2021-04-24 19:23:42', '', 0, 0, 1, 0, 0, 0, 0, 0, NULL),
(87, 'batch65', 'Batch63', 'VEERANNA BANDI', '08762228584', 'Good  evening Dr. Malhar. I joined FFD for weight loss only. But my weight is not getting  reduced for the last 3 months and hence I am loosing interest. Please suggest how to get back my interest and how get my BMI below 25 atheist. Now my BMI is 27.40', '2021-04-24 19:24:03', '', 0, 0, 1, 0, 0, 0, 0, 0, NULL),
(88, 'batch65', 'Batch67', 'Archana ', '910173264', 'My weight shit up to 900g more than yesterdayâ€™s reading? What could be the cause. I did eat 1 1/2 hour later than my usual time of dinner. But that should not cause such a steep rise in weight', '2021-04-24 19:25:01', '351', 0, 0, 1, 0, 0, 0, 0, 0, NULL),
(89, 'batch65', 'Batch68', 'CHAROO GARG', '7984193672', 'Dr Mallhar, I am not loosing much weight, I feel it is lack of cardio....', '2021-04-24 19:25:28', '44', 0, 0, 1, 0, 0, 0, 0, 0, NULL),
(90, 'batch65', 'Batch68', 'CHAROO GARG', '7984193672', 'can I start cardio exercise?', '2021-04-24 19:26:02', '44', 0, 0, 1, 0, 0, 0, 0, 0, NULL),
(91, 'batch65', 'Batch68', 'CHAROO GARG', '7984193672', 'lot of hair loss and dry skin', '2021-04-24 19:26:24', '44', 0, 0, 1, 0, 0, 0, 0, 0, NULL),
(92, 'batch65', 'Batch65', 'yogita', '7906120038', 'why does my haemoglobin doesnt increase....instead of having iron tablets ..smoothies n all', '2021-04-24 19:26:39', '91', 0, 0, 0, 0, 0, 0, 0, 0, NULL),
(93, 'batch65', 'Batch65', 'Dr. Geetika Soni', '9822977950', 'I have pcod since 10 yrs, since I started this diet from December I have lost 10 kgs and still on the prescribed medicines from the endocrinologist. I have irregular menses. Is this a good sign?', '2021-04-24 19:27:42', '', 0, 0, 1, 0, 0, 0, 0, 0, NULL),
(94, 'batch65', 'Batch63', 'vijaya eligar', '09740066045', 'sir I was  86 now 79..with premenopause', '2021-04-24 19:29:50', '', 0, 0, 1, 0, 0, 0, 0, 0, NULL),
(95, 'batch65', 'Batch68', 'Chirag Kotecha', '9909032531', 'Have lost 12.5 kgs started from 122.5 to 109 with BMI reduced from 39 to 35 within 6 days with height 5 11. Feeling very light and good.  How to sustain motivation ?', '2021-04-24 19:30:15', '', 0, 0, 1, 0, 0, 0, 0, 0, NULL),
(96, 'batch65', 'Batch68', 'Mariyam contractors ', '598233575', 'I have multiple kidney stones can I take anemia as part of dhautkriya if yes how many times at gap of how many days.', '2021-04-24 19:31:08', '966', 0, 0, 1, 0, 0, 0, 0, 0, NULL),
(97, 'batch65', 'Batch68', 'Poonam Jain', '9810125652', 'I get lazy after my meals n donâ€™t do anti gravity. What to do....!!', '2021-04-24 19:31:24', '', 0, 0, 1, 0, 0, 0, 0, 0, NULL),
(98, 'batch65', 'Batch64', 'Rathna srinivas ', '9980077881', 'hello DR, I have lost 18Kgs and my BMI is 25 = but my skin look wrinkly and my arms are saggy .... how to manage this', '2021-04-24 19:32:27', '', 0, 0, 1, 0, 0, 0, 0, 0, NULL),
(99, 'batch65', 'Batch68', 'Kritika Banerjee', '9999219823', 'Dr Ganla, You are an amazing person. The way you motivate me, noone does. Please do continue to meet us once a month. I hope you remain safe and healthy always :-)', '2021-04-24 19:33:13', '91', 0, 0, 1, 0, 0, 0, 0, 0, NULL),
(100, 'batch65', 'Batch67', 'Meena Goel', '7598844190', 'Smoothies will continue how long', '2021-04-24 19:33:24', '', 0, 0, 1, 0, 0, 0, 0, 0, NULL),
(101, 'batch65', 'Batch62', 'Lakshmi Khasnavis', '6786655879', 'After the 8 months of FFD journey lost 31 lbs, but my neck and face looking more aged. What kind of exercise should do?', '2021-04-24 19:34:26', '1', 0, 0, 1, 0, 0, 0, 0, 0, NULL),
(102, 'batch65', 'Batch62', 'Lakshmi Khasnavis', '6786655879', 'Very greatful to FFD  whole teamðŸ™ðŸ™', '2021-04-24 19:35:03', '1', 0, 0, 0, 0, 0, 0, 0, 0, NULL),
(103, 'batch65', 'Batch63', 'Purvi ', '9819133846', 'Sir, I could reduce 4 kg initially & slowly started putting on . Now 2 1/2 kg more. Now , 1 2 3 meals not helping . Please guide', '2021-04-24 19:36:14', '91', 0, 0, 0, 0, 1, 1, 0, 0, NULL),
(104, 'batch65', 'Batch68', 'Geeta Sanghvi', '09822047709', 'My ths is high- 7.1. I am said to have hypothyroid. But im underweight.  What does that mean. Trying to increase weight but difficult and so less energy levels. What to do.', '2021-04-24 19:36:43', '91', 0, 0, 0, 0, 1, 0, 0, 0, NULL),
(105, 'batch65', 'Batch62', 'Padmini Atal', '99325633', 'Do we need to take calcium since we are not having milk ?', '2021-04-24 19:37:51', '968', 0, 0, 0, 1, 0, 0, 0, 0, NULL),
(106, 'batch65', 'Batch68', 'CHAROO GARG', '7984193672', 'Dr< please could you make a video of weight lifting exercises which will help in fat burn and get rid of flabby arms?', '2021-04-24 19:37:55', '44', 0, 0, 0, 0, 0, 1, 0, 0, NULL),
(107, 'batch65', 'Batch68', 'Manjunath', '9900546989', 'Hi\r\nI have reduced 11 kgs, but my belly is not reduced but the legs, is it ok or I need to focus any exercise I am doing regula ones,', '2021-04-24 19:39:04', '', 0, 0, 0, 0, 0, 1, 0, 0, NULL),
(108, 'batch65', 'Batch67', 'Archana ', '910173264', 'I posted a message about gaining back 900g weight in one day.Just to let you know\r\nthat I was 61.6 kg when I started. Iâ€™m at 55.8 kg now.', '2021-04-24 19:40:55', '351', 0, 0, 0, 0, 0, 0, 0, 0, NULL),
(109, 'batch65', 'Batch68', 'Kritika Banerjee', '9999219823', 'Dr, I started with 102.2 kgs....I started on 13th March (my birthday) and today I am 94.5....Not done too great because my exercise compliance is very very bad. Do you think if I exercise regularly and start OMAD...when its introduced. Will it accelerate.', '2021-04-24 19:41:09', '91', 0, 0, 0, 0, 0, 0, 0, 0, NULL),
(110, 'batch65', 'Batch67', 'Jigna Rajgor', '66253740', 'Hello dr...what should be the idle time for exercise in phase 4...my BMI is maintained between 23-24 ... Iâ€™m on 3-2-1 ...n if I ate something wrong food so on that day I should balance it with anti gravity or need to exercise more...which is more effective..as not doing antigravity in phase 4(batch 67)', '2021-04-24 19:41:12', '965', 0, 0, 0, 0, 0, 0, 0, 0, NULL),
(111, 'batch65', 'Batch67', 'Ravi Nagaraj', '9901799992', 'My Bmi is 20.5 should i be doing weighted AGE & NOD', '2021-04-24 19:41:50', '', 0, 0, 0, 0, 0, 0, 0, 0, NULL),
(112, 'batch65', 'Batch63', 'Shweta  Lath ', '9819508711', 'Thanks for motivation sir!', '2021-04-24 19:41:52', '', 0, 0, 0, 0, 0, 0, 0, 0, NULL),
(113, 'batch65', 'Batch68', 'Rajlakshmi', '9767586598', 'Iâ€™m 28, and Iâ€™m fitting in my clothes again, I put on 10kgs in the lockdown', '2021-04-24 19:42:03', '', 0, 0, 0, 0, 0, 0, 0, 0, NULL),
(114, 'batch65', 'Batch67', 'Archana ', '910173264', 'Iâ€™m a regular gym goer, doing weight training. My dietician has advised me to lose another kg. Iâ€™m\r\nat 55.8kg now (started at 61.6kg). Iâ€™n not going to gym right now but will start with muscle building phase soon. Iâ€™m very happy with my lipid profile & sugar levels results recently.', '2021-04-24 19:43:38', '351', 0, 0, 1, 0, 0, 0, 0, 0, NULL),
(115, 'batch65', 'Batch68', 'Kritika Banerjee', '9999219823', 'Troubling you a lot today, I am unable to fix my sleep cycle. I go to bed at 11 but sometimes, sleep eludes me till 0200 am. No matter what I need to be up by 0630. House Work/kids and office ...can you provide any support to fix my sleep. My life will improve. Neend hee nahin aatee hain raat ko :-(', '2021-04-24 19:43:40', '91', 0, 0, 1, 0, 0, 0, 0, 0, NULL),
(116, 'batch65', 'Batch65', 'Dr Chaya Raju', '551242080', 'When I do stationery cycling since last week, I have to rest every 5 mins & able to do only for 20-25 mins.', '2021-04-24 19:43:59', '966', 0, 0, 1, 0, 0, 0, 0, 0, NULL),
(117, 'batch65', 'Batch67', 'Meena Goel', '7598844190', 'Is there excercise for dropping eyelids', '2021-04-24 19:44:50', '', 0, 0, 1, 0, 0, 0, 0, 0, NULL),
(118, 'batch65', 'Batch65', 'Dr Chaya Raju', '551242080', 'I have decreased 10.5 kgs from 68 to 57.5, since last week in phase 4', '2021-04-24 19:45:20', '966', 0, 0, 1, 0, 0, 0, 0, 0, NULL),
(119, 'batch65', 'Batch69', 'Ram Narayan', '08148152866', 'Sir, my diastole is low for 4 days. Can you pl let me know what to do. I am having 2 -1 andJF.', '2021-04-24 19:45:21', '', 0, 0, 1, 0, 0, 0, 0, 0, NULL),
(120, 'batch65', 'Batch62', 'Lakshmi Khasnavis', '6786655879', 'I like to start biking but I crossed 50, but I never ride a bike ( scared to start). Can I use stationary bike at home?', '2021-04-24 19:45:42', '1', 0, 0, 1, 0, 0, 0, 0, 0, NULL),
(121, 'batch65', 'Batch67', 'Anuradha', '9611262383', 'Hi doc, it is very difficult and demotivating to see muscles loosen and start to look  flabby when there is a break in exercise routine.  How to deal with that.', '2021-04-24 19:47:10', '91', 0, 0, 1, 0, 0, 0, 0, 0, NULL),
(122, 'batch65', 'Batch68', 'Mariyam contractors ', '598233575', 'Sir I meant I have kidney stones so is it safe to take anemia for me', '2021-04-24 19:48:51', '966', 0, 0, 1, 0, 0, 0, 0, 0, NULL),
(123, 'batch65', 'Batch67', 'VINOD', '9591494700', 'I am hving a lot of pain it takes 3 days atleast to relive especially while doing push up', '2021-04-24 19:49:23', '', 0, 0, 1, 0, 0, 0, 0, 0, NULL),
(124, 'batch65', 'Batch68', 'CHAROO GARG', '7984193672', 'this question is for my husband who is on the program but is not here due to work. He has lost 4 kg and is now 24 BMI, should he now start doing weights and focus on exercise more?', '2021-04-24 19:53:15', '44', 0, 0, 1, 0, 0, 0, 0, 0, NULL),
(125, 'batch65', 'Batch69', 'Pratigya Mathur', '9867696840', 'What should I expect after the end of one month? I am 74 kg 5.3 feet. I have joined for weight loss and reducing inflammation to avoid asthma in the coming monsoon season', '2021-04-24 19:54:15', '', 0, 0, 0, 0, 0, 0, 0, 0, NULL),
(126, 'batch65', 'Batch68', 'Geeta Sanghvi', '09822047709', 'Im not,diabetic and i have been given a anabolic smoothie and alternate days grain and dal diet. I eat every 2 or three hrs but cant eat a lot. So no change in weight.', '2021-04-24 19:54:17', '91', 0, 0, 1, 0, 0, 0, 0, 0, NULL),
(127, 'batch65', 'Batch67', 'Meena Goel', '7598844190', 'I. Was doing dance and yoga earlier..now have reduced a lot..trust ok', '2021-04-24 19:54:19', '', 0, 0, 1, 0, 0, 0, 0, 0, NULL),
(128, 'batch65', 'Batch69', 'Pratigya Mathur', '9867696840', 'I am non diabetic', '2021-04-24 19:54:41', '', 0, 0, 1, 0, 0, 0, 0, 0, NULL),
(129, 'batch65', 'Batch68', 'Richa Sheth', '9978746680', 'In this covid we are not getting major green, only getting  spinach. So can we take spinach every day .', '2021-04-24 19:55:47', '', 0, 0, 1, 0, 0, 0, 0, 0, NULL),
(130, 'batch65', 'Batch69', 'Pratigya Mathur', '9867696840', 'So u say if I am able to follow the diet 75 percent diet in first month, is it fine?', '2021-04-24 19:58:03', '', 0, 0, 1, 0, 0, 0, 0, 0, NULL),
(131, 'batch65', 'Batch68', 'Kritika Banerjee', '9999219823', 'Meloset...Who will prescribe it for me please ? Will I get it over the counter ?', '2021-04-24 19:58:26', '91', 0, 0, 1, 0, 0, 0, 0, 0, NULL),
(132, 'batch65', 'Batch67', 'Jaya Kulkarni ', '4253', 'I am  46, in 2nd phase and still not reached BMI 23. Started with 27.8 BMI', '2021-04-24 19:59:32', '1', 0, 0, 1, 0, 0, 0, 0, 0, NULL),
(133, 'batch65', 'Batch67', 'Jaya Kulkarni ', '4253', 'I am following all the diet and exercise.', '2021-04-24 20:00:18', '1', 0, 0, 1, 0, 0, 0, 0, 0, NULL),
(134, 'batch65', 'Batch67', 'humanahid khan', '0509182483', 'dr malhar i am overweight and i reduced 96 tov90kgs within 2 months, i have knee pain since long time cannot go for walking, is it enough without walking yoga and diet can reduce wait ??', '2021-04-24 20:00:58', '966', 0, 0, 1, 0, 0, 0, 0, 0, NULL),
(135, 'batch65', 'Batch65', 'Vishal Gupta', '8699379916', 'i think she means enema.', '2021-04-24 20:01:11', '', 0, 0, 1, 0, 0, 0, 0, 0, NULL),
(136, 'batch65', 'Batch67', 'Shraddha ', '84422155', 'I have diastasis recti.. sometimes do exercise to fix it up still no core strength.. will i still be able to loose belly fat?', '2021-04-24 20:01:48', '65', 0, 0, 1, 0, 0, 0, 0, 0, NULL),
(137, 'batch65', 'Batch67', 'Jaya Kulkarni ', '4253', 'I loose weight and then gain back', '2021-04-24 20:01:51', '1', 0, 0, 1, 0, 0, 0, 0, 0, NULL),
(138, 'batch65', 'Batch69', 'Pratigya Mathur', '9867696840', 'What should I expect after one month. I am 74 kg 5.3 feet, 33 years.', '2021-04-24 20:02:38', '', 0, 0, 1, 0, 0, 0, 0, 0, NULL),
(139, 'batch65', 'Batch68', 'Manjunath', '9900546989', 'I have prostrate problem, shall I drink more water or I can avoid more water?', '2021-04-24 20:02:39', '', 0, 0, 1, 0, 0, 0, 0, 0, NULL),
(140, 'batch65', 'Batch67', 'Jigna Rajgor', '66253740', 'I am getting urate n calcium crystals in urine n now need to start protein powder n as per my family dr I stopped leafy veg n shift my smoothie as per dietician ...so take homemade protein powder or readymade plant based one...n I like to do yoga so should I stick to only one day or can do it everyday along with cardio n band...n I started with 63.5 n now itâ€™s between 53-54..so should start phase 4 or loose little more ...Iâ€™m non diabetic..donâ€™t have any chronic disease', '2021-04-24 20:02:44', '965', 0, 0, 0, 0, 1, 1, 0, 0, NULL),
(141, 'batch65', 'Batch67', 'Ravi Nagaraj', '9901799992', 'After intro to anabolic smoothie, i am asked to take metformin again because of bsl spike. now my bmi is 20.2 should i do antigravity and nod after every meal?', '2021-04-24 20:03:30', '', 0, 0, 0, 0, 0, 0, 0, 0, NULL),
(142, 'batch65', 'Batch68', 'Chirag Kotecha', '9909032531', 'Sir I do everyday 15 km biking everyday which is most refreshing for me in the morning. Go to bed at 10 pm and wake up at 5.30 am. This has become my daily routine from starting of FFD program. Stair climbing of 11 floors till my flat. Exercise as per FFD phase 2 program. Is this proper or do I need to change something? Thanks Sir for your motivation. Next dose await after a month.', '2021-04-24 20:03:31', '', 0, 0, 0, 0, 0, 0, 0, 0, NULL),
(143, 'batch65', 'Batch68', 'Mariyam contractors ', '598233575', 'Sorry Doctor my mistake used wrong word I meant with kidney stone is it safe to take enema ðŸ˜ sorry', '2021-04-24 20:03:51', '966', 0, 0, 1, 1, 1, 0, 0, 0, NULL),
(144, 'batch65', 'Batch67', 'Ram Narayan', '08148152866', 'What is the good time to take BP?. Is it in the morning or evening', '2021-04-24 20:04:46', '', 0, 0, 1, 0, 0, 0, 0, 0, NULL),
(145, 'batch65', 'Batch68', 'Geeta Sanghvi', '09822047709', 'My diet doeznt seem to be high cal. Has good fats and protein but should i ask dietician to reframe the diet?', '2021-04-24 20:04:51', '91', 0, 0, 1, 0, 1, 0, 0, 0, NULL),
(146, 'batch65', 'Batch67', 'Shubha Churiwal ', '9830328711', 'I ve slow wgt loss. 3.5 kg in 3 months. I m 45. Currently 61.3 kg. Bmi 25.4 kinds', '2021-04-24 20:05:18', '', 0, 0, 1, 1, 0, 0, 0, 0, NULL),
(147, 'batch65', 'Batch69', 'Pratigya Mathur', '9867696840', 'Are u saying from 21 meals in a week, it s ok if 4 meals are deviated in first month.', '2021-04-24 20:05:26', '', 0, 0, 1, 0, 0, 0, 0, 0, NULL),
(148, 'batch65', 'Batch62', 'Sharmila umesh ', '9845073024', 'Wt reduced from 82.5 to 62 kgs. Still waiting for permission from my Dr to start protein diet, only due to serum creatine levels. Unable to go out for running . Pl suggest exercises with wts doable at home & to strengthen the joints. have no issues with joints , just to strengthen them. Is there there is specific diet & exercise for that Dr. Malhar. \r\nFeeling great, health has improved,  lot of energy,  thanks to ffd.', '2021-04-24 20:05:41', '', 0, 0, 1, 1, 0, 0, 0, 0, NULL),
(149, 'batch65', 'Batch67', 'Shubha Churiwal ', '9830328711', 'I ve extremely slow wgt loss. 3.5 kgin 3 months. Am 45 yrs of age . Currently 61.3 kg.am 25 plus bmi', '2021-04-24 20:06:19', '', 0, 0, 0, 0, 1, 1, 0, 0, NULL),
(150, 'batch65', 'Batch65', 'Rasika', '9870292442', 'How much BMI should be dropped in  4months?', '2021-04-24 20:06:55', '', 0, 0, 0, 0, 0, 0, 0, 0, NULL),
(151, 'batch65', 'Batch68', 'Harmanjot Sodhi', '4168347275', 'I was never able to knee exercise but slowly slowly doing super brain yoga now  i am comfortable almost with my knee', '2021-04-24 20:08:00', '1', 0, 0, 0, 0, 0, 1, 0, 0, NULL),
(152, 'batch65', 'Batch64', 'pratima khatake', '9766072830', 'On average what is the protein amount to take per kg ( with regular 3-2-1 exercise pattern we follow)', '2021-04-24 20:09:29', '91', 0, 0, 0, 0, 1, 1, 0, 0, NULL),
(153, 'batch65', 'Batch67', 'Jigna Rajgor', '66253740', 'Sir really sorry I got disconnected can u pls answer my previous question again thanks', '2021-04-24 20:09:50', '965', 0, 0, 0, 1, 0, 0, 0, 0, NULL),
(154, 'batch65', 'Batch66', 'Shital P', '9867979518', 'I am 37, non diabetic, lost 5 kgâ€™s which was required and current weight is 53.5 height is 5.2 inches. My arms and legs have become thinner now but no change in the upper body and its still bulky. What can be done to see the changes in whole body? Also, the protein powder didnâ€™t suit me. My dietician have suggested another protein but I am yet to try it. protein from our diet is enough for muscle building?', '2021-04-24 20:12:08', '', 0, 0, 0, 0, 1, 1, 0, 0, NULL),
(155, 'batch65', 'Batch68', 'Harmanjot Sodhi', '4168347275', 'I cant do surynamaskara even sitting on chair. However i started getting low back pain as i did for 4 days. What alternative do you suggest. Can not  do other yoga sitting on the ground. can nott place left leg on right and right leg on left', '2021-04-24 20:15:44', '1', 0, 0, 0, 0, 0, 0, 0, 0, NULL),
(156, 'batch65', 'Batch67', 'Shraddha ', '84422155', 'with knee pain.. how can we loose lower body fat?', '2021-04-24 20:15:48', '65', 0, 0, 0, 0, 0, 0, 0, 0, NULL),
(157, 'batch65', 'Batch68', 'CHAROO GARG', '7984193672', 'one last question, why have I only lost 4 kgs in i.5 month', '2021-04-24 20:15:49', '44', 0, 0, 0, 0, 0, 0, 0, 0, NULL),
(158, 'batch65', 'Batch67', 'Jigna Rajgor', '66253740', 'Sir my second question pls not the first one ...cal n urate wala', '2021-04-24 20:16:04', '965', 0, 0, 0, 0, 0, 0, 0, 0, NULL),
(159, 'batch65', 'Batch67', 'Jaya Kulkarni ', '4253', 'How much time it will take to loose 15 kgs n get 6 pack ðŸ˜€', '2021-04-24 20:16:29', '1', 0, 0, 0, 0, 0, 0, 0, 0, NULL),
(160, 'batch65', 'Batch67', 'Jaya Kulkarni ', '4253', 'What is the exercise we do to maintain the weight', '2021-04-24 20:18:20', '1', 0, 0, 0, 0, 0, 0, 0, 0, NULL),
(161, 'batch65', 'Batch69', 'Dr Sheetal B.S', '9449153968', 'Good evening sir. After this course in case of hyperthyroidism  can the same weight be maintained', '2021-04-24 20:18:37', '', 0, 0, 0, 0, 0, 0, 0, 0, NULL),
(162, 'batch65', 'Batch64', 'Falguni Tejani', '9820588759', 'I am 58 years old and doing regular SNS fasting since two months. I lost 8 kgs in the initial months, however, since the last 3 months, not able to lose weight even after SNS fasting.', '2021-04-24 20:19:21', '', 0, 0, 0, 0, 0, 0, 0, 0, NULL),
(163, 'batch65', 'Batch67', 'Shraddha ', '84422155', 'knee pain.. how do we loose lower body fat', '2021-04-24 20:19:44', '65', 0, 0, 0, 0, 0, 0, 0, 0, NULL),
(164, 'batch65', 'Batch67', 'Asmita Gandhi', '07767893702', 'Sir I have lost 6 kgs and there is no weight loss from past 2 weeks and also I cannot do wf or IF. what can I do', '2021-04-24 20:19:47', '', 0, 0, 0, 0, 0, 0, 0, 0, NULL),
(165, 'batch65', 'Batch68', 'Kritika Banerjee', '9999219823', 'I dont want to plateau please....I want to lose 20 kgs.', '2021-04-24 20:20:34', '91', 0, 0, 0, 0, 0, 0, 0, 0, NULL),
(166, 'batch65', 'Batch65', 'Vishal Gupta', '8699379916', 'Since Gym are closed for the moment, what equipment do you think I can or should buy for strength training at home. Currently doing core training and body weight training.', '2021-04-24 20:20:44', '', 0, 0, 0, 0, 0, 1, 0, 0, NULL),
(167, 'batch65', 'Batch67', 'Jaya Kulkarni ', '4253', 'What to do if we want shape n  stable weight', '2021-04-24 20:21:46', '1', 0, 0, 0, 0, 1, 0, 0, 0, NULL),
(168, 'batch65', 'Batch68', 'Sandhya', '8308838119', 'Sir I have ibs I am trying my best to adust ffd diet but feeling low energy so couldnâ€™t exercise regularly, I have lost only 1 kg Due to hyperacidity couldnâ€™t do fasting. Without fasting can I loose wt', '2021-04-24 20:21:59', '', 0, 0, 0, 0, 0, 0, 0, 0, NULL),
(169, 'batch65', 'Batch68', 'CHAROO GARG', '7984193672', 'I have to loose loads of weight, how will I loose when it is so slow', '2021-04-24 20:23:25', '44', 0, 0, 0, 0, 0, 0, 0, 0, NULL),
(170, 'batch65', 'Batch69', 'Dr Sheetal B.S', '9449153968', 'Any excercise for varicose veins and gaestro oeophagal reflux disorder sir', '2021-04-24 20:24:32', '', 0, 0, 0, 0, 0, 0, 0, 0, NULL),
(171, 'batch65', 'Batch64', 'Ramadevi', '9840188840', 'Which catoegory does gardening come under?', '2021-04-24 20:25:29', '91', 0, 0, 0, 0, 0, 0, 0, 0, NULL),
(172, 'batch65', 'Batch68', 'CHAROO GARG', '7984193672', 'Thank You DR', '2021-04-24 20:27:11', '44', 0, 0, 0, 0, 0, 0, 0, 0, NULL),
(173, 'batch65', 'Batch67', 'Shraddha ', '84422155', 'Thanks a lot!', '2021-04-24 20:27:14', '65', 0, 0, 0, 0, 0, 0, 0, 0, NULL),
(174, 'batch65', 'Batch64', 'Gayatriyeleswarapu', '7780354849', 'Yes', '2021-04-24 20:27:19', '', 0, 0, 0, 0, 0, 0, 0, 0, NULL),
(175, 'batch65', 'Batch64', 'Ramadevi', '9840188840', 'Yes great day Sir', '2021-04-24 20:27:24', '91', 0, 0, 0, 0, 0, 0, 0, 0, NULL),
(176, 'batch65', 'Batch67', 'Jaya Kulkarni ', '4253', 'Great talking to u', '2021-04-24 20:27:28', '1', 0, 0, 0, 0, 0, 0, 0, 0, NULL),
(177, 'batch65', 'Batch67', 'Jigna Rajgor', '66253740', 'Thank u v much sir', '2021-04-24 20:27:31', '965', 0, 0, 0, 0, 0, 0, 0, 0, NULL),
(178, 'batch65', 'Batch64', 'pratima khatake', '9766072830', 'Thank you dr malhar :)', '2021-04-24 20:27:39', '91', 0, 0, 0, 0, 0, 0, 0, 0, NULL),
(179, 'batch65', 'Batch64', 'Rathna srinivas ', '9980077881', 'Hello Dr. - there are some do along - body toning exercises ... are these good for building muscles', '2021-04-24 20:27:46', '', 0, 0, 0, 0, 0, 0, 0, 0, NULL),
(180, 'batch65', 'Batch67', 'Jaya Kulkarni ', '4253', 'Thanks  and hv a great night', '2021-04-24 20:27:51', '1', 0, 0, 0, 0, 0, 0, 0, 0, NULL),
(181, 'batch65', 'Batch65', 'Dr Chaya Raju', '551242080', 'Thank u so much dr', '2021-04-24 20:28:22', '966', 0, 0, 0, 0, 0, 0, 0, 0, NULL),
(182, 'batch65', 'Batch69', 'Dr Sheetal B.S', '9449153968', 'Thank you sir', '2021-04-24 20:28:25', '', 0, 0, 0, 0, 0, 0, 0, 0, NULL),
(183, 'batch65', 'Batch62', 'Vibha Gupta', '09810307997', 'Thankyou for motivation for exercises', '2021-04-24 20:29:11', '91', 0, 0, 0, 0, 0, 0, 0, 0, NULL),
(184, 'batch65', 'Batch62', 'Sharmila umesh ', '9845073024', 'Yes', '2021-04-24 20:29:15', '', 0, 0, 0, 0, 0, 0, 0, 0, NULL),
(185, 'batch65', 'Batch68', 'Harmanjot Sodhi', '4168347275', 'I can I will', '2021-04-24 20:29:21', '1', 0, 0, 0, 0, 0, 0, 0, 0, NULL),
(186, 'batch65', 'Batch67', 'Shraddha ', '84422155', 'I can I will', '2021-04-24 20:29:22', '65', 0, 0, 0, 0, 0, 0, 0, 0, NULL),
(187, 'batch65', 'Batch67', 'Ravi Nagaraj', '9901799992', 'Thank you very much. I can I Will', '2021-04-24 20:29:27', '', 0, 0, 0, 0, 0, 0, 0, 0, NULL),
(188, 'batch65', 'Batch62', 'Prakash Tamhankar', '9611133402', 'I can, I will', '2021-04-24 20:29:29', '', 0, 0, 0, 0, 0, 0, 0, 0, NULL),
(189, 'batch65', 'Batch69', 'C P Krishnan', '7875225215', 'I CAN I WILL', '2021-04-24 20:29:55', '', 0, 0, 0, 0, 0, 0, 0, 0, NULL),
(190, 'batch65', 'Batch68', 'CHAROO GARG', '7984193672', 'Thank You! love sessions with you, they are very motivating', '2021-04-24 20:29:59', '44', 0, 0, 0, 0, 0, 0, 0, 0, NULL),
(191, 'batch65', 'Batch65', 'Dr Chaya Raju', '551242080', 'I can I will do whatever u said now', '2021-04-24 20:30:01', '966', 0, 0, 0, 0, 0, 0, 0, 0, NULL),
(192, 'batch65', 'Batch64', 'Gayatriyeleswarapu', '7780354849', 'Thank you', '2021-04-24 20:30:15', '', 0, 0, 0, 0, 0, 0, 0, 0, NULL),
(193, 'batch65', 'Batch67', 'Jigna Rajgor', '66253740', 'Sir my hands looks so thin how will I lift weight', '2021-04-24 20:30:38', '965', 0, 0, 0, 0, 0, 0, 0, 0, NULL),
(194, 'batch65', 'Batch67', 'Heena Reshamwala', '9821736265', 'Thank you Dr. very informative', '2021-04-24 20:31:13', '91', 0, 0, 0, 0, 0, 0, 0, 0, NULL),
(195, 'batch65', 'Batch64', 'Ramadevi', '9840188840', 'Sir really enjoyed the challenge', '2021-05-16 19:11:10', '91', 0, 0, 0, 0, 0, 0, 0, 0, NULL),
(196, 'batch65', 'Batch64', 'Ramadevi', '9840188840', 'Can we take food immediately after exercises?', '2021-05-16 19:17:19', '91', 0, 0, 0, 0, 0, 0, 0, 0, NULL),
(197, 'batch65', 'Batch64', 'Ramadevi', '9840188840', 'Hi Dr.Malhar.Can we take food immediately after excercising?', '2021-05-16 20:02:04', '91', 0, 0, 0, 0, 0, 0, 0, 0, NULL);

-- --------------------------------------------------------

--
-- Table structure for table `tbl_users`
--

CREATE TABLE `tbl_users` (
  `id` int(4) NOT NULL,
  `batch` varchar(7) DEFAULT NULL,
  `name` varchar(50) DEFAULT NULL,
  `cntry_code` varchar(10) DEFAULT NULL,
  `mobile_num` varchar(12) DEFAULT NULL,
  `login_date` datetime DEFAULT NULL,
  `logout_date` datetime DEFAULT NULL,
  `logout_status` int(11) DEFAULT '0',
  `joining_date` datetime DEFAULT NULL
) ENGINE=InnoDB DEFAULT CHARSET=utf8;

--
-- Dumping data for table `tbl_users`
--

INSERT INTO `tbl_users` (`id`, `batch`, `name`, `cntry_code`, `mobile_num`, `login_date`, `logout_date`, `logout_status`, `joining_date`) VALUES
(1, 'batch65', 'V', '', '9765875731', '2021-04-23 16:04:51', '2021-04-23 16:05:21', 1, '2021-04-23 15:19:31'),
(2, 'batch65', 'Shahid khan', '966', '502873440', '2021-04-24 19:48:41', '2021-04-24 19:52:14', 1, '2021-04-24 05:37:53'),
(3, 'batch65', 'Onkar', '', '9821007071', '2021-04-24 07:14:57', '2021-04-24 07:47:31', 1, '2021-04-24 07:00:46'),
(4, 'batch65', 'Sandhya Singh', '', '9311407983', '2021-04-24 18:57:18', '2021-04-24 19:19:19', 1, '2021-04-24 07:04:08'),
(5, 'batch65', 'Varsha Khairnar', '', '9619727124', '2021-04-24 18:55:36', '2021-04-24 20:10:04', 1, '2021-04-24 07:04:14'),
(6, 'batch65', 'Vaishali khatake ', '91', '7756015606', '2021-04-24 20:09:52', '2021-04-24 20:35:52', 1, '2021-04-24 07:08:57'),
(7, 'batch65', 'Vaishali khatake ', '', '7756015606', '2021-04-24 07:27:43', '2021-04-24 07:28:44', 1, '2021-04-24 07:12:39'),
(8, 'batch65', 'Manisha mehta', '', '9833596161', '2021-04-24 19:04:06', '2021-04-24 19:18:06', 1, '2021-04-24 07:18:35'),
(9, 'batch65', 's.ramanan', '65', '96683774', '2021-04-24 07:22:12', '2021-04-24 20:05:35', 1, '2021-04-24 07:22:12'),
(10, 'batch65', 'Neeta waghmare', '91', '8691909997', '2021-04-24 19:03:35', '2021-04-24 20:38:02', 1, '2021-04-24 07:42:29'),
(11, 'batch65', 'Jayashree Krishnan', '1', '4257850460', '2021-04-24 09:15:11', '2021-04-24 09:15:41', 1, '2021-04-24 07:43:11'),
(12, 'batch65', 'Pankaj Jain', '', '9718519472', '2021-04-24 19:02:35', '2021-04-24 20:31:06', 1, '2021-04-24 08:00:42'),
(13, 'batch65', 'Chitra lavania', '65', '90626817', '2021-04-24 08:06:55', '2021-04-24 08:09:27', 1, '2021-04-24 08:06:55'),
(14, 'batch65', 'Smitha', '', '9987388360', '2021-04-24 19:07:13', '2021-04-24 20:37:06', 1, '2021-04-24 08:11:28'),
(15, 'batch65', 'vijaya eligar', '', '09740066045', '2021-04-24 19:02:29', '2021-04-24 20:31:27', 1, '2021-04-24 08:29:05'),
(16, 'batch65', 'jita vakil', '', '9820320127', '2021-04-24 16:43:49', '2021-04-24 16:45:19', 1, '2021-04-24 16:38:51'),
(17, 'batch65', 'Anjali gupta', '', '9810560155', '2021-04-24 16:39:31', '2021-04-24 16:40:01', 1, '2021-04-24 16:39:01'),
(18, 'batch65', 'Nirmala Sharma', '91', '9461671884', '2021-04-24 19:57:37', '2021-04-24 20:31:38', 1, '2021-04-24 16:44:58'),
(19, 'batch65', 'D. S. Prapoojitha', '91', '9949305305', '2021-04-24 16:58:02', '2021-04-24 17:20:21', 1, '2021-04-24 16:58:02'),
(20, 'batch65', 'Swati Pandhare ', '', '9049162835', '2021-04-24 19:48:41', '2021-04-24 20:07:42', 1, '2021-04-24 17:02:04'),
(21, 'batch65', 'Sonu Gupta', '', '09323911177', '2021-04-24 19:04:03', '2021-04-24 19:43:07', 1, '2021-04-24 17:22:49'),
(22, 'batch65', 'Jasmine ', '91', '9820645024', '2021-04-24 17:26:28', '2021-04-24 17:52:29', 1, '2021-04-24 17:26:28'),
(23, 'batch65', 'Ashwini ', '', '9970516858', '2021-04-24 20:19:29', '2021-04-24 20:30:51', 1, '2021-04-24 17:27:16'),
(24, 'batch65', 'Thilagavathy ', '', '9840075732', '2021-04-24 19:10:03', '2021-04-24 20:31:33', 1, '2021-04-24 17:37:47'),
(25, 'batch65', 'Nandini pawar ', '91', '7065809707', '2021-04-24 19:11:08', '2021-04-24 19:23:58', 1, '2021-04-24 17:54:48'),
(26, 'batch65', 'Poonam Jain', '', '9810125652', '2021-04-24 19:03:42', '2021-04-24 19:53:08', 1, '2021-04-24 18:03:55'),
(27, 'batch65', 'Nidhi', '', '8929903817', '2021-04-24 18:13:56', '2021-04-24 19:43:19', 1, '2021-04-24 18:13:56'),
(28, 'batch65', 'Nishanth', '', '72044200', '2021-04-24 18:32:44', '2021-04-24 19:03:57', 1, '2021-04-24 18:32:44'),
(29, '-1', 'Rashmi Mathur', '', '9970289322', '2021-04-24 18:33:32', '2021-04-24 18:34:02', 1, '2021-04-24 18:33:32'),
(30, 'batch65', 'Rashmi Mathur', '', '9970289322', '2021-04-24 18:33:42', '2021-04-24 18:34:43', 1, '2021-04-24 18:33:42'),
(31, 'batch65', 'V', '', '342', '2021-04-24 18:37:02', '2021-04-24 18:39:16', 1, '2021-04-24 18:37:02'),
(32, 'batch65', 'Ramadevi', '91', '9840188840', '2021-05-16 20:00:33', '2021-05-16 20:09:34', 1, '2021-04-24 18:42:39'),
(33, 'batch65', 'GEETA V  HAIKERWAL', '91', '9450909736', '2021-04-24 18:45:40', '2021-04-24 20:31:42', 1, '2021-04-24 18:45:40'),
(34, 'batch65', 'nandini pawar ', '', '706589707', '2021-04-24 18:47:36', '2021-04-24 20:31:07', 1, '2021-04-24 18:47:36'),
(35, 'batch65', 'yogita bhangale', '', '9880717352', '2021-04-24 18:48:12', '2021-04-24 20:31:42', 1, '2021-04-24 18:48:12'),
(36, 'batch65', 'Deepika Khanna', '91', '9650979933', '2021-04-24 18:50:02', '2021-04-24 19:39:50', 1, '2021-04-24 18:50:02'),
(37, 'batch65', 'Falguni Tejani', '91', '9820588759', '2021-04-24 18:50:43', '2021-04-24 19:06:13', 1, '2021-04-24 18:50:43'),
(38, 'batch65', 'Sandhya Prasad', '91', '9967872584', '2021-04-24 18:51:01', '2021-04-24 21:41:21', 1, '2021-04-24 18:51:01'),
(39, 'batch65', 'Richa Sheth', '', '9978746680', '2021-04-24 19:02:26', '2021-04-24 20:08:28', 1, '2021-04-24 18:51:46'),
(40, 'batch65', 'Lakshmi Rama Kolachina ', '', '9910996925', '2021-04-24 19:01:41', '2021-04-24 19:21:56', 1, '2021-04-24 18:52:51'),
(41, 'batch65', 'Sujatha Jayarajan ', '', '9544943971', '2021-04-24 18:53:21', '2021-04-24 19:43:22', 1, '2021-04-24 18:53:21'),
(42, 'batch65', 'Sharmila umesh ', '', '9845073024', '2021-04-24 19:03:48', '2021-04-24 20:39:22', 1, '2021-04-24 18:54:15'),
(43, 'batch65', 'Vinay Garg', '1', '8479244061', '2021-04-24 18:54:45', '2021-04-24 20:40:47', 1, '2021-04-24 18:54:45'),
(44, 'batch65', 'Gayatriyeleswarapu', '', '7780354849', '2021-04-24 19:03:25', '2021-04-24 20:32:25', 1, '2021-04-24 18:55:11'),
(45, 'batch65', 'Kritika Banerjee', '91', '9999219823', '2021-04-24 18:56:02', '2021-04-24 20:26:32', 1, '2021-04-24 18:56:02'),
(46, 'batch65', 'VEERANNA BANDI', '', '08762228584', '2021-04-24 18:56:13', '2021-04-24 20:31:56', 1, '2021-04-24 18:56:13'),
(47, 'batch65', 'Shobha Talur', '', '9880632404', '2021-04-24 19:09:59', '2021-04-24 19:10:59', 1, '2021-04-24 18:56:19'),
(48, 'batch65', 'DURGESH JADHAV', '', '8085277165', '2021-04-24 18:56:45', '2021-04-24 20:30:40', 0, '2021-04-24 18:56:45'),
(49, 'batch65', 'Maruti Jadhav ', '', '8788025977', '2021-04-24 19:05:07', '2021-04-24 19:25:08', 1, '2021-04-24 18:57:32'),
(50, 'batch65', 'Mangala Hosmath ', '', '9916997746', '2021-04-24 18:57:42', '2021-04-24 20:28:03', 0, '2021-04-24 18:57:42'),
(51, 'batch65', 'Shital P', '', '9867979518', '2021-04-24 18:58:35', '2021-04-24 20:34:43', 1, '2021-04-24 18:58:35'),
(52, 'batch65', 'Usha Seshadri ðŸŒº', '', '9886969480', '2021-04-24 18:59:01', '2021-04-24 19:04:32', 1, '2021-04-24 18:59:01'),
(53, 'batch65', 'SANDEEP PIDSHETTI', '1', '7147234299', '2021-04-24 19:02:51', '2021-04-24 20:29:52', 1, '2021-04-24 18:59:10'),
(54, 'batch65', 'Maruti Jadhav ', '', '9881803327', '2021-04-24 18:59:14', '2021-04-24 18:59:44', 1, '2021-04-24 18:59:14'),
(55, 'batch65', 'Suchitra Abdi', '', '9869003951', '2021-04-24 19:24:14', '2021-04-24 19:30:07', 1, '2021-04-24 18:59:21'),
(56, 'batch65', 'Pradnya Prabhu', '', '9820009267', '2021-04-24 18:59:31', '2021-04-24 19:49:42', 1, '2021-04-24 18:59:31'),
(57, 'batch65', 'geeta', '', '9972236339', '2021-04-24 19:08:47', '2021-04-24 20:09:17', 1, '2021-04-24 18:59:34'),
(58, 'batch65', 'Avanti Nadkarni', '', '9869020314', '2021-04-24 19:00:24', '2021-04-24 19:03:48', 1, '2021-04-24 19:00:24'),
(59, 'batch65', 'bishakha jain', '91', '9572514816', '2021-04-24 19:40:52', '2021-04-24 19:42:23', 1, '2021-04-24 19:00:30'),
(60, 'batch65', 'Manjunath', '', '9900546989', '2021-04-24 19:59:42', '2021-04-24 20:31:44', 1, '2021-04-24 19:00:43'),
(61, 'batch65', 'Radhika Baheti', '', '9403412454', '2021-04-24 20:00:42', '2021-04-24 20:44:35', 1, '2021-04-24 19:01:01'),
(62, 'batch65', 'Dr Chaya Raju', '966', '551242080', '2021-04-24 19:12:07', '2021-04-24 20:31:07', 1, '2021-04-24 19:01:12'),
(63, 'batch65', 'Shweta  Lath ', '', '9819508711', '2021-04-24 19:04:09', '2021-04-24 20:07:09', 1, '2021-04-24 19:01:14'),
(64, 'batch65', 'Varuni ', '', '9811173445', '2021-04-24 19:01:23', '2021-04-24 20:32:54', 1, '2021-04-24 19:01:23'),
(65, 'batch65', 'Sudha ', '', '9845493304', '2021-04-24 19:01:25', '2021-04-24 20:04:33', 1, '2021-04-24 19:01:25'),
(66, 'batch65', 'Sanjaya', '', '9900098324', '2021-04-24 19:03:57', '2021-04-24 19:54:58', 1, '2021-04-24 19:01:31'),
(67, 'batch65', 'Kalavati Paradkar', '', '9414007818', '2021-04-24 19:43:04', '2021-04-24 20:43:49', 1, '2021-04-24 19:01:40'),
(68, 'batch65', 'R C', '', '9900564212', '2021-04-24 19:01:50', '2021-04-24 19:06:11', 0, '2021-04-24 19:01:50'),
(69, 'batch65', 'Rathna srinivas ', '', '9980077881', '2021-04-24 19:18:51', '2021-04-24 20:32:53', 1, '2021-04-24 19:02:00'),
(70, 'batch65', 'Pratibha Shrivastava ', '', '9958789933', '2021-04-24 19:38:54', '2021-04-24 20:00:55', 1, '2021-04-24 19:02:27'),
(71, 'batch65', 'Shubhangi Ambadekar ', '', '8888720773', '2021-04-24 19:02:28', '2021-04-24 19:21:04', 1, '2021-04-24 19:02:28'),
(72, 'batch65', 'reena', '91', '9810088775', '2021-04-24 19:02:37', '2021-04-24 20:31:37', 1, '2021-04-24 19:02:37'),
(73, 'batch65', 'Ajit jain', '91', '9431214816', '2021-04-24 20:31:17', '2021-04-24 20:31:31', 0, '2021-04-24 19:02:42'),
(74, 'batch65', 'Heena Reshamwala', '91', '9821736265', '2021-04-24 19:02:43', '2021-04-24 20:31:46', 1, '2021-04-24 19:02:43'),
(75, 'batch65', 'C P Krishnan', '', '7875225215', '2021-04-24 19:02:56', '2021-04-24 20:31:11', 1, '2021-04-24 19:02:56'),
(76, 'batch65', 'Smit Shah', '', '9867779916', '2021-04-24 19:02:59', '2021-04-24 19:45:17', 0, '2021-04-24 19:02:59'),
(77, 'batch65', 'Akshat Jharia', '', '7204420017', '2021-04-24 19:03:23', '2021-04-24 19:04:23', 1, '2021-04-24 19:03:23'),
(78, 'batch65', 'Nikhil Dhami', '', '09920378759', '2021-04-24 19:05:36', '2021-04-24 19:50:37', 1, '2021-04-24 19:03:25'),
(79, 'batch65', 'Sadhana hegde', '', '9819161356', '2021-04-24 19:23:57', '2021-04-24 20:38:17', 1, '2021-04-24 19:04:02'),
(80, 'batch65', 'Chirag Kotecha', '', '9909032531', '2021-04-24 19:04:05', '2021-04-24 20:31:36', 1, '2021-04-24 19:04:05'),
(81, '-1', 'Kanwal V', '', '8427752858', '2021-04-24 19:04:12', '2021-04-24 19:04:42', 1, '2021-04-24 19:04:12'),
(82, 'batch65', 'Sriprada ', '91', '8197094985', '2021-04-24 19:04:16', '2021-04-24 19:28:56', 1, '2021-04-24 19:04:16'),
(83, 'batch65', 'Anuradha', '91', '9611262383', '2021-04-24 19:04:22', '2021-04-24 20:23:24', 1, '2021-04-24 19:04:22'),
(84, 'batch65', 'Jagruti ', '', '9967540120', '2021-04-24 19:08:11', '2021-04-24 20:31:47', 0, '2021-04-24 19:04:39'),
(85, 'batch65', 'Rajlakshmi', '', '9767586598', '2021-04-24 19:04:43', '2021-04-24 20:13:33', 1, '2021-04-24 19:04:43'),
(86, 'batch65', 'Kanwal V', '', '8427752858', '2021-04-24 19:17:16', '2021-04-24 21:21:02', 1, '2021-04-24 19:05:17'),
(87, 'batch65', 'Shraddha', '', '8975663707', '2021-04-24 20:09:19', '2021-04-24 20:36:19', 1, '2021-04-24 19:05:17'),
(88, 'batch65', 'Sayali Godbole', '91', '09822388089', '2021-04-24 19:12:14', '2021-04-24 20:50:55', 1, '2021-04-24 19:05:21'),
(89, 'batch65', 'Rupali gawade', '', '9881062125', '2021-04-24 19:05:25', '2021-04-24 19:51:07', 1, '2021-04-24 19:05:25'),
(90, 'batch65', 'Pratigya Mathur', '', '9867696840', '2021-04-24 20:23:39', '2021-04-24 22:26:58', 1, '2021-04-24 19:05:26'),
(91, 'batch65', 'Raghunath.G', '', '9845675310', '2021-04-24 19:05:38', '2021-04-24 19:06:38', 1, '2021-04-24 19:05:38'),
(92, 'batch65', 'Amit ', '', '9980163656', '2021-04-24 19:05:50', '2021-04-24 20:42:28', 1, '2021-04-24 19:05:50'),
(93, 'batch65', 'Rupa', '1', '4697671122', '2021-04-24 19:13:43', '2021-04-24 19:47:28', 1, '2021-04-24 19:06:03'),
(94, 'batch65', 'Falguni Tejani', '', '9820588759', '2021-04-24 19:06:38', '2021-04-24 20:36:59', 1, '2021-04-24 19:06:38'),
(95, 'batch65', 'Shuchita', '965', '55147691', '2021-04-24 19:06:56', '2021-04-24 20:00:27', 1, '2021-04-24 19:06:56'),
(96, 'batch65', 'Machindra holkar', '', '8668253140', '2021-04-24 20:23:13', '2021-04-24 20:31:32', 1, '2021-04-24 19:07:07'),
(97, 'batch65', 'Pratima khatake', '', '09766072830', '2021-04-24 19:07:50', '2021-04-24 19:22:25', 1, '2021-04-24 19:07:50'),
(98, 'batch65', 'Suchita', '91', '8264830449', '2021-04-24 19:08:05', '2021-04-24 20:31:45', 1, '2021-04-24 19:08:05'),
(99, 'batch65', 'Rakhi mathur', '', '8451844820', '2021-04-24 19:08:36', '2021-04-24 19:58:38', 1, '2021-04-24 19:08:36'),
(100, 'batch65', 'Anuradha Diwakar ', '', '9740200446', '2021-04-24 19:09:05', '2021-04-24 20:42:10', 1, '2021-04-24 19:09:05'),
(101, 'batch65', 'Renuka Teggi', '', '9940322889', '2021-04-24 19:09:20', '2021-04-24 19:09:50', 1, '2021-04-24 19:09:20'),
(102, 'batch65', 'ANURADHA KARHADKAR', '', '9968283475', '2021-04-24 19:10:06', '2021-04-24 20:31:32', 1, '2021-04-24 19:10:06'),
(103, 'batch65', 'Umesh', '91', '9216732444', '2021-04-24 20:05:23', '2021-04-24 20:42:03', 1, '2021-04-24 19:10:09'),
(104, 'batch65', 'Priya Anand', '91', '9810731317', '2021-04-24 19:10:17', '2021-04-24 19:11:47', 1, '2021-04-24 19:10:17'),
(105, 'batch65', 'Naga neeraj', '', '8247524234', '2021-04-24 19:11:34', '2021-04-24 19:18:19', 1, '2021-04-24 19:11:34'),
(106, '-1', 'Dr Chaya Raju', '966', '551242080', '2021-04-24 19:11:55', '2021-04-24 19:12:25', 1, '2021-04-24 19:11:55'),
(107, 'batch65', 'Aakanksha Manan', '', '9820762577', '2021-04-24 19:12:15', '2021-04-24 19:43:28', 1, '2021-04-24 19:12:15'),
(108, 'batch65', 'pratima khatake', '91', '9766072830', '2021-04-24 19:12:53', '2021-04-24 20:29:25', 1, '2021-04-24 19:12:53'),
(109, 'batch65', 'Shraddha ', '65', '84422155', '2021-04-24 19:17:10', '2021-04-24 20:31:10', 1, '2021-04-24 19:13:06'),
(110, 'batch65', 'Ravi Nagaraj', '', '9901799992', '2021-04-24 19:15:31', '2021-04-24 20:30:58', 0, '2021-04-24 19:13:28'),
(111, 'batch65', 'Asmita Gandhi', '', '07767893702', '2021-04-24 20:11:46', '2021-04-24 20:24:16', 1, '2021-04-24 19:13:59'),
(112, 'batch65', 'Sonu Gupta', '', '9323911177', '2021-04-24 19:14:38', '2021-04-24 20:15:09', 1, '2021-04-24 19:14:38'),
(113, 'batch65', 'yogita', '91', '7906120038', '2021-04-24 19:18:16', '2021-04-24 19:54:16', 1, '2021-04-24 19:14:42'),
(114, 'batch65', 'Gurucharan Kirtiwar', '', '8197866522', '2021-04-24 19:15:02', '2021-04-24 20:31:33', 1, '2021-04-24 19:15:02'),
(115, 'batch65', 'Vibha Gupta', '91', '09810307997', '2021-04-24 19:16:46', '2021-04-24 20:31:16', 1, '2021-04-24 19:15:21'),
(116, 'batch65', 'Dr Sheetal B.S', '', '9449153968', '2021-04-24 19:15:35', '2021-04-24 20:56:21', 1, '2021-04-24 19:15:35'),
(117, 'batch65', 'Maulik Mehta ', '91', '9428204038', '2021-04-24 19:15:51', '2021-04-24 19:36:35', 1, '2021-04-24 19:15:51'),
(118, 'batch65', 'Meena Goel', '', '7598844190', '2021-04-24 19:15:52', '2021-04-24 20:23:54', 1, '2021-04-24 19:15:52'),
(119, 'batch65', 'Meghana Venkatesh', '', '09845216940', '2021-04-24 19:16:02', '2021-04-24 19:16:32', 1, '2021-04-24 19:16:02'),
(120, 'batch65', 'Murali Ganapathy', '1', '4166247733', '2021-04-24 19:18:42', '2021-04-24 19:20:43', 1, '2021-04-24 19:18:42'),
(121, '-1', 'Padmini Atal', '968', '99325633', '2021-04-24 19:19:17', '2021-04-24 19:19:47', 1, '2021-04-24 19:19:17'),
(122, 'batch65', 'Padmini Atal', '968', '99325633', '2021-04-24 19:55:56', '2021-04-24 20:12:27', 1, '2021-04-24 19:19:32'),
(123, 'batch65', 'Lakshmi Khasnavis', '1', '6786655879', '2021-04-24 19:31:15', '2021-04-24 20:23:23', 1, '2021-04-24 19:19:52'),
(124, 'batch65', 'Vilas Teggi', '', '9952995111', '2021-04-24 19:20:08', '2021-04-24 20:07:06', 1, '2021-04-24 19:20:08'),
(125, 'batch65', 'Dr. Geetika Soni', '', '9822977950', '2021-04-24 19:21:25', '2021-04-24 20:05:01', 1, '2021-04-24 19:21:25'),
(126, 'batch65', 'Manjusha', '971', '562557789', '2021-04-24 20:26:58', '2021-04-24 20:31:29', 1, '2021-04-24 19:22:27'),
(127, 'batch65', 'Sudhansu Mishra', '91', '09967020871', '2021-04-24 19:22:30', '2021-04-24 19:30:31', 1, '2021-04-24 19:22:30'),
(128, 'batch65', 'CHAROO GARG', '44', '7984193672', '2021-04-24 19:22:47', '2021-04-24 20:30:30', 0, '2021-04-24 19:22:47'),
(129, 'batch65', 'Kalpana Agarwal', '91', '8809977987', '2021-04-24 19:22:51', '2021-04-24 20:23:54', 1, '2021-04-24 19:22:51'),
(130, 'batch65', 'Archana ', '351', '910173264', '2021-04-24 19:23:18', '2021-04-24 20:33:24', 1, '2021-04-24 19:23:18'),
(131, 'batch65', 'Parvathy ', '254', '724096683', '2021-04-24 19:23:30', '2021-04-24 20:27:31', 0, '2021-04-24 19:23:30'),
(132, 'batch65', 'Ruchi Shekhar', '1', '3033968991', '2021-04-24 19:23:30', '2021-04-24 20:31:09', 1, '2021-04-24 19:23:30'),
(133, 'batch65', 'Uma', '1', '9042407108', '2021-04-24 19:25:12', '2021-04-24 19:34:45', 1, '2021-04-24 19:25:12'),
(134, '-1', 'Laxman.d.c', '', '9986056364', '2021-04-24 19:25:35', '2021-04-24 19:26:05', 1, '2021-04-24 19:25:35'),
(135, 'batch65', 'Laxman.d.c', '', '9986056364', '2021-04-24 19:25:57', '2021-04-24 20:30:57', 1, '2021-04-24 19:25:57'),
(136, '-1', 'Sheetal', '', '9594942179', '2021-04-24 19:26:12', '2021-04-24 19:26:42', 1, '2021-04-24 19:26:12'),
(137, 'batch65', 'Renuka', '1', '5084239401', '2021-04-24 19:26:13', '2021-04-24 20:30:35', 1, '2021-04-24 19:26:13'),
(138, 'batch65', 'Trupti', '', '6475251707', '2021-04-24 19:26:25', '2021-04-24 19:45:56', 1, '2021-04-24 19:26:25'),
(139, 'batch65', 'Sunil ', '91', '9822761366', '2021-04-24 19:26:28', '2021-04-24 20:31:29', 1, '2021-04-24 19:26:28'),
(140, 'batch65', 'Sheetal', '', '9594942179', '2021-04-24 19:51:54', '2021-04-24 19:55:11', 1, '2021-04-24 19:26:38'),
(141, 'batch65', 'Geeta Sanghvi', '91', '09822047709', '2021-04-24 20:21:49', '2021-04-24 20:30:20', 1, '2021-04-24 19:27:56'),
(142, 'batch65', 'Kavita Bakre', '', '9850385095', '2021-04-24 19:28:45', '2021-04-24 19:51:46', 1, '2021-04-24 19:28:45'),
(143, 'batch65', 'Sonali Kapila', '', '9418864770', '2021-04-24 19:32:21', '2021-04-24 20:26:53', 1, '2021-04-24 19:29:25'),
(144, 'batch65', 'Mariyam contractors ', '966', '598233575', '2021-04-24 19:29:29', '2021-04-24 20:11:03', 1, '2021-04-24 19:29:29'),
(145, '-1', 'Jigna Rajgor', '965', '66253740', '2021-04-24 19:29:36', '2021-04-24 19:30:06', 1, '2021-04-24 19:29:36'),
(146, 'batch65', 'Jigna Rajgor', '965', '66253740', '2021-04-24 20:07:32', '2021-04-24 20:31:33', 1, '2021-04-24 19:30:10'),
(147, 'batch65', 'Jaya Kulkarni ', '1', '4253', '2021-04-24 19:30:23', '2021-04-24 20:31:25', 1, '2021-04-24 19:30:23'),
(148, 'batch65', 'Vishal Gupta', '', '8699379916', '2021-04-24 19:34:07', '2021-04-24 20:30:50', 0, '2021-04-24 19:30:59'),
(149, 'batch65', 'Sarika', '91', '9810786379', '2021-04-24 19:31:34', '2021-04-24 20:05:35', 1, '2021-04-24 19:31:34'),
(150, 'batch65', 'Geetha krishnan', '91', '7975977819', '2021-04-24 19:33:43', '2021-04-24 20:31:52', 1, '2021-04-24 19:33:43'),
(151, 'batch65', 'Purvi ', '91', '9819133846', '2021-04-24 19:33:45', '2021-04-24 20:31:16', 1, '2021-04-24 19:33:45'),
(152, 'batch65', 'Hasitha', '', '9490352148', '2021-04-24 19:35:22', '2021-04-24 19:41:18', 1, '2021-04-24 19:35:22'),
(153, 'batch65', 'Shubha Churiwal ', '', '9830328711', '2021-04-24 20:03:59', '2021-04-24 20:14:33', 1, '2021-04-24 19:35:51'),
(154, 'batch65', 'Prakash Tamhankar', '', '9611133402', '2021-04-24 19:37:03', '2021-04-24 20:30:36', 0, '2021-04-24 19:37:03'),
(155, 'batch65', 'Jaishankar Sthanumurthy', '91', '09820126170', '2021-04-24 19:38:44', '2021-04-24 19:42:44', 1, '2021-04-24 19:38:44'),
(156, 'batch65', 'Bhagawathi', '91', '9326733246', '2021-04-24 19:41:48', '2021-04-24 20:33:49', 1, '2021-04-24 19:41:48'),
(157, 'batch65', 'Ram Narayan', '', '08148152866', '2021-04-24 20:05:01', '2021-04-24 20:31:31', 1, '2021-04-24 19:43:35'),
(158, 'batch65', 'Ravindra Nayak ', '', '8867623399', '2021-04-24 19:48:25', '2021-04-24 20:03:26', 1, '2021-04-24 19:45:18'),
(159, 'batch65', 'humanahid khan', '966', '0509182483', '2021-04-24 19:45:24', '2021-04-24 20:12:39', 1, '2021-04-24 19:45:24'),
(160, 'batch65', 'Trupti', '1', '6475250717', '2021-04-24 19:46:10', '2021-04-24 20:31:41', 1, '2021-04-24 19:46:10'),
(161, 'batch65', 'VINOD', '', '9591494700', '2021-04-24 19:47:58', '2021-04-24 20:19:58', 1, '2021-04-24 19:47:58'),
(162, 'batch65', 'Raj kumar Sharma', '', '7453003376', '2021-04-24 20:12:32', '2021-04-24 20:31:33', 1, '2021-04-24 19:49:00'),
(163, 'batch65', 'Pradna', '', '09845651468', '2021-04-24 19:49:18', '2021-04-24 20:32:19', 1, '2021-04-24 19:49:18'),
(164, 'batch65', 'Kavita Ashwath ', '', '9980474349', '2021-04-24 22:34:59', '2021-04-24 23:25:35', 1, '2021-04-24 19:51:11'),
(165, 'batch65', 'Harmanjot Sodhi', '1', '4168347275', '2021-04-24 19:51:21', '2021-04-24 20:31:18', 1, '2021-04-24 19:51:21'),
(166, 'batch65', 'Utkarsh Arora', '', '9930758494', '2021-04-24 19:53:03', '2021-04-24 20:24:37', 1, '2021-04-24 19:53:03'),
(167, 'batch65', 'Gayathri ', '', '9482955663', '2021-04-24 19:53:37', '2021-04-24 20:30:33', 1, '2021-04-24 19:53:37'),
(168, 'batch65', 'Binita Naurathae', '971', '0509021014', '2021-04-24 19:53:51', '2021-04-24 20:29:22', 1, '2021-04-24 19:53:51'),
(169, 'batch65', 'Sandhya', '', '8308838119', '2021-04-24 19:53:57', '2021-04-24 20:30:33', 1, '2021-04-24 19:53:57'),
(170, 'batch65', 'Bharti ', '', '9860849519', '2021-04-24 19:54:28', '2021-04-24 20:27:59', 1, '2021-04-24 19:54:28'),
(171, 'batch65', 'Lavanya Iyer', '1', '4162682401', '2021-04-24 19:54:47', '2021-04-24 20:12:56', 1, '2021-04-24 19:54:47'),
(172, 'batch65', 'Sarla', '', '9611877447', '2021-04-24 20:02:15', '2021-04-24 20:32:33', 1, '2021-04-24 20:02:15'),
(173, 'batch65', 'Rasika', '', '9870292442', '2021-04-24 20:24:14', '2021-04-24 20:30:15', 1, '2021-04-24 20:02:20'),
(174, 'batch65', 'Rubina Shaikh ', '', '9821417867', '2021-04-24 20:06:05', '2021-04-24 20:40:18', 1, '2021-04-24 20:06:05'),
(175, 'batch65', 'Padmini', '', '9840496058', '2021-04-24 20:06:20', '2021-04-24 20:31:50', 1, '2021-04-24 20:06:20'),
(176, '-1', 'Vijay Punjabi ', '1', '7809662700', '2021-04-29 22:59:22', '2021-04-29 22:59:52', 1, '2021-04-24 20:10:23'),
(177, 'batch65', 'Vijay Punjabi ', '1', '7809662700', '2021-05-02 00:35:07', '2021-05-02 00:35:37', 1, '2021-04-24 20:11:23'),
(178, 'batch65', 'Jhansi Lakshmi', '', '09442292071', '2021-04-24 20:17:28', '2021-04-24 20:31:29', 1, '2021-04-24 20:17:28'),
(179, 'batch65', 'Gunwati sahu', '', '9669295666', '2021-04-24 20:19:12', '2021-04-24 20:37:34', 1, '2021-04-24 20:18:15'),
(180, 'batch65', 'meena goel', '', '07598844190', '2021-04-24 20:23:39', '2021-04-24 20:38:59', 1, '2021-04-24 20:23:39'),
(181, 'batch65', 'Vaishali wagh', '91', '9850500032', '2021-04-24 20:24:28', '2021-04-24 20:37:00', 1, '2021-04-24 20:24:28'),
(182, 'batch65', 'B.Valli ', '', '9246876155', '2021-04-24 20:25:19', '2021-04-24 21:05:20', 1, '2021-04-24 20:25:19'),
(183, 'batch65', 'Kiran bhise', '', '8287168782', '2021-04-24 20:27:51', '2021-04-24 20:31:22', 1, '2021-04-24 20:27:51'),
(184, 'batch65', 'Manu', '', '9650174638', '2021-04-24 20:43:32', '2021-04-24 20:44:02', 1, '2021-04-24 20:43:32'),
(185, 'batch65', 'Rupali', '', '9980569730', '2021-04-24 20:47:57', '2021-04-24 20:48:27', 1, '2021-04-24 20:47:57'),
(186, 'batch65', 'Madhuri', '', '8828286172', '2021-04-24 20:58:54', '2021-04-24 20:59:55', 1, '2021-04-24 20:58:54'),
(187, 'batch65', 'Parampal ', '', '9780405458', '2021-04-24 21:05:11', '2021-04-24 21:10:13', 1, '2021-04-24 21:05:11'),
(188, 'batch65', 'Sheela Koujalagi ', '', '9886709174', '2021-04-24 21:06:00', '2021-04-24 21:27:04', 1, '2021-04-24 21:06:00'),
(189, 'batch65', 'Neelam ', '', '9518329566', '2021-04-24 21:41:47', '2021-04-24 21:42:17', 1, '2021-04-24 21:41:47'),
(190, 'batch65', 'Renu nenwani ', '91', '9320607795', '2021-04-24 21:43:14', '2021-04-24 21:43:44', 1, '2021-04-24 21:43:14'),
(191, 'batch65', 'Nirmala Reddy ', '', '9985273939', '2021-04-25 02:32:26', '2021-04-25 02:33:42', 1, '2021-04-25 02:32:26'),
(192, 'batch65', 'Sarita Dhawale', '91', '7774032686', '2021-04-25 07:38:44', '2021-04-25 07:39:45', 1, '2021-04-25 07:38:44'),
(193, 'batch65', 'Kishore Jotwani', '1', '9192443461', '2021-04-25 09:55:30', '2021-04-25 10:19:02', 1, '2021-04-25 09:55:30'),
(194, 'batch65', 'Prachi', '1', '7654763045', '2021-04-25 17:48:57', '2021-04-25 17:49:27', 1, '2021-04-25 17:48:57'),
(195, 'batch65', 'namrata bachani ', '', '9820103164', '2021-04-26 07:17:10', '2021-04-26 07:17:40', 1, '2021-04-26 07:13:53'),
(196, 'batch65', 'Ramya', '', '8431274851', '2021-04-26 11:39:50', '2021-04-26 11:40:20', 1, '2021-04-26 11:39:50'),
(197, 'batch65', 'neeraj', '93', '12', '2021-04-28 14:04:16', '2021-04-28 14:05:47', 1, '2021-04-28 14:04:16');

--
-- Indexes for dumped tables
--

--
-- Indexes for table `tbl_questions`
--
ALTER TABLE `tbl_questions`
  ADD PRIMARY KEY (`id`);

--
-- Indexes for table `tbl_users`
--
ALTER TABLE `tbl_users`
  ADD PRIMARY KEY (`id`);

--
-- AUTO_INCREMENT for dumped tables
--

--
-- AUTO_INCREMENT for table `tbl_questions`
--
ALTER TABLE `tbl_questions`
  MODIFY `id` int(11) NOT NULL AUTO_INCREMENT, AUTO_INCREMENT=198;
--
-- AUTO_INCREMENT for table `tbl_users`
--
ALTER TABLE `tbl_users`
  MODIFY `id` int(4) NOT NULL AUTO_INCREMENT, AUTO_INCREMENT=198;
/*!40101 SET CHARACTER_SET_CLIENT=@OLD_CHARACTER_SET_CLIENT */;
/*!40101 SET CHARACTER_SET_RESULTS=@OLD_CHARACTER_SET_RESULTS */;
/*!40101 SET COLLATION_CONNECTION=@OLD_COLLATION_CONNECTION */;
