-- phpMyAdmin SQL Dump
-- version 4.6.6deb5ubuntu0.5
-- https://www.phpmyadmin.net/
--
-- Host: localhost:3306
-- Generation Time: Feb 15, 2022 at 05:19 AM
-- Server version: 5.7.36-0ubuntu0.18.04.1
-- PHP Version: 7.2.24-0ubuntu0.18.04.10

SET SQL_MODE = "NO_AUTO_VALUE_ON_ZERO";
SET time_zone = "+00:00";


/*!40101 SET @OLD_CHARACTER_SET_CLIENT=@@CHARACTER_SET_CLIENT */;
/*!40101 SET @OLD_CHARACTER_SET_RESULTS=@@CHARACTER_SET_RESULTS */;
/*!40101 SET @OLD_COLLATION_CONNECTION=@@COLLATION_CONNECTION */;
/*!40101 SET NAMES utf8mb4 */;

--
-- Database: `ExcerciseExpertQA`
--

-- --------------------------------------------------------

--
-- Table structure for table `tbl_countries`
--

CREATE TABLE `tbl_countries` (
  `country` varchar(43) DEFAULT NULL,
  `cntry_code` varchar(5) DEFAULT NULL
) ENGINE=InnoDB DEFAULT CHARSET=utf8;

--
-- Dumping data for table `tbl_countries`
--

INSERT INTO `tbl_countries` (`country`, `cntry_code`) VALUES
('Afghanistan', '93'),
('Albania', '355'),
('Algeria', '213'),
('American Samoa', '1-684'),
('Andorra', '376'),
('Angola', '244'),
('Anguilla', '1-264'),
('Antarctica', '672'),
('Antigua', '1-268'),
('Argentina', '54'),
('Armenia', '374'),
('Aruba', '297'),
('Ascension', '247'),
('Australia', '61'),
('Australian External Territories', '672'),
('Austria', '43'),
('Azerbaijan', '994'),
('Bahamas', '1-242'),
('Bahrain', '973'),
('Bangladesh', '880'),
('Barbados', '1-246'),
('Barbuda', '1-268'),
('Belarus', '375'),
('Belgium', '32'),
('Belize', '501'),
('Benin', '229'),
('Bermuda', '1-441'),
('Bhutan', '975'),
('Bolivia', '591'),
('Bosnia & Herzegovina', '387'),
('Botswana', '267'),
('Brazil', '55'),
('British Virgin Islands', '1-284'),
('Brunei Darussalam', '673'),
('Bulgaria', '359'),
('Burkina Faso', '226'),
('Burundi', '257'),
('Cambodia', '855'),
('Cameroon', '237'),
('Canada', '1'),
('Cape Verde Islands', '238'),
('Cayman Islands', '1-345'),
('Central African Republic', '236'),
('Chad', '235'),
('Chatham Island (New Zealand)', '64'),
('Chile', '56'),
('China (PRC)', '86'),
('Christmas Island', '61-8'),
('', ''),
('Cocos-Keeling Islands', '61'),
('Colombia', '57'),
('Comoros', '269'),
('Congo', '242'),
('Congo, Dem. Rep. of?', '243'),
('Cook Islands', '682'),
('Costa Rica', '506'),
('C?te d\'Ivoire', '225'),
('Croatia', '385'),
('Cuba', '53'),
('Cuba', '5399'),
('Cura?ao', '599'),
('Cyprus', '357'),
('Czech Republic', '420'),
('Denmark', '45'),
('Diego Garcia', '246'),
('Djibouti', '253'),
('Dominica', '1-767'),
('Dominican Republic', '1-809'),
('East Timor', '670'),
('Easter Island', '56'),
('Ecuador', '593'),
('Egypt', '20'),
('El Salvador', '503'),
('Equatorial Guinea', '240'),
('Eritrea', '291'),
('Estonia', '372'),
('Ethiopia', '251'),
('Falkland Islands', '500'),
('Faroe Islands', '298'),
('Fiji Islands', '679'),
('Finland', '358'),
('France', '33'),
('French Antilles', '596'),
('French Guiana', '594'),
('French Polynesia', '689'),
('Gabonese Republic', '241'),
('Gambia', '220'),
('Georgia', '995'),
('Germany', '49'),
('Ghana', '233'),
('Gibraltar', '350'),
('Greece', '30'),
('Greenland', '299'),
('Grenada', '1-473'),
('Guadeloupe', '590'),
('Guam', '1-671'),
('Guantanamo Bay', '5399'),
('Guatemala', '502'),
('Guinea-Bissau', '245'),
('Guinea', '224'),
('Guyana', '592'),
('Haiti', '509'),
('Honduras', '504'),
('Hong Kong', '852'),
('Hungary', '36'),
('Iceland', '354'),
('India', '91'),
('Indonesia', '62'),
('Inmarsat (Atlantic Ocean - East)', '871'),
('Inmarsat (Atlantic Ocean - West)', '874'),
('Inmarsat (Indian Ocean)', '873'),
('Inmarsat (Pacific Ocean)', '872'),
('International Freephone Service', '800'),
('International Shared Cost Service (ISCS)', '808'),
('Iran', '98'),
('Iraq', '964'),
('Ireland', '353'),
('Iridium', '8816'),
('Israel', '972'),
('Italy', '39'),
('Jamaica', '1-876'),
('Japan', '81'),
('Jordan', '962'),
('Kazakhstan', '7'),
('Kenya', '254'),
('Kiribati', '686'),
('Korea (North)', '850'),
('Korea (South)', '82'),
('Kuwait', '965'),
('Kyrgyz Republic', '996'),
('Laos', '856'),
('Latvia', '371'),
('Lebanon', '961'),
('Lesotho', '266'),
('Liberia', '231'),
('Libya', '218'),
('Liechtenstein', '423'),
('Lithuania', '370'),
('Luxembourg', '352'),
('Macao', '853'),
('Macedonia', '389'),
('Madagascar', '261'),
('Malawi', '265'),
('Malaysia', '60'),
('Maldives', '960'),
('Mali Republic', '223'),
('Malta', '356'),
('Marshall Islands', '692'),
('Martinique', '596'),
('Mauritania', '222'),
('Mauritius', '230'),
('Mayotte Island', '269'),
('Mexico', '52'),
('Micronesia, (Federal States of)', '691'),
('Midway Island', '1-808'),
('Moldova', '373'),
('Monaco', '377'),
('Mongolia', '976'),
('Montenegro', '382'),
('Montserrat', '1-664'),
('Morocco', '212'),
('Mozambique', '258'),
('Myanmar', '95'),
('Namibia', '264'),
('Nauru', '674'),
('Nepal', '977'),
('Netherlands', '31'),
('Netherlands Antilles', '599'),
('Nevis', '1-869'),
('New Caledonia', '687'),
('New Zealand', '64'),
('Nicaragua', '505'),
('Niger', '227'),
('Nigeria', '234'),
('Niue', '683'),
('Norfolk Island', '672'),
('Northern Marianas Islands', '1-670'),
('', ''),
('Norway', '47'),
('Oman', '968'),
('Pakistan', '92'),
('Palau', '680'),
('Palestinian Settlements', '970'),
('Panama', '507'),
('Papua New Guinea', '675'),
('Paraguay', '595'),
('Peru', '51'),
('Philippines', '63'),
('Poland', '48'),
('Portugal', '351'),
('Puerto Rico', '1-787'),
('Qatar', '974'),
('R?union Island', '262'),
('Romania', '40'),
('Russia', '7'),
('Rwandese Republic', '250'),
('St. Helena', '290'),
('St. Kitts/Nevis', '1-869'),
('St. Lucia', '-757'),
('St. Pierre & Miquelon', '508'),
('St. Vincent & Grenadines', '1-784'),
('Samoa', '685'),
('San Marino', '378'),
('S?o Tom? and Principe', '239'),
('Saudi Arabia', '966'),
('Senegal', '221'),
('Serbia', '381'),
('Seychelles Republic', '248'),
('Sierra Leone', '232'),
('Singapore', '65'),
('Slovak Republic', '421'),
('Slovenia', '386'),
('Solomon Islands', '677'),
('Somali Democratic Republic', '252'),
('South Africa', '27'),
('Spain', '34'),
('Sri Lanka', '94'),
('Sudan', '249'),
('Suriname', '597'),
('Swaziland', '268'),
('Sweden', '46'),
('Switzerland', '41'),
('Syria', '963'),
('Taiwan', '886'),
('Tajikistan', '992'),
('Tanzania', '255'),
('Thailand', '66'),
('Thuraya (Mobile Satellite service)', '88216'),
('Timor Leste', '670'),
('Togolese Republic', '228'),
('Tokelau', '690'),
('Tonga Islands', '676'),
('Trinidad & Tobago', '1-868'),
('Tunisia', '216'),
('Turkey', '90'),
('Turkmenistan', '993'),
('Turks and Caicos Islands', '1-649'),
('Tuvalu', '688'),
('Uganda', '256'),
('Ukraine', '380'),
('United Arab Emirates', '971'),
('United Kingdom', '44'),
('United States of America', '1'),
('US Virgin Islands', '1-340'),
('Universal Personal Telecommunications (UPT)', '878'),
('Uruguay', '598'),
('Uzbekistan', '998'),
('Vanuatu', '678'),
('Vatican City', '39'),
('Venezuela', '58'),
('Vietnam', '84'),
('Wake Island', '808');

-- --------------------------------------------------------

--
-- Table structure for table `tbl_questions`
--

CREATE TABLE `tbl_questions` (
  `id` int(11) NOT NULL,
  `batch` varchar(50) NOT NULL,
  `select_batch` varchar(150) DEFAULT NULL,
  `user_name` varchar(255) NOT NULL,
  `user_phone` varchar(15) NOT NULL,
  `user_question` varchar(500) NOT NULL,
  `asked_at` datetime NOT NULL,
  `user_code` varchar(10) NOT NULL,
  `speaker` int(11) NOT NULL DEFAULT '0',
  `answered` int(11) NOT NULL DEFAULT '0',
  `responded` int(11) DEFAULT '0',
  `doctor` int(11) DEFAULT '0',
  `diet` int(11) DEFAULT '0',
  `exercise` int(11) DEFAULT '0',
  `mentor` int(11) DEFAULT '0',
  `operations` int(11) DEFAULT '0',
  `remark` varchar(250) DEFAULT NULL
) ENGINE=InnoDB DEFAULT CHARSET=latin1;

--
-- Dumping data for table `tbl_questions`
--

INSERT INTO `tbl_questions` (`id`, `batch`, `select_batch`, `user_name`, `user_phone`, `user_question`, `asked_at`, `user_code`, `speaker`, `answered`, `responded`, `doctor`, `diet`, `exercise`, `mentor`, `operations`, `remark`) VALUES
(1, 'batch66', '', 'Nishanth', '98465132', 'hi', '2021-03-19 18:07:43', '', 0, 0, 0, 0, 0, 0, 0, 0, NULL),
(2, 'batch65', 'Batch65', 'Madhu Mohatta', '9323188007', 'WHT cure for acid reflux with a result throat is always soar n feeling irritated', '2021-03-20 07:40:19', '', 0, 0, 0, 0, 0, 0, 0, 0, NULL),
(3, 'batch65', 'Batch63', 'Purvi Shah', '09819133846', 'Sir, I am suffering from  frozen shoulders. Can u please guide me. I am regularly doing exercise for the same but n improvement', '2021-03-20 07:42:25', '91', 0, 0, 0, 0, 0, 0, 0, 0, NULL),
(4, 'batch68', '', 'Komal', '6362353689', 'My weight is not lossed  since two week', '2021-03-20 15:53:05', '', 0, 0, 0, 0, 0, 0, 0, 0, NULL),
(5, 'batch68', '', 'Komal', '6362353689', 'I have night fear so I sleep at 5 at morning since 15 year', '2021-03-20 15:54:42', '', 0, 0, 0, 0, 0, 0, 0, 0, NULL),
(6, 'batch68', '', 'Mahesh', '34340909', 'I have osteoarthritis of the knees so what exercises can I do?', '2021-03-20 15:55:31', '973', 0, 0, 0, 0, 0, 0, 0, 0, NULL),
(7, 'batch68', '', 'Komal', '6362353689', 'So my routine start at 11 morning', '2021-03-20 15:56:03', '', 0, 0, 0, 0, 0, 0, 0, 0, NULL),
(8, 'batch68', '', 'Pankaj Jain', '9718519472', 'Hs CRP is 3.38, how much concerning it is, starting taking BP medicine telemarkind 20 mg from last one month, having stress and anxiety issue', '2021-03-20 15:58:10', '', 0, 0, 0, 0, 0, 0, 0, 0, NULL),
(9, 'batch68', '', 'Charoo Garg', '77984193672', 'I am getting cramp \"nus per nus\" at night since I started the program', '2021-03-20 16:02:13', '44', 0, 0, 0, 0, 0, 0, 0, 0, NULL),
(10, 'batch68', '', 'Mini Bhanot', '9958982944', 'Good evening Dr Malhar.... Please advise me an exercise for my tailbone pain. Doctor told me it may be cyxodenia. How can I confirm it...?', '2021-03-20 16:02:40', '91', 0, 0, 0, 0, 0, 0, 0, 0, NULL),
(11, 'batch68', '', 'Charoo Garg', '77984193672', 'I get a bit of stomach ache in lower abdomen on the right when I do chair suryanamaskar', '2021-03-20 16:02:50', '44', 0, 0, 0, 0, 0, 0, 0, 0, NULL),
(12, 'batch68', '', 'Charoo Garg', '77984193672', 'can we have an appointment with you directly', '2021-03-20 16:03:42', '44', 0, 0, 0, 0, 0, 0, 0, 0, NULL),
(13, 'batch68', '', 'Charoo Garg', '77984193672', 'in the leg', '2021-03-20 16:04:05', '44', 0, 0, 0, 0, 0, 0, 0, 0, NULL),
(14, 'batch68', '', 'Kinnari', '529115386', 'I am 59-60 kg.. when I tried to climb 300 steps.. knee pain.. is it ok if I climb around 100 steps..my BP medicine is stopped ...goes upto 140/90 only when there is no proper sleep', '2021-03-20 16:04:14', '971', 0, 0, 0, 0, 0, 0, 0, 0, NULL),
(15, 'batch68', '', 'Sayali', '9822388089', 'After starting anti gravity exercise, my knees are paining, what to do? Lost 3 kg in 15 days, I was 88 kg, Is this diabetic symptom as you said at start?', '2021-03-20 16:05:06', '91', 0, 0, 0, 0, 0, 0, 0, 0, NULL),
(16, 'batch68', '', 'Meera Srinivasan', '9930183703', 'If I miss the exercises a few times does it affect the daily reduction in my weight', '2021-03-20 16:05:31', '', 0, 0, 1, 0, 0, 0, 0, 0, NULL),
(17, 'batch68', '', 'S. Ramanan', '96683774', 'My calcium score is 302 (arteries). Not under any medication. Do I need any special diet. Or Anything that would help? BMI =23, HBA1C = 5.1', '2021-03-20 16:05:48', '65', 0, 0, 0, 0, 1, 0, 0, 0, NULL),
(18, 'batch68', '', 'Ayushee', '7709867036', 'I am getting knee pain while doing steps exercise.', '2021-03-20 16:06:41', '91', 0, 0, 0, 0, 0, 1, 0, 0, NULL),
(19, 'batch68', '', 'Sheela Koujalagi ', '9886709174', 'I had knee pain bcoz of stairs climbing, but thanks to the physiotherapy video. Working very well. Awesome program. Thanks\r\nðŸ™', '2021-03-20 16:06:54', '', 0, 0, 0, 0, 1, 0, 0, 0, NULL),
(20, 'batch68', '', 'Charoo Garg', '77984193672', 'what exercises we can do which have no impact on her knees', '2021-03-20 16:07:02', '44', 0, 0, 0, 0, 0, 1, 0, 0, NULL),
(21, 'batch68', '', 'S. Ramanan', '96683774', 'NOD - squatting with chair - do we need to sit lightly on the chair?', '2021-03-20 16:08:59', '65', 0, 0, 0, 0, 0, 1, 0, 0, NULL),
(22, 'batch68', '', 'PRANAV', '9820063398', 'Hello doctor good evening. I am 88kg and lost 2 kgs in a week...instead of the prescribed exercises I cycle for 60 mins daily in the morning and 100 stair climbing after meals...is the exercise ok?', '2021-03-20 16:09:03', '', 0, 0, 0, 0, 0, 0, 0, 0, NULL),
(23, 'batch68', '', 'Amatullah', '776052539', 'Can we skip excercise some days and walk double the time', '2021-03-20 16:10:18', '94', 0, 0, 0, 0, 0, 0, 0, 0, NULL),
(24, 'batch68', '', 'Geeta Sanghvi', '09822047709', 'I am underweight and on a prescribed diet. Lost 1.2kgs in 5 days. What to do', '2021-03-20 16:10:21', '', 0, 0, 0, 0, 0, 0, 0, 0, NULL),
(25, 'batch68', '', 'Rajlaxmi Amod Bhat', '9767586598', '11 days back my fasting was 97 and now after re test it is 110', '2021-03-20 16:10:43', '', 0, 0, 0, 0, 0, 0, 0, 0, NULL),
(26, 'batch68', '', 'Charoo Garg', '77984193672', 'I do the second best warm up that I find really good but love walking , should I now only do 20 mins?', '2021-03-20 16:10:57', '44', 0, 0, 0, 0, 0, 0, 0, 0, NULL),
(27, 'batch68', '', 'Geeta Sanghvi', '09822047709', 'Not diabetic', '2021-03-20 16:11:14', '', 0, 0, 0, 0, 0, 0, 0, 0, NULL),
(28, 'batch68', '', 'Mariyam contractor ', '598233575', 'Hi Dr malhar this is mariyam I am taking medicines for blood sugar blood pressure and thyroid I am nervous about taking the vaccine as I suffer weakness very quickly and difficult to adjust to changes any suggestions on what to keep in mind before I take the vaccine', '2021-03-20 16:11:15', '966', 0, 0, 0, 0, 0, 0, 0, 0, NULL),
(29, 'batch68', '', 'Rajlaxmi Amod Bhat', '9767586598', 'And 3 month average is 5.9', '2021-03-20 16:11:33', '', 0, 0, 0, 0, 0, 0, 0, 0, NULL),
(30, 'batch68', '', 'Meera Srinivasan', '9930183703', 'if i miss my morning exercise (WBW, Pushup, plannk, suryanamaskar, SBY etc) after smoothie due to some work, can i do it later in the day.', '2021-03-20 16:13:03', '', 0, 0, 0, 0, 0, 0, 0, 0, NULL),
(31, 'batch68', '', 'Geeta Sanghvi', '09822047709', 'Prediabetic and tsh is 6.1', '2021-03-20 16:13:10', '', 0, 0, 0, 0, 0, 0, 0, 0, NULL),
(32, 'batch68', '', 'Kinnari', '529115386', 'BP came down to 112.... no doctor appointment till now.. so I had to stopped ...checking each day.. I mainly joined to reduce my BP', '2021-03-20 16:13:42', '971', 0, 0, 0, 0, 0, 0, 0, 0, NULL),
(33, 'batch68', '', 'Sandhya ', '8308838119', 'I have hyperacidity migraine issue ,  everyday protin and raw veg increases acidity inâ€™s n migraine though I am taking anatid\r\nHow many days I can take anatid? \r\nWt :71.3\r\nHba1c 6', '2021-03-20 16:14:10', '', 0, 0, 0, 0, 0, 0, 0, 0, NULL),
(34, 'batch68', '', 'Chandrasekar', '99341964', 'hello Doc.  I joined the course last week and in this one week, the blood sugar levels are showing encouraging signs but, the BP does not seem to go down.  what needs to be done.', '2021-03-20 16:14:10', '968', 0, 0, 0, 0, 0, 0, 0, 0, NULL),
(35, 'batch68', '', 'Charoo Garg', '77984193672', 'can we make an appointment with you through query?', '2021-03-20 16:14:16', '44', 0, 0, 0, 0, 0, 0, 0, 0, NULL),
(36, 'batch68', '', 'Chandrasekar', '99341964', 'BP is on an average between 135 to 140', '2021-03-20 16:14:30', '968', 0, 0, 0, 0, 0, 0, 0, 0, NULL),
(37, 'batch68', '', 'Charoo Garg', '77984193672', 'I desperately want to lose weight', '2021-03-20 16:14:30', '44', 0, 0, 0, 0, 0, 0, 0, 0, NULL),
(38, 'batch68', '', 'Chandrasekar', '99341964', 'I do take BP and cholesterol medicine regularly.', '2021-03-20 16:14:45', '968', 0, 0, 0, 0, 0, 0, 0, 0, NULL),
(39, 'batch68', '', 'Geeta Sanghvi', '09822047709', 'Hba1c is 5.9', '2021-03-20 16:14:51', '', 0, 0, 0, 0, 0, 0, 0, 0, NULL),
(40, 'batch68', '', 'Amatullah', '776052539', 'Is there any myth of not doing excercise with full stamoch, like we do excercise after 15mins of our meal.', '2021-03-20 16:14:55', '94', 0, 0, 0, 0, 0, 0, 0, 0, NULL),
(41, 'batch68', '', 'Priyanka Datar', '9028082212', 'I have intracranial hypertension so I have migran as well,\r\nSo I have limitations in excercise\r\nWill Wight loss help you reduce that...', '2021-03-20 16:15:23', '', 0, 0, 0, 0, 0, 0, 0, 0, NULL),
(42, 'batch68', '', 'Charoo Garg', '77984193672', 'my husband has also joined the program separately, he has indication of Hernia so should he still do suryanamaskar? his BMI is 27', '2021-03-20 16:15:29', '44', 0, 0, 0, 0, 0, 0, 0, 0, NULL),
(43, 'batch68', '', 'Mariyam contractor ', '598233575', 'Hi this is mariyam from Riyadh \r\nI am taking medicines for blood pressure diabeties and thyroid I feel weakness very quickly any tips for me before I take the COVID vaccine so that my body can adjust to it without much weakness', '2021-03-20 16:15:31', '966', 0, 0, 0, 0, 0, 0, 0, 0, NULL),
(44, 'batch68', '', 'Shriya Sarda', '07875025996', 'Is it possible for someone to loose more than 25 kgs through this program?', '2021-03-20 16:15:59', '', 0, 0, 0, 0, 0, 0, 0, 0, NULL),
(45, 'batch68', '', 'Geeta Sanghvi', '09822047709', 'I have been prescribed  protein powder also', '2021-03-20 16:16:02', '', 0, 0, 0, 0, 0, 0, 0, 0, NULL),
(46, 'batch68', '', 'Sandeep', '7956359119', 'Have a possible hernia , any tips on exercise that I need to avoid', '2021-03-20 16:17:07', '44', 0, 0, 0, 0, 0, 0, 0, 0, NULL),
(47, 'batch68', '', 'Mandar Pandit', '9029050579', 'Is it okay to do pushups as 10-8- normal and 2-10 kneee touch.', '2021-03-20 16:19:02', '', 0, 0, 0, 0, 0, 0, 0, 0, NULL),
(48, 'batch68', '', 'Machindra holkar', '8668253140', 'I have hypertension since 32 years, B P 140/85.How many suryanamaskar should be suitable for me', '2021-03-20 16:19:33', '', 0, 0, 0, 0, 0, 0, 0, 0, NULL),
(49, 'batch68', '', 'Mandar Pandit', '9029050579', 'Is cycling allowed and if info 30 mins cycling any other exercise they can be reduced.', '2021-03-20 16:19:44', '', 0, 0, 0, 0, 0, 0, 0, 0, NULL),
(50, 'batch68', '', 'Nithu', '9840677718', 'Hi this is Nithu what kind of exercise we need to start like yoga ,gym,or functional training', '2021-03-20 16:20:29', '', 0, 0, 0, 0, 0, 0, 0, 0, NULL),
(51, 'batch68', '', 'Mariyam contractor ', '598233575', 'I started with diet but behind hyperthyroid I lost 2kgs in a week and pressure started to rise my BMI is 22.5 . so I havenâ€™t started with any exercises yet as I did not had the stamina to do them I have contacted the admin department to change my group where I can keep in touch with a doctor as itâ€™s required for me', '2021-03-20 16:22:10', '966', 0, 0, 0, 0, 0, 0, 0, 0, NULL),
(52, 'batch68', '', 'Vaishali Shah', '09723100876', 'Arms are too fat comparatively body . Suggest something to loose arm fat', '2021-03-20 16:22:42', '', 0, 0, 0, 0, 0, 0, 0, 0, NULL),
(53, 'batch68', '', 'Nithu', '9840677718', 'I am having back pain so daily I am doing 20mins breathing,10mins warm up,10mins back strengthening workout and stretches...is that k', '2021-03-20 16:22:44', '', 0, 0, 0, 0, 0, 0, 0, 0, NULL),
(54, 'batch68', '', 'Chitra Lakshman ', '9820002916', 'Is 1 hour yoga considered as  a part of exercise', '2021-03-20 16:24:08', '', 0, 0, 0, 0, 0, 0, 0, 0, NULL),
(55, 'batch68', '', 'Bhushan ', '9820226285', 'I \r\n\r\nHi \r\nI am doing yoga since last 23 years & follow silence since last 12 years . My weight was 97 kg before i join this program & now 92 kgs . I never approched Doctors in last23 years for any reason. But while goi g through reports my tThyroid &  cholesterol level are liie above normal . I have noi. This program to loosw weight.', '2021-03-20 16:26:05', '', 0, 0, 0, 0, 0, 0, 0, 0, NULL),
(56, 'batch68', '', 'Charoo Garg', '77984193672', 'Hi', '2021-03-20 16:26:07', '44', 0, 0, 0, 0, 0, 0, 0, 0, NULL),
(57, 'batch68', '', 'Chitra', '90626817', 'Hi..just want to know if Bp tablet telvas -AM can be stopped by 1 year plan?', '2021-03-20 16:27:58', '65', 0, 0, 0, 0, 0, 0, 0, 0, NULL),
(58, 'batch68', '', 'Zeenal ', '8263814312', 'How much time I should do exercise', '2021-03-20 16:40:34', '', 0, 0, 0, 0, 0, 0, 0, 0, NULL),
(59, 'batch67', '', 'Supriya shirbahadurkar', '9890335358', 'Whenever Ido kapalbhati ..my lower back pain started....what should I do', '2021-03-20 16:43:11', '', 0, 0, 0, 0, 0, 1, 0, 0, NULL),
(60, 'batch67', '', 'Varuni Chaudhary ', '9811173445', 'I am unable to sit in sukh asan. Is there something I can do for this. \r\nAlso forward head position needs correction exercises.  Thanks in advance', '2021-03-20 16:58:20', '', 0, 0, 0, 0, 0, 0, 0, 0, NULL),
(61, 'batch67', '', 'Pushpalata Kamble', '9923139472', 'My reports on 18/3/2021 are \r\nFasting...88 \r\nPP...130\r\nHbA1c..7.5\r\nI am suffering from knee joint pains , backache oedema on feet & hands .My exercise expert suggest me to take rest & light exercise. \r\nMy vit D level is 19.26  on 7 Jan ask for appointment \r\na', '2021-03-20 17:14:15', '', 0, 0, 0, 0, 0, 0, 0, 0, NULL),
(62, 'batch67', '', 'Ram Narayan', '08148152866', 'During Corona vaccination, can we be on JF/IF, what food we can have during vaccination\r\n\r\nWhich is a better vaccination, Covaxin or covisheild\r\n\r\nDoctor Pramod told me that there is one good medicine for insomnia, can you pl tell that?', '2021-03-20 17:15:53', '', 0, 0, 0, 1, 0, 0, 0, 0, NULL),
(63, 'batch67', '', 'Anushree', '9891437770', 'I have been trying to loose weight for very long now .. but it has always bounced  back. Recently with FFD diet Iâ€™m having major swelling in my leg below knee esp the foot. Is it because of some deficiency or only weight.', '2021-03-20 17:18:21', '', 0, 0, 0, 0, 0, 0, 0, 0, NULL),
(64, 'batch67', '', 'Supriya shirbahadurkar', '9890335358', 'I  m\r\nstill struggling for plank ..can hold only 30 sec', '2021-03-20 17:18:34', '', 0, 0, 0, 0, 0, 0, 0, 0, NULL),
(65, 'batch67', '', 'reena  narang', '9810088775', 'i am having bloating for the past few days. on juice feasting today. just had one smoothie and one morning juice. not able to have more due to bloating. please advice.', '2021-03-20 17:19:45', '', 0, 0, 0, 0, 0, 0, 0, 0, NULL),
(66, 'batch67', '', 'Ram Narayan', '08148152866', 'How to reduce belly fat, especially weight had reduced?\r\nFor sweet tooth what can we have during phase 2', '2021-03-20 17:19:47', '', 0, 0, 0, 0, 0, 0, 0, 0, NULL),
(67, 'batch67', '', 'Supriya shirbahadurkar', '9890335358', 'I love Trekking/ hiking so how many times we can do trekking hiking', '2021-03-20 17:20:32', '', 0, 0, 0, 0, 0, 0, 0, 0, NULL),
(68, 'batch67', '', 'reena  narang', '9810088775', 'lost only 1 kg since february 13th', '2021-03-20 17:21:53', '', 0, 0, 0, 0, 0, 0, 0, 0, NULL),
(69, 'batch67', '', 'Ram Narayan', '08148152866', 'Sometimes have headache, or sinus what do we do then?', '2021-03-20 17:22:04', '', 0, 0, 0, 0, 0, 0, 0, 0, NULL),
(70, 'batch67', '', 'Supriya shirbahadurkar', '9890335358', 'Did 24 suryanamskar. From a month....can I increase  it now', '2021-03-20 17:22:25', '', 0, 0, 0, 0, 0, 0, 0, 0, NULL),
(71, 'batch67', '', 'Supriya shirbahadurkar', '9890335358', 'I have spondylitis ..so  shoulder  pain increases when did planks ...how to overcome', '2021-03-20 17:23:57', '', 0, 0, 0, 0, 0, 0, 0, 0, NULL),
(72, 'batch65', 'Batch61', 'shyam Mandlik ', '9421501010', 'I have sent my test report on mail to doctor nikhil today', '2021-03-20 17:25:21', '', 0, 0, 0, 0, 0, 0, 0, 0, NULL),
(73, 'batch67', '', 'Ram Narayan', '08148152866', 'We are having wonderful healthy food, by end of one year can it declog the arteries', '2021-03-20 17:25:23', '', 0, 0, 0, 0, 1, 0, 0, 0, NULL),
(74, 'batch67', '', 'Meghana Venkatesh', '09845216940', 'when to do worlds second best warm up', '2021-03-20 17:28:05', '', 0, 0, 0, 0, 0, 0, 0, 0, NULL),
(75, 'batch67', '', 'Varuni Chaudhary ', '9811173445', 'When do we start worlds second best warm up', '2021-03-20 17:28:10', '', 0, 0, 0, 0, 0, 0, 0, 0, NULL),
(76, 'batch67', '', 'Ram Narayan', '08148152866', 'Leg ache especially at calf and ankle happens during night time? Reasons?', '2021-03-20 17:28:10', '', 0, 0, 0, 0, 0, 0, 0, 0, NULL),
(77, 'batch67', '', 'reena  narang', '9810088775', 'what should be done to relieve bloating', '2021-03-20 17:28:40', '', 0, 0, 1, 0, 1, 0, 0, 0, NULL),
(78, 'batch68', '', 'Minal Doshi', '9082154367', 'Sir my body is very stturban and no inch loss is seen yet what should i do', '2021-03-20 17:28:44', '', 0, 0, 0, 0, 0, 0, 0, 0, NULL),
(79, 'batch67', '', 'Anushree', '9891437770', 'Persistent rashes and itching is happening on the body since the start of diet.. is it detoxing or just a reaction to something', '2021-03-20 17:31:34', '', 0, 0, 1, 0, 1, 0, 0, 0, NULL),
(80, 'batch67', '', 'Ram Narayan', '08148152866', 'If we work, we cannot fast continuously, maybe a day or two, ?', '2021-03-20 17:33:27', '', 0, 0, 1, 0, 1, 0, 0, 0, NULL),
(81, 'batch67', '', 'Ram Narayan', '08148152866', 'How to curb the hunger prank', '2021-03-20 17:34:05', '', 0, 0, 1, 0, 1, 0, 0, 0, NULL),
(82, 'batch67', '', 'Anuradha Goyal', '9560885655', 'When does the weight loss actually begin ?', '2021-03-20 17:35:43', '', 0, 0, 1, 0, 1, 0, 0, 0, NULL),
(83, 'batch67', '', 'Pradna', '9845651468', 'How can we overcome the plateau if we hit one?  Do we need to change the workout patterns ?', '2021-03-20 17:36:18', '91', 0, 0, 1, 0, 1, 0, 0, 0, NULL),
(84, 'batch67', '', 'Meena Goel', '7598844190', 'do we need protein supplements', '2021-03-20 17:36:25', '', 0, 0, 1, 0, 1, 0, 0, 0, NULL),
(85, 'batch67', '', 'Varuni Chaudhary ', '9811173445', 'Bought the resistance bands . Love the resistance training', '2021-03-20 17:36:28', '', 0, 0, 1, 0, 0, 1, 0, 0, NULL),
(86, 'batch67', '', 'Supriya shirbahadurkar', '9890335358', 'Is it possible for ffd team to arrange one session for spondylitis or frozen shoulder.exercises..\r\nSo it ll be very helpful ..\r\nThank you', '2021-03-20 17:36:36', '', 0, 0, 1, 0, 0, 1, 0, 0, NULL),
(87, 'batch67', '', 'reena  narang', '9810088775', 'the link is breaking again n again. we get the recording ?', '2021-03-20 17:45:57', '', 0, 0, 1, 0, 0, 0, 0, 0, NULL),
(88, 'batch67', '', 'Ram Narayan', '08148152866', 'My mother is 80 years can she join ffd', '2021-03-20 17:46:17', '', 0, 0, 0, 0, 0, 0, 0, 0, NULL),
(89, 'batch67', '', 'Pushpalata Kamble', '9923139472', 'At the age of 66 my wt is 78 can i reduce by this  therapy', '2021-03-20 17:47:54', '', 0, 0, 0, 0, 1, 0, 0, 0, NULL),
(90, 'batch67', '', 'Surekha', '55501893', 'I m 48 age and hypothyroid but has severe pain in left hand now physio therapy going on so exercises very less due to it hence no much weight loss  but as u said if I start exercise again once I m okay it will happen for me gradually', '2021-03-20 17:48:19', '974', 0, 0, 0, 0, 1, 0, 0, 0, NULL),
(91, 'batch67', '', 'Ram Narayan', '08148152866', 'Doctor, from next time, this session can happen in verbal mode than typing our questions, that way it would be more interactive', '2021-03-20 17:51:59', '', 0, 0, 0, 0, 1, 0, 0, 0, NULL),
(92, 'batch67', '', 'Anushree', '9891437770', 'Is hair fall or brittle hair also a side effect of the diet ?? Experiencing that too', '2021-03-20 17:54:26', '', 0, 0, 0, 0, 0, 0, 0, 0, NULL),
(93, 'batch65', 'Batch65', 'Sriprada ', '8197094985', 'Hello doctor. Please guide as to what we can do as a substitute to gym?', '2021-03-20 18:03:37', '91', 0, 0, 0, 0, 0, 0, 0, 0, NULL),
(94, 'batch65', 'Batch65', 'Sriprada ', '8197094985', 'What are the major activities we can do for a 5 point drop in BMI?', '2021-03-20 18:07:28', '91', 0, 0, 0, 0, 0, 0, 0, 0, NULL),
(95, 'batch66', '', 'Anuradha Jain', '9322282408', 'Hi Dr Malhar\r\nWhat are reasons of muscles n joints pain and how to recover the same?\r\nThanks', '2021-03-20 18:11:03', '', 0, 0, 0, 0, 0, 0, 0, 0, NULL),
(96, 'batch66', '', 'Jyoti gulati ', '6579936090', 'Have knee and back arithritis what exercises I should avoid? Also want to loose more weight and tummy fat', '2021-03-20 18:13:49', '1', 0, 0, 0, 0, 0, 0, 0, 0, NULL),
(97, 'batch66', '', 'Kishore Jotwani', '9192443461', 'I started with BMI of 138, now I am 34\r\nMy weigh was 298 lbs - 138kg now 262 lbs - 119kg\r\nMy ideal weight / goal is 180lbs - 81 kg ; Am 6â€™2 - 187 cm.\r\nHow should I proceed. Goal is to get there by 2022 June.', '2021-03-20 18:14:52', '1', 0, 0, 0, 0, 0, 0, 0, 0, NULL),
(98, 'batch66', '', 'Krithika ', '9986295977', 'Fluctuations of weight, inspire of diet and exercise', '2021-03-20 18:15:38', '', 0, 0, 0, 0, 0, 0, 0, 0, NULL),
(99, 'batch66', '', 'Sangeetanaresh', '9840850508', 'Any substitute for sprouts \r\nGrisha here', '2021-03-20 18:15:53', '91', 0, 0, 0, 0, 0, 0, 0, 0, NULL),
(100, 'batch66', '', 'Lakshmi Anand', '9500015136', 'I have water retention due to hormonal issues...Kindly suggest me what to do to reduce water retention??', '2021-03-20 18:17:34', '91', 0, 0, 0, 0, 0, 0, 0, 0, NULL),
(101, 'batch66', '', 'Jyoti gulati ', '6579936090', 'My BMI is 27.( from 29 . I m doing SNS AND TODAY IS MY 5th day still have not list more than 700 GMs in 4 days. \r\nMy weight is 74 and height 5.5 , how long will it take to reach the goal', '2021-03-20 18:19:41', '1', 0, 0, 0, 0, 0, 0, 0, 0, NULL),
(102, 'batch66', '', 'Nagarajan ', '8127978273', 'What can I do to improve flexibility of my knees? I also get knee pain if I sit on the floor for too long.', '2021-03-20 18:20:16', '1', 0, 0, 0, 0, 0, 0, 0, 0, NULL),
(103, 'batch66', '', 'Jyoti gulati ', '6579936090', 'Will I get benefitted if I donâ€™t do SNS For continuous 7 days. Today if I stop after 5 days, when can I start again', '2021-03-20 18:23:22', '1', 0, 0, 0, 0, 0, 0, 0, 0, NULL),
(104, 'batch66', '', 'Shital P', '9867979518', 'My hands are very thin compared to my whole body and they donâ€™t have any strength. I struggle to do push ups, planks etc. My weight is fine but have high fat percentage and low muscle mass. How to get stronger and loose fat?', '2021-03-20 18:23:32', '', 0, 0, 0, 0, 0, 0, 0, 0, NULL),
(105, 'batch66', '', 'Jeevan', '9923357018', 'Any book to refer ,for the knowledge you shared', '2021-03-20 18:23:37', '91', 0, 0, 0, 0, 0, 0, 0, 0, NULL),
(106, 'batch66', '', 'Esha ', '529029482', 'I have lost only 3 kgs but I have lost inches. How to lose fat now? I have pcod so I find it difficult to lose weight. Please advise', '2021-03-20 18:24:25', '971', 0, 0, 0, 0, 0, 0, 0, 0, NULL),
(107, 'batch66', '', 'Rishika', '8105603810', 'Hello Dr. Malhar, is weight training better than resistance bands?', '2021-03-20 18:24:26', '', 0, 0, 0, 0, 0, 0, 0, 0, NULL),
(108, 'batch66', '', 'Lakshmi Anand', '9500015136', 'When on IF n JF, my weight has not reduced, but when am on 3 meals, my weight atleast reduces to  0.5 kg and it sometimes fluctuate.Is that normal??', '2021-03-20 18:27:15', '91', 0, 0, 0, 0, 0, 0, 0, 0, NULL),
(109, 'batch66', '', 'Sangeetanaresh', '9840850508', 'I lost 5 kg in the first phase and now my weight is fluctating and not reducing anymore.what can be the reason for this? As I had followed phase 2 diet also', '2021-03-20 18:28:31', '91', 0, 0, 0, 0, 0, 0, 0, 0, NULL),
(110, 'batch66', '', 'Kishore Jotwani', '9192443461', 'Thank you. Original BMI was 38, now 34.\r\nLost 36 lbs. Now @ plateau and focus on exercise. How will BMI reduce ? \r\nHave lost 3 inches', '2021-03-20 18:30:33', '1', 0, 0, 0, 0, 0, 1, 0, 0, NULL),
(111, 'batch66', '', 'Rishika', '8105603810', 'Please suggest exercises for bulkier upper body types', '2021-03-20 18:32:20', '', 0, 0, 0, 0, 0, 0, 0, 0, NULL),
(112, 'batch66', '', 'Jyoti gulati ', '6579936090', 'Sorry I forgot to tell my age I m 63 and lost 4kg in 9 weeks but have inch loss and 1 size down. Though I m nit regular with my exercises especially when I eat 1 meal or juice feasting.is okay?Have thyroid .', '2021-03-20 18:33:14', '1', 0, 0, 0, 0, 0, 0, 0, 0, NULL),
(113, 'batch66', '', 'Esha ', '529029482', 'How to condition metabolism better? How to increase muscle mass and how to change fat geography? Only weight training and a correct diet?', '2021-03-20 18:35:27', '971', 0, 0, 0, 0, 0, 0, 0, 0, NULL),
(114, 'batch66', '', 'Gulafroze shaikh', '0552907802', 'How to loose wait around abdomen', '2021-03-20 18:38:29', '971', 0, 0, 0, 0, 0, 0, 0, 0, NULL),
(115, 'batch66', '', 'Jeevan', '9923357018', 'I lost 8 kg....Can I start gym', '2021-03-20 18:38:49', '91', 0, 0, 0, 0, 0, 0, 0, 0, NULL),
(116, 'batch66', '', 'Lakshmi Anand', '9500015136', 'Pls advise on diet tips when we r on plateau', '2021-03-20 18:38:56', '91', 0, 0, 0, 0, 0, 0, 0, 0, NULL),
(117, 'batch66', '', 'Rishika', '8105603810', 'How to test the OB gene / our metabolism ?', '2021-03-20 18:39:57', '', 0, 0, 0, 0, 0, 0, 0, 0, NULL),
(118, 'batch66', '', 'Rupa', '4697671122', 'Can you please share some videos for strength training for beginners. I am 60 years.', '2021-03-20 18:40:10', '1', 0, 0, 0, 0, 0, 0, 0, 0, NULL),
(119, 'batch66', '', 'Jeevan', '9923357018', '4 point lost', '2021-03-20 18:40:20', '91', 0, 0, 0, 0, 0, 0, 0, 0, NULL),
(120, 'batch66', '', 'Jyoti gulati ', '6579936090', 'For knees how many minutes I should do cybling( stationary) and how many times?', '2021-03-20 18:41:06', '1', 0, 0, 0, 0, 0, 0, 0, 0, NULL),
(121, 'batch66', '', 'Gulafroze shaikh', '0552907802', 'I could not hear you answer as connection lost', '2021-03-20 18:41:26', '971', 0, 0, 0, 0, 0, 0, 0, 0, NULL),
(122, 'batch66', '', 'Mohan Jain', '9821338470', 'HI... `I AM 55YRS. I HAVE LOST 8KG. I LOOSING IN inches still but the weight is constant. I have belly fat. Pl suggest the excercise', '2021-03-20 18:41:58', '91', 0, 0, 0, 0, 0, 0, 0, 0, NULL),
(123, 'batch66', '', 'Rishika', '8105603810', 'I am 26yrs old, so what should be the weight of the dumbbells  for weight training?', '2021-03-20 18:43:21', '', 0, 0, 0, 0, 0, 0, 0, 0, NULL),
(124, 'batch66', '', 'Gulafroze shaikh', '0552907802', 'But weight is just stuck not reducing like before', '2021-03-20 18:43:24', '971', 0, 0, 0, 0, 0, 0, 0, 0, NULL),
(125, 'batch66', '', 'Jeevan', '9923357018', 'I have body band for analysis....How accurate are they...For first phase it was showing fat loss....Not this phase fat but muscle loss too', '2021-03-20 18:44:52', '91', 0, 0, 0, 0, 0, 0, 0, 0, NULL),
(126, 'batch66', '', 'Remya nemmini', '7909482609', 'Why am i not seeing any further reduction in my weight after initial phase?', '2021-03-20 18:45:55', '44', 0, 0, 0, 0, 0, 0, 0, 0, NULL),
(127, 'batch66', '', 'Jeevan', '9923357018', 'Thanks you ,great insight', '2021-03-20 18:46:31', '91', 0, 0, 0, 0, 0, 0, 0, 0, NULL),
(128, 'batch66', '', 'Shital P', '9867979518', 'Can you pls share the video of resistance body exercises for muscle building which can be done daily?', '2021-03-20 18:49:02', '', 0, 0, 0, 0, 0, 0, 0, 0, NULL),
(129, 'batch66', '', 'Jeevan', '9923357018', 'How to choose thearaband strength.....I think what I have is of less resistance', '2021-03-20 18:52:21', '91', 0, 0, 0, 0, 0, 0, 0, 0, NULL),
(130, 'batch66', '', 'Gulafroze shaikh', '0552907802', 'Which is best resistance exercise which will not injure knees', '2021-03-20 18:55:15', '971', 0, 0, 0, 0, 0, 0, 0, 0, NULL),
(131, 'batch66', '', 'Shital P', '9867979518', 'do we get an opportunity to have 1 to 1 connect with you?', '2021-03-20 18:55:29', '', 0, 0, 0, 0, 0, 0, 0, 0, NULL),
(132, 'batch66', '', 'Gulafroze shaikh', '0552907802', 'Squatting causes keen strain', '2021-03-20 18:55:54', '971', 0, 0, 0, 0, 0, 0, 0, 0, NULL),
(133, 'batch66', '', 'Lakshmi Anand', '9500015136', 'Can we have one on one consultation with u', '2021-03-20 18:56:30', '91', 0, 0, 0, 0, 0, 0, 0, 0, NULL),
(134, 'batch65', 'Batch65', 'Archana Jaishankar', '7304882444', 'Once you lose weight the skin tends to sag. What should one do to counter it?', '2021-03-20 19:22:48', '91', 0, 0, 0, 0, 0, 0, 0, 0, NULL),
(135, 'batch65', 'Batch62', 'PRAMOD SONJE ', '9028056804', 'Due to my office time beyond normal hours, I am missing few days exercise in week days at random. Do suggest if any compensatory way out.', '2021-03-20 19:32:28', '', 0, 0, 0, 0, 0, 0, 0, 0, NULL),
(136, 'batch65', 'Batch63', 'VEERANNA BANDI', '8762228584', 'My weight is not reducing for the last 2 months and on the contrary it is increasing slightly. My Diatician', '2021-03-20 19:32:45', '', 0, 0, 0, 0, 0, 0, 0, 0, NULL),
(137, 'batch65', 'Batch61', 'Jog Bojanna', '9480438403', 'I am going to gym from monday. What should be my diet during this time.', '2021-03-20 19:32:50', '91', 0, 0, 0, 0, 0, 0, 0, 0, NULL),
(138, 'batch65', 'Batch64', 'Sadhana', '9819161356', 'Which is the best position for meditation. Can it be done lying down', '2021-03-20 19:33:18', '', 0, 0, 0, 0, 0, 0, 0, 0, NULL),
(139, 'batch65', 'Batch61', 'Naresh', '7917435998', 'I am suffering with regular muscle pain in legs, back of thighs - espl when I do some manual work - is it due to lack of protein ?', '2021-03-20 19:33:48', '44', 0, 0, 0, 0, 0, 0, 0, 0, NULL),
(140, 'batch65', 'Batch65', 'Gaurangi', '9967631967', 'with BMI 17, do you recommend immediately going to gym ? I may loose more weight. Should I start with just cycling for 2 and yoga for 1 and gym sometime later ? Also, with Covid increasing, apprehensive about going to Gym.', '2021-03-20 19:34:55', '', 0, 0, 0, 0, 0, 0, 0, 0, NULL),
(141, 'batch65', 'Batch64', 'GEETA V HAIKERWAL', '9450909736', 'I M UNABLE TO DO STAIR CLIMBING & OTHER EXCERCISES DUE TO KNEE PAIN & HENCE WEIGHT LOSS IS VERY SLOW', '2021-03-20 19:35:11', '91', 0, 0, 0, 0, 0, 0, 0, 0, NULL),
(142, 'batch65', 'Batch64', 'Sharmila umesh ', '9845073024', 'Is it necessary to achieve target wt loss before we start muscle building diet ?  Will we still be able to achieve target wt loss even after we start this diet? I was 82.5. I have not come down to 66. Though the ideal wt for me was told 65 kgs, it is better to lose till 62 to keep some buffer. I am not on muscle building diet yet. Pl advise.', '2021-03-20 19:35:39', '', 0, 0, 0, 0, 0, 0, 0, 0, NULL),
(143, 'batch65', 'Batch63', 'VEERANNA BANDI', '8762228584', 'My wight is not reducing for the last 2 months. What can be the reason. Further no scientific  reasons are explained for it. I feel compared to Diabetic category people, the Non Diabetic Category people are not taken care properly. I feel FFD should have a separate Group of peopel to take care of Non Diabetic People who have joined only for weight loss.', '2021-03-20 19:36:33', '', 0, 0, 0, 0, 0, 0, 0, 0, NULL),
(144, 'batch65', 'Batch62', 'R C', '09900564212', 'Is it possible to get muscles for woman at 41yrs?', '2021-03-20 19:37:10', '91', 0, 0, 0, 0, 0, 0, 0, 0, NULL),
(145, 'batch65', 'Batch65', 'Gaurangi', '9967631967', 'With BMI 17, do you recommend going to gym immediately. I am in process of gaining weight. With gym, will I start loosing weight ? Should I do with cycling for2, yoga for 1, rest resistance bands ? And gym some weeks later ?', '2021-03-20 19:37:32', '', 0, 0, 0, 0, 0, 0, 0, 0, NULL),
(146, 'batch65', 'Batch62', 'R C', '09900564212', 'How to reduce the fat percentage and increase muscle tone?', '2021-03-20 19:40:18', '91', 0, 0, 0, 0, 0, 0, 0, 0, NULL),
(147, 'batch65', 'Batch63', 'VEERANNA BANDI', '8762228584', 'Does Anabolic Smoothie help in wight Reduction', '2021-03-20 19:43:18', '', 0, 0, 0, 0, 0, 0, 0, 0, NULL),
(148, 'batch65', 'Batch63', 'Trupti', '6475250717', 'Can we do sampling if there isnâ€™t 5 point BMI drop?', '2021-03-20 19:45:43', '1', 0, 0, 0, 0, 0, 0, 0, 0, NULL),
(149, 'batch65', 'Batch64', 'Priyanka', '7020365916', 'I was at 85 in beginning and lost 5 kg in 3 months. Since last 2 months the weight is between 79-80 not going below. I could not manage to workout much during this time. Right now following intermittent fasting. Should I do atheletic exercises suggested ?', '2021-03-20 19:47:41', '', 0, 0, 0, 0, 0, 0, 0, 0, NULL),
(150, 'batch65', 'Batch65', 'Seema Dekate', '9407051296', 'My wt stuck at 63 its not coming down', '2021-03-20 19:48:07', '91', 0, 0, 0, 0, 0, 0, 0, 0, NULL),
(151, 'batch65', 'Batch61', 'Dr ShubhangiGurav', '9049272267', 'Hello Sir please give some motivation to continue\r\nEverything is loosing except weight', '2021-03-20 19:50:45', '91', 0, 0, 0, 0, 0, 0, 0, 0, NULL),
(152, 'batch65', 'Batch61', 'Naresh', '7917435998', 'I get knee pain when cycling, what is the alternate exercise I can do ? cross trainer ?', '2021-03-20 19:50:50', '44', 0, 0, 0, 0, 0, 0, 0, 0, NULL),
(153, 'batch65', 'Batch63', 'Trupti', '6475250717', 'Gyms are closed here .. is body weight training at home good point to start for strength training?', '2021-03-20 19:51:03', '1', 0, 0, 0, 0, 0, 0, 0, 0, NULL),
(154, 'batch65', 'Batch62', 'Gayathri ', '9482955663', 'I have reduced my bmi from 35 to 28. Can I start phase 4 protocol', '2021-03-20 19:51:27', '91', 0, 0, 0, 0, 0, 0, 0, 0, NULL),
(155, 'batch65', 'Batch65', 'Seema Dekate', '9407051296', 'Anti-gravity with 5 kg weight and yoga and stationery cycling will be ok', '2021-03-20 19:52:00', '91', 0, 0, 0, 0, 0, 0, 0, 0, NULL),
(156, 'batch65', 'Batch64', 'Priyanka', '7020365916', 'What different exercises can we follow ?', '2021-03-20 19:52:02', '', 0, 0, 0, 0, 0, 0, 0, 0, NULL),
(157, 'batch65', 'Batch63', 'SATYA PRAKASH GANNAVARAPU', '9849103710', 'MY bmi IS 21  should i  join GYM  to gain muscle , as my muscles or very loose now. besides I have stunts iin heart . what is the best one to build muscle', '2021-03-20 19:52:11', '91', 0, 0, 0, 0, 0, 0, 0, 0, NULL),
(158, 'batch65', 'Batch62', 'Divya Gupta', '8800588717', 'I did exercise for 1hr... and got a lot of pain in calf muscle.. so how to build muscle strength', '2021-03-20 19:52:12', '', 0, 0, 0, 0, 0, 0, 0, 0, NULL),
(159, 'batch65', 'Batch64', 'GEETA V HAIKERWAL', '9450909736', 'NO GYM NEARBY WHICH EX CAN BE DONE AT HOME', '2021-03-20 19:52:54', '91', 0, 0, 0, 0, 0, 0, 0, 0, NULL),
(160, 'batch65', 'Batch61', 'Naresh', '7917435998', 'We are in lockdown in UK - so no gyms; have weights, cross trainer and bands - no leg press though?', '2021-03-20 19:53:14', '44', 0, 0, 0, 0, 0, 0, 0, 0, NULL),
(161, 'batch65', 'Batch65', 'Rashmi KG', '9972299200', 'I have not lost much weight ,but the strength what I have gain ,has helped me going for trekking. After my blood test iron was low and had to take iron injection currently I am not doing any excercise from past 2 weeks', '2021-03-20 19:53:36', '91', 0, 0, 0, 0, 0, 0, 0, 0, NULL),
(162, 'batch65', 'Batch65', 'Srilakshmi Vijay', '3035230818', 'I am 39, lost 5 BMI in phase 1&2 combined, currently at 65.5-66kgs.  So I am planning to do 3 days cycling(10mins)/elliptical(10mins)treadmill (10mins), 2 days yoga and 1 day weights. Please let me know if this workout regimen looks good.', '2021-03-20 19:54:00', '1', 0, 0, 0, 0, 0, 0, 0, 0, NULL),
(163, 'batch65', 'Batch62', 'R C', '09900564212', 'Can we do gym 7days a week?', '2021-03-20 19:55:15', '91', 0, 0, 0, 0, 0, 0, 0, 0, NULL),
(164, 'batch65', 'Batch64', 'Sharmila umesh ', '9845073024', 'I have started jogging for 1 day in the week. 3 mins slow jogging 3 mins walking. Will increase every week. Will jogging once a week help , will join gym shortly.  have been sampling', '2021-03-20 19:57:15', '', 0, 0, 0, 0, 0, 0, 0, 0, NULL),
(165, 'batch65', 'Batch62', 'R C', '09900564212', 'Can you please share some insight on gym workouts as how to build strength?', '2021-03-20 19:57:35', '91', 0, 0, 0, 0, 0, 0, 0, 0, NULL),
(166, 'batch65', 'Batch61', 'Jog Bojanna', '9480438403', 'The trainer at gym said they will give me a schedule of alternate days of strength training with cardio exercises. should I go with it or go for more strength training.', '2021-03-20 19:58:36', '91', 0, 0, 0, 0, 0, 0, 0, 0, NULL),
(167, 'batch65', 'Batch60', 'Aparna ray', '9820916103', 'I am not losing weight tor the past 3 months does it mean that I need to build muscle ?', '2021-03-20 20:01:30', '', 0, 0, 0, 0, 0, 0, 0, 0, NULL),
(168, 'batch65', 'Batch62', 'Ravindra Nayak', '8867623399', 'glutes have become soft not firm.pl suggest excercise for glutes to become firm. Happy to say Doing gym for 2 hours.BP normal, cholestrol normal, BMI 22, weight 62 kgs.', '2021-03-20 20:01:36', '', 0, 0, 0, 0, 0, 0, 0, 0, NULL),
(169, 'batch65', 'Batch64', 'Priyanka', '7020365916', 'The upper body gets lean faster but the lower body and fat around waist is too stubborn to loose. For that what type of exercise should we follow ?', '2021-03-20 20:02:51', '', 0, 0, 0, 0, 0, 0, 0, 0, NULL),
(170, 'batch65', 'Batch65', 'vishal Gupta ', '8699379916', 'I have lost 15 kgs and now hit plateau. I am now 108 kgs and suffer from back pain. should I start with gym?', '2021-03-20 20:02:59', '', 0, 0, 0, 0, 0, 0, 0, 0, NULL),
(171, 'batch65', 'Batch61', 'Parul parikh', '9757311168', 'What Exercise for Endomorph....my wt is 83. Age is 58', '2021-03-20 20:06:01', '91', 0, 0, 0, 0, 0, 0, 0, 0, NULL),
(172, 'batch65', 'Batch64', 'Kalaravindra ', '9900593836', '4 days of heavy weight training and two days of brisk walking for an hour and one day of rest , is it ok?', '2021-03-20 20:07:09', '', 0, 0, 0, 0, 0, 0, 0, 0, NULL),
(173, 'batch65', 'Batch63', 'Trupti', '6475250717', 'The folks on the athlete WhatsApp group are out of the world!!  Is knee discomfort  due to weak leg /hip muscles?? Planning  3 days stationary cycle , 2 days strength training and 1 day yoga.. will discuss with exercise expert as well..', '2021-03-20 20:09:59', '1', 0, 0, 0, 0, 0, 0, 0, 0, NULL),
(174, 'batch65', 'Batch61', 'Shruti Sanjeev Kulkarni', '2679928516', 'Could you explain more about BMR and calorie deficiency?', '2021-03-20 20:10:06', '1', 0, 0, 0, 0, 0, 0, 0, 0, NULL),
(175, 'batch65', 'Batch60', 'Priti Verma', '9564570676', 'I have been following muscle building diet and exercises too. Want to go back to weight loss diet now. What type of plan should I follow now?', '2021-03-20 20:10:17', '1', 0, 0, 0, 0, 0, 0, 0, 0, NULL),
(176, 'batch65', 'Batch62', 'Vibha Gupta', '09810307997', 'Your 0pinion for recomping.', '2021-03-20 20:11:49', '91', 0, 0, 0, 0, 0, 0, 0, 0, NULL),
(177, 'batch65', 'Batch63', 'Anita Dhar ', '9822325359', 'My weight is not reducing at all. It has got stuck after initial 4 kgs', '2021-03-20 20:11:56', '', 0, 0, 0, 0, 0, 0, 0, 0, NULL),
(178, 'batch65', 'Batch63', 'Sunil Karhadkar', '8920870122', 'Good evening sir,   My weight is fluctuating between 63.7 to 64.1 & BMI is around 22.5, 22.64, 22.64.\r\nNow what I am supposed to do from exercise point of view. For the last 03 weeks I have not been doing   exercise because I started knee pain but using cool pack, now much better but lost the RHTYM. Please advice!!', '2021-03-20 20:13:14', '', 0, 0, 0, 0, 0, 0, 0, 0, NULL),
(179, 'batch65', 'Batch61', 'Divya Gupta', '8800588717', 'How to balance diet with exercise when you get hungry?\r\nWhat about my parents who have lost weight but did not exercise at all, they are scared of it because of their age and back/knee ache', '2021-03-20 20:13:18', '', 0, 0, 0, 0, 0, 0, 0, 0, NULL),
(180, 'batch65', 'Batch64', 'Sadhana', '9819161356', 'There is a dull ache in my upper arm  after exercises  even pulling the curtains   Causes pain in the upper arm.', '2021-03-20 20:15:31', '', 0, 0, 0, 0, 0, 0, 0, 0, NULL),
(181, 'batch65', 'Batch64', 'Sharmila umesh ', '9845073024', 'Pl add me to athlete group', '2021-03-20 20:15:54', '', 0, 0, 0, 0, 0, 0, 0, 0, NULL),
(182, 'batch65', 'Batch64', 'GEETA V HAIKERWAL', '9450909736', 'I VE NOT BEEN ADDED IN THE ATHLETIC GROUP', '2021-03-20 20:17:57', '91', 0, 0, 0, 0, 0, 0, 0, 0, NULL),
(183, 'batch65', 'Batch62', 'Utpal Banerjee', '9403511542', 'Please suggest exercises to reduce stomach flab for seniors', '2021-03-20 20:24:30', '', 0, 0, 0, 0, 0, 0, 0, 0, NULL),
(184, 'batch65', 'Batch63', 'Pranjali Joshi', '9981642080', 'My weight is stuck at 80;kg. All steps taken as per diatician and exercise expert', '2021-03-20 20:29:05', '', 0, 0, 0, 0, 0, 0, 0, 0, NULL),
(185, 'batch65', 'Batch64', 'Mahalakshmi Mahadevan', '8861303243', 'motivation to work out everyday', '2021-03-20 20:32:23', '', 0, 0, 0, 0, 0, 0, 0, 0, NULL),
(186, 'batch65', 'Batch63', 'VEERANNA BANDI', '8762228584', 'Is it difficult for the aged persons - above 60 yrs to loose weight ?  what is the relation of wight gain with age ?', '2021-03-20 20:34:01', '', 0, 0, 0, 0, 0, 0, 0, 0, NULL),
(187, 'batch65', 'Batch62', 'Padmini Atal', '99325633', 'Are we allowed to eat fruits after getting off medicines ?', '2021-03-20 20:34:08', '968', 0, 0, 0, 0, 0, 0, 0, 0, NULL),
(188, 'batch65', 'Batch62', 'Padmini Atal', '99325633', 'Are we allowed to eat fruits after getting off medication?', '2021-03-20 20:34:26', '968', 0, 0, 0, 0, 0, 0, 0, 0, NULL),
(189, 'batch65', 'Batch64', 'Priyanka', '7020365916', 'Not able to stick to feasting for longer period usually I start feeling hungry after 5  pm and end up eating in evening on fasting days. Any more suggestions to deal with hunger than shaahi paani and all.', '2021-03-20 20:35:19', '', 0, 0, 0, 0, 0, 0, 0, 0, NULL),
(190, 'batch65', 'Batch61', 'Shruti Sanjeev Kulkarni', '2679928516', 'It is difficult to loose weight with hypothyroidism. What should we do?', '2021-03-20 20:36:08', '1', 0, 0, 0, 0, 0, 0, 0, 0, NULL),
(191, 'batch65', 'Batch64', 'Archana Sudhakar', '8105956000', 'When can we start having milk and milk products? \r\nAnd how frequently?', '2021-03-20 20:36:27', '91', 0, 0, 0, 0, 0, 0, 0, 0, NULL),
(192, 'batch65', 'Batch65', 'Dr Kumar Swamy P R', '09448884774', 'Does cycling and yoga build muscle? Should we lift weight to gain muscle', '2021-03-20 20:37:51', '91', 0, 0, 0, 0, 0, 0, 0, 0, NULL),
(193, 'batch65', 'Batch61', 'Divya Gupta', '8800588717', 'What about Milk products from our own cows ,so pure', '2021-03-20 20:39:03', '', 0, 0, 0, 0, 0, 0, 0, 0, NULL),
(194, 'batch65', 'Batch63', 'Pranjali Joshi', '9981642080', 'I am eating all types of fruits but not daily 1/2 days in week', '2021-03-20 20:40:23', '', 0, 0, 0, 0, 0, 0, 0, 0, NULL),
(195, 'batch65', 'Batch60', 'Aparna ray', '9820916103', 'I have 2 meals a day and doing intermittent fasting ...should I start 3 meals for muscle building?', '2021-03-20 20:40:49', '', 0, 0, 0, 0, 0, 0, 0, 0, NULL),
(196, 'batch65', 'Batch64', 'Priyanka', '7020365916', 'Right now I am following 1 meal a day. So while I start with atheletic exercises should shift to more meals a day ?', '2021-03-20 20:44:41', '', 0, 0, 0, 0, 0, 0, 0, 0, NULL),
(197, 'batch65', 'Batch61', 'Shruti Sanjeev Kulkarni', '2679928516', 'How to measure our progress if we are not using weight scale?', '2021-03-20 20:44:43', '1', 0, 0, 0, 0, 0, 0, 0, 0, NULL),
(198, 'batch65', 'Batch65', 'Dr Kumar Swamy P R', '09448884774', 'I am cycling, Should  I also train ourselves for jogging and swimming', '2021-03-20 20:45:10', '91', 0, 0, 0, 0, 0, 0, 0, 0, NULL),
(199, 'batch65', 'Batch64', 'Archana Sudhakar', '8105956000', 'Sometimes we have to eat outside because of social obligations. \r\nHow can we compensate that with excersize/diet?', '2021-03-20 20:45:28', '91', 0, 0, 0, 0, 0, 0, 0, 0, NULL),
(200, 'batch65', 'Batch61', 'Archana', '9423160448', 'Can you recommend some protein...sorry if repeated question...I joined little late', '2021-03-20 20:49:50', '91', 0, 0, 0, 0, 0, 0, 0, 0, NULL),
(201, 'batch65', 'Batch64', 'Archana Sudhakar', '8105956000', 'Should protein powder be taken only on workout days or all days', '2021-03-20 20:50:16', '91', 0, 0, 0, 0, 0, 0, 0, 0, NULL),
(202, 'batch65', 'Batch63', 'Anita Dhar ', '9822325359', 'Any relationship between Protein intake and Uric Acid.', '2021-03-20 20:50:27', '', 0, 0, 0, 0, 0, 0, 0, 0, NULL),
(203, 'batch65', 'Batch64', 'Sadhana', '9819161356', 'Canâ€™t see the slide', '2021-03-20 20:51:17', '', 0, 0, 0, 0, 0, 0, 0, 0, NULL),
(204, 'batch65', 'Batch65', 'Dr Kumar Swamy P R', '09448884774', 'How long should we continue with athletic phase', '2021-03-20 20:51:24', '91', 0, 0, 0, 0, 0, 0, 0, 0, NULL),
(205, 'batch65', 'Batch65', 'Srilakshmi Vijay', '3035230818', 'Should I use only homemade protein powder or can I have store bought like a plant based protein powder?', '2021-03-20 20:53:15', '1', 0, 0, 0, 0, 0, 0, 0, 0, NULL),
(206, 'batch65', 'Batch65', 'Dr Kumar Swamy P R', '09448884774', 'Which is the best pure protein powder', '2021-03-20 20:54:02', '91', 0, 0, 0, 0, 0, 0, 0, 0, NULL),
(207, 'batch65', 'Batch65', 'Srilakshmi Vijay', '3035230818', 'Also can you please share the slide you were talking about', '2021-03-20 20:54:43', '1', 0, 0, 0, 0, 0, 0, 0, 0, NULL),
(208, 'batch65', 'Batch64', 'Sadhana', '9819161356', 'Sorry no slides are coming on the screen except the questions', '2021-03-20 20:56:57', '', 0, 0, 0, 0, 0, 0, 0, 0, NULL),
(209, 'batch65', 'Batch64', 'Priyanka', '7020365916', 'Unable to see the slides', '2021-03-20 20:57:06', '', 0, 0, 0, 0, 0, 0, 0, 0, NULL),
(210, 'batch65', 'Batch65', 'sandeep tandon', '9820196656', 'cant see your slide', '2021-03-20 20:58:26', '91', 0, 0, 0, 0, 0, 0, 0, 0, NULL),
(211, 'batch65', 'Batch64', 'Priyanka', '7020365916', 'Yes', '2021-03-20 20:59:10', '', 0, 0, 0, 0, 0, 0, 0, 0, NULL),
(212, 'batch65', 'Batch61', 'Jog Bojanna', '9480438403', 'yes', '2021-03-20 20:59:22', '91', 0, 0, 0, 0, 0, 0, 0, 0, NULL),
(213, 'batch65', 'Batch65', 'sandeep tandon', '9820196656', 'yes', '2021-03-20 20:59:26', '91', 0, 0, 0, 0, 0, 0, 0, 0, NULL),
(214, 'batch65', 'Batch63', 'Trupti', '6475250717', 'Yes', '2021-03-20 20:59:28', '1', 0, 0, 0, 0, 0, 0, 0, 0, NULL),
(215, 'batch65', 'Batch60', 'Dr.Hariom Dubey', '9406558700', 'After weightloss my face become dill & grace gone..what should I do sir?', '2021-03-20 20:59:50', '91', 0, 0, 0, 0, 0, 0, 0, 0, NULL),
(216, 'batch65', 'Batch65', 'Srilakshmi Vijay', '3035230818', 'Yes I can now see your slide thank you', '2021-03-20 20:59:53', '1', 0, 0, 0, 0, 0, 0, 0, 0, NULL),
(217, 'batch65', 'Batch63', 'Sunil Karhadkar', '8920870122', 'Contents\r\n not legible.', '2021-03-20 21:00:25', '', 0, 0, 0, 0, 0, 0, 0, 0, NULL),
(218, 'batch65', 'Batch63', 'Sunil Karhadkar', '8920870122', 'Okay sir, thanks', '2021-03-20 21:01:39', '', 0, 0, 0, 0, 0, 0, 0, 0, NULL),
(219, 'batch65', 'Batch63', 'Sunil Karhadkar', '8920870122', 'A bit confused about 3-2-1???', '2021-03-20 21:04:06', '', 0, 0, 0, 0, 0, 0, 0, 0, NULL),
(220, 'batch65', 'Batch65', 'Srilakshmi Vijay', '3035230818', 'Thank you very much for the advise and suggestions you have provided sir! Really appreciate all your hard work.', '2021-03-20 21:04:15', '1', 0, 0, 0, 0, 0, 0, 0, 0, NULL),
(221, 'batch65', 'Batch62', 'Vibha Gupta', '09810307997', 'Nice session. Thanks', '2021-03-20 21:04:17', '91', 0, 0, 0, 0, 0, 0, 0, 0, NULL),
(222, 'batch65', 'Batch65', 'Dr Kumar Swamy P R', '09448884774', 'Yes', '2021-03-20 21:04:48', '91', 0, 0, 0, 0, 0, 0, 0, 0, NULL),
(223, 'batch65', 'Batch62', 'Bhagawathi Bhat', '9326733246', 'Yes', '2021-03-20 21:04:50', '91', 0, 0, 0, 0, 0, 0, 0, 0, NULL),
(224, 'batch65', 'Batch62', 'Vibha Gupta', '09810307997', 'Take rest', '2021-03-20 21:04:57', '91', 0, 0, 0, 0, 0, 0, 0, 0, NULL),
(225, 'batch65', 'Batch65', 'sandeep tandon', '9820196656', 'yes. great session. thanks', '2021-03-20 21:05:01', '91', 0, 0, 0, 0, 0, 0, 0, 0, NULL),
(226, 'batch65', 'Batch64', 'Sharmila umesh ', '9845073024', 'Yes.', '2021-03-20 21:05:07', '', 0, 0, 0, 0, 0, 0, 0, 0, NULL),
(227, 'batch65', 'Batch63', 'Sunil Karhadkar', '8920870122', 'Yes', '2021-03-20 21:05:09', '', 0, 0, 0, 0, 0, 0, 0, 0, NULL),
(228, 'batch65', 'Batch63', 'Trupti', '6475250717', 'Yes, thanks ðŸ™', '2021-03-20 21:05:13', '1', 0, 0, 0, 0, 0, 0, 0, 0, NULL),
(229, 'batch65', 'Batch64', 'Archana Sudhakar', '8105956000', 'Yes. Thank you Dr. Pls take rest.', '2021-03-20 21:05:16', '91', 0, 0, 0, 0, 0, 0, 0, 0, NULL),
(230, 'batch65', 'Batch61', 'Bhavna Tiwari', '9920828190', 'Yes', '2021-03-20 21:05:20', '91', 0, 0, 0, 0, 0, 0, 0, 0, NULL),
(231, 'batch65', 'Batch65', 'Dr Kumar Swamy P R', '09448884774', 'Thank you sir', '2021-03-20 21:05:22', '91', 0, 0, 0, 0, 0, 0, 0, 0, NULL),
(232, 'batch65', 'Batch64', 'Priyanka', '7020365916', 'Thank u for great session', '2021-03-20 21:05:29', '', 0, 0, 0, 0, 0, 0, 0, 0, NULL),
(233, 'batch67', '', 'Gurpreet', '9811891880', 'Pls help me with healthy gut health   I eat as prescribed still ....', '2021-03-23 09:01:55', '', 0, 0, 0, 0, 0, 0, 0, 0, NULL),
(234, 'batch65', 'Batch61', 'V', '65', 'erfda', '2022-01-18 12:27:51', '', 0, 0, 0, 0, 0, 0, 0, 0, NULL),
(235, 'batch67', 'Batch72', 'rumana', '346465', 'fgfdsdgssd', '2022-01-18 19:59:46', '', 0, 0, 0, 0, 0, 0, 0, 0, NULL),
(236, 'batch67', 'Batch69', 'rumana', '346465', 'dhgdgdggd', '2022-01-18 20:00:32', '', 0, 0, 0, 0, 0, 0, 0, 0, NULL),
(237, 'batch65', 'Batch74', 'qqqqqq', '1232142', 'jdfbsjdbf', '2022-01-19 12:30:02', '', 0, 0, 0, 0, 0, 0, 0, 0, NULL),
(238, 'batch65', 'Batch65', 'rumana', '56656', 'qqqqqqqqqqqqqqqqqqqqq', '2022-01-24 17:01:50', '', 0, 0, 0, 0, 0, 0, 0, 0, NULL);

-- --------------------------------------------------------

--
-- Table structure for table `tbl_users`
--

CREATE TABLE `tbl_users` (
  `id` int(4) NOT NULL,
  `batch` varchar(7) DEFAULT NULL,
  `name` varchar(50) DEFAULT NULL,
  `cntry_code` varchar(10) DEFAULT NULL,
  `mobile_num` varchar(12) DEFAULT NULL,
  `login_date` datetime DEFAULT NULL,
  `logout_date` datetime DEFAULT NULL,
  `logout_status` int(11) DEFAULT '0',
  `joining_date` datetime DEFAULT NULL
) ENGINE=InnoDB DEFAULT CHARSET=utf8;

--
-- Dumping data for table `tbl_users`
--

INSERT INTO `tbl_users` (`id`, `batch`, `name`, `cntry_code`, `mobile_num`, `login_date`, `logout_date`, `logout_status`, `joining_date`) VALUES
(1, 'batch68', 'Nishanth', '', '78945620', '2021-03-19 13:23:35', '2021-03-19 13:29:43', 0, '2021-03-19 13:23:35'),
(2, 'batch67', 'Nishanth', '', '78542015', '2021-03-19 13:30:03', '2021-03-19 13:30:37', 0, '2021-03-19 13:30:03'),
(3, 'batch66', 'Nishanth', '', '7854230', '2021-03-19 13:34:58', '2021-03-19 13:35:37', 0, '2021-03-19 13:34:58'),
(4, 'batch65', 'Nishanth', '', '78451239846', '2021-03-19 13:38:53', '2021-03-19 13:39:38', 0, '2021-03-19 13:38:53'),
(5, 'batch65', 'Nishanth', '', '78654312', '2021-03-19 13:42:27', '2021-03-19 13:42:56', 0, '2021-03-19 13:42:27'),
(6, 'batch66', 'Nishanth', '', '86452310', '2021-03-19 13:43:09', '2021-03-19 13:43:29', 0, '2021-03-19 13:43:09'),
(7, 'batch68', 'Nishanth', '', '85241', '2021-03-19 15:58:35', '2021-03-19 16:14:12', 0, '2021-03-19 15:58:35'),
(8, 'batch68', 'Chitra', '65', '90626817', '2021-03-20 16:26:42', '2021-03-20 16:48:18', 1, '2021-03-19 16:13:34'),
(9, 'batch67', 'Nishanth', '', '865321', '2021-03-19 16:14:22', '2021-03-19 16:14:44', 0, '2021-03-19 16:14:22'),
(10, 'batch65', 'Nishanth', '', '99865324', '2021-03-19 16:14:56', '2021-03-19 16:15:29', 0, '2021-03-19 16:14:56'),
(11, 'batch66', 'Nishanth', '93', '97864532', '2021-03-19 16:17:55', '2021-03-19 16:20:26', 1, '2021-03-19 16:16:10'),
(12, 'batch66', 'Nishanth', '', '97864532', '2021-03-19 16:24:21', '2021-03-19 16:29:50', 0, '2021-03-19 16:24:21'),
(13, 'batch65', 'Nishanth', '', '87964523', '2021-03-19 16:30:13', '2021-03-19 16:37:06', 0, '2021-03-19 16:30:13'),
(14, 'batch65', 'neeraj', '', '987454201', '2021-03-19 17:15:05', '2021-03-19 18:00:56', 1, '2021-03-19 17:15:05'),
(15, 'batch65', 'Naga neeraj', '', '8247524234', '2021-03-19 17:22:10', '2021-03-19 17:23:12', 1, '2021-03-19 17:22:10'),
(16, 'batch66', 'Nishanth', '', '98465132', '2021-03-19 18:07:38', '2021-03-19 18:32:13', 1, '2021-03-19 18:07:38'),
(17, 'batch67', 'Trupti  Arve', '', '09503710122', '2021-03-20 06:17:18', '2021-03-20 06:17:48', 1, '2021-03-20 06:17:18'),
(18, 'batch65', 'Saratha devi ', '91', '8608435082', '2021-03-20 07:34:46', '2021-03-20 07:39:05', 1, '2021-03-20 07:30:35'),
(19, 'batch65', 'veenu Shivdasani', '91', '9890924059', '2021-03-20 07:56:02', '2021-03-20 08:22:37', 1, '2021-03-20 07:36:57'),
(20, 'batch65', 'Vaishali khatake ', '91', '7756015606', '2021-03-20 07:37:57', '2021-03-20 09:17:20', 1, '2021-03-20 07:37:57'),
(21, 'batch65', 'Madhu Mohatta', '', '9323188007', '2021-03-20 07:38:57', '2021-03-20 07:40:57', 1, '2021-03-20 07:38:57'),
(22, 'batch65', 'Purvi Shah', '91', '09819133846', '2021-03-20 07:40:15', '2021-03-20 07:52:18', 1, '2021-03-20 07:40:15'),
(23, 'batch68', 'Nalini Malhotra', '', '9810871030', '2021-03-20 08:13:58', '2021-03-20 08:14:28', 1, '2021-03-20 08:13:58'),
(24, 'batch66', 'Monisha Thadani', '', '9820148515', '2021-03-20 11:20:23', '2021-03-20 12:08:40', 1, '2021-03-20 11:20:23'),
(25, 'batch68', 'Chhaya Jadhav', '', '09960072282', '2021-03-20 15:56:29', '2021-03-20 17:20:31', 1, '2021-03-20 12:32:10'),
(26, 'batch65', 'Jog Bojanna', '91', '09480438403', '2021-03-20 12:44:48', '2021-03-20 12:45:18', 1, '2021-03-20 12:44:48'),
(27, 'batch68', 'Mona Nandu', '91', '9820577407', '2021-03-20 16:00:48', '2021-03-20 16:03:19', 1, '2021-03-20 13:53:30'),
(28, 'batch68', 'nishanth', '', '8747973536', '2021-03-20 14:20:38', '2021-03-20 14:22:37', 0, '2021-03-20 14:20:38'),
(29, 'batch67', 'NIshanth', '', '8747973536', '2021-03-20 14:29:38', '2021-03-20 14:30:30', 0, '2021-03-20 14:29:38'),
(30, 'batch66', 'Nishanth', '', '87479783536', '2021-03-20 14:34:53', '2021-03-20 14:37:36', 0, '2021-03-20 14:34:53'),
(31, 'batch65', 'Nishanth', '', '8747973536', '2021-03-20 14:37:58', '2021-03-20 15:18:18', 0, '2021-03-20 14:37:58'),
(32, 'batch68', 'Pooja', '', '9768161921', '2021-03-20 16:30:00', '2021-03-20 16:36:31', 1, '2021-03-20 15:13:11'),
(33, 'batch68', 'Nishanth', '', '6485132', '2021-03-20 15:18:33', '2021-03-20 15:22:34', 1, '2021-03-20 15:18:33'),
(34, 'batch68', 'Nishanth', '', '978645321', '2021-03-20 15:22:10', '2021-03-20 15:26:41', 0, '2021-03-20 15:22:10'),
(35, 'batch68', 'Anshu sharma', '', '09810499237', '2021-03-20 17:16:36', '2021-03-20 17:22:06', 1, '2021-03-20 15:22:38'),
(36, 'batch67', 'uyfgug', '', '79845', '2021-03-20 15:26:53', '2021-03-20 15:27:05', 0, '2021-03-20 15:26:53'),
(37, 'batch68', 'Nishanth', '', '78465321', '2021-03-20 15:27:17', '2021-03-20 16:47:44', 0, '2021-03-20 15:27:17'),
(38, 'batch68', 'Machindra holkar', '', '8668253140', '2021-03-20 16:20:55', '2021-03-20 16:58:51', 1, '2021-03-20 15:28:53'),
(39, 'batch68', 'Mahesh', '973', '34340909', '2021-03-20 15:34:14', '2021-03-20 16:40:04', 1, '2021-03-20 15:34:14'),
(40, 'batch68', 'Richa Sheth', '', '9978746680', '2021-03-20 15:47:03', '2021-03-20 16:29:47', 1, '2021-03-20 15:42:40'),
(41, 'batch68', 'Komal', '', '6362353689', '2021-03-20 16:19:09', '2021-03-20 16:21:39', 1, '2021-03-20 15:48:46'),
(42, 'batch68', 'Geeta Sanghvi', '', '09822047709', '2021-03-20 16:06:15', '2021-03-20 17:04:19', 1, '2021-03-20 15:48:52'),
(43, 'batch68', 'Nandhakumar Sivappan', '', '09994319494', '2021-03-20 15:50:09', '2021-03-20 16:49:40', 1, '2021-03-20 15:50:09'),
(44, 'batch68', 'Zeenal ', '', '8263814312', '2021-05-16 20:51:17', '2021-05-16 20:51:47', 1, '2021-03-20 15:51:41'),
(45, 'batch68', 'Deepika', '', '7905233086', '2021-03-20 20:33:28', '2021-03-20 20:33:58', 1, '2021-03-20 15:53:28'),
(46, '-1', 'Ramanan', '65', '96683774', '2021-03-20 15:54:06', '2021-03-20 15:54:36', 1, '2021-03-20 15:54:06'),
(47, 'batch68', 'Mini Bhanot', '91', '9958982944', '2021-03-20 16:26:26', '2021-03-20 16:27:27', 1, '2021-03-20 15:54:19'),
(48, 'batch68', 'Nandkumar Rane', '', '9810076327', '2021-03-20 15:54:46', '2021-03-20 16:56:38', 1, '2021-03-20 15:54:46'),
(49, 'batch68', 'S. Ramanan', '65', '96683774', '2021-03-20 15:57:24', '2021-03-20 17:03:44', 1, '2021-03-20 15:55:15'),
(50, 'batch68', 'Neelam', '', '9518329566', '2021-03-20 15:55:31', '2021-03-20 17:07:32', 1, '2021-03-20 15:55:31'),
(51, 'batch68', 'Pankaj Jain', '', '9718519472', '2021-03-20 16:30:33', '2021-03-20 16:45:35', 1, '2021-03-20 15:55:49'),
(52, 'batch68', 'Kinnari', '971', '529115386', '2021-03-20 18:41:30', '2021-03-20 18:42:00', 1, '2021-03-20 15:55:50'),
(53, 'batch68', 'Priyanka Datar', '', '9028082212', '2021-03-20 16:28:52', '2021-03-20 16:29:26', 0, '2021-03-20 15:57:36'),
(54, 'batch68', 'Charoo Garg', '44', '77984193672', '2021-03-20 16:27:39', '2021-03-20 16:31:41', 1, '2021-03-20 15:57:54'),
(55, 'batch68', 'Girija kishore', '', '9491361371', '2021-03-20 16:27:33', '2021-03-20 16:49:58', 1, '2021-03-20 15:58:43'),
(56, 'batch68', 'Jitendra kumar', '', '9410828246', '2021-03-20 16:29:25', '2021-03-20 16:37:21', 1, '2021-03-20 15:58:52'),
(57, 'batch68', 'Sayali', '91', '9822388089', '2021-03-20 16:23:14', '2021-03-20 16:28:44', 1, '2021-03-20 15:58:59'),
(58, 'batch68', 'Sheela Koujalagi ', '', '9886709174', '2021-03-20 15:59:32', '2021-03-20 16:26:03', 1, '2021-03-20 15:59:32'),
(59, 'batch68', 'Chirag Kotecha', '91', '9909032531', '2021-03-20 16:21:27', '2021-03-20 16:53:20', 1, '2021-03-20 15:59:33'),
(60, 'batch68', 'PRANAV', '', '9820063398', '2021-03-20 15:59:41', '2021-03-20 16:29:43', 1, '2021-03-20 15:59:41'),
(61, 'batch68', 'Mandar Pandit', '', '9029050579', '2021-03-22 07:33:05', '2021-03-22 07:39:06', 1, '2021-03-20 15:59:44'),
(62, 'batch68', 'Binita Naurathae', '971', '509021014', '2021-03-20 16:28:37', '2021-03-20 16:37:07', 1, '2021-03-20 15:59:57'),
(63, 'batch68', 'Manish Kulkarni', '', '07722005680', '2021-03-20 16:29:14', '2021-03-20 17:00:37', 1, '2021-03-20 16:01:11'),
(64, 'batch68', 'Bhushan ', '', '9820226285', '2021-03-20 16:20:37', '2021-03-20 16:29:15', 1, '2021-03-20 16:01:40'),
(65, 'batch68', 'Trupti', '973', '33244230', '2021-03-20 16:01:42', '2021-03-20 21:23:09', 1, '2021-03-20 16:01:42'),
(66, 'batch68', 'Ayushee', '91', '7709867036', '2021-03-20 16:02:03', '2021-03-20 16:28:05', 1, '2021-03-20 16:02:03'),
(67, 'batch68', 'Sandhya ', '', '8308838119', '2021-03-20 16:24:31', '2021-03-20 16:25:01', 1, '2021-03-20 16:02:05'),
(68, 'batch68', 'Meera Srinivasan', '', '9930183703', '2021-03-20 16:02:25', '2021-03-20 16:40:56', 1, '2021-03-20 16:02:25'),
(69, 'batch68', 'Renuka parampalli', '1', '5084239401', '2021-03-20 16:02:33', '2021-03-20 17:12:57', 1, '2021-03-20 16:02:33'),
(70, '-1', 'Mandar Pandit', '', '9029050579', '2021-03-22 07:32:40', '2021-03-22 07:33:10', 1, '2021-03-20 16:02:43'),
(71, 'batch68', 'Suchitra Dani', '968', '92348691', '2021-03-20 16:03:39', '2021-03-20 17:33:42', 1, '2021-03-20 16:03:39'),
(72, 'batch68', 'Sarika', '91', '9810786379', '2021-03-20 16:04:36', '2021-03-20 16:17:46', 0, '2021-03-20 16:04:36'),
(73, 'batch68', 'Pratibha Shrivastava', '', '9958789933', '2021-03-20 16:05:59', '2021-03-20 16:39:30', 1, '2021-03-20 16:05:59'),
(74, 'batch67', 'Hasitha', '', '9490352148', '2021-03-20 16:06:18', '2021-03-20 16:06:48', 1, '2021-03-20 16:06:18'),
(75, 'batch68', 'Hasitha', '', '9490352148', '2021-03-20 16:28:22', '2021-03-20 16:28:52', 1, '2021-03-20 16:06:39'),
(76, 'batch68', 'Rashmi Shaharkar', '', '9922303022', '2021-03-20 16:06:46', '2021-03-20 16:23:12', 1, '2021-03-20 16:06:46'),
(77, 'batch68', 'Amatullah', '94', '776052539', '2021-03-20 16:56:39', '2021-03-20 17:39:49', 1, '2021-03-20 16:06:51'),
(78, 'batch68', 'Pushpalatha', '1', '6478989063', '2021-03-20 16:27:27', '2021-03-20 16:40:34', 1, '2021-03-20 16:07:22'),
(79, 'batch68', 'Radhika Baheti', '', '9403412454', '2021-03-20 16:07:51', '2021-03-20 16:12:51', 1, '2021-03-20 16:07:51'),
(80, 'batch68', 'Mariyam contractor ', '966', '598233575', '2021-03-20 16:26:31', '2021-03-20 16:41:37', 1, '2021-03-20 16:08:26'),
(81, 'batch68', 'Rajlaxmi Amod Bhat', '', '9767586598', '2021-03-20 16:09:32', '2021-03-20 16:27:35', 1, '2021-03-20 16:09:32'),
(82, 'batch68', 'Shriya Sarda', '', '07875025996', '2021-03-20 16:10:54', '2021-03-20 16:30:14', 1, '2021-03-20 16:10:54'),
(83, 'batch68', 'Yukti Gupta', '44', '7900548314', '2021-03-20 16:27:22', '2021-03-20 16:51:42', 1, '2021-03-20 16:11:05'),
(84, 'batch68', 'Garima Gupta', '91', '8810545354', '2021-03-20 16:17:18', '2021-03-20 16:23:19', 1, '2021-03-20 16:11:47'),
(85, 'batch68', 'Chandrasekar', '968', '99341964', '2021-03-20 16:12:09', '2021-03-20 16:39:43', 0, '2021-03-20 16:12:09'),
(86, 'batch68', 'Sandeep', '44', '7956359119', '2021-03-20 16:12:58', '2021-03-20 16:21:52', 1, '2021-03-20 16:12:58'),
(87, 'batch68', 'Rakhee katariya', '', '9325409918', '2021-03-20 16:13:00', '2021-03-22 08:08:44', 1, '2021-03-20 16:13:00'),
(88, 'batch68', 'Vaishali Shah', '', '09723100876', '2021-03-20 16:26:47', '2021-03-20 16:27:48', 1, '2021-03-20 16:13:53'),
(89, 'batch68', 'Anjana Rao', '', '07795050304', '2021-03-20 16:14:28', '2021-03-20 18:30:27', 1, '2021-03-20 16:14:28'),
(90, 'batch68', 'Priyanka', '', '9028098812', '2021-03-20 16:18:06', '2021-03-20 16:19:14', 1, '2021-03-20 16:18:06'),
(91, 'batch68', 'Nithu', '', '9840677718', '2021-03-20 16:18:24', '2021-03-20 17:05:54', 1, '2021-03-20 16:18:24'),
(92, 'batch68', 'Sarika Upadhyay', '91', '09810786379', '2021-03-20 16:20:12', '2021-03-20 16:26:18', 1, '2021-03-20 16:20:12'),
(93, '-1', 'Chitra Lakshman ', '', '9820002916', '2021-03-20 16:22:53', '2021-03-20 16:23:23', 1, '2021-03-20 16:22:53'),
(94, 'batch68', 'Chitra Lakshman ', '', '9820002916', '2021-03-20 16:23:14', '2021-03-20 16:25:16', 1, '2021-03-20 16:23:14'),
(95, 'batch68', 'Sandeep Garg', '44', '07956359119', '2021-03-20 16:23:45', '2021-03-20 16:24:15', 1, '2021-03-20 16:23:45'),
(96, 'batch68', 'Shubha Rao', '', '7829929611', '2021-03-20 16:24:45', '2021-03-20 16:41:38', 1, '2021-03-20 16:24:45'),
(97, 'batch68', 'Neha singh', '', '9709200424', '2021-03-20 16:34:52', '2021-03-20 16:38:09', 1, '2021-03-20 16:25:33'),
(98, 'batch68', 'Vaishali Shah', '', '9723100876', '2021-03-20 16:33:58', '2021-03-20 16:36:40', 1, '2021-03-20 16:28:11'),
(99, 'batch68', 'Ayushee', '', '7709867036', '2021-03-20 16:28:18', '2021-03-20 16:55:29', 1, '2021-03-20 16:28:18'),
(100, 'batch68', 'Rupali', '', '9980569730', '2021-03-20 16:34:42', '2021-03-20 16:36:42', 1, '2021-03-20 16:29:03'),
(101, 'batch68', 'Vaishali', '', '09898830353', '2021-03-20 16:37:26', '2021-03-20 16:37:56', 1, '2021-03-20 16:37:26'),
(102, 'batch67', 'Meena Goel', '', '7598844190', '2021-03-20 16:40:16', '2021-03-20 17:48:47', 1, '2021-03-20 16:40:16'),
(103, 'batch67', 'Supriya shirbahadurkar', '', '9890335358', '2021-03-20 16:42:19', '2021-03-20 17:57:58', 1, '2021-03-20 16:42:19'),
(104, 'batch68', 'Ila chaturvedi', '', '8920828315', '2021-03-20 16:43:50', '2021-03-20 16:44:20', 1, '2021-03-20 16:43:50'),
(105, 'batch68', 'Saniksha Adnani', '971', '2110044', '2021-03-20 16:47:24', '2021-03-20 17:09:19', 1, '2021-03-20 16:47:24'),
(106, 'batch67', 'Nishanth', '', '789465123', '2021-03-20 16:47:54', '2021-03-20 16:49:19', 0, '2021-03-20 16:47:54'),
(107, 'batch67', 'Nishanth', '', '78976945', '2021-03-20 16:49:34', '2021-03-20 17:03:04', 1, '2021-03-20 16:49:34'),
(108, 'batch67', 'Varuni Chaudhary ', '', '9811173445', '2021-03-20 16:50:57', '2021-03-20 18:06:17', 1, '2021-03-20 16:50:57'),
(109, 'batch67', 'reena  narang', '', '9810088775', '2021-03-20 17:50:19', '2021-03-20 17:58:20', 0, '2021-03-20 16:52:46'),
(110, '-1', 'Sumathi Jayaraman', '', '9353773783', '2021-03-20 16:53:42', '2021-03-20 16:54:12', 1, '2021-03-20 16:53:42'),
(111, 'batch67', 'Surekha', '974', '55501893', '2021-03-20 17:01:33', '2021-03-20 18:13:52', 1, '2021-03-20 17:01:33'),
(112, 'batch67', 'Meghana Venkatesh', '', '09845216940', '2021-03-20 17:04:35', '2021-03-20 17:58:36', 1, '2021-03-20 17:04:35'),
(113, 'batch67', 'Pushpalata Kamble', '', '9923139472', '2021-03-20 17:41:33', '2021-03-20 17:58:34', 1, '2021-03-20 17:04:43'),
(114, 'batch67', 'Sandhya Prasad', '91', '9967872584', '2021-03-20 17:53:13', '2021-03-20 19:07:20', 1, '2021-03-20 17:05:53'),
(115, 'batch67', 'Nishanth', '', '89645132', '2021-03-20 17:08:36', '2021-03-20 18:01:40', 0, '2021-03-20 17:08:36'),
(116, 'batch67', 'Meena Godhwani ', '91', '9822418440', '2021-03-20 17:15:57', '2021-03-20 17:58:23', 0, '2021-03-20 17:09:55'),
(117, 'batch67', 'Ram Narayan', '', '08148152866', '2021-03-20 17:39:59', '2021-03-22 07:19:11', 1, '2021-03-20 17:11:00'),
(118, 'batch67', 'Madhuri Nikam', '', '08828286172', '2021-03-20 17:11:19', '2021-03-20 17:53:21', 1, '2021-03-20 17:11:19'),
(119, 'batch67', 'Lakshmi Sharadha', '91', '9884391235', '2021-03-20 17:11:52', '2021-03-20 17:57:22', 1, '2021-03-20 17:11:52'),
(120, 'batch67', 'Sandeep Pidshetti ', '1', '7147234299', '2021-03-20 17:13:56', '2021-03-20 17:58:28', 1, '2021-03-20 17:13:56'),
(121, 'batch67', 'Anushree', '', '9891437770', '2021-03-20 17:15:32', '2021-03-20 17:58:58', 1, '2021-03-20 17:15:32'),
(122, 'batch67', 'Premalatha Bhaskaran', '91', '9704564575', '2021-03-20 17:52:01', '2021-03-20 18:07:17', 1, '2021-03-20 17:15:35'),
(123, 'batch67', 'Lakshmi Bondal ', '', '9980554624', '2021-03-20 17:17:00', '2021-03-20 17:36:01', 1, '2021-03-20 17:17:00'),
(124, 'batch67', 'Madhur Deshmukh', '', '9620991991', '2021-03-20 17:17:16', '2021-03-20 17:58:47', 1, '2021-03-20 17:17:16'),
(125, 'batch67', 'Pradna', '91', '9845651468', '2021-03-20 17:19:51', '2021-03-20 18:00:21', 1, '2021-03-20 17:19:51'),
(126, 'batch67', 'Sunil', '91', '9822761366', '2021-03-20 17:52:46', '2021-03-20 17:58:18', 1, '2021-03-20 17:21:22'),
(127, 'batch65', 'shyam Mandlik ', '', '9421501010', '2021-03-20 17:24:01', '2021-03-20 17:34:36', 1, '2021-03-20 17:24:01'),
(128, 'batch67', 'Jagruti jobanputra ', '', '9967540120', '2021-03-20 18:06:15', '2021-03-20 18:06:37', 0, '2021-03-20 17:25:43'),
(129, 'batch68', 'Minal Doshi', '', '9082154367', '2021-03-20 17:26:03', '2021-03-20 17:29:03', 1, '2021-03-20 17:26:03'),
(130, 'batch67', 'Pooja', '', '9768161921', '2021-03-20 17:26:20', '2021-03-20 17:40:07', 1, '2021-03-20 17:26:20'),
(131, 'batch67', 'Renu nenwani', '91', '9320607795', '2021-03-20 17:28:20', '2021-03-20 17:48:51', 1, '2021-03-20 17:28:20'),
(132, 'batch67', 'Madhuri Wani ', '91', '9890777646', '2021-03-20 17:32:55', '2021-03-20 17:52:11', 1, '2021-03-20 17:32:55'),
(133, 'batch67', 'Shobha Talur', '', '9880632404', '2021-03-20 17:33:24', '2021-03-20 17:58:31', 1, '2021-03-20 17:33:24'),
(134, 'batch67', 'Anuradha Goyal', '', '9560885655', '2021-03-20 17:35:25', '2021-03-20 17:38:53', 1, '2021-03-20 17:35:25'),
(135, 'batch67', 'Sunil Sachdev', '', '09323024512', '2021-03-20 17:38:18', '2021-03-20 17:40:19', 1, '2021-03-20 17:38:18'),
(136, 'batch67', 'Madhuri', '', '8828286172', '2021-03-20 17:53:03', '2021-03-20 17:58:34', 1, '2021-03-20 17:53:03'),
(137, 'batch66', 'Anjaly', '', '9538501820', '2021-03-20 17:55:08', '2021-03-20 18:58:21', 1, '2021-03-20 17:55:08'),
(138, 'batch67', 'Daisy bharucha', '', '9821415926', '2021-03-20 18:41:26', '2021-03-20 18:41:56', 1, '2021-03-20 17:55:34'),
(139, 'batch67', 'ramya', '91', '9980677268', '2021-03-20 17:56:25', '2021-03-20 18:29:43', 1, '2021-03-20 17:56:25'),
(140, 'batch67', 'Lakshmi Sharadha', '', '9884391235', '2021-03-20 18:01:00', '2021-03-20 18:01:30', 1, '2021-03-20 18:01:00'),
(141, 'batch66', 'Jyoti gulati ', '1', '6579936090', '2021-03-20 18:01:14', '2021-03-20 19:02:03', 1, '2021-03-20 18:01:14'),
(142, 'batch66', 'Nishanth', '', '875412', '2021-03-20 18:01:52', '2021-03-20 18:03:18', 0, '2021-03-20 18:01:52'),
(143, 'batch67', 'Vilas Teggi', '', '9952995111', '2021-03-20 18:03:01', '2021-03-20 18:04:01', 1, '2021-03-20 18:03:01'),
(144, 'batch65', 'Sriprada ', '91', '8197094985', '2021-03-20 18:03:09', '2021-03-20 18:18:05', 1, '2021-03-20 18:03:09'),
(145, 'batch66', 'Nishanth', '', '97465132', '2021-03-20 18:03:32', '2021-03-20 19:02:35', 0, '2021-03-20 18:03:32'),
(146, 'batch67', 'Narayan ', '44', '7917531424', '2021-03-20 18:06:28', '2021-03-20 18:07:29', 1, '2021-03-20 18:06:28'),
(147, 'batch66', 'Lakshmi Anand', '91', '9500015136', '2021-03-20 18:08:07', '2021-03-20 18:58:37', 1, '2021-03-20 18:08:07'),
(148, 'batch66', 'Kishore Jotwani', '1', '9192443461', '2021-03-20 18:08:22', '2021-03-20 18:58:46', 0, '2021-03-20 18:08:22'),
(149, 'batch67', 'Jagruti jobanputra ', '91', '9967540120', '2021-03-20 18:09:56', '2021-03-20 18:10:26', 1, '2021-03-20 18:08:43'),
(150, 'batch66', 'Anuradha Jain', '', '9322282408', '2021-03-20 18:09:47', '2021-03-20 18:38:31', 0, '2021-03-20 18:09:47'),
(151, 'batch66', 'Sirisha kandadai', '971', '0505357347', '2021-03-20 18:11:36', '2021-03-20 18:52:17', 1, '2021-03-20 18:11:36'),
(152, 'batch66', 'Aarya Jain', '', '9819544238', '2021-03-20 18:12:04', '2021-03-20 18:51:34', 1, '2021-03-20 18:12:04'),
(153, 'batch66', 'Pallavi Aggarwal', '', '9953733549', '2021-03-20 18:12:07', '2021-03-20 19:04:54', 1, '2021-03-20 18:12:07'),
(154, 'batch66', 'Sangeetanaresh', '91', '9840850508', '2021-03-20 18:12:25', '2021-03-20 19:00:11', 1, '2021-03-20 18:12:25'),
(155, 'batch66', 'Nagarajan ', '1', '8127978273', '2021-03-20 18:12:26', '2021-03-20 18:58:28', 1, '2021-03-20 18:12:26'),
(156, 'batch66', 'Shital P', '', '9867979518', '2021-03-20 18:12:33', '2021-03-20 18:59:04', 1, '2021-03-20 18:12:33'),
(157, 'batch66', 'Rupa', '1', '4697671122', '2021-03-20 18:28:01', '2021-03-20 18:59:03', 1, '2021-03-20 18:14:50'),
(158, 'batch66', 'Krithika ', '', '9986295977', '2021-03-20 18:14:58', '2021-03-20 18:35:16', 1, '2021-03-20 18:14:58'),
(159, 'batch66', 'Esha ', '971', '529029482', '2021-03-20 18:16:03', '2021-03-20 18:54:04', 1, '2021-03-20 18:16:03'),
(160, 'batch66', 'Meenal', '', '7774009979', '2021-03-20 18:20:18', '2021-03-20 18:58:48', 1, '2021-03-20 18:16:13'),
(161, 'batch66', 'Rishika', '', '8105603810', '2021-03-20 18:16:35', '2021-03-20 18:58:14', 0, '2021-03-20 18:16:35'),
(162, 'batch66', 'Jeevan', '91', '9923357018', '2021-03-20 18:19:50', '2021-03-20 18:58:21', 1, '2021-03-20 18:19:50'),
(163, 'batch66', 'Anusha', '971', '507659009', '2021-03-20 18:23:11', '2021-03-20 19:20:21', 1, '2021-03-20 18:23:11'),
(164, 'batch66', 'Mohan Jain', '91', '9821338470', '2021-03-20 18:31:55', '2021-03-20 19:03:16', 1, '2021-03-20 18:29:14'),
(165, 'batch66', 'Gulafroze shaikh', '971', '0552907802', '2021-03-20 18:34:02', '2021-03-20 18:58:33', 1, '2021-03-20 18:34:02'),
(166, 'batch66', 'Remya nemmini', '44', '7909482609', '2021-03-20 18:39:21', '2021-03-20 19:00:36', 1, '2021-03-20 18:39:21'),
(167, 'batch66', 'Vasudha', '', '9146022109', '2021-03-20 18:42:47', '2021-03-20 19:06:47', 1, '2021-03-20 18:42:47'),
(168, 'batch66', 'seema', '', '7769874555', '2021-03-20 18:44:19', '2021-03-20 19:55:03', 1, '2021-03-20 18:44:19'),
(169, 'batch65', 'YogitaBhangale ', '91', '9880717352', '2021-03-20 20:35:11', '2021-03-20 20:56:26', 1, '2021-03-20 18:46:21'),
(170, 'batch67', 'Deepika Khanna', '91', '9650979933', '2021-03-20 18:53:35', '2021-03-20 18:54:05', 1, '2021-03-20 18:53:35'),
(171, 'batch65', 'Nishanth', '', '798465123', '2021-03-20 19:02:44', '2021-03-20 19:03:21', 0, '2021-03-20 19:02:44'),
(172, 'batch65', 'Nishanth', '', '84652', '2021-03-20 19:03:28', '2021-03-20 19:08:42', 1, '2021-03-20 19:03:28'),
(173, 'batch65', 'Vasudha', '', '9146022109', '2021-03-20 19:06:52', '2021-03-20 21:11:08', 1, '2021-03-20 19:06:52'),
(174, 'batch66', 'S N Jyothi', '91', '9880741919', '2021-03-20 19:06:59', '2021-03-20 19:07:29', 1, '2021-03-20 19:06:59'),
(175, 'batch65', 'Nishanth', '', '89645321', '2021-03-20 19:09:15', '2021-03-20 19:09:45', 1, '2021-03-20 19:09:15'),
(176, 'batch65', 'Jog Bojanna', '91', '9480438403', '2021-03-20 19:14:33', '2021-03-20 21:06:45', 0, '2021-03-20 19:14:33'),
(177, 'batch68', 'Rajesh Kumar ', '', '7292980647', '2021-03-31 10:20:18', '2021-03-31 10:27:37', 1, '2021-03-20 19:16:48'),
(178, 'batch66', 'Rajesh Kumar ', '', '7292980647', '2021-03-20 19:18:03', '2021-03-20 19:18:33', 1, '2021-03-20 19:18:03'),
(179, 'batch65', 'Archana Jaishankar', '91', '7304882444', '2021-03-20 20:00:06', '2021-03-20 20:59:36', 1, '2021-03-20 19:18:29'),
(180, 'batch65', 'VEERANNA BANDI', '', '8762228584', '2021-03-20 19:19:50', '2021-03-20 20:46:21', 1, '2021-03-20 19:19:50'),
(181, 'batch65', 'Priyanka', '', '7020365916', '2021-03-20 20:51:43', '2021-03-20 21:05:44', 1, '2021-03-20 19:19:58'),
(182, 'batch65', 'Nishanth', '', '978465132', '2021-03-20 19:21:34', '2021-03-20 21:39:39', 1, '2021-03-20 19:21:34'),
(183, 'batch65', 'Maruti Jadhav', '', '8788025977', '2021-03-20 19:48:55', '2021-03-20 20:16:26', 1, '2021-03-20 19:22:17'),
(184, 'batch65', 'Satish s', '', '8459257212', '2021-03-20 19:36:07', '2021-03-20 20:47:26', 0, '2021-03-20 19:22:35'),
(185, 'batch65', 'Gaurangi', '', '9967631967', '2021-03-20 19:22:54', '2021-03-20 21:05:54', 1, '2021-03-20 19:22:54'),
(186, 'batch65', 'Jaishankar', '91', '9820126170', '2021-03-20 19:40:30', '2021-03-20 19:52:00', 1, '2021-03-20 19:24:19'),
(187, 'batch65', 'Lakshmi Gannavarapu', '91', '9866693044', '2021-03-20 19:24:56', '2021-03-20 20:49:00', 1, '2021-03-20 19:24:56'),
(188, 'batch65', 'Dr.Hariom Dubey', '91', '9406558700', '2021-03-20 20:58:36', '2021-03-20 21:05:57', 1, '2021-03-20 19:25:36'),
(189, 'batch65', 'R C', '91', '9900564212', '2021-03-20 20:53:48', '2021-03-20 21:06:19', 1, '2021-03-20 19:26:24'),
(190, 'batch65', 'sandeep tandon', '91', '9820196656', '2021-03-20 19:26:56', '2021-03-20 21:05:49', 1, '2021-03-20 19:26:56'),
(191, 'batch65', 'SATYA PRAKASH GANNAVARAPU', '91', '9849103710', '2021-03-20 19:28:25', '2021-03-20 20:47:03', 1, '2021-03-20 19:28:25'),
(192, 'batch65', 'Chitralekha Rao', '91', '9916821140', '2021-03-20 19:29:14', '2021-03-20 20:50:21', 1, '2021-03-20 19:29:14'),
(193, 'batch65', 'Sharmila umesh ', '', '9845073024', '2021-03-20 19:29:30', '2021-03-20 21:06:00', 1, '2021-03-20 19:29:30'),
(194, 'batch65', 'GEETA V HAIKERWAL', '91', '9450909736', '2021-03-20 19:29:38', '2021-03-20 21:07:40', 1, '2021-03-20 19:29:38'),
(195, 'batch68', 'Medini', '91', '8197188940', '2021-03-20 19:51:26', '2021-03-20 19:51:56', 1, '2021-03-20 19:29:39'),
(196, 'batch65', 'Rashmi KG', '91', '9972299200', '2021-03-20 19:29:40', '2021-03-20 21:11:28', 1, '2021-03-20 19:29:40'),
(197, 'batch65', 'PRAMOD SONJE ', '', '9028056804', '2021-03-20 19:30:25', '2021-03-20 19:33:56', 1, '2021-03-20 19:30:25'),
(198, 'batch65', 'Shruti Sanjeev Kulkarni', '1', '2679928516', '2021-03-20 19:30:29', '2021-03-20 21:05:56', 1, '2021-03-20 19:30:29'),
(199, 'batch65', 'Roopa', '', '8008004985', '2021-03-20 20:21:15', '2021-03-20 21:06:21', 1, '2021-03-20 19:31:14'),
(200, 'batch65', 'R C', '91', '09900564212', '2021-03-20 19:31:56', '2021-03-20 20:49:44', 1, '2021-03-20 19:31:56'),
(201, 'batch65', 'Sadhana', '', '9819161356', '2021-03-20 19:58:36', '2021-03-20 21:26:37', 1, '2021-03-20 19:32:10'),
(202, 'batch65', 'Sunanda Ugale', '', '9503844546', '2021-03-20 21:15:46', '2021-03-20 21:16:16', 1, '2021-03-20 19:32:13'),
(203, 'batch65', 'Naresh', '44', '7917435998', '2021-03-20 19:32:21', '2021-03-20 21:06:12', 1, '2021-03-20 19:32:21'),
(204, 'batch65', 'Kaniz Fatima ', '966', '506816160', '2021-03-20 19:33:07', '2021-03-20 21:06:11', 1, '2021-03-20 19:33:07'),
(205, 'batch65', 'PRAMOD SONJE', '', '09028056804', '2021-03-20 19:34:05', '2021-03-20 20:25:35', 1, '2021-03-20 19:34:05'),
(206, 'batch65', 'Mahalakshmi Mahadevan', '', '8861303243', '2021-03-20 20:23:20', '2021-03-20 20:49:29', 0, '2021-03-20 19:34:11'),
(207, 'batch65', 'vishal Gupta ', '', '8699379916', '2021-03-20 20:27:16', '2021-03-20 21:05:57', 1, '2021-03-20 19:34:12'),
(208, 'batch65', 'Dr Chaya Raju', '966', '551242080', '2021-03-20 20:18:52', '2021-03-20 21:06:24', 1, '2021-03-20 19:34:46'),
(209, 'batch65', 'Dr Kumar Swamy P R', '91', '09448884774', '2021-03-20 20:20:53', '2021-03-20 21:06:54', 1, '2021-03-20 19:35:11'),
(210, 'batch65', 'Jayashri Kireeti', '', '9845944408', '2021-03-20 19:35:56', '2021-03-20 21:06:27', 1, '2021-03-20 19:35:56'),
(211, 'batch65', 'Bhagawathi Bhat', '91', '9326733246', '2021-03-20 20:56:47', '2021-03-20 21:05:48', 1, '2021-03-20 19:36:17'),
(212, 'batch65', 'Bala Shivasunder ', '', '9167027901', '2021-03-20 19:44:29', '2021-03-20 21:06:00', 0, '2021-03-20 19:36:22'),
(213, 'batch65', 'Aparna ray', '', '9820916103', '2021-03-20 19:37:09', '2021-03-20 21:21:46', 1, '2021-03-20 19:37:09'),
(214, 'batch65', 'Jayanthi', '1', '6096516098', '2021-03-20 20:14:10', '2021-03-20 21:07:24', 1, '2021-03-20 19:37:49'),
(215, 'batch65', 'Srilakshmi Vijay', '1', '3035230818', '2021-03-20 19:38:03', '2021-03-20 21:06:33', 1, '2021-03-20 19:38:03'),
(216, 'batch65', 'rachana rao', '91', '9323975761', '2021-03-20 19:38:06', '2021-03-20 21:06:55', 0, '2021-03-20 19:38:06'),
(217, 'batch65', 'Anuradha karhadkar', '', '09968283475', '2021-03-20 20:48:28', '2021-03-20 20:57:29', 1, '2021-03-20 19:38:13'),
(218, 'batch65', 'Bhavna Tiwari', '91', '9920828190', '2021-03-20 19:38:28', '2021-03-20 21:05:46', 1, '2021-03-20 19:38:28'),
(219, 'batch65', 'Prabhavati ', '91', '9492755106', '2021-03-20 19:38:32', '2021-03-20 19:39:02', 1, '2021-03-20 19:38:32'),
(220, 'batch65', 'Nita Jagad', '', '9821178715', '2021-03-20 19:38:55', '2021-03-20 21:13:34', 1, '2021-03-20 19:38:55'),
(221, 'batch65', 'Trupti', '1', '6475250717', '2021-03-20 19:40:55', '2021-03-20 21:06:11', 1, '2021-03-20 19:40:55'),
(222, 'batch65', 'Dr ShubhangiGurav', '91', '9049272267', '2021-03-20 19:45:39', '2021-03-20 20:54:29', 1, '2021-03-20 19:41:59'),
(223, 'batch65', 'Ravindra Nayak ', '', '867623399', '2021-03-20 19:43:16', '2021-03-20 19:53:47', 1, '2021-03-20 19:43:16'),
(224, 'batch65', 'Prachi ', '', '7030178181', '2021-03-20 19:44:09', '2021-03-20 20:16:39', 1, '2021-03-20 19:44:09'),
(225, 'batch65', 'Seema Dekate', '91', '9407051296', '2021-03-20 19:46:45', '2021-03-20 20:16:48', 1, '2021-03-20 19:46:45'),
(226, 'batch65', 'Divya Gupta', '', '8800588717', '2021-03-20 19:47:47', '2021-03-20 21:06:05', 1, '2021-03-20 19:47:47'),
(227, 'batch65', 'Nikhil', '', '9372390958', '2021-03-20 19:47:48', '2021-03-20 20:03:49', 1, '2021-03-20 19:47:48'),
(228, 'batch65', 'Shuchita', '965', '55147691', '2021-03-20 19:49:05', '2021-03-20 19:57:07', 1, '2021-03-20 19:49:05'),
(229, 'batch65', 'Gayathri ', '91', '9482955663', '2021-03-20 19:49:21', '2021-03-20 20:23:51', 1, '2021-03-20 19:49:21'),
(230, 'batch65', 'Umesh', '91', '9216732444', '2021-03-20 20:37:19', '2021-03-20 21:05:52', 1, '2021-03-20 19:49:51'),
(231, 'batch65', 'Medini ', '91', '8197188940', '2021-03-20 19:57:42', '2021-03-20 21:02:13', 1, '2021-03-20 19:52:19'),
(232, 'batch68', 'Shashi Prabha', '91', '9940369362', '2021-03-20 21:38:08', '2021-03-20 21:38:16', 0, '2021-03-20 19:53:13'),
(233, 'batch65', 'Ravindra Nayak', '', '8867623399', '2021-03-20 19:53:39', '2021-03-20 20:21:47', 1, '2021-03-20 19:53:39'),
(234, 'batch65', 'Vibha Gupta', '91', '09810307997', '2021-03-20 20:40:25', '2021-03-20 21:06:09', 1, '2021-03-20 19:53:41'),
(235, 'batch65', 'Anupam Das Gupta', '91', '9926905433', '2021-03-20 19:54:03', '2021-03-20 20:23:28', 1, '2021-03-20 19:54:03'),
(236, 'batch65', 'Kalaravindra ', '', '9900593836', '2021-03-20 19:56:27', '2021-03-20 20:20:58', 1, '2021-03-20 19:56:27'),
(237, 'batch65', 'Shanti iyer', '91', '9820229380', '2021-03-20 19:57:55', '2021-03-20 20:15:26', 1, '2021-03-20 19:57:55'),
(238, 'batch65', 'veenu Shivdasani', '', '9890924059', '2021-03-20 20:00:00', '2021-03-20 20:20:31', 1, '2021-03-20 20:00:00'),
(239, 'batch65', 'Archana Sudhakar', '91', '8105956000', '2021-03-20 20:00:12', '2021-03-20 21:06:07', 1, '2021-03-20 20:00:12'),
(240, 'batch65', 'Vasanthi ', '', '9900158613', '2021-03-20 20:12:44', '2021-03-20 20:56:44', 1, '2021-03-20 20:03:02'),
(241, 'batch65', 'Parul parikh', '91', '9757311168', '2021-03-20 20:03:33', '2021-03-20 20:17:04', 1, '2021-03-20 20:03:33'),
(242, 'batch65', 'Priti Verma', '1', '9564570676', '2021-03-20 20:04:47', '2021-03-20 21:05:49', 1, '2021-03-20 20:04:47'),
(243, 'batch65', 'Anandan Durairajan ', '91', '9994394094', '2021-03-20 20:06:07', '2021-03-20 20:16:08', 1, '2021-03-20 20:06:07'),
(244, 'batch65', 'Sunil Karhadkar', '', '8920870122', '2021-03-20 20:06:12', '2021-03-20 21:06:12', 1, '2021-03-20 20:06:12'),
(245, 'batch65', 'Sarla', '91', '9611877444', '2021-03-20 20:35:08', '2021-03-20 21:06:39', 1, '2021-03-20 20:07:58'),
(246, 'batch65', 'Purvi shah', '91', '9819133846', '2021-03-20 20:08:55', '2021-03-20 20:45:06', 1, '2021-03-20 20:08:55'),
(247, 'batch65', 'Kiran bhise', '91', '8287168782', '2021-03-20 20:09:34', '2021-03-20 20:33:00', 0, '2021-03-20 20:09:34'),
(248, 'batch65', 'Anita Dhar ', '', '9822325359', '2021-03-20 20:33:18', '2021-03-20 21:06:06', 1, '2021-03-20 20:09:52'),
(249, 'batch65', 'Chitra ', '', '9820866171', '2021-03-20 20:40:01', '2021-03-20 21:36:49', 1, '2021-03-20 20:11:25'),
(250, 'batch65', 'jita vakil', '', '9820320127', '2021-03-20 20:14:58', '2021-03-20 20:15:59', 1, '2021-03-20 20:14:58'),
(251, 'batch65', 'Kavita Ashwath ', '', '9980474349', '2021-03-21 09:23:50', '2021-03-21 09:24:20', 1, '2021-03-20 20:18:50'),
(252, 'batch65', 'Utpal Banerjee', '', '9403511542', '2021-03-20 20:19:27', '2021-03-20 20:25:28', 1, '2021-03-20 20:19:27'),
(253, 'batch65', 'Anuradha Sanglikar', '91', '8668254131', '2021-03-20 20:20:24', '2021-03-20 20:56:28', 1, '2021-03-20 20:20:24'),
(254, 'batch65', 'Mahesh joshi', '', '9993597233', '2021-03-20 20:22:15', '2021-03-20 20:28:46', 1, '2021-03-20 20:22:15'),
(255, 'batch65', 'Pranjali Joshi', '', '9981642080', '2021-03-20 20:24:43', '2021-03-20 21:06:18', 1, '2021-03-20 20:24:43'),
(256, 'batch65', 'Narjit Kaur Phanichkrivalkosil ', '66', '818255595', '2021-03-20 20:26:02', '2021-03-20 21:06:02', 1, '2021-03-20 20:26:02'),
(257, 'batch65', 'Padmini Atal', '968', '99325633', '2021-03-20 20:27:52', '2021-03-20 20:38:01', 1, '2021-03-20 20:27:52'),
(258, 'batch65', 'Geetika Soni', '', '9822977950', '2021-03-20 20:29:29', '2021-03-20 20:31:00', 1, '2021-03-20 20:29:29'),
(259, 'batch65', 'Archana', '91', '9423160448', '2021-03-20 20:32:42', '2021-03-20 21:06:19', 1, '2021-03-20 20:32:42'),
(260, '-1', 'Sarla', '91', '9611877444', '2021-03-20 20:33:20', '2021-03-20 20:35:31', 1, '2021-03-20 20:33:20'),
(261, 'batch65', 'Kiran bhise', '', '8287168782', '2021-03-20 20:33:50', '2021-03-20 21:06:23', 1, '2021-03-20 20:33:50'),
(262, 'batch65', 'Manisha doifode', '', '9921903882', '2021-03-20 20:35:15', '2021-03-20 21:06:39', 1, '2021-03-20 20:35:15'),
(263, 'batch65', 'Falguni Tejani', '91', '9820588759', '2021-03-20 20:44:02', '2021-03-20 21:07:02', 1, '2021-03-20 20:44:02'),
(264, 'batch65', 'Lakshmi Khasnavis', '1', '6786655879', '2021-03-20 21:00:08', '2021-03-20 21:06:39', 1, '2021-03-20 20:48:04'),
(265, 'batch67', 'AVN LAKSHMI', '', '9246353686', '2021-03-20 20:58:48', '2021-03-20 21:47:28', 1, '2021-03-20 20:58:48'),
(266, 'batch65', 'vijaya eligar', '', '09740066045', '2021-03-20 21:04:04', '2021-03-20 21:06:06', 1, '2021-03-20 21:04:04'),
(267, '-1', 'Murali ', '974', '70906463', '2021-03-20 21:06:18', '2021-03-20 21:06:48', 1, '2021-03-20 21:06:18'),
(268, 'batch65', 'Murali ', '974', '70906463', '2021-03-20 21:06:42', '2021-03-20 21:07:12', 1, '2021-03-20 21:06:42'),
(269, 'batch65', 'B.Valli ', '91', '9246876155', '2021-03-20 21:28:33', '2021-03-20 21:36:02', 1, '2021-03-20 21:28:33'),
(270, 'batch68', 'Dhananjay Vinod Hanumante', '', '08668410773', '2021-03-20 21:31:18', '2021-03-20 21:31:48', 1, '2021-03-20 21:31:18'),
(271, 'batch65', 'Vaishali', '91', '985050032', '2021-03-20 22:04:51', '2021-03-20 22:05:21', 1, '2021-03-20 22:04:51'),
(272, 'batch67', 'Jaya Adnani', '971', '505651974', '2021-03-20 22:53:23', '2021-03-20 22:54:24', 1, '2021-03-20 22:53:23'),
(273, 'batch65', 'Rama devi', '91', '9840188840', '2021-03-20 23:09:09', '2021-03-20 23:09:39', 1, '2021-03-20 23:09:09'),
(274, 'batch67', 'Vaishali ', '', '9980208015', '2021-03-21 07:50:23', '2021-03-21 07:51:24', 1, '2021-03-21 07:50:23'),
(275, 'batch65', 'Nitin', '', '9821051666', '2021-03-21 10:00:47', '2021-03-21 10:01:17', 1, '2021-03-21 10:00:47'),
(276, 'batch67', 'Bhaskaran Srinivasan', '91', '9390917090', '2021-03-21 14:29:13', '2021-03-21 14:30:13', 1, '2021-03-21 14:29:13'),
(277, 'batch68', 'Gunwati sahu', '', '9669295666', '2021-03-21 16:54:34', '2021-03-21 16:55:04', 1, '2021-03-21 16:37:23'),
(278, 'batch67', 'Anjali gupta', '', '9810560155', '2021-03-21 17:32:38', '2021-03-21 17:42:34', 1, '2021-03-21 17:31:50'),
(279, 'batch65', 'Sharddha', '91', '8975663707', '2021-03-21 18:26:26', '2021-03-21 18:31:59', 1, '2021-03-21 18:26:26'),
(280, 'batch68', 'Disan kumar sahu', '', '9981185859', '2021-03-21 18:38:12', '2021-03-21 18:38:42', 1, '2021-03-21 18:38:12'),
(281, 'batch65', 'Shraddha', '', '8975663707', '2021-03-21 19:40:46', '2021-03-21 19:41:16', 1, '2021-03-21 19:26:43'),
(282, 'batch68', 'Dayanand Gholap ', '', '7028085774', '2021-03-22 11:29:22', '2021-03-22 11:29:52', 1, '2021-03-22 11:29:22'),
(283, 'batch68', 'N. Manoharan', '91', '9442613209', '2021-03-22 14:42:20', '2021-03-22 14:43:21', 1, '2021-03-22 14:42:20'),
(284, 'batch67', 'Gurpreet', '', '9811891880', '2021-03-23 08:54:16', '2021-03-23 09:18:43', 1, '2021-03-23 08:54:16'),
(285, 'batch65', 'Sarala sharma', '', '860563851', '2021-03-23 08:59:39', '2021-03-23 09:00:40', 1, '2021-03-23 08:59:39'),
(286, 'batch67', 'Gurpreet', '', '9711891880', '2021-03-25 07:02:17', '2021-03-25 07:24:24', 1, '2021-03-25 07:02:17'),
(287, 'batch68', 'armin wadia', '', '9989021390', '2021-03-27 20:06:40', '2021-03-27 20:07:10', 1, '2021-03-25 13:54:07'),
(288, 'batch68', 'Vrushali Sakarkar', '', '9422939863', '2021-04-08 12:04:09', '2021-04-08 12:04:39', 1, '2021-03-26 20:35:03'),
(289, 'batch65', 'Kalpana Agarwal', '', '8809977987', '2021-04-08 12:34:29', '2021-04-08 12:34:59', 1, '2021-03-27 13:11:15'),
(290, 'batch68', 'Kalpana agarwal', '', '8809977987', '2021-03-27 13:13:54', '2021-03-27 13:14:24', 1, '2021-03-27 13:13:54'),
(291, '-1', 'Kalpana agarwal', '', '8809977987', '2021-03-27 13:14:05', '2021-03-27 13:14:35', 1, '2021-03-27 13:14:05'),
(292, 'batch68', 'Minu khemka', '91', '09831895324', '2021-03-27 17:04:38', '2021-03-27 17:05:08', 1, '2021-03-27 17:04:38'),
(293, 'batch68', 'Minu khemka', '91', '9831895324', '2021-03-27 17:05:57', '2021-03-27 17:07:09', 1, '2021-03-27 17:05:57'),
(294, 'batch67', 'Bharati Batra', '', '9960746229', '2021-04-04 18:29:45', '2021-04-04 18:35:46', 1, '2021-04-04 18:29:45'),
(295, 'batch68', 'Varsha khairnar ', '', '9619727124', '2021-04-10 10:04:28', '2021-04-10 10:04:58', 1, '2021-04-06 14:20:42'),
(296, 'batch67', 'Pradna', '', '9845651468', '2021-04-10 18:25:16', '2021-04-10 18:25:46', 1, '2021-04-10 18:25:16'),
(297, 'batch65', 'neeraj', '', '987456213', '2021-04-23 13:10:02', '2021-04-23 13:12:12', 1, '2021-04-23 13:10:02'),
(298, 'batch65', 'neeraj', '', '987654', '2021-04-23 13:35:29', '2021-04-23 13:39:53', 1, '2021-04-23 13:35:29'),
(299, 'batch65', 'Saralasharma', '', '8605638511', '2021-05-02 11:49:16', '2021-05-02 11:49:46', 1, '2021-05-02 11:49:16'),
(300, 'batch68', 'Beena Darda', '', '9660343114', '2021-10-02 10:46:59', '2021-10-02 10:49:30', 1, '2021-10-02 10:46:59'),
(301, 'batch65', 'V', '', '65', '2022-01-18 12:27:36', '2022-01-18 12:31:37', 1, '2022-01-18 12:27:36'),
(302, 'batch65', 'rumana', '', '347234', '2022-01-18 14:06:24', '2022-01-18 14:24:45', 1, '2022-01-18 14:06:24'),
(303, 'batch65', 'rumana', '', '4343', '2022-01-18 14:34:44', '2022-01-18 14:35:14', 1, '2022-01-18 14:34:44'),
(304, 'batch65', 'rumana', '', '35645', '2022-01-18 15:40:25', '2022-01-18 15:40:55', 1, '2022-01-18 15:40:25'),
(305, 'batch67', 'rumana', '', '346465', '2022-01-18 19:59:16', '2022-01-18 20:02:50', 1, '2022-01-18 19:59:16'),
(306, 'batch65', 'qqqqqq', '', '1232142', '2022-01-19 12:29:51', '2022-01-19 12:31:22', 1, '2022-01-19 12:29:51'),
(307, 'batch65', 'rumana', '', '56656', '2022-01-24 17:01:35', '2022-01-24 17:02:05', 1, '2022-01-24 17:01:35');

--
-- Indexes for dumped tables
--

--
-- Indexes for table `tbl_questions`
--
ALTER TABLE `tbl_questions`
  ADD PRIMARY KEY (`id`);

--
-- Indexes for table `tbl_users`
--
ALTER TABLE `tbl_users`
  ADD PRIMARY KEY (`id`);

--
-- AUTO_INCREMENT for dumped tables
--

--
-- AUTO_INCREMENT for table `tbl_questions`
--
ALTER TABLE `tbl_questions`
  MODIFY `id` int(11) NOT NULL AUTO_INCREMENT, AUTO_INCREMENT=239;
--
-- AUTO_INCREMENT for table `tbl_users`
--
ALTER TABLE `tbl_users`
  MODIFY `id` int(4) NOT NULL AUTO_INCREMENT, AUTO_INCREMENT=308;
/*!40101 SET CHARACTER_SET_CLIENT=@OLD_CHARACTER_SET_CLIENT */;
/*!40101 SET CHARACTER_SET_RESULTS=@OLD_CHARACTER_SET_RESULTS */;
/*!40101 SET COLLATION_CONNECTION=@OLD_COLLATION_CONNECTION */;
