-- phpMyAdmin SQL Dump
-- version 4.6.6deb5ubuntu0.5
-- https://www.phpmyadmin.net/
--
-- Host: localhost:3306
-- Generation Time: Feb 15, 2022 at 05:19 AM
-- Server version: 5.7.36-0ubuntu0.18.04.1
-- PHP Version: 7.2.24-0ubuntu0.18.04.10

SET SQL_MODE = "NO_AUTO_VALUE_ON_ZERO";
SET time_zone = "+00:00";


/*!40101 SET @OLD_CHARACTER_SET_CLIENT=@@CHARACTER_SET_CLIENT */;
/*!40101 SET @OLD_CHARACTER_SET_RESULTS=@@CHARACTER_SET_RESULTS */;
/*!40101 SET @OLD_COLLATION_CONNECTION=@@COLLATION_CONNECTION */;
/*!40101 SET NAMES utf8mb4 */;

--
-- Database: `ExcerciseExpertQA_2`
--

-- --------------------------------------------------------

--
-- Table structure for table `tbl_countries`
--

CREATE TABLE `tbl_countries` (
  `country` varchar(43) DEFAULT NULL,
  `cntry_code` varchar(5) DEFAULT NULL
) ENGINE=InnoDB DEFAULT CHARSET=utf8;

--
-- Dumping data for table `tbl_countries`
--

INSERT INTO `tbl_countries` (`country`, `cntry_code`) VALUES
('Afghanistan', '93'),
('Albania', '355'),
('Algeria', '213'),
('American Samoa', '1-684'),
('Andorra', '376'),
('Angola', '244'),
('Anguilla', '1-264'),
('Antarctica', '672'),
('Antigua', '1-268'),
('Argentina', '54'),
('Armenia', '374'),
('Aruba', '297'),
('Ascension', '247'),
('Australia', '61'),
('Australian External Territories', '672'),
('Austria', '43'),
('Azerbaijan', '994'),
('Bahamas', '1-242'),
('Bahrain', '973'),
('Bangladesh', '880'),
('Barbados', '1-246'),
('Barbuda', '1-268'),
('Belarus', '375'),
('Belgium', '32'),
('Belize', '501'),
('Benin', '229'),
('Bermuda', '1-441'),
('Bhutan', '975'),
('Bolivia', '591'),
('Bosnia & Herzegovina', '387'),
('Botswana', '267'),
('Brazil', '55'),
('British Virgin Islands', '1-284'),
('Brunei Darussalam', '673'),
('Bulgaria', '359'),
('Burkina Faso', '226'),
('Burundi', '257'),
('Cambodia', '855'),
('Cameroon', '237'),
('Canada', '1'),
('Cape Verde Islands', '238'),
('Cayman Islands', '1-345'),
('Central African Republic', '236'),
('Chad', '235'),
('Chatham Island (New Zealand)', '64'),
('Chile', '56'),
('China (PRC)', '86'),
('Christmas Island', '61-8'),
('', ''),
('Cocos-Keeling Islands', '61'),
('Colombia', '57'),
('Comoros', '269'),
('Congo', '242'),
('Congo, Dem. Rep. of?', '243'),
('Cook Islands', '682'),
('Costa Rica', '506'),
('C?te d\'Ivoire', '225'),
('Croatia', '385'),
('Cuba', '53'),
('Cuba', '5399'),
('Cura?ao', '599'),
('Cyprus', '357'),
('Czech Republic', '420'),
('Denmark', '45'),
('Diego Garcia', '246'),
('Djibouti', '253'),
('Dominica', '1-767'),
('Dominican Republic', '1-809'),
('East Timor', '670'),
('Easter Island', '56'),
('Ecuador', '593'),
('Egypt', '20'),
('El Salvador', '503'),
('Equatorial Guinea', '240'),
('Eritrea', '291'),
('Estonia', '372'),
('Ethiopia', '251'),
('Falkland Islands', '500'),
('Faroe Islands', '298'),
('Fiji Islands', '679'),
('Finland', '358'),
('France', '33'),
('French Antilles', '596'),
('French Guiana', '594'),
('French Polynesia', '689'),
('Gabonese Republic', '241'),
('Gambia', '220'),
('Georgia', '995'),
('Germany', '49'),
('Ghana', '233'),
('Gibraltar', '350'),
('Greece', '30'),
('Greenland', '299'),
('Grenada', '1-473'),
('Guadeloupe', '590'),
('Guam', '1-671'),
('Guantanamo Bay', '5399'),
('Guatemala', '502'),
('Guinea-Bissau', '245'),
('Guinea', '224'),
('Guyana', '592'),
('Haiti', '509'),
('Honduras', '504'),
('Hong Kong', '852'),
('Hungary', '36'),
('Iceland', '354'),
('India', '91'),
('Indonesia', '62'),
('Inmarsat (Atlantic Ocean - East)', '871'),
('Inmarsat (Atlantic Ocean - West)', '874'),
('Inmarsat (Indian Ocean)', '873'),
('Inmarsat (Pacific Ocean)', '872'),
('International Freephone Service', '800'),
('International Shared Cost Service (ISCS)', '808'),
('Iran', '98'),
('Iraq', '964'),
('Ireland', '353'),
('Iridium', '8816'),
('Israel', '972'),
('Italy', '39'),
('Jamaica', '1-876'),
('Japan', '81'),
('Jordan', '962'),
('Kazakhstan', '7'),
('Kenya', '254'),
('Kiribati', '686'),
('Korea (North)', '850'),
('Korea (South)', '82'),
('Kuwait', '965'),
('Kyrgyz Republic', '996'),
('Laos', '856'),
('Latvia', '371'),
('Lebanon', '961'),
('Lesotho', '266'),
('Liberia', '231'),
('Libya', '218'),
('Liechtenstein', '423'),
('Lithuania', '370'),
('Luxembourg', '352'),
('Macao', '853'),
('Macedonia', '389'),
('Madagascar', '261'),
('Malawi', '265'),
('Malaysia', '60'),
('Maldives', '960'),
('Mali Republic', '223'),
('Malta', '356'),
('Marshall Islands', '692'),
('Martinique', '596'),
('Mauritania', '222'),
('Mauritius', '230'),
('Mayotte Island', '269'),
('Mexico', '52'),
('Micronesia, (Federal States of)', '691'),
('Midway Island', '1-808'),
('Moldova', '373'),
('Monaco', '377'),
('Mongolia', '976'),
('Montenegro', '382'),
('Montserrat', '1-664'),
('Morocco', '212'),
('Mozambique', '258'),
('Myanmar', '95'),
('Namibia', '264'),
('Nauru', '674'),
('Nepal', '977'),
('Netherlands', '31'),
('Netherlands Antilles', '599'),
('Nevis', '1-869'),
('New Caledonia', '687'),
('New Zealand', '64'),
('Nicaragua', '505'),
('Niger', '227'),
('Nigeria', '234'),
('Niue', '683'),
('Norfolk Island', '672'),
('Northern Marianas Islands', '1-670'),
('', ''),
('Norway', '47'),
('Oman', '968'),
('Pakistan', '92'),
('Palau', '680'),
('Palestinian Settlements', '970'),
('Panama', '507'),
('Papua New Guinea', '675'),
('Paraguay', '595'),
('Peru', '51'),
('Philippines', '63'),
('Poland', '48'),
('Portugal', '351'),
('Puerto Rico', '1-787'),
('Qatar', '974'),
('R?union Island', '262'),
('Romania', '40'),
('Russia', '7'),
('Rwandese Republic', '250'),
('St. Helena', '290'),
('St. Kitts/Nevis', '1-869'),
('St. Lucia', '-757'),
('St. Pierre & Miquelon', '508'),
('St. Vincent & Grenadines', '1-784'),
('Samoa', '685'),
('San Marino', '378'),
('S?o Tom? and Principe', '239'),
('Saudi Arabia', '966'),
('Senegal', '221'),
('Serbia', '381'),
('Seychelles Republic', '248'),
('Sierra Leone', '232'),
('Singapore', '65'),
('Slovak Republic', '421'),
('Slovenia', '386'),
('Solomon Islands', '677'),
('Somali Democratic Republic', '252'),
('South Africa', '27'),
('Spain', '34'),
('Sri Lanka', '94'),
('Sudan', '249'),
('Suriname', '597'),
('Swaziland', '268'),
('Sweden', '46'),
('Switzerland', '41'),
('Syria', '963'),
('Taiwan', '886'),
('Tajikistan', '992'),
('Tanzania', '255'),
('Thailand', '66'),
('Thuraya (Mobile Satellite service)', '88216'),
('Timor Leste', '670'),
('Togolese Republic', '228'),
('Tokelau', '690'),
('Tonga Islands', '676'),
('Trinidad & Tobago', '1-868'),
('Tunisia', '216'),
('Turkey', '90'),
('Turkmenistan', '993'),
('Turks and Caicos Islands', '1-649'),
('Tuvalu', '688'),
('Uganda', '256'),
('Ukraine', '380'),
('United Arab Emirates', '971'),
('United Kingdom', '44'),
('United States of America', '1'),
('US Virgin Islands', '1-340'),
('Universal Personal Telecommunications (UPT)', '878'),
('Uruguay', '598'),
('Uzbekistan', '998'),
('Vanuatu', '678'),
('Vatican City', '39'),
('Venezuela', '58'),
('Vietnam', '84'),
('Wake Island', '808');

-- --------------------------------------------------------

--
-- Table structure for table `tbl_questions`
--

CREATE TABLE `tbl_questions` (
  `id` int(11) NOT NULL,
  `batch` varchar(50) NOT NULL,
  `select_batch` varchar(150) DEFAULT NULL,
  `user_name` varchar(255) NOT NULL,
  `user_phone` varchar(15) NOT NULL,
  `user_question` varchar(500) NOT NULL,
  `asked_at` datetime NOT NULL,
  `user_code` varchar(10) NOT NULL,
  `speaker` int(11) NOT NULL DEFAULT '0',
  `answered` int(11) NOT NULL DEFAULT '0',
  `responded` int(11) DEFAULT '0',
  `doctor` int(11) DEFAULT '0',
  `diet` int(11) DEFAULT '0',
  `exercise` int(11) DEFAULT '0',
  `mentor` int(11) DEFAULT '0',
  `operations` int(11) DEFAULT '0',
  `remark` varchar(250) DEFAULT NULL
) ENGINE=InnoDB DEFAULT CHARSET=latin1;

--
-- Dumping data for table `tbl_questions`
--

INSERT INTO `tbl_questions` (`id`, `batch`, `select_batch`, `user_name`, `user_phone`, `user_question`, `asked_at`, `user_code`, `speaker`, `answered`, `responded`, `doctor`, `diet`, `exercise`, `mentor`, `operations`, `remark`) VALUES
(1, 'batch65', 'Batch63', 'neeraj', '9700467764', 'hello', '2021-04-28 14:09:29', '', 0, 0, 0, 0, 0, 0, 0, 0, NULL),
(2, 'batch65', 'Batch68', 'S Shanthi', '9677294284', 'BSL is highly fluctuating. There is no weight gain', '2021-04-28 16:54:41', '91', 0, 0, 1, 0, 0, 0, 0, 0, NULL),
(3, 'batch65', 'Batch66', 'Anil Sunger', '8800620181', 'BMI is 20.91. Wish to gain 3 kg as advised by FFD doctor. Please advise', '2021-04-28 18:50:45', '', 0, 0, 1, 0, 0, 0, 0, 0, NULL),
(4, 'batch65', 'Batch67', 'Govind Kulkarni', '09833782482', 'How to gain weight??', '2021-04-28 19:14:40', '91', 0, 0, 1, 0, 0, 0, 0, 0, NULL),
(5, 'batch65', 'Batch67', 'Govind Kulkarni', '09833782482', 'How to stabilize BSL', '2021-04-28 19:15:06', '91', 0, 0, 1, 0, 0, 0, 0, 0, NULL),
(6, 'batch65', 'Batch65', 'Dayananda K D', '9448206667', 'My weight is not improve inspite of doing muscle building exercise and yoga', '2021-04-30 07:24:17', '91', 0, 0, 0, 0, 1, 0, 0, 0, NULL),
(7, 'batch65', 'Batch65', 'Pradip Dey ', '7005765525', 'My bsl decreased but with new diet plan is is increasing.....is it normal ?', '2021-04-30 08:17:35', '', 0, 0, 1, 0, 0, 0, 0, 0, NULL),
(8, 'batch65', 'Batch64', 'K.SRINIVAS Krishnamoorthy', '09632830096', 'Sir,I have noticed that my BSL is High for about 2 to 3 hours after Exercises.Is that normal?', '2021-04-30 16:44:22', '91', 0, 0, 1, 0, 0, 0, 0, 0, NULL),
(9, 'batch65', 'Batch64', 'K.SRINIVAS Krishnamoorthy', '09632830096', 'Sir,I have noticed that BSL reads high for about 2to3 hours after exercise.Is that normal. ( 65 young BMI 19.5)', '2021-04-30 16:46:23', '91', 0, 0, 1, 0, 0, 0, 0, 0, NULL),
(10, 'batch65', 'Batch68', 'Srinivas Keerthi', '7322216361', 'My BMI is 21.5, my BSL are still in red I am asked to do only NODâ€™s, why canâ€™t I do steps? I have seen my BSL s are in green when I do steps!!!', '2021-04-30 18:40:26', '1', 0, 0, 1, 0, 0, 0, 0, 0, NULL),
(11, 'batch65', 'Batch68', 'Prabha Saraswat', '9818774915', 'My BMI is 17. I was always thin . My mother was also very thin .Both with tremendous energy . How much should be my targeted BMI considering it will be very difficult for me.', '2021-04-30 18:46:47', '', 0, 0, 1, 0, 0, 0, 0, 0, NULL),
(12, 'batch65', 'Batch68', 'sumangala raman', '8023415087', 'How to reduce my visceral fat?', '2021-04-30 18:47:23', '', 0, 0, 1, 0, 0, 0, 0, 0, NULL),
(13, 'batch65', 'Batch66', 'Umashankar Virat ', '9205631488', 'I was down with COVID so  could not started the phase-4 exercises. Now I have  recovered but feeling weak. So what exercise can I do in this stage.', '2021-04-30 18:48:51', '', 0, 0, 1, 0, 0, 0, 0, 0, NULL),
(14, 'batch65', 'Batch68', 'sumangala raman', '8023415087', 'Is it possible to reverse diabetes without completely reducing the visceral fat?', '2021-04-30 18:48:58', '', 0, 0, 1, 0, 0, 0, 0, 0, NULL),
(15, 'batch65', 'Batch65', 'Unnikrishnan P', '8871010099', 'Due to Lockdown in our area, not able to go out for Cycling, So managing the show with Home Cycle. Just wanted ask how much should have Home Cycle Ride on Saturdays which is supposed to longest outdoor ride of the week if I go out?', '2021-04-30 18:49:57', '', 0, 0, 1, 0, 0, 0, 0, 0, NULL),
(16, 'batch65', 'Batch65', 'Karthick', '9886294000', 'Sir, I wanted to take covid 19 vaccine but having diabetes is a concern? Please explain. My BSL goes upto 190 after meal', '2021-04-30 18:51:54', '91', 0, 0, 1, 0, 0, 0, 0, 0, NULL),
(17, 'batch65', 'Batch65', 'Sivaramakrishnan C B', '9841283881', 'How much muscle mass from initial state needs to be increased to ensure increased burn of sugars. My fasting levels are still hovering only 120-130. Regards', '2021-04-30 18:54:12', '', 0, 0, 1, 0, 0, 0, 0, 0, NULL),
(18, 'batch65', 'Batch63', 'Subhash Bhosle ', '7019246455', 'Weight is not raising even though eating more meals sir', '2021-04-30 18:54:21', '91', 0, 0, 1, 0, 0, 0, 0, 0, NULL),
(19, 'batch65', 'Batch65', 'Sivaramakrishnan C B', '9841283881', 'and its wonderful to be part of the diabetheles legends gap. Lot of daily motivation to stay focussed. Thank you Chief :)', '2021-04-30 18:55:16', '', 0, 0, 1, 0, 0, 0, 0, 0, NULL),
(20, 'batch65', 'Batch68', 'Prabha Saraswat', '9818774915', 'can you please suggest a good scale for body composition analysis.', '2021-04-30 18:55:32', '', 0, 0, 1, 0, 0, 0, 0, 0, NULL),
(21, 'batch65', 'Batch67', 'MBRao', '9901216073', 'Have glaucoma and thin retina. What type of exercise should be avoided?', '2021-04-30 18:57:05', '91', 0, 0, 1, 0, 0, 0, 0, 0, NULL),
(22, 'batch65', 'Batch64', 'Priti taneja', '9899541972', 'Why after reducing weight again  I m gaining. Should I to hve reduce again', '2021-04-30 18:57:21', '91', 0, 0, 1, 0, 0, 0, 0, 0, NULL),
(23, 'batch65', 'Batch67', 'Krishnamoorthy Rao', '9901955485', 'Managing time for exercises and yoga is highly challenging when we are working as we are in phase 4  where muscle building activities are on. Morning 1.5 to 2 hours will go for morning meditation and yoga. Then we have to do NOD/stair climbing after 1.45 hours of food 3 times. In between we have to spend  0.45 to 1 hour for muscle building exercises. Is there a way to manage this. Too much hectic would create stress.', '2021-04-30 18:57:30', '', 0, 0, 0, 0, 0, 0, 0, 0, NULL),
(24, 'batch65', 'Batch67', 'Krishnamoorthy Rao', '9901955485', 'Managing time for exercises and yoga is highly challenging when we are working as we are in phase 4  where muscle building activities are on. Morning 1.5 to 2 hours will go for morning meditation and yoga. Then we have to do NOD/stair climbing after 1.45 hours of food 3 times. In between we have to spend  0.45 to 1 hour for muscle building exercises. Is there a way to manage this. Too much hectic would create stress.', '2021-04-30 18:57:42', '', 0, 0, 0, 0, 0, 1, 0, 0, NULL),
(25, 'batch65', 'Batch63', 'Subhash Bhosle ', '7019246455', 'Weight is not in creasing even thought eating full meals sir my B M I is 21 .9  &weight is 63.5 kg & height is 168 centi meters sir', '2021-04-30 18:58:24', '91', 0, 0, 1, 0, 0, 0, 0, 0, NULL),
(26, 'batch65', 'Batch64', 'Gira Chauhan ', '9769349997', 'My weight is not increased from February itâ€™s around 49.4 to49.9', '2021-04-30 18:58:46', '', 0, 0, 0, 0, 1, 0, 0, 0, NULL),
(27, 'batch65', 'Batch66', 'Dhana Prova Dutta', '09435534800', 'Sir, I am currently doing phase 4 Exercises.I had done phase 1 and phase 2 diet and exercises. I am not free from medicines till now. Is there any chances still  left for my dream(free from medication) as phase 4 is weight gain ?', '2021-04-30 18:59:35', '91', 0, 0, 0, 0, 1, 0, 0, 0, NULL),
(28, 'batch65', 'Batch67', 'DrMahender ', '9908601452', 'How to reduce fasting blood sugar.\r\nTips to increase the weight without increasing bsl', '2021-04-30 18:59:42', '', 0, 0, 0, 0, 1, 0, 0, 0, NULL),
(29, 'batch65', 'Batch68', 'Senthil Balraj', '7397368196', 'I watched your videos and seems like I am Ectomorphs body type with problems in insulin secretion rather than insulin resistance. Can my Diabates be reversed?', '2021-04-30 19:00:16', '', 0, 0, 0, 1, 1, 0, 0, 0, NULL),
(30, 'batch65', 'Batch64', 'Shivani savara', '9818441529', 'How to get ride off visceral fat despite weight loss of 12 to 13kgs', '2021-04-30 19:00:53', '91', 0, 0, 0, 0, 0, 1, 0, 0, NULL),
(31, 'batch65', 'Batch68', 'Shubhangi joshi', '9492426525', 'When I joined my bmi was 23 now it is 20 only.sugar is in the range of 180 to 200. What is the solution', '2021-04-30 19:01:07', '', 0, 0, 0, 1, 1, 0, 0, 0, NULL),
(32, 'batch65', 'Batch66', 'Ajay kale', '9823047200', 'What is alternative food to redymade protin powder', '2021-04-30 19:01:09', '', 0, 0, 0, 0, 1, 1, 0, 0, NULL),
(33, 'batch65', 'Batch64', 'Shivani savara', '9818441529', 'Walking with 5kg back pack is it a weight training too?', '2021-04-30 19:01:20', '91', 0, 0, 0, 1, 0, 0, 0, 0, NULL),
(34, 'batch65', 'Batch64', 'Laxmi Narayan', '9833807133', 'Hi', '2021-04-30 19:01:28', '91', 0, 0, 1, 0, 0, 0, 0, 0, NULL),
(35, 'batch65', 'Batch68', 'Shubhangi joshi', '9492426525', 'How to gain the weight .I lost 5kgs In last 2 months', '2021-04-30 19:02:06', '', 0, 0, 0, 0, 1, 0, 0, 0, NULL),
(36, 'batch65', 'Batch67', 'Dr.Ravji  Kadam', '9967314723', 'I m on kidney diet.my s. creatinine is 1.26 and eGFR is 61 kindly guide me for weight gain. My BMI is 21\r\n.', '2021-04-30 19:02:42', '91', 0, 0, 0, 0, 1, 0, 0, 0, NULL),
(37, 'batch65', 'Batch68', 'Shubhangi joshi', '9492426525', 'My fasting sugar is always red what is the solution.', '2021-04-30 19:02:48', '', 0, 0, 0, 0, 1, 0, 0, 0, NULL),
(38, 'batch65', 'Batch65', 'Madhumita Bandyopadhyay', '9987087418', 'Request you to put up leg strengthening \r\nexercises in the educational portal.', '2021-04-30 19:02:49', '91', 0, 0, 0, 0, 1, 0, 0, 0, NULL),
(39, 'batch65', 'Batch67', 'KAMOD KUMAR ', '8158995253', 'My weight is continuously dropping and after diet correction BSL also increasing. From Batch 67, 3rd phase', '2021-04-30 19:03:01', '62', 0, 0, 0, 0, 1, 0, 0, 0, NULL),
(40, 'batch65', 'Batch65', 'Ravindra Ramappa', '09819031375', 'My weight was 76 kg when I joined FFD, end Nov 2019. It came down to 70 kg due to FFD protocol and also COVID. Now I am unable to increase my weight above 72. Please le me know ways to increase my weight without increasing sugar level. I had stopped insulin completely but had to restart while I was on Covid medicines, and now continuing to take.', '2021-04-30 19:03:06', '', 0, 0, 0, 1, 1, 0, 0, 0, NULL),
(41, 'batch65', 'Batch64', 'Malini Lachminarayana', '09739418282', 'My bmi is around 21.5 for the last 2 months. I am still on medication. Does increase in bmi help in decrease in bsl? With the current diet what should I have to increase the weight.', '2021-04-30 19:03:25', '91', 0, 0, 0, 0, 1, 0, 0, 0, NULL),
(42, 'batch65', 'Batch67', 'Milind Sohoni', '9848347119', 'Why does only pp2 spike?  Other readings are normal.', '2021-04-30 19:03:42', '91', 0, 0, 0, 0, 0, 0, 0, 0, NULL),
(43, 'batch65', 'Batch68', 'Anil Vashisht ', '9619512544', 'There is no voice.. Please fix it', '2021-04-30 19:03:42', '', 0, 0, 0, 0, 0, 0, 0, 0, NULL),
(44, 'batch65', 'Batch63', 'H K C SWAMY', '9845147159', 'What is the right time to check the weight.\r\nI am stuck up at 52 KG how do I increase my weight? I am doing stretchband excersisie every alternate day', '2021-04-30 19:03:48', '', 0, 0, 0, 0, 1, 0, 0, 0, NULL),
(45, 'batch65', 'Batch66', 'Raja Rajeswara Rao Velpucharla', '9160111520', 'I understand, frozen shoulder gets healed by itself in a few months. In the meanwhile, if the affected person does weights will it hamper the healing of the frozen shoulder?', '2021-04-30 19:03:49', '', 0, 0, 0, 1, 0, 0, 0, 0, NULL),
(46, 'batch65', 'Batch67', 'KAMOD KUMAR ', '8158995253', 'For a week my Fasting BSL WAS well below 100 in week 11 but now in week 13 it has gone up to 120+/-', '2021-04-30 19:03:54', '62', 0, 0, 0, 1, 0, 0, 0, 0, NULL),
(47, 'batch65', 'Batch64', 'Shivani savara', '9818441529', 'Post reversal and gtt clearance is 3:2:1to be followed also please clarify sir', '2021-04-30 19:03:55', '91', 0, 0, 0, 1, 0, 0, 0, 0, NULL),
(48, 'batch65', 'Batch64', 'Laxmi Narayan', '9833807133', 'Has the program started.', '2021-04-30 19:04:08', '91', 0, 0, 0, 0, 1, 0, 0, 0, NULL),
(49, 'batch65', 'Batch65', 'Karthick', '9886294000', 'My BSL increases at times can I go for vaccine', '2021-04-30 19:04:12', '91', 0, 0, 0, 0, 1, 0, 0, 0, NULL),
(50, 'batch65', 'Batch65', 'Satyanarayana K M', '9448836946', 'I am 59 years BMI less than 23 and diabetic.  Now in phase 4.  Asked to gain weight and muscle mass.  I am in 4 meal plan.  but with that I have not gained weight or muscle mass, instead BSL are going hey wire.  Once again two time medicine introduced.  Owing to Covid conditions and lock down not able to attend gym.  Confused about excercises to be done at home.  I am following 3-2-1 (Gym-Yoga-Cycling) but of no use. Kindly guide me', '2021-04-30 19:04:16', '91', 0, 0, 0, 0, 0, 0, 0, 0, NULL),
(51, 'batch65', 'Batch66', 'Pushpalatha KN', '9448129297', 'How can we measure our athletic identity?', '2021-04-30 19:04:23', '', 0, 0, 0, 0, 0, 1, 0, 0, NULL),
(52, 'batch65', 'Batch66', 'Umashankar Virat ', '9205631488', 'I was down with COVID, so I could not start my phase-4 exercises. Now I am alright but feeling weak, so please suggest what exercise can I do at this stage.', '2021-04-30 19:04:24', '', 0, 0, 0, 0, 1, 0, 0, 0, NULL),
(53, 'batch65', 'Batch68', 'Sreejith ', '9880133001', 'I am at bmi of 19.5.  Can I have non veg to increase bmi?  Chickenor fish consumption increase chances of becoming diabetic ?', '2021-04-30 19:04:29', '', 0, 0, 0, 0, 1, 0, 0, 0, NULL),
(54, 'batch65', 'Batch68', 'Murgendra Koujalagi', '9845372984', 'Thanks Dr, FFD program diet, exercise program is helped me to reduce medication to good extent, however my BMI 21.15 never going up. It is reducing further by Juice feasting. Pls advise how to gain weight and achieve BMI of 23.', '2021-04-30 19:04:34', '', 0, 0, 0, 0, 0, 0, 0, 0, NULL),
(55, 'batch65', 'Batch67', 'Supriya Kamoji', '9920487455', 'What is the difference between climbing steps with weight and without weight', '2021-04-30 19:04:41', '', 0, 0, 0, 0, 0, 0, 0, 0, NULL),
(56, 'batch65', 'Batch68', 'Mahesh', '09986013574', 'My BMI is 22, how to grow healthy weight?', '2021-04-30 19:04:48', '', 0, 0, 0, 1, 1, 0, 0, 0, NULL),
(57, 'batch65', 'Batch68', 'Senthil Balraj', '7397368196', 'My fasting insulin is only 4 which is indicating no insulin resistance. If there is a problem in insulin secretion then, can pancreas be revitalized to produce more insulin?', '2021-04-30 19:04:56', '', 0, 0, 0, 0, 1, 0, 0, 0, NULL),
(58, 'batch65', 'Batch64', 'Laxmi Narayan', '9833807133', 'My weight is fluctuating', '2021-04-30 19:05:02', '91', 0, 0, 0, 0, 0, 1, 0, 0, NULL),
(59, 'batch65', 'Batch67', 'Govindarajan s', '9841534463', 'I have undergone coronary bypass surgery in 2018. I am being treated for hypertension which is under control and also diabetic on the path to reversal.How much of exercise is safe for me?', '2021-04-30 19:05:02', '', 0, 0, 0, 0, 0, 1, 0, 0, NULL),
(60, 'batch65', 'Batch67', 'Supriya Kamoji', '9920487455', 'Is there any advantage of doing exercise in the evening', '2021-04-30 19:05:21', '', 0, 0, 0, 0, 1, 0, 0, 0, NULL),
(61, 'batch65', 'Batch63', 'Rupang Fozdar', '9769117074', 'I plan gain  + 3KG weight by 15th June..... Please guide', '2021-04-30 19:05:39', '', 0, 0, 0, 0, 1, 1, 0, 0, NULL),
(62, 'batch65', 'Batch64', 'JP', '2245587015', 'Will this be recorded and shared. It is 8:30 AM on Friday for me and I am at work.', '2021-04-30 19:05:39', '1', 0, 0, 0, 0, 1, 0, 0, 0, NULL),
(63, 'batch65', 'Batch68', 'Brinda Rao', '9833290867', 'Any suggestions for neuropathy pain, any diet exercise to follow for bmi <18', '2021-04-30 19:05:49', '91', 0, 0, 0, 1, 0, 0, 0, 0, NULL),
(64, 'batch65', 'Batch66', 'Dhana Prova Dutta', '09435534800', 'Sir, I am currently doing phase 4 Exercises.I had done phase 1 and phase 2 diet and exercises. I am not free from medicines till now. Is there any chances still  left for my dream(free from medication) as phase 4 is weight gain ?', '2021-04-30 19:06:08', '91', 0, 0, 0, 1, 1, 0, 0, 0, NULL),
(65, 'batch65', 'Batch68', 'Yashodhan Warke', '9820195111', 'Not able to post questions', '2021-04-30 19:06:20', '', 0, 0, 1, 0, 0, 0, 0, 0, NULL),
(66, 'batch65', 'Batch63', 'Mohasina thakare', '9923681768', 'Sir my sugar lavel pp is200 and fasting 180  no one tablet helps not insullin please guide me', '2021-04-30 19:06:45', '91', 0, 0, 1, 0, 0, 0, 0, 0, NULL),
(67, 'batch65', 'Batch68', 'Jayanthi  Ekambaram', '9487137390', 'Why muscle building  is required   because before I am dibetic I wad not with muscles', '2021-04-30 19:07:11', '', 0, 0, 1, 0, 0, 0, 0, 0, NULL),
(68, 'batch65', 'Batch64', 'Shruti Bhide', '9741010312', 'Good evening Sir....Im type 1 or 1.5 and on Insuline...my BMI is 20.5...it is almost the same since the time I have joined FFD. What should I do to increase the weight?', '2021-04-30 19:07:12', '91', 0, 0, 0, 1, 0, 0, 0, 0, NULL),
(69, 'batch65', 'Batch63', 'Mohasina thakare', '9923681768', 'Why my sugar lavel not controlled by medicine and insullin', '2021-04-30 19:07:20', '91', 0, 0, 1, 0, 0, 0, 0, 0, NULL),
(70, 'batch65', 'Batch64', 'Priti taneja', '9899541972', 'Sometime  I feel lethargy after doing excercise. Is it natural or somewhere I m weak in energy.', '2021-04-30 19:07:34', '91', 0, 0, 1, 0, 0, 0, 0, 0, NULL),
(71, 'batch65', 'Batch68', 'Yashodhan Warke', '9820195111', 'Lot of pain in knees, hip joint and back. tingling sensation in back if I seat without support', '2021-04-30 19:08:45', '', 0, 0, 1, 0, 0, 0, 0, 0, NULL),
(72, 'batch65', 'Batch68', 'Jayanthi  Ekambaram', '9487137390', 'with slight change in diet my BSL is increasing. How the BSL will be maintained  in the long way.', '2021-04-30 19:09:00', '', 0, 0, 1, 0, 0, 0, 0, 0, NULL),
(73, 'batch65', 'Batch66', 'Akshay Sawant', '7743613430', 'Diabetes type slide is not clear', '2021-04-30 19:09:00', '44', 0, 0, 1, 0, 0, 0, 0, 0, NULL),
(74, 'batch65', 'Batch68', 'Jayanthi  Ekambaram', '9487137390', 'which is the correct  weight for a person', '2021-04-30 19:09:40', '', 0, 0, 1, 0, 0, 0, 0, 0, NULL),
(75, 'batch65', 'Batch64', 'Gangadhar Machani Ramanna', '9848134333', 'I am 63 years young , My BMI is 21.33 , doing exercise for 1.30 hrs exercise , I lost 8 kgs , stuck at 77 kgs , not in a position to gain with all the food given by my dietitian  , can you share your tip to gain weight  , my HBA1C is 6.4 , Gangadhar M R', '2021-04-30 19:10:01', '', 0, 0, 0, 0, 1, 0, 0, 0, NULL),
(76, 'batch65', 'Batch67', 'Mahalingam', '9894384172', 'Due to hip pain iam not able to concentrate on yoga and exercise programs.whenever iam okay iam doing exercises.how to get rid of the hip paiin.', '2021-04-30 19:10:16', '', 0, 0, 0, 0, 0, 1, 0, 0, NULL),
(77, 'batch65', 'Batch68', 'Jayanthi  Ekambaram', '9487137390', 'How do I know Diabetic  reversal has happened', '2021-04-30 19:10:18', '', 0, 0, 0, 0, 1, 0, 0, 0, NULL),
(78, 'batch65', 'Batch68', 'Jayanthi  Ekambaram', '9487137390', 'what is happening  in NOD is same happening in  AGE also', '2021-04-30 19:11:21', '', 0, 0, 0, 0, 0, 1, 0, 0, NULL),
(79, 'batch65', 'Batch64', 'shailaja rao', '9035123676', 'I am from 64th batch and underweight since 6 months, I am having 20-30gms of protein powder, Nuts and seeds daily following protocols of diets and exercises, Resistance band,  WAGE etc. Nowaday my back is bending forward while walking and standing unknowingly.\r\nAddidtionally, my upper back, shoulder, neck are paining after having vaccination, Feeling tired and weak whole day. what should I do? I am still on medication.', '2021-04-30 19:11:42', '', 0, 0, 0, 0, 1, 0, 0, 0, NULL),
(80, 'batch65', 'Batch64', 'RAMAKRISHNA prasad ', '8919596170', 'My weight is fluctuating between 58 and 60', '2021-04-30 19:11:55', '', 0, 0, 1, 0, 0, 0, 0, 0, NULL),
(81, 'batch65', 'Batch64', 'Prathamesh Shashikant Daphal', '9869116361', 'My C-peptide level is 1.42. BMI: 20.42.  Wht kind of diabetic am I?', '2021-04-30 19:12:16', '', 0, 0, 0, 0, 0, 1, 0, 0, NULL),
(82, 'batch65', 'Batch68', 'Yashodhan Warke', '9820195111', 'But my BMI was 25. It reduced to 22 due to FFD diet.\r\nNow I have healthy BMI', '2021-04-30 19:12:24', '', 0, 0, 0, 0, 1, 0, 0, 0, NULL),
(83, 'batch65', 'Batch67', 'Adv Suresh Ramchandani', '9323514921', 'My question is : How to overcome rapid reduction of weight of weight. How to maintain proper weight. Adv Suresh Mumbai', '2021-04-30 19:12:33', '', 0, 0, 0, 0, 1, 0, 0, 0, NULL),
(84, 'batch65', 'Batch67', 'Prabhakar Desai', '9819394243', 'Peanuts are not allowed  but can we use peanuts oil ?', '2021-04-30 19:13:15', '', 0, 0, 0, 0, 1, 0, 0, 0, NULL),
(85, 'batch65', 'Batch68', 'Satishchandra Philar', '9880414559', 'Can you describe in terms of HbA1c, BMI , which category one falls into, if one never tested himself for being diabetic until age 60', '2021-04-30 19:13:52', '91', 0, 0, 0, 0, 1, 0, 0, 0, NULL),
(86, 'batch65', 'Batch65', 'Jyoti', '9902984906', 'My cpepetide  is increased from 0.75 to 1 ...what catagory I am ...please let me know', '2021-04-30 19:14:28', '', 0, 0, 0, 0, 0, 1, 0, 0, NULL),
(87, 'batch65', 'Batch68', 'Arti Datta', '5168847862', 'Sorry - I donâ€™t see myself in any of the 4 categories.', '2021-04-30 19:15:43', '1', 0, 0, 0, 1, 0, 0, 0, 0, NULL),
(88, 'batch65', 'Batch66', 'Akshay Sawant', '7743613430', 'video stuck', '2021-04-30 19:19:45', '44', 0, 0, 1, 0, 0, 0, 0, 0, NULL),
(89, 'batch65', 'Batch65', 'Satyanarayana K M', '9448836946', 'what is the significance of Fasting insulin in reversal process', '2021-04-30 19:20:45', '91', 0, 0, 1, 0, 0, 0, 0, 0, NULL),
(90, 'batch65', 'Batch64', 'Lata B', '9849664742', 'howmuch rise in BMI will be there with muscle gain', '2021-04-30 19:21:58', '91', 0, 0, 0, 0, 0, 1, 0, 0, NULL),
(91, 'batch65', 'Batch65', 'Dayananda K D', '9448206667', 'Inspite of doing muscle building exercise and having suppliments my weight has not been increased. It is very big chellange for me. Please guide', '2021-04-30 19:22:12', '91', 0, 0, 0, 1, 0, 1, 0, 0, NULL),
(92, 'batch65', 'Batch64', 'Prathamesh Shashikant Daphal', '9869116361', 'Does WAGE helps in weight gain or stable weight?', '2021-04-30 19:24:13', '', 0, 0, 0, 0, 1, 0, 0, 0, NULL),
(93, 'batch65', 'Batch63', 'jasminder', '8427753381', 'with 6 meals  a day .\r\ninsulin level will rise .\r\n dr pramod says normal level is upto 6\r\n\r\n hw we can  keep it within range', '2021-04-30 19:27:54', '91', 0, 0, 1, 0, 1, 0, 0, 0, NULL),
(94, 'batch65', 'Batch65', 'Satyanarayana K M', '9448836946', 'what is resistance training?', '2021-04-30 19:28:05', '91', 0, 0, 0, 1, 0, 1, 0, 0, NULL),
(95, 'batch65', 'Batch68', 'randhir chauhan', '09825606602', 'sir, this is very educational. will you put this on education portal? - Randhir', '2021-04-30 19:29:07', '', 0, 0, 0, 0, 0, 1, 0, 0, NULL),
(96, 'batch65', 'Batch68', 'randhir chauhan', '09825606602', 'Sir Pl share the recording on edu portal', '2021-04-30 19:29:53', '', 0, 0, 0, 0, 0, 1, 0, 0, NULL),
(97, 'batch65', 'Batch68', 'Yashodhan Warke', '9820195111', 'I am not on any diabetic medicines', '2021-04-30 19:30:02', '', 0, 0, 0, 0, 1, 1, 0, 0, NULL),
(98, 'batch65', 'Batch67', 'Suresh Chintan', '9765293668', 'I started FFD with HB1Ac of 6.6  and no medication. What is the ideal goal for me to achieve low Hb1AC and good muscle', '2021-04-30 19:30:16', '91', 0, 0, 1, 0, 1, 0, 0, 0, NULL),
(99, 'batch65', 'Batch65', 'Jyoti', '9902984906', 'My BMI is 22.5 I am on insulin mixtard my cpeptide is 1.26 please suggest which category I am in as I am not clear', '2021-04-30 19:30:58', '', 0, 0, 1, 0, 0, 0, 0, 0, NULL),
(100, 'batch65', 'Batch68', 'Brinda Rao', '9833290867', 'Please share recording, lots of interuption', '2021-04-30 19:31:26', '91', 0, 0, 1, 0, 1, 0, 0, 0, NULL),
(101, 'batch65', 'Batch68', 'Uttam Gurav', '8140781359', 'Sir, I just recovered from corona. So I unable to follow up phase I. Now phase two started. I start exercise, but still weakness is there so unable to do phase I I exercise.  Please guide.', '2021-04-30 19:31:28', '', 0, 0, 1, 0, 0, 0, 0, 0, NULL),
(102, 'batch65', 'Batch64', 'Priti taneja', '9899541972', 'If my medicines r stopped how much bmi should there', '2021-04-30 19:32:23', '91', 0, 0, 1, 0, 0, 0, 0, 0, NULL),
(103, 'batch65', 'Batch68', 'Yashodhan Warke', '9820195111', 'brilliantly explained Dr. Malhar!! Appreciate!!', '2021-04-30 19:33:16', '', 0, 0, 1, 0, 0, 0, 0, 0, NULL),
(104, 'batch65', 'Batch68', 'Rajesh Kana', '9900137124', 'please share the recording later in the app since repeated interruption in streaming', '2021-04-30 19:33:45', '91', 0, 0, 1, 0, 0, 0, 0, 0, NULL),
(105, 'batch65', 'Batch68', 'yogesh khedgaonkar', '9821034818', 'I use to take only Cetaphil xr 500 half tablet twice a day before joining ffd. My medication is stopped now. for last 11/2 month. My weight was 62 before now it is 58,3, sugar are under control.  Will i be normal', '2021-04-30 19:34:52', '', 0, 0, 1, 0, 0, 0, 0, 0, NULL),
(106, 'batch65', 'Batch68', 'Rajagopal', '9789040639', 'Can we not measure how much  insulin our body produces', '2021-04-30 19:37:32', '', 0, 0, 1, 0, 0, 0, 0, 0, NULL),
(107, 'batch65', 'Batch64', 'R.Meenakshi', '9820207209', 'R.meenakshi batch 64 9820207209- I have joined ffd for 6 months now and my blood sugar level is normal. After breakfast is normal (150-)and during lunch and dinner it is abnormal (180+). I follow every diet given and I eat less. I have also lost a lot of weight. I have also just taken my second dose of vaccination recently on Monday. At morning I do not pass a lot of urine and at night I pass a lot of urine.', '2021-04-30 19:38:24', '91', 0, 0, 1, 1, 0, 0, 0, 0, NULL),
(108, 'batch65', 'Batch68', 'Jayanthi  Ekambaram', '9487137390', 'After my juice feasting only my BSL is increased above 300.So i am not doing JF, then how i will have continuty in the group, as others are doing JF', '2021-04-30 19:40:47', '', 0, 0, 1, 0, 0, 0, 0, 0, NULL),
(109, 'batch65', 'Batch68', 'Yashodhan Warke', '9820195111', 'lot of internet issue. Lot of disturbance', '2021-04-30 19:40:48', '', 0, 0, 1, 0, 0, 0, 0, 0, NULL),
(110, 'batch65', 'Batch68', 'Amit Bhatnagar ', '8886807799', 'Video is frozen', '2021-04-30 19:42:05', '', 0, 0, 1, 0, 0, 0, 0, 0, NULL),
(111, 'batch65', 'Batch64', 'Prathamesh Shashikant Daphal', '9869116361', 'How much time does it take to gain weight with vegan diet, with regular muscle building exercises?', '2021-04-30 19:42:39', '', 0, 0, 1, 0, 0, 0, 0, 0, NULL),
(112, 'batch65', 'Batch63', 'Poonam Mehta', '7717774734', 'What are the ideal sources of protein.? Which is better vegan or not veg?', '2021-04-30 19:46:51', '91', 0, 0, 1, 0, 0, 0, 0, 0, NULL),
(113, 'batch65', 'Batch65', 'Sudhakar Moharana', '9845879600', 'Thanks Dr. Malhar. Great explanation. Can we use staircase climbing as part of morning exercise to build muscle ?', '2021-04-30 19:47:23', '', 0, 0, 1, 0, 0, 0, 0, 0, NULL),
(114, 'batch65', 'Batch63', 'H K C SWAMY', '9845147159', 'I am off medicine since more than 6 months. HbAic is 5.2 and BMI around 20.31. I feel i have gained some muscle.I am stuck at 52.50. do I need to worry?', '2021-04-30 19:47:31', '', 0, 0, 1, 0, 0, 0, 0, 0, NULL),
(115, 'batch65', 'Batch64', 'Srikantha', '9980005033', 'My BMI is 21.5 and my weight is just stabilising in the past 1 month. My exercise expert had advised to do a 3-3, instead of 3-2-1, by avoiding cardio until BMI becomes atleast 22. Can you please advise if I can start some cardio or should I continue to wait for longer?', '2021-04-30 19:47:37', '', 0, 0, 1, 0, 0, 0, 0, 0, NULL),
(116, 'batch65', 'Batch64', 'Bharat Patil', '09979891095', 'I was covid infected n loose weight still I feel tired an weakness what shud I do in exercise and which diet I shud take', '2021-04-30 19:47:51', '', 0, 0, 1, 0, 0, 0, 0, 0, NULL),
(117, 'batch65', 'Batch69', 'Niveditha', '9739294998', 'How to reduce abdomen fat??', '2021-04-30 19:47:52', '91', 0, 0, 1, 0, 0, 0, 0, 0, NULL),
(118, 'batch65', 'Batch65', 'Pablita Khanna', '6029033774', 'On a renal diet, how take proteins to build muscles???', '2021-04-30 19:47:56', '1', 0, 0, 1, 0, 0, 0, 0, 0, NULL),
(119, 'batch65', 'Batch66', 'Rajesh Budhrani', '9673992528', 'Exercise to increase beta cells in pancreas ?', '2021-04-30 19:47:57', '', 0, 0, 1, 0, 0, 0, 0, 0, NULL),
(120, 'batch65', 'Batch67', 'Shrikant ', '7021145964', 'What are the options for weight training at home in lockdown situation?', '2021-04-30 19:48:01', '', 0, 0, 0, 0, 0, 1, 0, 0, NULL),
(121, 'batch65', 'Batch65', 'Abdul Gaffar Rahman', '557097545', 'Great explanation.  Clearly understood.  Thank you', '2021-04-30 19:48:07', '971', 0, 0, 0, 0, 0, 1, 0, 0, NULL),
(122, 'batch65', 'Batch64', 'K S Ramanand', '9845450447', 'Dr Malhar, It was a very nice, informative presentation. Settles a few myths. Thank you!', '2021-04-30 19:48:13', '', 0, 0, 1, 0, 0, 0, 0, 0, NULL),
(123, 'batch65', 'Batch65', 'Karthick Pandian', '9886294000', 'Can we have cheat diet of eating egg after weight lifting.', '2021-04-30 19:48:17', '', 0, 0, 1, 0, 0, 0, 0, 0, NULL),
(124, 'batch65', 'Batch68', 'K V Nandan', '9945563409', 'Excellent presentation Dr.\r\nShould I reduce my AGE and start increasing my intake to improve my weight', '2021-04-30 19:48:20', '', 0, 0, 1, 0, 0, 0, 0, 0, NULL),
(125, 'batch65', 'Batch64', 'vanya dayanani', '9785907310', 'how to strengthen mussels and gain mussels', '2021-04-30 19:48:23', '', 0, 0, 0, 0, 0, 1, 0, 0, NULL),
(126, 'batch65', 'Batch63', 'Abhijit Mirajkar', '9916209596', 'I am 45. I heard that one should not do weights post 45. Is that true?', '2021-04-30 19:48:25', '', 0, 0, 0, 0, 0, 1, 0, 0, NULL),
(127, 'batch65', 'Batch65', 'Madhumita Bandyopadhyay', '9987087418', 'Does surya namaskar help in stamina building?', '2021-04-30 19:48:34', '91', 0, 0, 0, 0, 0, 1, 0, 0, NULL),
(128, 'batch65', 'Batch65', 'Mahesh Rayapoodi', '559195971', 'How we can measure carbohydrates in diet .what is the calculator to be used', '2021-04-30 19:48:52', '971', 0, 0, 0, 0, 1, 0, 0, 0, NULL),
(129, 'batch65', 'Batch63', 'Megha Pawar', '9930947991', 'My fasting bsl is less than 100. I am medicine free. My PP BSL varies between 150 and 180. What type am I?', '2021-04-30 19:49:03', '', 0, 0, 0, 1, 0, 0, 0, 0, NULL),
(130, 'batch65', 'Batch67', 'Sherin Agarwal', '787674815', 'Anabolic smoothie making me gain weight (about 300-400 grams a day)', '2021-04-30 19:49:16', '41', 0, 0, 0, 0, 1, 0, 0, 0, NULL),
(131, 'batch65', 'Batch68', 'Anil Rajak', '74062927', 'Good information, Dr Malhar. \r\nI am not able to do 100% of exercises in phase 2 due to my lower back pain with left side sciatica. I had a minor fracture in right hand wrist 6 months back. Have joint pain in left shoulder. So all these obstacles are not allowing me to do the forward bending and strength building exercises and yoga. Hence I am feeling that I am lagging behind in reversal program with my other batch mates.\r\nAny solution.\r\nDoing exercises suggested by my FFD exercise doctor.', '2021-04-30 19:49:28', '974', 0, 0, 0, 0, 0, 1, 0, 0, NULL),
(132, 'batch65', 'Batch68', 'Jayanthi  Ekambaram', '9487137390', 'After AGE immediately BSL should be taken', '2021-04-30 19:49:30', '', 0, 0, 0, 0, 0, 1, 0, 0, NULL),
(133, 'batch65', 'Batch64', 'Laxmi Narayan', '9833807133', 'How should we build muscle?', '2021-04-30 19:49:35', '91', 0, 0, 0, 0, 0, 1, 0, 0, NULL),
(134, 'batch65', 'Batch68', 'venkata ravindra', '9663371174', 'I have reduced my BMI from 24 to 22 after joining this 68 batch. how to stabilize weight. weight reduced from 75 to 70', '2021-04-30 19:49:40', '', 0, 0, 1, 0, 0, 0, 0, 0, NULL),
(135, 'batch65', 'Batch68', 'Uttam Gurav', '8140781359', 'Sir I just recovered from corona. I missed phase I and now phase I I started. Still weakness is there. Please guide for exercise', '2021-04-30 19:49:48', '', 0, 0, 1, 0, 0, 0, 0, 0, NULL),
(136, 'batch65', 'Batch66', 'Rajesh Budhrani', '9673992528', 'Does protein powder increase bsl ?', '2021-04-30 19:49:53', '', 0, 0, 1, 0, 0, 0, 0, 0, NULL),
(137, 'batch65', 'Batch68', 'Pabitra Das', '7735553222', 'My bmi is 19.5, even i followed every diet protocols and exercises weight not increasing, please suggest sir,', '2021-04-30 19:50:03', '91', 0, 0, 1, 0, 0, 0, 0, 0, NULL),
(138, 'batch65', 'Batch68', 'Jayanthi  Ekambaram', '9487137390', 'AGE with weight how to do', '2021-04-30 19:50:06', '', 0, 0, 1, 0, 0, 0, 0, 0, NULL),
(139, 'batch65', 'Batch65', 'Mahesh Rayapoodi', '559195971', 'Can we take tea with milk , pepper or ginger or elachi once in a day', '2021-04-30 19:50:15', '971', 0, 0, 1, 0, 0, 0, 0, 0, NULL),
(140, 'batch65', 'Batch64', 'Narayan', '9845369462', 'Can WAGE be done at any time including after meals', '2021-04-30 19:50:20', '', 0, 0, 1, 0, 0, 0, 0, 0, NULL),
(141, 'batch65', 'Batch63', 'Megha Pawar', '9930947991', 'Should I talk to my Doctor for starting medicine like recline to gain weight. I am not on any medicines now', '2021-04-30 19:50:25', '', 0, 0, 0, 1, 0, 0, 0, 0, NULL),
(142, 'batch65', 'Batch68', 'BABITA SRIVASTAVA', '9335761986', 'DIETICIAN SUGGESTED TO HAVE PROTIEN POWDER ON WORKOUT DAY  I DO EXERCISE DAILY ACC TO FFD PROTOCOL,,SO HAVE I TO TAKE IT DAILY', '2021-04-30 19:50:28', '', 0, 0, 1, 0, 0, 0, 0, 0, NULL),
(143, 'batch65', 'Batch63', 'jasminder', '8427753381', 'gym closed .\r\n will home xrcise give same results', '2021-04-30 19:50:41', '91', 0, 0, 0, 0, 0, 1, 0, 0, NULL),
(144, 'batch65', 'Batch63', 'Poonam Mehta', '7717774734', 'What excercises to do if weight is still decreasing?', '2021-04-30 19:50:41', '91', 0, 0, 0, 1, 0, 0, 0, 0, NULL),
(145, 'batch65', 'Batch64', 'Laxmi Narayan', '9833807133', 'Do u mean we should do more Yoga..?', '2021-04-30 19:50:45', '91', 0, 0, 0, 0, 0, 1, 0, 0, NULL),
(146, 'batch65', 'Batch67', 'Malti Saimbhi', '9820523452', 'Hi My BMI is 19.8 and weight has reduced from 55 to 48.7 and further reducing. Want to check when the weight will get stable.', '2021-04-30 19:50:46', '', 0, 0, 0, 0, 1, 0, 0, 0, NULL),
(147, 'batch65', 'Batch64', 'R Acharya', '98635349', 'I am on 64 batch (Phase4) and BSL has increased as you explained today.  I am on single medication now which is Metformin (Glucophage). Is this the right medication ?', '2021-04-30 19:50:47', '65', 0, 0, 0, 1, 0, 0, 0, 0, NULL),
(148, 'batch65', 'Batch68', 'Jayanthi  Ekambaram', '9487137390', 'i am getting little pain in neck  and back after Yoga', '2021-04-30 19:50:52', '', 0, 0, 0, 0, 0, 1, 0, 0, NULL),
(149, 'batch65', 'Batch68', 'Prabha Saraswat', '9818774915', 'can 5 min run at a place after each meal is ok', '2021-04-30 19:51:05', '', 0, 0, 0, 0, 0, 1, 0, 0, NULL),
(150, 'batch65', 'Batch64', 'Hitendra Badrakiya', '9824310906', 'Cardio exercises like Zoomba, Cycling etc. fall under strength or stamina category ?', '2021-04-30 19:51:14', '91', 0, 0, 0, 0, 0, 1, 0, 0, NULL),
(151, 'batch65', 'Batch66', 'Akshay Sawant', '7743613430', 'Hi Doc, BMI 22.5, reduced weight from 83 kg to 65, my Basal Metbolic Rate is 1580 Kcal and Muscle Mass is 82%. Doing 3-2-1 Strength-Yoga-Cardio. What should be a good Musle Mass % target?', '2021-04-30 19:51:14', '44', 0, 0, 0, 0, 0, 1, 0, 0, NULL),
(152, 'batch65', 'Batch63', 'ANIL MUGADUR', '9945003691', 'DR I AM DOING 5 AM TO 5-20AM , 7 AM TO 7-45 AM AND 6 30PM TO 7 PM , TOTALY 3 TIMES  EXERCISE . IS IT ANY SIDE EFFECT.', '2021-04-30 19:51:17', '91', 0, 0, 0, 0, 0, 1, 0, 0, NULL),
(153, 'batch65', 'Batch68', 'PremaSreenivasan', '9970107508', 'doing anti gravity 3 times for BMI21isamust?', '2021-04-30 19:51:56', '91', 0, 0, 0, 1, 0, 0, 0, 0, NULL),
(154, 'batch65', 'Batch66', 'Madhusudan Dave', '9726522555', 'What can be remedies to increase increase insulin secretion without medicine THEREOTICALLY??How to know what insulin secretion is ok in accordance with BMI, for total food load taken and other parameters of concern??', '2021-04-30 19:52:04', '', 0, 0, 0, 0, 1, 0, 0, 0, NULL),
(155, 'batch65', 'Batch67', 'Nutan Raj', '9869459286', 'How long it takes to increase muscle mass', '2021-04-30 19:52:08', '', 0, 0, 0, 0, 0, 1, 0, 0, NULL),
(156, 'batch65', 'Batch67', 'Kavita Agarwal', '7760033312', 'From your description, I am SIRDD, but my fasting sugar is under 100.  PP2 and PP3 that go very high. I look very weak. I am 67 years old.  Is there something specific for my case', '2021-04-30 19:52:09', '', 0, 0, 0, 0, 1, 0, 0, 0, NULL),
(157, 'batch65', 'Batch68', 'Kavita Agarwal', '7760033312', 'From your description I am SIRDD, but my fasting sugar is under 100. PP2 and PP3 that go very high. I look very weak. I am 67 years old.  Is there something specific for my case', '2021-04-30 19:52:22', '', 0, 0, 1, 0, 0, 0, 0, 0, NULL),
(158, 'batch65', 'Batch66', 'Saroj', '7588581111', 'My bmi 28 not reducing myBMI  not reducing  weight  how  can I  do?', '2021-04-30 19:52:31', '91', 0, 0, 0, 0, 1, 0, 0, 0, NULL),
(159, 'batch65', 'Batch64', 'Srikantha', '9980005033', 'Does Insulin production and insulin resistance occur at a time?? My fasting insulin was 8 when I started the program and increased to 13 after 4 months. What could have happened? My single metformin 500 medicine was taken off in 12 days.', '2021-04-30 19:52:31', '', 0, 0, 1, 0, 0, 0, 0, 0, NULL),
(160, 'batch65', 'Batch66', 'Madhusudan Dave', '9726522555', 'How to measure insulin resistance', '2021-04-30 19:52:31', '', 0, 0, 0, 1, 0, 0, 0, 0, NULL),
(161, 'batch65', 'Batch67', 'Dinesh Acharya ', '9986199283', 'Being on a renal diet can still do strength building exercises and gain weight?', '2021-04-30 19:52:34', '', 0, 0, 0, 0, 1, 0, 0, 0, NULL),
(162, 'batch65', 'Batch64', 'Padmabyrappa', '9980537131', 'My bmi is 15.5 . How can I balance both muscle building and bsl?', '2021-04-30 19:52:44', '91', 0, 0, 1, 0, 1, 0, 0, 0, NULL),
(163, 'batch65', 'Batch68', 'Rashmiranjan Mishra', '9930057248', 'My BMi is got stacked by around 22, previously it was 24.', '2021-04-30 19:52:45', '', 0, 0, 0, 0, 1, 0, 0, 0, NULL),
(164, 'batch65', 'Batch66', 'Akshay Sawant', '7743613430', 'Doc, 65kg, BMI 22.5, my body fat is now at 13.9%, could you suggest a good target for 3 months time-frame?', '2021-04-30 19:52:50', '44', 0, 0, 0, 1, 0, 0, 0, 0, NULL),
(165, 'batch65', 'Batch64', 'K S Ramanand', '9845450447', 'How many times one has to check BSL in a day. That in itself is a stressful exercise. Please suggest', '2021-04-30 19:52:56', '', 0, 0, 0, 1, 0, 0, 0, 0, NULL),
(166, 'batch65', 'Batch63', 'Megha Pawar', '9930947991', 'Is it okay to do yoga in the morning and strength training in the evening on daily basis?', '2021-04-30 19:53:02', '', 0, 0, 0, 0, 0, 1, 0, 0, NULL),
(167, 'batch65', 'Batch68', 'Jayanthi  Ekambaram', '9487137390', 'My night reading is higher than fasting reading', '2021-04-30 19:54:19', '', 0, 0, 0, 1, 0, 0, 0, 0, NULL),
(168, 'batch65', 'Batch64', 'Bharat Patil', '09979891095', 'I feel weakness after covid treatment what shud I do in exercise n diet', '2021-04-30 19:54:26', '', 0, 0, 0, 0, 1, 0, 0, 0, NULL),
(169, 'batch65', 'Batch63', 'R.Mahalakshmi ', '9892917817', 'My weight was 51 kg now it is 43.80.   .\r\nI am really  worried. I am doing yoga on Tuesday and Thursday...Monday and Friday dumbells....Wednesday I am doing exercise..I am going acc to diet expert and exercise expert..I am doing nitric oxide after bf..lunch and dinner..', '2021-04-30 19:54:47', '91', 0, 0, 0, 0, 1, 0, 0, 0, NULL),
(170, 'batch65', 'Batch68', 'Manoj pevekar', '8484593779', 'My ht is 183cm bmi 19.1 is it normal?', '2021-04-30 19:55:00', '1', 0, 0, 0, 0, 0, 0, 0, 0, NULL),
(171, 'batch65', 'Batch63', 'Poonam Mehta', '7717774734', 'In which category is one who had GDM & gradually developed DM', '2021-04-30 19:55:09', '91', 0, 0, 0, 0, 0, 0, 0, 0, NULL),
(172, 'batch65', 'Batch67', 'Maria Picardo ', '9822103105', 'My weight is fluctuating from 51 to 53 and and Hba1c  is 6.69 fasting mostly  less than 120    \r\nHeight is 155cms age 52 \r\nI want gain healthy weight upto 54kg atleast', '2021-04-30 19:55:10', '', 0, 0, 0, 0, 0, 0, 0, 0, NULL),
(173, 'batch65', 'Batch65', 'Mahesh Rayapoodi', '559195971', 'What is Dawns phenomina and I have food reflex can I do walk for 30 mins daily', '2021-04-30 19:55:47', '971', 0, 0, 0, 0, 0, 0, 0, 0, NULL),
(174, 'batch65', 'Batch64', 'vanya dayanani', '9785907310', 'how to strengthen mussels and make mussels', '2021-04-30 19:55:48', '', 0, 0, 0, 0, 0, 0, 0, 0, NULL),
(175, 'batch65', 'Batch68', 'Amit Bhatnagar ', '8886807799', 'Could not hear the entire presentation. If eat more & reduce exercise than what methodology will be followed for reversal', '2021-04-30 19:55:52', '', 0, 0, 0, 0, 0, 0, 0, 0, NULL),
(176, 'batch65', 'Batch68', 'PremaSreenivasan', '9970107508', 'generaly who have to take protein suppliment', '2021-04-30 19:56:08', '91', 0, 0, 1, 0, 0, 0, 0, 0, NULL),
(177, 'batch65', 'Batch68', 'Rashmiranjan Mishra', '9930057248', 'Yes, learned  a lot !!', '2021-04-30 19:56:10', '', 0, 0, 1, 0, 0, 0, 0, 0, NULL),
(178, 'batch65', 'Batch63', 'Rupang Fozdar', '9769117074', 'I am much clear about weight gain, need to have longer month goal', '2021-04-30 19:56:11', '', 0, 0, 1, 0, 0, 0, 0, 0, NULL),
(179, 'batch65', 'Batch68', 'Leela', '122951759', 'learned a lot today...', '2021-04-30 19:56:30', '60', 0, 0, 1, 0, 0, 0, 0, 0, NULL),
(180, 'batch65', 'Batch63', 'Rupang Fozdar', '9769117074', 'Request you to put up excercise and yogas  for different part on educational portal. it helps a lot', '2021-04-30 19:56:32', '', 0, 0, 1, 0, 0, 0, 0, 0, NULL),
(181, 'batch65', 'Batch67', 'Milind Sohoni', '9848347119', 'Definitely got clarity.  I had read similar explanations and was expecting the explanation you gave.', '2021-04-30 19:56:35', '91', 0, 0, 1, 0, 0, 0, 0, 0, NULL),
(182, 'batch65', 'Batch69', 'Jyotsna kali', '9833561838', 'BMI 22, but a lot of fluctuation in sugar level even if I eat a slightly bigger Khapli roti or brown rice. How should I adjust my diet?', '2021-04-30 19:56:43', '', 0, 0, 0, 1, 0, 0, 0, 0, NULL),
(183, 'batch65', 'Batch66', 'Akshay Sawant', '7743613430', 'Sub-categories of T2D was a revelation. Will certainly help identify more specific health goals.', '2021-04-30 19:56:51', '44', 0, 0, 1, 0, 0, 1, 0, 0, NULL),
(184, 'batch65', 'Batch64', 'Ashesh Kumar  Roy', '09434385417', 'My bmi is 21.8, my hba1c is 4.9, I m doing plums, pushup, Suriya namaskara, world best warm up 3 day, 2 days weight training one day walk. I take three rooti in dinner and my pp3 is 134', '2021-04-30 19:56:57', '91', 0, 0, 1, 1, 0, 0, 0, 0, NULL),
(185, 'batch65', 'Batch64', 'Malini Lachminarayana', '09739418282', 'How do you find out if you are pancreas are producing enough insulin', '2021-04-30 19:57:04', '91', 0, 0, 0, 1, 0, 0, 0, 0, NULL),
(186, 'batch65', 'Batch67', 'Govind Kulkarni', '09833782482', 'Great clarity Malhar, after becoming I was flying high but after this session I am on ground....thanks', '2021-04-30 19:57:05', '91', 0, 0, 1, 0, 0, 0, 0, 0, NULL),
(187, 'batch65', 'Batch64', 'Srikantha', '9980005033', 'Excellent session sir! It cleared a lots of doubts about weight gain! It was must needed in this phase of the program.', '2021-04-30 19:57:08', '', 0, 0, 1, 0, 0, 0, 0, 0, NULL),
(188, 'batch65', 'Batch64', 'Priti taneja', '9899541972', 'Clarity means eat more nd maintain hb1ac', '2021-04-30 19:57:16', '91', 0, 0, 1, 0, 0, 0, 0, 0, NULL),
(189, 'batch65', 'Batch66', 'Rajesh Budhrani', '9673992528', 'Staircase climbing with weights does not lead to weight loss, rite ?', '2021-04-30 19:57:21', '', 0, 0, 0, 0, 0, 1, 0, 0, NULL),
(190, 'batch65', 'Batch68', 'Rashmiranjan Mishra', '9930057248', 'My weight has stopped lowering and got stacked by around 22', '2021-04-30 19:57:43', '', 0, 0, 1, 0, 0, 0, 0, 0, NULL),
(191, 'batch65', 'Batch67', 'Padmavathi Ramaswamy', '09004000190', 'My BMI is 18.5.lam not able protein based foods due to microalbumin.bsl is fine.l am eating 3 meals cooked three uncooked.no age.doing resistance and yoga.hiw can increase weight', '2021-04-30 19:57:47', '91', 0, 0, 1, 0, 0, 0, 0, 0, NULL),
(192, 'batch65', 'Batch68', 'PremaSreenivasan', '9970107508', 'i have got some clarity from todays session thanks for   good session', '2021-04-30 19:57:52', '91', 0, 0, 1, 0, 0, 0, 0, 0, NULL),
(193, 'batch65', 'Batch66', 'chandrashekhar be', '9481245906', 'Got clarity in the first briefing. If PPT is shared we can understand much better. It is very clear for me what I need to do and am almost into it. Gym-mer athlete (3 days gym - 2 days yoga - 1 day cycling  chosen the best combination and working form me)', '2021-04-30 19:58:15', '', 0, 0, 1, 0, 0, 0, 0, 0, NULL),
(194, 'batch65', 'Batch65', 'abha', '9760090272', 'my bsl again started rising in phase 4 by increasing  proglycemic diet\r\nweight stuck on 60 kg ,how to increase', '2021-04-30 19:58:19', '91', 0, 0, 1, 0, 0, 0, 0, 0, NULL),
(195, 'batch65', 'Batch66', 'Raja Rajeswara Rao Velpucharla', '9160111520', 'Will weight training hamper the healing of frozen shoulder?', '2021-04-30 19:58:22', '', 0, 0, 1, 0, 0, 0, 0, 0, NULL),
(196, 'batch65', 'Batch67', 'Nutan Raj', '9869459286', 'It is difficult to read the print. The matter was very good and hopefully will help. My BMI is 16 and now I am put on insulin to increase my weight. It has increased by 2 kgs. My weight is 39 kg now. My age is 62', '2021-04-30 19:58:24', '', 0, 0, 1, 0, 0, 0, 0, 0, NULL),
(197, 'batch65', 'Batch68', 'Swati Shah', '9810230007', 'If there are so many subtypes in diabetes why that one size fits all kind of diet to everyone ? It did not help me at all.', '2021-04-30 19:58:34', '', 0, 0, 0, 0, 0, 0, 0, 0, NULL),
(198, 'batch65', 'Batch64', 'L.B.Mahale', '9869184356', 'how to deal with severe gas problem?', '2021-04-30 19:58:49', '', 0, 0, 1, 0, 0, 0, 0, 0, NULL),
(199, 'batch65', 'Batch68', 'RAGHURAMAN', '9557383417', 'Thanks doctor. Your brief has given a lot of clarity in understanding the relation between weight and diabetes.', '2021-04-30 19:59:08', '', 0, 0, 1, 0, 0, 0, 0, 0, NULL),
(200, 'batch65', 'Batch66', 'chandrashekhar be', '9481245906', 'My left arm slight thinner than right. Reason?', '2021-04-30 19:59:13', '', 0, 0, 1, 0, 0, 0, 0, 0, NULL),
(201, 'batch65', 'Batch68', 'Pabitra Das', '7735553222', 'I lost my 10kgs in 1 and 1/2 months before joining the program weight was 64.6kgs and now it is 53.1kgs', '2021-04-30 19:59:17', '91', 0, 0, 1, 0, 0, 0, 0, 0, NULL),
(202, 'batch65', 'Batch68', 'ArunKumar Deshpande', '6177975139', 'why is pp3 & pp1 high? my pp2 & pp3 is low', '2021-04-30 19:59:25', '1', 0, 0, 1, 0, 0, 0, 0, 0, NULL),
(203, 'batch65', 'Batch68', 'K V Nandan', '9945563409', 'I am going through L4-L5 disc slip. What weights can I do ?', '2021-04-30 19:59:32', '', 0, 0, 1, 0, 0, 0, 0, 0, NULL),
(204, 'batch65', 'Batch66', 'Nirmala Shastri', '9902431865', 'I feel very hungry but feel anxious to increase my food intake. I feel relieved that I can start eating .my weight is not stable.', '2021-04-30 19:59:51', '91', 0, 0, 0, 0, 1, 0, 0, 0, NULL),
(205, 'batch65', 'Batch65', 'Vinod Kumar Srivastava', '770976850', 'Vinod Kumar Srivastava BMI 19.7, on renal diet. Weight gain is very slow. Medicine reduced by 60%. Doing GYM 3, Yoga 2 and Walking 1. Looking  to gain muscle and weight.', '2021-04-30 19:59:58', '213', 0, 0, 0, 0, 0, 1, 0, 0, NULL),
(206, 'batch65', 'Batch65', 'abha', '9760090272', 'Any suggestion for increasing weight without disturbing  BSL', '2021-04-30 20:00:06', '91', 0, 0, 1, 0, 0, 0, 0, 0, NULL),
(207, 'batch65', 'Batch65', 'Vinod Kumar Srivastava', '770976850', 'Vinod Kumar Srivastava BMI 19.7, on renal diet. Weight gain is very slow. Medicine reduced by 60%. Doing GYM 3, Yoga 2 and Walking 1. Looking  to gain muscle and weight.', '2021-04-30 20:00:16', '213', 0, 0, 1, 0, 0, 0, 0, 0, NULL),
(208, 'batch65', 'Batch63', 'Mohasina thakare', '9923681768', 'If medicine and insullin not helping to control sugar and diet increase sugar then what to do to control sugar', '2021-04-30 20:00:18', '91', 0, 0, 0, 0, 1, 0, 0, 0, NULL),
(209, 'batch65', 'Batch64', 'Shivani savara', '9818441529', 'Sir should grains be forgone and a protein diet is better for bsl stability and with continued excercise', '2021-04-30 20:00:18', '91', 0, 0, 0, 0, 1, 0, 0, 0, NULL),
(210, 'batch65', 'Batch64', 'Hima Gopalakrishnan', '9740097192', 'Why is PP2 and PP3 always high for me.', '2021-04-30 20:00:59', '', 0, 0, 1, 0, 0, 0, 0, 0, NULL),
(211, 'batch65', 'Batch67', 'Mainak Hazra', '9810881710', 'Can I start having non-veg food in Phase IV diet', '2021-04-30 20:01:35', '', 0, 0, 0, 0, 1, 0, 0, 0, NULL),
(212, 'batch65', 'Batch67', 'Suresh Chintan', '9765293668', 'How to identify the type of exercise which is suited for our body', '2021-04-30 20:01:40', '91', 0, 0, 0, 0, 0, 1, 0, 0, NULL),
(213, 'batch65', 'Batch66', 'Mangalam sivanandam', '9445659194', 'My weight is not at all increasing I am in 4 the phase. Following FFD protocol. My weight is 46 or 47 kg. Doing whatever you taught doing and BDL ALSO more than normal. Sometome160  170. BMI. Is 19', '2021-04-30 20:01:51', '91', 0, 0, 0, 0, 1, 0, 0, 0, NULL),
(214, 'batch65', 'Batch68', 'S Shanthi', '9677294284', 'yes', '2021-04-30 20:02:41', '91', 0, 0, 1, 0, 0, 0, 0, 0, NULL),
(215, 'batch65', 'Batch63', 'jasminder', '8427753381', 'are all vegans free from diabetes \r\n do vegans never go diabetic', '2021-04-30 20:02:50', '91', 0, 0, 0, 0, 1, 0, 0, 0, NULL),
(216, 'batch65', 'Batch66', 'Madhusudan Dave', '9726522555', 'I understand brain controls sensing different parameters level from different organs and controls/ provokes generation of required elements to keep system over all in control in general?? When things go out of control, say diabetic conditions, what can be importance and remedies to tune brain function', '2021-04-30 20:02:58', '', 0, 0, 0, 0, 1, 0, 0, 0, NULL),
(217, 'batch65', 'Batch64', 'MADAN MOHAN U A', '9845034477', 'I have not been taking morning smoothie since about a week. Earlier my FBS would be in 115 to 128 Now it is in the range of 130 - 140. - 150   When it was 150, I did Stairs with 5kg school bag and 3 floors 10 times up & down and then checked my bsl, it was still 150 .  What could be the reason.', '2021-04-30 20:02:59', '', 0, 0, 0, 1, 0, 0, 0, 0, NULL),
(218, 'batch65', 'Batch67', 'Ravi Nagaraj', '9901799992', 'How does one reduce Liver enzymes? When its high?', '2021-04-30 20:03:09', '', 0, 0, 0, 1, 1, 0, 0, 0, NULL),
(219, 'batch65', 'Batch64', 'Narayan', '9845369462', 'For dumbell at home what is the max we can goo upto', '2021-04-30 20:03:45', '', 0, 0, 0, 0, 0, 1, 0, 0, NULL),
(220, 'batch65', 'Batch68', 'Jagannathan S', '9449116257', 'Greetings sir, My dietician recommended plant based protein supplement, sugar free peanut butter and almond milk... hope no fat gets added....', '2021-04-30 20:03:46', '', 0, 0, 0, 0, 1, 1, 0, 0, NULL),
(221, 'batch65', 'Batch68', 'Senthil Balraj', '7397368196', 'One of the best informative sessions I had on Diabates. No sugar coating and telling the facts as is. This one session justifies the fee paid. Thanks a ton!!', '2021-04-30 20:03:53', '', 0, 0, 1, 0, 0, 0, 0, 0, NULL);
INSERT INTO `tbl_questions` (`id`, `batch`, `select_batch`, `user_name`, `user_phone`, `user_question`, `asked_at`, `user_code`, `speaker`, `answered`, `responded`, `doctor`, `diet`, `exercise`, `mentor`, `operations`, `remark`) VALUES
(222, 'batch65', 'Batch66', 'Mangalam sivanandam', '9445659194', 'My BSL is 160 or 170 BMI is 19  and following the ffd protocol and doing my 4 the phase , exercise .what to do ? How to put weight and decrease the Bsl.', '2021-04-30 20:03:55', '91', 0, 0, 1, 0, 0, 0, 0, 0, NULL),
(223, 'batch65', 'Batch67', 'Anjali Aherrao', '9890796380', 'With BMI 20.5 , off medicines now, what should be my goal?', '2021-04-30 20:04:19', '', 0, 0, 1, 0, 0, 0, 0, 0, NULL),
(224, 'batch65', 'Batch66', 'Madhusudan Dave', '9726522555', 'Is there a way to measure BSL in real time mode , round the clock to define diet and other requirements accordingly', '2021-04-30 20:04:47', '', 0, 0, 1, 0, 0, 0, 0, 0, NULL),
(225, 'batch65', 'Batch66', 'Mangalam sivanandam', '9445659194', 'My insulin level is 2 . Is it ok', '2021-04-30 20:05:14', '91', 0, 0, 1, 0, 0, 0, 0, 0, NULL),
(226, 'batch65', 'Batch64', 'Ashesh Kumar  Roy', '09434385417', 'My thyroid is 7 can I take protein', '2021-04-30 20:06:29', '91', 0, 0, 0, 0, 1, 0, 0, 0, NULL),
(227, 'batch65', 'Batch64', 'Vini Kirpalani', '9619988520', 'Lost weight and now am at a good bmi if 63. I am happy w my hba1c 6.2 ... I di yoga 3 times...trek 2 times and do simple stretches 2 times. However my diet is only 2 MAD -cooked . Rest is nuts n seeds. I am.happy w the progress. Insulin down from 36 to 13 units. What should I expect now? Will this be what I do rest of my life or will I change food etc again?', '2021-04-30 20:07:55', '', 0, 0, 0, 0, 1, 1, 0, 0, NULL),
(228, 'batch65', 'Batch68', 'aruna', '8838326882', 'My PP sugars are around 180 but my JF sugar levels are around 140.  is it a good sign? what does it indicate?', '2021-04-30 20:08:20', '91', 0, 0, 0, 0, 0, 0, 0, 0, NULL),
(229, 'batch65', 'Batch68', 'Murali Nagarajan', '9840181203', 'My BMI is around 20 dropped by 1 after joining and weight by 4 kgs. FBSL is good always below 100 but PP2 and # goes up above 170 to 200.  I am 67. Is it OK for PP2 and 3  to go high and drop?', '2021-04-30 20:08:24', '', 0, 0, 1, 0, 0, 0, 0, 0, NULL),
(230, 'batch65', 'Batch68', 'Senthil Balraj', '7397368196', 'With 30 minutes jogging, my BMI is still maintained at 22.  PP BSL around 140 to 160. Fasting 130 to 140. Having Glycomet 250 mg after lunch and dinner.  In this case, can I continue Cardio.', '2021-04-30 20:08:46', '', 0, 0, 1, 0, 0, 0, 0, 0, NULL),
(231, 'batch65', 'Batch67', 'Vilas Tarwadi', '08408814488', 'Can we play sports like tennis 3 times a week ? My BMI is 22.5 and I tend to gain weight if I eat more. Weight gain is easy for me.', '2021-04-30 20:08:46', '', 0, 0, 1, 0, 0, 0, 0, 0, NULL),
(232, 'batch65', 'Batch68', 'S Shanthi', '9677294284', 'im  loosing  weight .  It is  fluctuating. PP3  is  high.  what  is  the best  dinner.  Tried  kapali  wheat  and  millet and  rice. Nothing  works', '2021-04-30 20:08:52', '91', 0, 0, 1, 0, 0, 0, 0, 0, NULL),
(233, 'batch65', 'Batch65', 'abha', '9760090272', 'is it better to have minimum dose of diabetic medicine  along with following ffd protocol not so strictly', '2021-04-30 20:08:55', '91', 0, 0, 0, 0, 1, 0, 0, 0, NULL),
(234, 'batch65', 'Batch68', 'Virendra S Bawaskar ', '7263024571', 'Age 43\r\nDiabetic from 10 months June2020\r\nDone angoplasti  3 stain June 2020\r\nLeft medicine on sep2020\r\nBmi 22.90 at present\r\nLost weight 13 to 14kg\r\nLeft medicine in Sept 2020\r\nHb1c 5.7 from last 6th month \r\nFasting 85 to 96 always pp1 less than 100\r\nProblem with pp1 less than 160\r\nAnd pp3 also less than 160 now coming less than 140 but if eat artifartificial sugar than it goes like 200\r\nMy fasting insulin is 3.9\r\n*Sir which type I am  I.e what is my reality   \r\nVirendra S Bawaskar \r\nPune', '2021-04-30 20:09:29', '', 0, 0, 0, 1, 0, 0, 0, 0, NULL),
(235, 'batch65', 'Batch68', 'S Shanthi', '9677294284', 'my  weight  is  49  .  reduced  from  55  kgs', '2021-04-30 20:09:45', '91', 0, 0, 0, 1, 0, 0, 0, 0, NULL),
(236, 'batch65', 'Batch68', 'Rashmiranjan Mishra', '9930057248', 'I lost 5 kg in 1 month. Previously it was 67 kg,  and now 62 kg. BMI stocked by arond 22 not lowering further', '2021-04-30 20:09:59', '', 0, 0, 0, 1, 0, 0, 0, 0, NULL),
(237, 'batch65', 'Batch66', 'Madhusudan Dave', '9726522555', 'What can be non medico remedies to control BSL even when blood is generated during digestion process before it even can reach to body parts / muscles', '2021-04-30 20:10:23', '', 0, 0, 1, 0, 0, 0, 0, 0, NULL),
(238, 'batch65', 'Batch64', 'MADAN MOHAN U A', '9845034477', 'My fasting now is not in range of 120 to 150  and my pp1 is in good range 120 to 140 my weight is 63 my bmi is 22.3   Last month I went to Gym 5 days a week as I had an intutuion the lock down was imminent. I am doing Surya namaskar every day. I take 15 gm protien isolate.  Not on medication. an 60 years young  my pp2 is generally below 160', '2021-04-30 20:10:46', '', 0, 0, 0, 1, 0, 0, 0, 0, NULL),
(239, 'batch65', 'Batch64', 'Dr Mohan Kumar SL', '9448189250', 'Hi Sir BMI is 22.5 and weight is stuck lost about 35.5 kgs', '2021-04-30 20:10:53', '91', 0, 0, 0, 0, 1, 0, 0, 0, NULL),
(240, 'batch65', 'Batch65', 'Umesh lele ', '7208643665', 'Shall we have protein powder after every type of exercise.', '2021-04-30 20:11:18', '', 0, 0, 0, 0, 1, 0, 0, 0, NULL),
(241, 'batch65', 'Batch63', 'Shivaji nagare', '9373436040', 'Maze Bajan 55ahe bmi21.30. age55.kontae exercise karavet .', '2021-04-30 20:11:45', '91', 0, 0, 0, 0, 0, 1, 0, 0, NULL),
(242, 'batch65', 'Batch66', 'Usharani', '9902343025', 'How does excercise help in reducing sugar levels.', '2021-04-30 20:12:06', '91', 0, 0, 0, 0, 0, 1, 0, 0, NULL),
(243, 'batch65', 'Batch64', 'Malini Lachminarayana', '09739418282', 'My fasting insulin is 7.9 has come down from 10. But  average sugar remains at 6.8 from the time I started the programme. What does it mean is it a ok', '2021-04-30 20:12:19', '91', 0, 0, 1, 0, 0, 0, 0, 0, NULL),
(244, 'batch65', 'Batch65', 'Mahesh Rayapoodi', '559195971', 'My BMI is below 23 and C- peptide is 1.8 and insulin resistance is 7.5 .what is the schedule have to follow .I am free from medication only during breakfast and taking medicines in lunch & dinner', '2021-04-30 20:12:38', '971', 0, 0, 1, 0, 0, 0, 0, 0, NULL),
(245, 'batch65', 'Batch68', 'Jayanthi  Ekambaram', '9487137390', 'Pl explain how in a week excercises to be planned', '2021-04-30 20:14:29', '', 0, 0, 1, 0, 0, 0, 0, 0, NULL),
(246, 'batch65', 'Batch66', 'KAVITA DIXIT', '9821735814', 'FFD gives daily change of medicines depending on daily BSLs. Is this effective or set of medicines for 2-3 days?', '2021-04-30 20:14:47', '', 0, 0, 0, 0, 1, 0, 0, 0, NULL),
(247, 'batch65', 'Batch65', 'Manihar Shougaijam', '9863533925', 'In 321 exercise protocol,I am not being able to do Stamina exercise as I get breathlessness... Yoga and gym I am being able to do', '2021-04-30 20:14:56', '91', 0, 0, 0, 0, 0, 1, 0, 0, NULL),
(248, 'batch65', 'Batch68', 'Ravishankar', '9743285919', 'What is the standard recommended time for Resistance band exercise', '2021-04-30 20:15:12', '', 0, 0, 0, 0, 0, 1, 0, 0, NULL),
(249, 'batch65', 'Batch68', 'Nisha', '9980545174', 'I it ok t take eggs in second phase if covid +ve member at home. It is recommended by many.. but as per FFD protocol not able to take eggs and milk. BMI - 18.3', '2021-04-30 20:15:14', '', 0, 0, 0, 0, 1, 0, 0, 0, NULL),
(250, 'batch65', 'Batch68', 'Amit Bhatnagar ', '8886807799', 'Why PP is done after 2 hours. Random is also 140', '2021-04-30 20:15:18', '', 0, 0, 0, 1, 0, 0, 0, 0, NULL),
(251, 'batch65', 'Batch63', 'H K C SWAMY', '9845147159', '108 suryanamaskar is done by my brother H K N Swamy and not by me', '2021-04-30 20:17:57', '', 0, 0, 0, 0, 1, 0, 0, 0, NULL),
(252, 'batch65', 'Batch64', 'Prathamesh Shashikant Daphal', '9869116361', 'Excellent session sir, got all things sorted!!!', '2021-04-30 20:17:59', '', 0, 0, 1, 0, 0, 0, 0, 0, NULL),
(253, 'batch65', 'Batch66', 'Akshay Sawant', '7743613430', 'Starting to enjoy strength training and feeling strength coming back. Slowly increasing meals as well. Eating more has never been a problem!', '2021-04-30 20:18:03', '44', 0, 0, 1, 0, 0, 0, 0, 0, NULL),
(254, 'batch65', 'Batch67', 'Milind Sohoni', '9848347119', 'Is taking reclide kind of medication for a lifetime good?  Or eventually will things get worse.?', '2021-04-30 20:18:07', '91', 0, 0, 0, 0, 1, 1, 0, 0, NULL),
(255, 'batch65', 'Batch67', 'Vilas Tarwadi', '08408814488', 'can we have a egg as protein supplement ?', '2021-04-30 20:18:41', '', 0, 0, 0, 0, 1, 0, 0, 0, NULL),
(256, 'batch65', 'Batch65', 'Unnikrishnan P', '8871010099', 'BMI is 22, I am in Phase 4 , weight is 60 KGs, for Protein can I have Egg white some days in a week', '2021-04-30 20:19:28', '', 0, 0, 1, 0, 0, 0, 0, 0, NULL),
(257, 'batch65', 'Batch68', 'Sai Kiran AM', '09705308569', 'Age33, My BMI is just 15-16. How to increase my weight without effecting bsl. Can I do gym as I always used to and just stopped after joining ffd. What food is suggested apart from fat/calories as that may spike my bsl and create insulin resistance. And also how to increase insulin secretion', '2021-04-30 20:19:33', '', 0, 0, 1, 0, 0, 0, 0, 0, NULL),
(258, 'batch65', 'Batch68', 'Jayanthi  Ekambaram', '9487137390', 'By the presentation BMI < 23 will have very good hope. Well explained Sir.', '2021-04-30 20:19:56', '', 0, 0, 1, 0, 0, 0, 0, 0, NULL),
(259, 'batch65', 'Batch68', 'Virendra S Bawaskar ', '7263024571', 'Can we regenerate  beta cell ?', '2021-04-30 20:20:12', '', 0, 0, 0, 0, 0, 1, 0, 0, NULL),
(260, 'batch65', 'Batch68', 'Jayanthi  Ekambaram', '9487137390', 'How many count suryanamskar to be done daily', '2021-04-30 20:21:20', '', 0, 0, 0, 0, 0, 1, 0, 0, NULL),
(261, 'batch65', 'Batch66', 'Ajay kale', '9823047200', 'I am doing surya namaskar daily , is it good or need to stop & do for 2 days week only', '2021-04-30 20:22:09', '', 0, 0, 0, 0, 0, 1, 0, 0, NULL),
(262, 'batch65', 'Batch67', 'Vijay kumar Jain', '9810067851', 'Age 63, BMI 20.7, lost 8 kg in 3 months, c peptide- fasting 2.88, pP -6.1. still loosing weight inspire of having 4 meals', '2021-04-30 20:22:55', '91', 0, 0, 0, 1, 0, 0, 0, 0, NULL),
(263, 'batch65', 'Batch68', 'Virendra S Bawaskar ', '7263024571', 'Done angopasti so what care I have to take while doing exercise.\r\nVirendra S Bawaskar', '2021-04-30 20:23:03', '', 0, 0, 0, 0, 0, 1, 0, 0, NULL),
(264, 'batch65', 'Batch68', 'Chandru N', '9448944815', 'Does protein intake impact kidney functions ?', '2021-04-30 20:23:42', '', 0, 0, 0, 0, 0, 1, 0, 0, NULL),
(265, 'batch65', 'Batch67', 'Adv Suresh Ramchandani', '9323514921', 'Is protein harmful to heart blockage patients. Adv Suresh.', '2021-04-30 20:24:01', '', 0, 0, 0, 0, 1, 0, 0, 0, NULL),
(266, 'batch65', 'Batch67', 'Jyotsna kali', '9833561838', 'Age 64: which strength exercises are recommended?', '2021-04-30 20:24:29', '', 0, 0, 0, 0, 1, 1, 0, 0, NULL),
(267, 'batch65', 'Batch68', 'Rajagopal', '9789040639', 'Phase 2 can we do WAGE for bmi 20.96', '2021-04-30 20:24:46', '', 0, 0, 0, 0, 0, 1, 0, 0, NULL),
(268, 'batch65', 'Batch65', 'Santhosh Murthy Neriyanuri', '08106064728', 'Is there is any specific exercise to reduce triglycerides.', '2021-04-30 20:25:46', '91', 0, 0, 0, 0, 1, 0, 0, 0, NULL),
(269, 'batch65', 'Batch67', 'Shamsher Singh ', '9419163267', 'my BMI is 16.35 ,so how much gym I need and calories', '2021-04-30 20:26:36', '91', 0, 0, 0, 0, 0, 1, 0, 0, NULL),
(270, 'batch65', 'Batch65', 'SANDHYA RAO', '9012390905', 'Initially my insulin requirement reduced but now i dont see any change. I am following what i am asked to...Can i expect more correction', '2021-04-30 20:26:48', '1', 0, 0, 1, 1, 0, 0, 0, 0, NULL),
(271, 'batch65', 'Batch66', 'Vanita Dhansukh Chouhan', '9004638069', 'My BMI is below 17  I am not able to gain weight  but I am trying my best . Any suggestion', '2021-04-30 20:27:48', '', 0, 0, 1, 0, 1, 0, 0, 0, NULL),
(272, 'batch65', 'Batch67', 'Seema Khaire ', '0508182294', 'Hi doc 3.5kg for antigravity exercises I am doing in phase 4 my hb1ac  came down in 4 months before was12.4 and now is5.8 thank you so much for everyone in FFD I am enjoying everything ðŸ™ðŸ™ðŸ™', '2021-04-30 20:28:14', '971', 0, 0, 0, 0, 1, 1, 0, 0, NULL),
(273, 'batch65', 'Batch64', 'Sangeeta', '9423058022', 'BMI 22.2. Shall I continue  NOD everyday? Batch 63  phase 4', '2021-04-30 20:28:18', '', 0, 0, 0, 0, 0, 1, 0, 0, NULL),
(274, 'batch65', 'Batch68', 'PremaSreenivasan', '9970107508', 'i am 71 can i gain musle ?', '2021-04-30 20:28:31', '91', 0, 0, 0, 0, 0, 1, 0, 0, NULL),
(275, 'batch65', 'Batch68', 'aruna', '8838326882', 'My PP BSLs are around 180 but JF BSLs are around 130-140 range. What are the chances of reversal.', '2021-04-30 20:29:29', '91', 0, 0, 0, 1, 0, 0, 0, 0, NULL),
(276, 'batch65', 'Batch68', 'Rajagopal', '9789040639', 'Does a power Nap help in the afternoon', '2021-04-30 20:32:15', '', 0, 0, 0, 0, 1, 1, 0, 0, NULL),
(277, 'batch65', 'Batch67', 'Pavan', '9620127054', 'I am at 23.17 BMI , I want to start off with Phase 4 based on my discussion with the diet expert . Worried if I start eating more I feel my BMI will again start increasing . Batch 67', '2021-04-30 20:32:17', '', 0, 0, 0, 0, 1, 0, 0, 0, NULL),
(278, 'batch65', 'Batch67', 'Atul Jagdale', '9575301220', 'I have wt before diabetic was 52-55  that was on 2012.after dibetic it go gradually down and upto 48-49. Now not yet increased so my C peptied is low', '2021-04-30 20:32:51', '91', 0, 0, 1, 0, 1, 0, 0, 0, NULL),
(279, 'batch65', 'Batch66', 'KAVITA DIXIT', '9821735814', 'Thanks for sharing the screen. Questions were clear.', '2021-04-30 20:33:05', '', 0, 0, 1, 0, 0, 0, 0, 0, NULL),
(280, 'batch65', 'Batch68', 'Jasmath bhatia', '8890859762', 'I always feel weak, my weight is currently 46 kg . How to remove weakness?', '2021-04-30 20:33:42', '', 0, 0, 0, 0, 1, 0, 0, 0, NULL),
(281, 'batch65', 'Batch67', 'Seema Khaire ', '0508182294', 'My BMI is 20or 21 my weight is 52or53', '2021-04-30 20:35:23', '971', 0, 0, 0, 0, 1, 0, 0, 0, NULL),
(282, 'batch65', 'Batch68', 'Kavita Agarwal', '7760033312', 'Thank you. The session has helped redefine reversal goals and also to understand that medicine  can be a support also.', '2021-04-30 20:35:29', '', 0, 0, 0, 0, 1, 0, 0, 0, NULL),
(283, 'batch65', 'Batch66', 'Akshay Sawant', '7743613430', 'Doctor Malhar, Thank you for providing the right perspectives for our challenge. Excellent Session again! Reinforces the energy for I can I will.', '2021-04-30 20:35:44', '44', 0, 0, 1, 0, 0, 0, 0, 0, NULL),
(284, 'batch65', 'Batch67', 'Atul Jagdale', '9575301220', 'If i deviat from ffd diet on lunch how many time it affect my bsl', '2021-04-30 20:36:17', '91', 0, 0, 1, 0, 0, 0, 0, 0, NULL),
(285, 'batch65', 'Batch64', 'Laxmi Narayan', '9833807133', 'Can I start my daily yoghurt.& morning tea.', '2021-04-30 20:38:28', '91', 0, 0, 0, 0, 1, 0, 0, 0, NULL),
(286, 'batch65', 'Batch67', 'Shrikant ', '7021145964', 'If it takes around 3 years for weight gain, does that mean the IRP program will end before the goal is achieved?', '2021-04-30 20:41:02', '', 0, 0, 0, 0, 0, 1, 0, 0, NULL),
(287, 'batch65', 'Batch66', 'Rajesh Budhrani', '9673992528', 'If I is 15.7, should we start intensive gym for 45 mins per day ?', '2021-04-30 20:41:53', '', 0, 0, 0, 1, 1, 0, 0, 0, NULL),
(288, 'batch65', 'Batch65', 'Girish S', '9980517425', 'Thanks for details Sir, I have started phase 4. But, still following 25% formula. Can I introduce grain in the morning breakfast?', '2021-04-30 20:42:40', '', 0, 0, 1, 0, 0, 0, 0, 0, NULL),
(289, 'batch65', 'Batch67', 'Mainak Hazra', '9810881710', 'Thanks Dr Malhar for this session - goals are very clear now', '2021-04-30 20:42:41', '', 0, 0, 1, 0, 0, 0, 0, 0, NULL),
(290, 'batch65', 'Batch64', 'Meeta  Haikerwal', '09450910173', 'Aafter Covid recovery can we start with strength exercise.  Felt like quitting as BSL increased after 1st shot of vaccination.', '2021-04-30 20:46:45', '91', 0, 0, 1, 0, 0, 0, 0, 0, NULL),
(291, 'batch65', 'Batch66', 'Balasubramanian ', '9486101830', 'Can the diabetes take chavanprash', '2021-04-30 20:46:46', '91', 0, 0, 1, 0, 0, 0, 0, 0, NULL),
(292, 'batch65', 'Batch66', 'Balasubramanian ', '9486101830', 'Myself hba1c from 11  to 6.3', '2021-04-30 20:47:49', '91', 0, 0, 0, 0, 0, 0, 0, 0, NULL),
(293, 'batch65', 'Batch66', 'Balasubramanian ', '9486101830', 'Hete covid is too high going to gym seems risky', '2021-04-30 20:48:56', '91', 0, 0, 1, 0, 0, 0, 0, 0, NULL),
(294, 'batch65', 'Batch63', 'Poonam Mehta', '7717774734', 'The 25% formula for diet should combine or sholud there be change to gain weight', '2021-04-30 20:49:55', '91', 0, 0, 1, 0, 0, 0, 0, 0, NULL),
(295, 'batch65', 'Batch66', 'Balasubramanian ', '9486101830', 'My? not answered', '2021-04-30 20:50:11', '91', 0, 0, 1, 0, 0, 0, 0, 0, NULL),
(296, 'batch65', 'Batch64', 'Srikantha', '9980005033', 'what is the importantnce of glycemic ladder training?', '2021-04-30 20:52:10', '', 0, 0, 1, 0, 0, 0, 0, 0, NULL),
(297, 'batch65', 'Batch68', 'Himmat Kunwar', '7665134893', 'Not able to follow in English only Hindi understand.', '2021-04-30 20:53:12', '', 0, 0, 1, 0, 0, 0, 0, 0, NULL),
(298, 'batch65', 'Batch65', 'Juhi ', '9460355207', 'I am in still in the third phase, age 45 years, can I do power yoga', '2021-04-30 20:53:52', '', 0, 0, 1, 0, 0, 0, 0, 0, NULL),
(299, 'batch65', 'Batch64', 'Maya Viswanathan', '9820805826', 'My Average is 6.5.\r\nBMI is 24.5\r\nMy sugar fluctuates between 100 to 180. Most of the days itâ€™s normal but once a way goes to 180.\r\nPp3 is also same.', '2021-04-30 20:55:07', '', 0, 0, 0, 0, 0, 0, 0, 0, NULL),
(300, 'batch65', 'Batch65', 'Pablita Khanna', '6029033774', 'Renal diet with unsteady sugars - so increase healthy oils intake for total calories?', '2021-04-30 20:57:14', '1', 0, 0, 0, 0, 1, 0, 0, 0, NULL),
(301, 'batch65', 'Batch63', 'Poonam Mehta', '7717774734', 'IRP prog is fir 1 yr. But to gain wt it takes 2 to 3 yrs, which also involves change in medication also. Who will guide us then?', '2021-04-30 20:58:13', '91', 0, 0, 1, 0, 0, 0, 0, 0, NULL),
(302, 'batch65', 'Batch66', 'Balasubramanian ', '9486101830', 'Thank you Dr', '2021-04-30 21:00:11', '91', 0, 0, 1, 0, 0, 0, 0, 0, NULL),
(303, 'batch65', 'Batch64', 'Srikantha', '9980005033', 'I am following glycemic ladder training. After 3rd week the numbers are normal. What does this imply?', '2021-04-30 21:00:27', '', 0, 0, 1, 0, 0, 0, 0, 0, NULL),
(304, 'batch65', 'Batch66', 'Akshay Sawant', '7743613430', 'Thanks for the motivation Doctor. Gained some good clarity about Phase 4 objectives.', '2021-04-30 21:00:38', '44', 0, 0, 1, 0, 0, 0, 0, 0, NULL),
(305, 'batch65', 'Batch64', 'Maya Viswanathan', '9820805826', 'Thank you.', '2021-04-30 21:01:15', '', 0, 0, 0, 0, 0, 0, 0, 0, NULL),
(306, 'batch65', 'Batch66', 'Balasubramanian ', '9486101830', 'My waist came down from 90cm to below 80 cm', '2021-04-30 21:02:08', '91', 0, 0, 1, 0, 0, 0, 0, 0, NULL),
(307, 'batch65', 'Batch68', 'Chandru N', '9448944815', 'Super. Thanks', '2021-04-30 21:04:30', '', 0, 0, 0, 0, 0, 0, 0, 0, NULL),
(308, 'batch65', 'Batch64', 'Hitendra Badrakiya', '9824310906', 'Understood & Thanks.', '2021-04-30 21:04:33', '91', 0, 0, 0, 0, 0, 0, 0, 0, NULL),
(309, 'batch65', 'Batch67', 'Ravi Nagaraj', '9901799992', 'Clarity Gained... Thank you very much', '2021-04-30 21:04:41', '', 0, 0, 0, 0, 0, 0, 0, 0, NULL),
(310, 'batch65', 'Batch67', 'Suresh Chintan', '9765293668', 'Clarity gained. THank you', '2021-04-30 21:04:41', '91', 0, 0, 0, 0, 0, 0, 0, 0, NULL),
(311, 'batch65', 'Batch66', 'KAVITA DIXIT', '9821735814', 'clarity gained. Thanks', '2021-04-30 21:04:42', '', 0, 0, 0, 0, 0, 0, 0, 0, NULL),
(312, 'batch65', 'Batch63', 'H K C SWAMY', '9845147159', 'gained clarity', '2021-04-30 21:04:42', '', 0, 0, 0, 0, 0, 0, 0, 0, NULL),
(313, 'batch65', 'Batch64', 'Maya Viswanathan', '9820805826', 'I have understood well. \r\nThank you so much.', '2021-04-30 21:04:44', '', 0, 0, 0, 0, 0, 0, 0, 0, NULL),
(314, 'batch65', 'Batch68', 'Leela', '122951759', 'clarity gained', '2021-04-30 21:04:47', '60', 0, 0, 0, 0, 0, 0, 0, 0, NULL),
(315, 'batch65', 'Batch67', 'Seema Khaire ', '0508182294', 'Yes sir we understand thank you so much ðŸ™ðŸ™ðŸ™', '2021-04-30 21:04:48', '971', 0, 0, 0, 0, 0, 0, 0, 0, NULL),
(316, 'batch65', 'Batch64', 'Srikantha', '9980005033', 'Understood sir! Excellent clarity! :) Extremely useful session!', '2021-04-30 21:04:48', '', 0, 0, 0, 0, 0, 0, 0, 0, NULL),
(317, 'batch65', 'Batch67', 'Supriya Kamoji', '9920487455', 'Understood', '2021-04-30 21:04:49', '', 0, 0, 0, 0, 0, 0, 0, 0, NULL),
(318, 'batch65', 'Batch63', 'Abhijit Mirajkar', '9916209596', 'Of course! Very valuable and clear information. Thanks.', '2021-04-30 21:04:49', '', 0, 0, 0, 0, 0, 0, 0, 0, NULL),
(319, 'batch65', 'Batch64', 'Vini Kirpalani', '9619988520', 'ðŸ™ðŸ‘', '2021-04-30 21:04:50', '', 0, 0, 0, 0, 0, 0, 0, 0, NULL),
(320, 'batch65', 'Batch67', 'Shrikant ', '7021145964', 'Thank you doctor. Clarity gained.', '2021-04-30 21:04:55', '', 0, 0, 0, 0, 0, 0, 0, 0, NULL),
(321, 'batch65', 'Batch67', 'Lata Prasad', '15202149803', 'Thank you for the wonderful session', '2021-04-30 21:04:56', '49', 0, 0, 0, 0, 0, 0, 0, 0, NULL),
(322, 'batch65', 'Batch66', 'Mallikarjun Jabshetty', '9900052230', 'Yes', '2021-04-30 21:04:57', '', 0, 0, 0, 0, 0, 0, 0, 0, NULL),
(323, 'batch65', 'Batch64', 'Meeta  Haikerwal', '09450910173', 'Yes', '2021-04-30 21:04:57', '91', 0, 0, 0, 0, 0, 0, 0, 0, NULL),
(324, 'batch65', 'Batch66', 'chandrashekhar be', '9481245906', 'Yes', '2021-04-30 21:04:57', '', 0, 0, 0, 0, 0, 0, 0, 0, NULL),
(325, 'batch65', 'Batch68', 'Vinod Mali', '8600833350', 'Yes', '2021-04-30 21:04:58', '', 0, 0, 0, 0, 0, 0, 0, 0, NULL),
(326, 'batch65', 'Batch66', 'Umashankar Virat ', '9205631488', 'Yes', '2021-04-30 21:04:58', '', 0, 0, 0, 0, 0, 0, 0, 0, NULL),
(327, 'batch65', 'Batch65', 'Pablita Khanna', '6029033774', 'Envy the newer batches, wish we had this earlier! Thank you, very helpful.', '2021-04-30 21:04:59', '1', 0, 0, 0, 0, 0, 0, 0, 0, NULL),
(328, 'batch65', 'Batch68', 'Anil Vashisht ', '9619512544', 'Very informative session Sir..', '2021-04-30 21:04:59', '', 0, 0, 0, 0, 0, 0, 0, 0, NULL),
(329, 'batch65', 'Batch63', 'Megha Pawar', '9930947991', 'Thanks Dr. Malhar. Lots of clarity', '2021-04-30 21:05:01', '', 0, 0, 0, 0, 0, 0, 0, 0, NULL),
(330, 'batch65', 'Batch68', 'S Shanthi', '9677294284', 'yes  doctor.  very  informative  session.  thank  you  for  being  with  us', '2021-04-30 21:05:03', '91', 0, 0, 0, 0, 0, 0, 0, 0, NULL),
(331, 'batch65', 'Batch68', 'K V Nandan', '9945563409', 'Execellent session. Confusion is good to gain clarity', '2021-04-30 21:05:04', '', 0, 0, 0, 0, 0, 0, 0, 0, NULL),
(332, 'batch65', 'Batch66', 'Raja Rajeswara Rao Velpucharla', '9160111520', 'Thank you so much, Dr Malhar. Got more clarity today.', '2021-04-30 21:05:04', '', 0, 0, 0, 0, 0, 0, 0, 0, NULL),
(333, 'batch65', 'Batch64', 'Shivani savara', '9818441529', 'Thanks sir u r always wonderful ðŸ‘ well understood', '2021-04-30 21:05:04', '91', 0, 0, 0, 0, 0, 0, 0, 0, NULL),
(334, 'batch65', 'Batch66', 'Rajesh Budhrani', '9673992528', 'Clarity gained, thanks Dr', '2021-04-30 21:05:06', '', 0, 0, 0, 0, 0, 0, 0, 0, NULL),
(335, 'batch65', 'Batch63', 'Amitava Dey', '7002747014', 'Yes It is quite clear now.', '2021-04-30 21:05:06', '', 0, 0, 0, 0, 0, 0, 0, 0, NULL),
(336, 'batch65', 'Batch66', 'Kaminkumar', '7600003646', 'Thank you sir  yes', '2021-04-30 21:05:13', '', 0, 0, 0, 0, 0, 0, 0, 0, NULL),
(337, 'batch65', 'Batch63', 'Megha Pawar', '9930947991', 'It was eonderful sessipn', '2021-04-30 21:05:13', '', 0, 0, 0, 0, 0, 0, 0, 0, NULL),
(338, 'batch65', 'Batch66', 'Akshay Sawant', '7743613430', 'Yes', '2021-04-30 21:05:14', '44', 0, 0, 0, 0, 0, 0, 0, 0, NULL),
(339, 'batch65', 'Batch64', 'Shruti Bhide', '9741010312', 'very satisfying session. Clear in my mind', '2021-04-30 21:05:15', '91', 0, 0, 0, 0, 0, 0, 0, 0, NULL),
(340, 'batch65', 'Batch66', 'Balasubramanian ', '9486101830', 'ðŸ‘', '2021-04-30 21:05:15', '91', 0, 0, 0, 0, 0, 0, 0, 0, NULL),
(341, 'batch65', 'Batch64', 'R Acharya', '98635349', 'Thank you Dr. Got full clarity.', '2021-04-30 21:05:18', '65', 0, 0, 0, 0, 0, 0, 0, 0, NULL),
(342, 'batch65', 'Batch67', 'Vilas Tarwadi', '08408814488', 'Good Clarity and many concepts cleared Thanks', '2021-04-30 21:05:19', '', 0, 0, 0, 0, 0, 0, 0, 0, NULL),
(343, 'batch65', 'Batch65', 'Arun', '9845675152', 'Yes', '2021-04-30 21:05:20', '', 0, 0, 0, 0, 0, 0, 0, 0, NULL),
(344, 'batch65', 'Batch64', 'Sangeeta', '9423058022', 'Yes', '2021-04-30 21:05:23', '', 0, 0, 0, 0, 0, 0, 0, 0, NULL),
(345, 'batch65', 'Batch66', 'Nirmala Shastri', '9902431865', 'Clarity gained', '2021-04-30 21:05:25', '91', 0, 0, 0, 0, 0, 0, 0, 0, NULL),
(346, 'batch65', 'Batch64', 'Ajay Agarwal', '9993033045', 'Yes', '2021-04-30 21:05:31', '', 0, 0, 0, 0, 0, 0, 0, 0, NULL),
(347, 'batch65', 'Batch63', 'Amitava Dey', '7002747014', 'Yes', '2021-04-30 21:05:32', '', 0, 0, 0, 0, 0, 0, 0, 0, NULL),
(348, 'batch65', 'Batch68', 'Rajagopal', '9789040639', 'ðŸ‘ðŸ™ clarity gained thank you', '2021-04-30 21:05:41', '', 0, 0, 0, 0, 0, 0, 0, 0, NULL),
(349, 'batch65', 'Batch66', 'Balasubramanian ', '9486101830', 'Yes bye bye', '2021-04-30 21:05:47', '91', 0, 0, 0, 0, 0, 0, 0, 0, NULL),
(350, 'batch65', 'Batch64', 'Sangeeta', '9423058022', 'Thank u so much', '2021-04-30 21:05:49', '', 0, 0, 0, 0, 0, 0, 0, 0, NULL),
(351, 'batch65', 'Batch68', 'sumangala raman', '8023415087', 'It was wonderful session Doc! It made things clear to us.', '2021-04-30 21:06:43', '', 0, 0, 0, 0, 0, 0, 0, 0, NULL),
(352, 'batch65', 'Batch64', 'Srinivas Krishnamoorthy', '9632830096', 'Finally seeing through the fog Sir.  Thank you for walking us through t mazeðŸ™‚', '2021-04-30 21:06:55', '91', 0, 0, 0, 0, 0, 0, 0, 0, NULL),
(353, 'batch65', 'Batch64', 'Srinivas Krishnamoorthy', '9632830096', 'Finally seeing some clarity through the fog.Thank you for walking us through the mazeðŸ™‚', '2021-04-30 21:08:27', '91', 0, 0, 0, 0, 0, 0, 0, 0, NULL),
(354, 'batch65', 'Batch68', 'Prachi Chaudhari', '09922336434', 'Can we take smoothies life time?how much quantity?if the person is in normal weight.and can we give it to 5yrs kid?please answer.and one more why smoothies causes hair loss?', '2021-05-11 17:24:30', '', 0, 0, 0, 0, 0, 0, 0, 0, NULL),
(355, 'batch65', 'Batch68', 'Prachi Chaudhari', '09922336434', 'Can we take smoothies life time? When we should avoid it? Can we give it to our small kids?', '2021-05-11 17:25:59', '', 0, 0, 0, 0, 0, 0, 0, 0, NULL);

-- --------------------------------------------------------

--
-- Table structure for table `tbl_users`
--

CREATE TABLE `tbl_users` (
  `id` int(4) NOT NULL,
  `batch` varchar(7) DEFAULT NULL,
  `name` varchar(50) DEFAULT NULL,
  `cntry_code` varchar(10) DEFAULT NULL,
  `mobile_num` varchar(12) DEFAULT NULL,
  `login_date` datetime DEFAULT NULL,
  `logout_date` datetime DEFAULT NULL,
  `logout_status` int(11) DEFAULT '0',
  `joining_date` datetime DEFAULT NULL
) ENGINE=InnoDB DEFAULT CHARSET=utf8;

--
-- Dumping data for table `tbl_users`
--

INSERT INTO `tbl_users` (`id`, `batch`, `name`, `cntry_code`, `mobile_num`, `login_date`, `logout_date`, `logout_status`, `joining_date`) VALUES
(1, 'batch65', 'neeraj', '', '9700467764', '2021-04-29 16:52:56', '2021-04-29 18:01:57', 1, '2021-04-28 14:09:13'),
(2, 'batch65', 'S Shanthi', '91', '9677294284', '2021-04-30 20:02:03', '2021-04-30 21:05:56', 0, '2021-04-28 16:54:00'),
(3, 'batch65', 'Anil Sunger', '', '8800620181', '2021-04-28 18:48:35', '2021-04-28 18:51:36', 1, '2021-04-28 18:48:35'),
(4, 'batch65', 'Govind Kulkarni', '91', '09833782482', '2021-04-30 18:58:57', '2021-04-30 19:58:03', 1, '2021-04-28 19:01:41'),
(5, 'batch65', 'Gorak', '91', '9840201545', '2021-04-28 19:10:54', '2021-04-28 19:11:55', 1, '2021-04-28 19:10:54'),
(6, 'batch65', 'Parimal Parekh', '91', '09821044313', '2021-04-30 21:53:47', '2021-04-30 21:54:17', 1, '2021-04-28 19:16:12'),
(7, 'batch65', 'Subhash Bhosle ', '91', '7019246455', '2021-04-30 18:52:32', '2021-04-30 21:06:03', 1, '2021-04-28 19:17:41'),
(8, 'batch65', 'Ningu patil', '', '9320977460', '2021-04-30 20:08:35', '2021-04-30 21:06:05', 1, '2021-04-28 19:33:07'),
(9, 'batch65', 'Rahul', '', '8340225705', '2021-04-30 19:14:29', '2021-04-30 21:07:10', 1, '2021-04-28 20:14:40'),
(10, 'batch65', 'N Ashwathnarayan Reddy ', '', '9449648744', '2021-04-28 23:16:35', '2021-04-28 23:18:05', 1, '2021-04-28 23:16:35'),
(11, 'batch65', 'Leela', '60', '0122951759', '2021-04-29 16:43:07', '2021-04-29 16:43:37', 1, '2021-04-29 16:43:07'),
(12, 'batch65', 'Subodh lakra', '', '7587242050', '2021-04-30 19:15:15', '2021-04-30 20:01:14', 1, '2021-04-29 17:16:39'),
(13, 'batch65', 'Dineshchandra', '', '9820584568', '2021-04-30 18:58:53', '2021-04-30 19:48:20', 1, '2021-04-29 18:59:37'),
(14, 'batch65', 'V', '', '9765875731', '2021-04-29 19:13:46', '2021-04-29 20:21:41', 1, '2021-04-29 19:13:46'),
(15, 'batch65', 'Jasmath bhatia', '', '8890859762', '2021-04-30 18:56:35', '2021-04-30 21:06:43', 1, '2021-04-29 22:01:39'),
(16, 'batch65', 'Yashodhan Warke', '', '9820195111', '2021-04-30 18:54:47', '2021-04-30 20:55:03', 0, '2021-04-30 06:51:19'),
(17, 'batch65', 'Rakesh', '', '9560228888', '2021-04-30 19:27:28', '2021-04-30 20:45:01', 1, '2021-04-30 06:58:48'),
(18, 'batch65', 'Srinivas Keerthi', '1', '7322216361', '2021-04-30 18:35:06', '2021-04-30 18:42:06', 1, '2021-04-30 07:00:22'),
(19, 'batch65', 'Ravishankar', '', '9743285919', '2021-04-30 18:57:37', '2021-04-30 21:08:48', 1, '2021-04-30 07:13:33'),
(20, 'batch65', 'Sharda Vijay yadav', '', '7758806431', '2021-04-30 07:44:44', '2021-04-30 07:45:14', 1, '2021-04-30 07:13:41'),
(21, 'batch65', 'Jayanthi  Ekambaram', '', '9487137390', '2021-04-30 19:17:41', '2021-04-30 21:06:11', 1, '2021-04-30 07:14:37'),
(22, 'batch65', 'Dayananda K D', '91', '9448206667', '2021-04-30 19:14:14', '2021-04-30 20:13:30', 1, '2021-04-30 07:20:19'),
(23, 'batch65', 'Jagannathan S', '', '9449116257', '2021-04-30 19:32:58', '2021-04-30 20:45:00', 1, '2021-04-30 07:30:34'),
(24, 'batch65', 'Vanita Dhansukh Chouhan', '', '9004638069', '2021-05-05 14:33:05', '2021-05-05 14:33:35', 1, '2021-04-30 07:40:20'),
(25, 'batch65', 'Vijaya Krishnamurthy', '91', '9741302055', '2021-04-30 07:58:24', '2021-04-30 07:59:25', 1, '2021-04-30 07:58:24'),
(26, 'batch65', 'Manoj yadav', '', '7376470083', '2021-04-30 08:12:27', '2021-04-30 08:13:29', 1, '2021-04-30 08:12:27'),
(27, 'batch65', 'Pradip Dey ', '', '7005765525', '2021-04-30 19:33:25', '2021-04-30 19:57:56', 1, '2021-04-30 08:16:16'),
(28, 'batch65', 'Paramjeet kaur', '91', '8668772504', '2021-04-30 10:02:21', '2021-04-30 10:02:51', 1, '2021-04-30 10:02:21'),
(29, 'batch65', 'Paramjeet Kaur Ghai', '', '8668772504', '2021-04-30 10:04:30', '2021-04-30 10:09:06', 1, '2021-04-30 10:04:30'),
(30, 'batch65', 'Poomari', '91', '09442125597', '2021-04-30 19:11:36', '2021-04-30 21:06:06', 1, '2021-04-30 12:26:23'),
(31, 'batch65', 'Jayesh Engineer', '973', '36998504', '2021-04-30 18:49:41', '2021-04-30 22:06:44', 1, '2021-04-30 15:12:51'),
(32, 'batch65', 'T P Kadkol ', '91', '9535263573', '2021-04-30 15:25:49', '2021-04-30 15:26:19', 1, '2021-04-30 15:25:49'),
(33, 'batch65', 'V', '', '645', '2021-04-30 16:36:08', '2021-04-30 16:36:38', 1, '2021-04-30 16:36:08'),
(34, 'batch65', 'K.SRINIVAS Krishnamoorthy', '91', '09632830096', '2021-04-30 16:42:32', '2021-04-30 16:50:03', 1, '2021-04-30 16:42:32'),
(35, 'batch65', 'Yamini boyjoo ', '230', '57815040', '2021-04-30 16:52:39', '2021-04-30 16:53:42', 1, '2021-04-30 16:52:39'),
(36, 'batch65', 'Sadanand', '91', '7379139777', '2021-04-30 17:19:17', '2021-04-30 17:19:47', 1, '2021-04-30 17:19:17'),
(37, 'batch65', ' Aradhana', '', '9818826603', '2021-04-30 19:00:11', '2021-04-30 21:05:41', 1, '2021-04-30 17:29:38'),
(38, 'batch65', 'Rajiv Shukla', '', '9999412223', '2021-04-30 19:02:35', '2021-04-30 19:55:41', 1, '2021-04-30 17:56:32'),
(39, 'batch65', 'prabhakar', '', '9820434891', '2021-04-30 19:48:01', '2021-04-30 20:28:35', 0, '2021-04-30 17:58:50'),
(40, 'batch65', 'Diwakar singh', '91', '9431315371', '2021-04-30 19:23:01', '2021-04-30 20:00:32', 1, '2021-04-30 18:00:03'),
(41, 'batch65', 'Manjulika Debbarma ', '91', '8415000855', '2021-04-30 19:20:56', '2021-04-30 20:17:57', 1, '2021-04-30 18:24:25'),
(42, 'batch65', 'Megalai ', '60', '0127308730', '2021-04-30 19:25:53', '2021-04-30 20:29:04', 0, '2021-04-30 18:32:15'),
(43, 'batch65', 'chandrashekhar be', '', '9743313512', '2021-04-30 18:37:53', '2021-04-30 18:46:16', 0, '2021-04-30 18:37:53'),
(44, 'batch65', 'Anil Rajak', '974', '74062927', '2021-04-30 19:03:04', '2021-04-30 21:14:50', 1, '2021-04-30 18:38:17'),
(45, 'batch65', 'Prabha Saraswat', '', '9818774915', '2021-04-30 18:40:12', '2021-04-30 21:08:50', 1, '2021-04-30 18:40:12'),
(46, 'batch65', 'Medini', '91', '8197188940', '2021-04-30 18:42:19', '2021-04-30 20:08:50', 1, '2021-04-30 18:42:19'),
(47, 'batch65', 'Meeta  Haikerwal', '91', '9450910173', '2021-04-30 18:42:31', '2021-04-30 21:07:02', 1, '2021-04-30 18:42:31'),
(48, 'batch65', 'Umashankar Virat ', '', '9205631488', '2021-04-30 18:59:28', '2021-04-30 21:06:29', 1, '2021-04-30 18:44:22'),
(49, 'batch65', 'N. Sreenivasulu Reddy', '', '9490182004', '2021-04-30 18:51:51', '2021-04-30 21:08:52', 1, '2021-04-30 18:45:10'),
(50, 'batch65', 'Sudha Agarwal', '', '8874481544', '2021-04-30 18:45:17', '2021-04-30 18:45:47', 1, '2021-04-30 18:45:17'),
(51, 'batch65', 'Krishnamoorthy Rao', '', '9901955485', '2021-04-30 18:45:26', '2021-04-30 21:07:27', 1, '2021-04-30 18:45:26'),
(52, 'batch65', 'Jayanthi krishnamurthy', '', '9665059802', '2021-04-30 18:45:36', '2021-04-30 18:53:02', 0, '2021-04-30 18:45:36'),
(53, 'batch65', 'sumangala raman', '', '8023415087', '2021-04-30 18:46:12', '2021-04-30 21:08:05', 1, '2021-04-30 18:46:12'),
(54, 'batch65', 'chandrashekhar be', '', '9481245906', '2021-04-30 18:46:45', '2021-04-30 21:05:46', 1, '2021-04-30 18:46:45'),
(55, 'batch65', 'Pushpalatha KN', '91', '09448129297', '2021-04-30 21:10:56', '2021-04-30 21:19:15', 1, '2021-04-30 18:47:12'),
(56, '-1', 'Diwakar singh', '91', '9431315371', '2021-04-30 18:47:36', '2021-04-30 18:48:06', 1, '2021-04-30 18:47:36'),
(57, 'batch65', 'Unnikrishnan P', '', '8871010099', '2021-04-30 19:11:03', '2021-04-30 21:09:54', 1, '2021-04-30 18:47:44'),
(58, 'batch65', 'Anilbhai Pardeshi ', '91', '9925661317', '2021-04-30 18:47:57', '2021-04-30 20:58:28', 1, '2021-04-30 18:47:57'),
(59, 'batch65', 'Satishchandra Philar', '91', '9880414559', '2021-04-30 19:54:12', '2021-04-30 20:58:19', 0, '2021-04-30 18:48:44'),
(60, 'batch65', 'SANDHYA RAO', '1', '9012390905', '2021-04-30 18:48:46', '2021-04-30 21:47:28', 1, '2021-04-30 18:48:46'),
(61, 'batch65', 'Satyanarayana K M', '91', '9448836946', '2021-04-30 18:50:03', '2021-04-30 20:34:32', 0, '2021-04-30 18:50:03'),
(62, 'batch65', 'ArunKumar Deshpande', '1', '6177975139', '2021-04-30 18:50:10', '2021-05-01 00:07:42', 1, '2021-04-30 18:50:10'),
(63, 'batch65', 'Poomari', '', '09442125597', '2021-04-30 18:51:01', '2021-04-30 19:08:32', 1, '2021-04-30 18:50:25'),
(64, 'batch65', 'Karthick', '91', '9886294000', '2021-04-30 18:50:26', '2021-04-30 19:05:27', 1, '2021-04-30 18:50:26'),
(65, 'batch65', 'Vijay kumar Jain', '91', '9810067851', '2021-04-30 18:50:38', '2021-04-30 21:01:51', 1, '2021-04-30 18:50:38'),
(66, 'batch65', 'SRIVIDHYA', '', '8099633222', '2021-04-30 18:50:52', '2021-04-30 21:13:23', 1, '2021-04-30 18:50:52'),
(67, 'batch65', 'Sushil nayak', '', '9145863173', '2021-04-30 19:15:23', '2021-04-30 19:17:08', 1, '2021-04-30 18:50:58'),
(68, 'batch65', 'Ravi Nagaraj', '', '9901799992', '2021-04-30 18:51:27', '2021-04-30 21:05:37', 1, '2021-04-30 18:51:27'),
(69, 'batch65', 'Narayan', '', '9845369462', '2021-04-30 18:51:34', '2021-04-30 21:08:07', 1, '2021-04-30 18:51:34'),
(70, '-1', 'MBRao', '91', '9901216073', '2021-04-30 19:04:05', '2021-04-30 19:04:59', 1, '2021-04-30 18:51:53'),
(71, 'batch65', 'RÃ mesh Pujar', '', '9145760320', '2021-04-30 19:01:58', '2021-04-30 21:06:07', 1, '2021-04-30 18:52:12'),
(72, 'batch65', 'John Mathew', '', '9665954609', '2021-04-30 18:59:30', '2021-04-30 20:24:40', 1, '2021-04-30 18:52:30'),
(73, '-1', 'Pushpalatha KN', '', '9448129297', '2021-04-30 18:52:32', '2021-04-30 18:53:02', 1, '2021-04-30 18:52:32'),
(74, 'batch65', 'Sivaramakrishnan C B', '', '9841283881', '2021-04-30 19:34:18', '2021-04-30 20:02:55', 0, '2021-04-30 18:52:33'),
(75, 'batch65', 'Pushpalatha KN', '', '9448129297', '2021-04-30 18:52:39', '2021-04-30 20:45:40', 1, '2021-04-30 18:52:39'),
(76, 'batch65', 'MBRao', '91', '9901216073', '2021-04-30 19:17:37', '2021-04-30 21:07:19', 1, '2021-04-30 18:52:46'),
(77, 'batch65', 'Jayanthi krishnamurthy', '', '9665059801', '2021-04-30 18:54:19', '2021-04-30 20:24:09', 0, '2021-04-30 18:53:25'),
(78, 'batch65', 'vijayumar', '91', '932412562', '2021-04-30 18:53:26', '2021-04-30 20:55:27', 1, '2021-04-30 18:53:26'),
(79, 'batch65', 'Balasubramanian ', '91', '9486101830', '2021-04-30 18:53:37', '2021-04-30 21:06:23', 1, '2021-04-30 18:53:37'),
(80, 'batch65', 'Hitendra Badrakiya', '91', '9824310906', '2021-04-30 18:53:44', '2021-04-30 21:05:14', 0, '2021-04-30 18:53:44'),
(81, 'batch65', 'Soma Sundar c', '', '9645495830', '2021-04-30 19:05:52', '2021-04-30 20:33:56', 1, '2021-04-30 18:53:46'),
(82, 'batch65', 'Ajay Agarwal', '', '9993033045', '2021-04-30 18:53:57', '2021-04-30 21:06:00', 1, '2021-04-30 18:53:57'),
(83, 'batch65', 'randhir chauhan', '', '09825606602', '2021-04-30 18:54:27', '2021-04-30 19:30:58', 1, '2021-04-30 18:54:27'),
(84, 'batch65', 'KAVITA DIXIT', '', '09821735814', '2021-04-30 19:00:44', '2021-04-30 19:10:17', 1, '2021-04-30 18:54:46'),
(85, 'batch65', 'yogesh khedgaonkar', '', '9821034818', '2021-05-03 13:41:25', '2021-05-03 13:41:55', 1, '2021-04-30 18:55:02'),
(86, 'batch65', 'aruna', '91', '8838326882', '2021-04-30 18:55:10', '2021-04-30 21:07:05', 1, '2021-04-30 18:55:10'),
(87, 'batch65', 'Prathamesh Shashikant Daphal', '', '9869116361', '2021-04-30 18:55:11', '2021-04-30 21:05:12', 1, '2021-04-30 18:55:11'),
(88, 'batch65', 'Shruti Bhide', '91', '9741010312', '2021-04-30 18:55:12', '2021-04-30 21:05:45', 1, '2021-04-30 18:55:12'),
(89, 'batch65', 'Supriya Kamoji', '', '9920487455', '2021-04-30 18:55:19', '2021-04-30 21:05:49', 1, '2021-04-30 18:55:19'),
(90, 'batch65', 'Lata Prasad', '49', '15202149803', '2021-04-30 18:55:23', '2021-04-30 21:11:09', 1, '2021-04-30 18:55:23'),
(91, 'batch65', 'Rajesh Kana', '91', '9900137124', '2021-04-30 18:55:25', '2021-04-30 20:32:55', 1, '2021-04-30 18:55:25'),
(92, 'batch65', 'Priti taneja', '91', '9899541972', '2021-04-30 19:17:09', '2021-04-30 20:29:17', 1, '2021-04-30 18:55:25'),
(93, 'batch65', 'Sudha Agarwal', '91', '8874481544', '2021-04-30 18:55:26', '2021-04-30 20:42:27', 1, '2021-04-30 18:55:26'),
(94, 'batch65', 'Dipali belel', '91', '9833800582', '2021-04-30 18:55:28', '2021-04-30 20:26:59', 1, '2021-04-30 18:55:28'),
(95, 'batch65', 'Guru', '', '9663864172', '2021-04-30 18:58:30', '2021-04-30 20:31:15', 1, '2021-04-30 18:55:39'),
(96, 'batch65', 'ANIL MUGADUR', '91', '9945003691', '2021-04-30 18:55:41', '2021-04-30 21:11:53', 1, '2021-04-30 18:55:41'),
(97, 'batch65', 'Jyotsna kali', '', '9833561838', '2021-04-30 18:55:48', '2021-04-30 20:58:52', 1, '2021-04-30 18:55:48'),
(98, 'batch65', 'Ravindra Vaze', '', '9342963664', '2021-04-30 18:55:51', '2021-04-30 21:19:21', 1, '2021-04-30 18:55:51'),
(99, 'batch65', 'Nandini Dixit', '', '9730563564', '2021-04-30 18:55:54', '2021-04-30 21:06:25', 1, '2021-04-30 18:55:54'),
(100, 'batch65', 'Srinivas Krishnamoorthy', '91', '9632830096', '2021-04-30 18:55:56', '2021-04-30 21:08:56', 1, '2021-04-30 18:55:56'),
(101, 'batch65', 'Pablita Khanna', '1', '6029033774', '2021-04-30 18:55:57', '2021-04-30 21:05:58', 1, '2021-04-30 18:55:57'),
(102, 'batch65', 'VARSHA UMESH Joshi', '91', '9850091914', '2021-04-30 18:56:00', '2021-04-30 20:53:47', 1, '2021-04-30 18:56:00'),
(103, 'batch65', 'Devki Desai', '', '8000029712', '2021-04-30 18:56:09', '2021-04-30 20:20:40', 1, '2021-04-30 18:56:09'),
(104, 'batch65', 'Murali Nagarajan', '', '9840181203', '2021-04-30 18:56:40', '2021-04-30 22:01:40', 1, '2021-04-30 18:56:40'),
(105, 'batch65', 'Uttam Gurav', '', '8140781359', '2021-04-30 19:15:00', '2021-04-30 20:17:27', 1, '2021-04-30 18:56:45'),
(106, 'batch65', 'Niveditha', '91', '9739294998', '2021-04-30 19:52:08', '2021-04-30 20:36:11', 0, '2021-04-30 18:56:47'),
(107, 'batch65', 'Jyoti', '', '9902984906', '2021-04-30 19:02:47', '2021-04-30 20:47:38', 1, '2021-04-30 18:56:49'),
(108, 'batch65', 'Gira Chauhan ', '', '9769349997', '2021-04-30 18:56:50', '2021-04-30 19:54:23', 1, '2021-04-30 18:56:50'),
(109, 'batch65', 'Pankaj Shete', '', '09971101751', '2021-04-30 18:57:01', '2021-04-30 20:48:48', 1, '2021-04-30 18:57:01'),
(110, 'batch65', 'Malini Lachminarayana', '91', '09739418282', '2021-04-30 20:12:42', '2021-04-30 21:39:11', 1, '2021-04-30 18:57:02'),
(111, 'batch65', 'Dinesh Acharya ', '', '9986199283', '2021-04-30 19:31:42', '2021-04-30 21:05:43', 1, '2021-04-30 18:57:18'),
(112, 'batch65', 'Suresh Chintan', '91', '9765293668', '2021-04-30 18:57:28', '2021-04-30 21:05:29', 1, '2021-04-30 18:57:28'),
(113, 'batch65', 'Venkatesh Suryanarayana', '', '9448275403', '2021-04-30 18:57:32', '2021-04-30 20:20:32', 1, '2021-04-30 18:57:32'),
(114, 'batch65', 'Raja Rajeswara Rao Velpucharla', '', '9160111520', '2021-04-30 18:57:32', '2021-04-30 21:05:16', 0, '2021-04-30 18:57:32'),
(115, '-1', 'Diwakar singh', '', '9431315371', '2021-04-30 20:01:47', '2021-04-30 20:02:17', 1, '2021-04-30 18:57:38'),
(116, 'batch65', 'Manoj pevekar', '1', '8484593779', '2021-04-30 20:36:05', '2021-04-30 21:06:06', 1, '2021-04-30 18:57:38'),
(117, 'batch65', 'Kavita Agarwal', '', '7760033312', '2021-04-30 18:57:46', '2021-04-30 21:30:37', 1, '2021-04-30 18:57:46'),
(118, 'batch65', 'Rupang Fozdar', '', '9769117074', '2021-04-30 18:57:47', '2021-04-30 20:09:18', 1, '2021-04-30 18:57:47'),
(119, 'batch65', 'Abdul Gaffar Rahman', '971', '557097545', '2021-04-30 18:57:47', '2021-04-30 19:49:48', 1, '2021-04-30 18:57:47'),
(120, 'batch65', 'Dr. Sneha Santosh Chaurasia ', '', '9800602064', '2021-04-30 18:57:48', '2021-04-30 21:01:03', 1, '2021-04-30 18:57:48'),
(121, '-1', 'Venkatesh k a', '91', '9448120144', '2021-04-30 18:58:27', '2021-04-30 18:58:57', 1, '2021-04-30 18:57:53'),
(122, 'batch65', 'V. Kiran', '', '9849649490', '2021-04-30 20:33:46', '2021-04-30 21:06:16', 1, '2021-04-30 18:57:58'),
(123, 'batch65', 'Geetha Govindarajan', '', '09940366704', '2021-04-30 18:57:58', '2021-04-30 20:35:59', 1, '2021-04-30 18:57:58'),
(124, 'batch65', 'Devika nyayadhish', '', '9049477980', '2021-04-30 18:57:59', '2021-04-30 19:43:32', 1, '2021-04-30 18:57:59'),
(125, 'batch65', 'DrMahender ', '', '9908601452', '2021-04-30 19:12:55', '2021-04-30 20:19:42', 1, '2021-04-30 18:58:01'),
(126, 'batch65', 'Vinod Mali', '', '8600833350', '2021-04-30 21:01:50', '2021-04-30 21:05:50', 1, '2021-04-30 18:58:02'),
(127, 'batch65', 'Arti Datta', '1', '5168847862', '2021-04-30 18:58:11', '2021-04-30 21:12:50', 1, '2021-04-30 18:58:11'),
(128, '-1', 'Dhana Prova Dutta', '91', '09435534800', '2021-04-30 18:58:15', '2021-04-30 18:58:45', 1, '2021-04-30 18:58:15'),
(129, 'batch65', 'damodara rao mysa', '', '9848085243', '2021-04-30 18:58:22', '2021-04-30 20:41:09', 1, '2021-04-30 18:58:22'),
(130, 'batch65', 'MADAN MOHAN U A', '', '9845034477', '2021-04-30 18:58:23', '2021-04-30 20:56:35', 0, '2021-04-30 18:58:23'),
(131, 'batch65', 'Senthil Balraj', '', '7397368196', '2021-04-30 20:21:49', '2021-04-30 20:24:58', 1, '2021-04-30 18:58:32'),
(132, 'batch65', 'Ganesh Shenoy', '', '9886117267', '2021-04-30 18:58:43', '2021-04-30 20:25:13', 1, '2021-04-30 18:58:43'),
(133, 'batch65', 'Shubhangi joshi', '', '9492426525', '2021-04-30 19:03:22', '2021-04-30 20:22:56', 1, '2021-04-30 18:58:48'),
(134, 'batch65', 'Sachin Aggarwal', '', '08826899223', '2021-04-30 18:58:52', '2021-04-30 20:12:18', 0, '2021-04-30 18:58:52'),
(135, 'batch65', 'Anil Vashisht ', '', '9619512544', '2021-04-30 19:04:28', '2021-04-30 21:05:56', 0, '2021-04-30 18:58:55'),
(136, 'batch65', 'Dhana Prova Dutta', '91', '09435534800', '2021-04-30 18:59:04', '2021-04-30 21:07:07', 1, '2021-04-30 18:59:04'),
(137, 'batch65', 'Raghavan R', '', '9342883545', '2021-04-30 18:59:09', '2021-04-30 19:52:09', 1, '2021-04-30 18:59:09'),
(138, 'batch65', 'Admin', '', '9822843077', '2021-04-30 18:59:12', '2021-04-30 19:11:13', 1, '2021-04-30 18:59:12'),
(139, 'batch65', 'anup kumar', '', '9740259988', '2021-04-30 18:59:13', '2021-04-30 19:56:44', 1, '2021-04-30 18:59:13'),
(140, 'batch65', 'Nirmala Shastri', '91', '9902431865', '2021-04-30 18:59:14', '2021-04-30 21:05:40', 0, '2021-04-30 18:59:14'),
(141, 'batch65', 'Sunayana Gharu ', '', '9819359315', '2021-05-04 12:11:44', '2021-05-04 12:12:14', 1, '2021-04-30 18:59:15'),
(142, 'batch65', 'Anjali Aherrao', '', '9890796380', '2021-04-30 18:59:16', '2021-04-30 22:51:37', 1, '2021-04-30 18:59:16'),
(143, 'batch65', 'Dr. Manali Sarvaiya', '', '8850051214', '2021-04-30 19:06:46', '2021-04-30 20:27:54', 1, '2021-04-30 18:59:18'),
(144, 'batch65', 'Dr Mohan Kumar SL', '91', '9448189250', '2021-04-30 19:01:24', '2021-04-30 21:05:33', 1, '2021-04-30 18:59:19'),
(145, 'batch65', 'Murgendra Koujalagi', '', '9845372984', '2021-04-30 18:59:37', '2021-04-30 20:13:22', 1, '2021-04-30 18:59:37'),
(146, 'batch65', 'Rajendra Rane', '', '9730285805', '2021-04-30 19:06:17', '2021-04-30 21:05:47', 1, '2021-04-30 18:59:37'),
(147, 'batch65', 'KAMOD KUMAR ', '62', '8158995253', '2021-04-30 19:00:48', '2021-04-30 20:31:57', 1, '2021-04-30 18:59:40'),
(148, 'batch65', 'JP', '1', '2245587015', '2021-04-30 18:59:43', '2021-04-30 20:12:45', 1, '2021-04-30 18:59:43'),
(149, 'batch65', 'Ajay kale', '', '9823047200', '2021-04-30 19:33:30', '2021-04-30 20:57:30', 1, '2021-04-30 18:59:47'),
(150, 'batch65', 'Anil Sharma', '', '09667555032', '2021-04-30 19:05:31', '2021-04-30 20:45:54', 0, '2021-04-30 18:59:48'),
(151, 'batch65', 'SANDHYA K', '91', '7828496333', '2021-04-30 18:59:48', '2021-04-30 20:51:49', 1, '2021-04-30 18:59:48'),
(152, 'batch65', 'Dr.Ravji  Kadam', '91', '9967314723', '2021-04-30 19:03:27', '2021-04-30 20:46:24', 1, '2021-04-30 18:59:52'),
(153, 'batch65', 'Mallikarjun Jabshetty', '', '9900052230', '2021-04-30 18:59:52', '2021-04-30 21:05:52', 1, '2021-04-30 18:59:52'),
(154, 'batch65', 'K S Ramanand', '91', '9845450447', '2021-04-30 18:59:53', '2021-04-30 19:05:23', 1, '2021-04-30 18:59:53'),
(155, 'batch65', 'Ravindra Ramappa', '', '09819031375', '2021-04-30 18:59:55', '2021-04-30 21:09:56', 1, '2021-04-30 18:59:55'),
(156, 'batch65', 'Shrikant ', '', '7021145964', '2021-04-30 18:59:55', '2021-04-30 21:05:56', 1, '2021-04-30 18:59:55'),
(157, 'batch65', 'Shivani savara', '91', '9818441529', '2021-04-30 18:59:58', '2021-04-30 21:06:06', 1, '2021-04-30 18:59:58'),
(158, 'batch65', 'Sharvari Samant ', '91', '8668701846', '2021-04-30 20:06:17', '2021-04-30 20:10:47', 1, '2021-04-30 19:00:00'),
(159, 'batch65', 'Sundari Pillai', '', '9867034683', '2021-04-30 19:00:02', '2021-04-30 20:32:20', 1, '2021-04-30 19:00:02'),
(160, 'batch65', 'santosh bhise', '91', '8554094370', '2021-04-30 19:00:04', '2021-04-30 20:33:06', 1, '2021-04-30 19:00:04'),
(161, 'batch65', 'Kaminkumar', '', '7600003646', '2021-04-30 19:00:04', '2021-04-30 21:06:05', 1, '2021-04-30 19:00:04'),
(162, 'batch65', 'Srikanth Raghavan', '', '9845611839', '2021-04-30 19:00:05', '2021-04-30 19:57:35', 1, '2021-04-30 19:00:05'),
(163, 'batch65', 'Dhanunjaya M', '91', '9849657398', '2021-04-30 19:00:05', '2021-04-30 20:04:06', 1, '2021-04-30 19:00:05'),
(164, 'batch65', 'Somashekar', '91', '9886463416', '2021-04-30 19:15:44', '2021-04-30 21:05:48', 1, '2021-04-30 19:00:07'),
(165, 'batch65', 'Jayanthi ', '91', '9426749137', '2021-04-30 19:01:01', '2021-04-30 21:05:38', 1, '2021-04-30 19:00:09'),
(166, 'batch65', 'Shreyanshi ', '', '7620019686', '2021-04-30 19:12:16', '2021-04-30 20:08:56', 1, '2021-04-30 19:00:14'),
(167, 'batch65', 'Srikantha', '', '9980005033', '2021-04-30 19:00:15', '2021-04-30 21:05:55', 1, '2021-04-30 19:00:15'),
(168, 'batch65', 'Laxmi Narayan', '91', '9833807133', '2021-04-30 19:00:18', '2021-04-30 21:05:43', 0, '2021-04-30 19:00:18'),
(169, 'batch65', 'Padmavathi Ramaswamy', '91', '09004000190', '2021-04-30 19:48:51', '2021-04-30 20:37:52', 1, '2021-04-30 19:00:20'),
(170, 'batch65', 'Harshada', '', '9922433847', '2021-04-30 19:00:21', '2021-04-30 21:43:23', 1, '2021-04-30 19:00:21'),
(171, 'batch65', 'Edmund Fernandes', '', '9819908437', '2021-04-30 19:00:27', '2021-04-30 20:40:19', 1, '2021-04-30 19:00:27'),
(172, 'batch65', 'Padmabyrappa', '91', '9980537131', '2021-04-30 19:08:00', '2021-04-30 21:06:54', 1, '2021-04-30 19:00:28'),
(173, 'batch65', 'Bhama Radhakrishnan', '91', '8506004449', '2021-04-30 19:00:29', '2021-04-30 21:05:20', 0, '2021-04-30 19:00:29'),
(174, 'batch65', 'Chandru N', '', '9448944815', '2021-04-30 19:00:29', '2021-04-30 21:08:59', 1, '2021-04-30 19:00:29'),
(175, 'batch65', 'Akshay Sawant', '44', '7743613430', '2021-04-30 19:00:33', '2021-04-30 21:05:41', 1, '2021-04-30 19:00:33'),
(176, 'batch65', 'Vilas Tarwadi', '', '08408814488', '2021-04-30 19:00:35', '2021-04-30 21:05:41', 1, '2021-04-30 19:00:35'),
(177, 'batch65', 'Venkatesh k a', '91', '9448120144', '2021-04-30 19:00:41', '2021-04-30 20:29:15', 1, '2021-04-30 19:00:41'),
(178, 'batch65', 'Yogesh', '', '9820662518', '2021-04-30 19:19:25', '2021-04-30 19:55:56', 1, '2021-04-30 19:00:43'),
(179, 'batch65', 'Sreejith ', '', '9880133001', '2021-04-30 19:00:43', '2021-04-30 20:26:52', 1, '2021-04-30 19:00:43'),
(180, 'batch65', 'Yogini ', '91', '8830450100', '2021-04-30 19:00:43', '2021-04-30 20:34:51', 1, '2021-04-30 19:00:43'),
(181, 'batch65', 'Brinda Rao', '91', '9833290867', '2021-04-30 19:30:28', '2021-04-30 22:04:28', 1, '2021-04-30 19:00:53'),
(182, 'batch65', 'Eeshan Kket', '', '8208960075', '2021-04-30 19:14:33', '2021-04-30 19:58:04', 1, '2021-04-30 19:01:04'),
(183, 'batch65', 'Dr.Arunabha Mitra', '91', '9933631515', '2021-04-30 19:01:06', '2021-04-30 20:15:06', 1, '2021-04-30 19:01:06'),
(184, 'batch65', 'venkata ravindra', '', '9663371174', '2021-04-30 19:01:06', '2021-04-30 20:48:07', 1, '2021-04-30 19:01:06'),
(185, 'batch65', 'Nutan Raj', '', '9869459286', '2021-04-30 19:37:40', '2021-04-30 20:43:08', 1, '2021-04-30 19:01:08'),
(186, 'batch65', 'Deepak Goswami', '', '9435541300', '2021-04-30 19:01:12', '2021-04-30 20:41:50', 0, '2021-04-30 19:01:12'),
(187, 'batch65', 'H K C SWAMY', '', '9845147159', '2021-04-30 19:01:15', '2021-04-30 21:05:39', 0, '2021-04-30 19:01:15'),
(188, 'batch65', 'Madhumita Bandyopadhyay', '91', '9987087418', '2021-04-30 19:36:53', '2021-04-30 21:14:23', 1, '2021-04-30 19:01:17'),
(189, 'batch65', 'RUKMAIAH PRAKASH ', '', '08217079946', '2021-04-30 19:01:18', '2021-04-30 21:06:34', 1, '2021-04-30 19:01:18'),
(190, 'batch65', 'Rajalakshmi Viswanathan ', '', '9094039790', '2021-04-30 19:03:55', '2021-04-30 21:07:26', 1, '2021-04-30 19:01:19'),
(191, 'batch65', 'Govindarajan s', '', '9841534463', '2021-04-30 19:01:21', '2021-04-30 19:07:28', 1, '2021-04-30 19:01:21'),
(192, 'batch65', 'vanya dayanani', '', '9785907310', '2021-04-30 19:01:22', '2021-04-30 20:49:10', 1, '2021-04-30 19:01:22'),
(193, 'batch65', 'Mohasina thakare', '91', '9923681768', '2021-04-30 19:01:23', '2021-04-30 20:05:58', 1, '2021-04-30 19:01:23'),
(194, 'batch65', 'BABITA SRIVASTAVA', '', '9335761986', '2021-04-30 19:01:28', '2021-04-30 20:35:59', 1, '2021-04-30 19:01:28'),
(195, 'batch65', 'V', '', '564', '2021-04-30 19:01:38', '2021-04-30 19:02:08', 1, '2021-04-30 19:01:38'),
(196, 'batch65', 'K P Pandit', '', '9448252858', '2021-04-30 20:38:47', '2021-04-30 21:06:22', 1, '2021-04-30 19:01:43'),
(197, 'batch65', 'Maya Viswanathan', '', '9820805826', '2021-04-30 20:57:31', '2021-04-30 21:06:31', 1, '2021-04-30 19:01:43'),
(198, 'batch65', 'Mainak Hazra', '', '9810881710', '2021-04-30 19:01:49', '2021-04-30 21:06:19', 1, '2021-04-30 19:01:49'),
(199, 'batch65', 'Sarveswara Rao Manne', '', '9985874366', '2021-04-30 19:07:21', '2021-04-30 19:32:51', 1, '2021-04-30 19:01:53'),
(200, 'batch65', 'Peeyush Gupta', '91', '9940238605', '2021-04-30 19:01:57', '2021-04-30 19:28:45', 1, '2021-04-30 19:01:57'),
(201, 'batch65', 'Jayashree ', '', '9920152056', '2021-04-30 19:01:59', '2021-04-30 20:14:04', 1, '2021-04-30 19:01:59'),
(202, 'batch65', 'Veera Bhathena', '', '9049988685', '2021-04-30 19:44:07', '2021-04-30 19:49:08', 1, '2021-04-30 19:01:59'),
(203, 'batch65', 'Gauri Gothe', '', '9423984870', '2021-04-30 19:02:00', '2021-04-30 21:06:18', 1, '2021-04-30 19:02:00'),
(204, 'batch65', 'Dr Chaya Raju', '966', '0551242080', '2021-04-30 19:02:05', '2021-04-30 21:05:37', 1, '2021-04-30 19:02:05'),
(205, 'batch65', 'Milind Sohoni', '91', '9848347119', '2021-04-30 19:02:11', '2021-04-30 20:45:42', 1, '2021-04-30 19:02:11'),
(206, 'batch65', 'Yash Motwani ', '', '8005946083', '2021-04-30 20:09:23', '2021-04-30 20:55:37', 1, '2021-04-30 19:02:12'),
(207, 'batch65', 'Sreevani', '', '9966551059', '2021-04-30 19:31:49', '2021-04-30 19:33:11', 1, '2021-04-30 19:02:19'),
(208, 'batch65', 'Balaji Sundararajan', '1', '7303620172', '2021-04-30 19:02:24', '2021-04-30 19:23:18', 1, '2021-04-30 19:02:24'),
(209, 'batch65', 'k sridhar', '', '9841071558', '2021-04-30 19:02:30', '2021-04-30 20:51:31', 1, '2021-04-30 19:02:30'),
(210, 'batch65', 'Shailaja v rao', '91', '9035123676', '2021-04-30 19:02:44', '2021-04-30 19:05:45', 1, '2021-04-30 19:02:44'),
(211, 'batch65', 'Bharat Patil', '', '09979891095', '2021-05-05 07:05:15', '2021-05-05 07:10:52', 1, '2021-04-30 19:02:45'),
(212, 'batch65', 'Swati Shah', '', '9810230007', '2021-04-30 20:09:53', '2021-04-30 20:17:53', 1, '2021-04-30 19:02:54'),
(213, 'batch65', 'vyenktesh joshi', '1', '5103040297', '2021-04-30 19:19:04', '2021-04-30 21:06:05', 1, '2021-04-30 19:02:57'),
(214, 'batch65', 'Bandana', '971', '7579456', '2021-04-30 20:45:49', '2021-04-30 21:05:50', 1, '2021-04-30 19:03:02'),
(215, 'batch65', 'Leela', '60', '122951759', '2021-04-30 19:03:07', '2021-04-30 21:05:37', 1, '2021-04-30 19:03:07'),
(216, 'batch65', 'Poonam Mehta', '91', '7717774734', '2021-04-30 19:03:17', '2021-04-30 21:05:18', 1, '2021-04-30 19:03:17'),
(217, 'batch65', 'Nitin Dodia', '', '9574473648', '2021-04-30 19:03:23', '2021-04-30 22:10:27', 1, '2021-04-30 19:03:23'),
(218, 'batch65', 'Ratnamala Mohapatra ', '', '9338227129', '2021-04-30 19:41:22', '2021-04-30 20:32:53', 1, '2021-04-30 19:03:31'),
(219, 'batch65', 'Chetan Solse', '', '9821662350', '2021-04-30 19:03:34', '2021-04-30 19:57:56', 1, '2021-04-30 19:03:34'),
(220, 'batch65', 'RAGHURAMAN', '', '9557383417', '2021-04-30 19:10:06', '2021-04-30 21:07:39', 1, '2021-04-30 19:03:35'),
(221, 'batch65', 'Jacintha', '91', '80807075057', '2021-04-30 19:03:43', '2021-04-30 19:52:25', 0, '2021-04-30 19:03:43'),
(222, 'batch65', 'Krishna Kumar', '', '9845660519', '2021-04-30 19:03:47', '2021-04-30 20:15:20', 1, '2021-04-30 19:03:47'),
(223, 'batch65', 'Mahesh', '', '09986013574', '2021-04-30 19:03:47', '2021-04-30 19:57:18', 1, '2021-04-30 19:03:47'),
(224, 'batch65', 'Himmat Kunwar', '', '7665134893', '2021-04-30 20:51:19', '2021-04-30 21:00:22', 1, '2021-04-30 19:03:48'),
(225, 'batch65', 'Sudhakar Moharana', '', '9845879600', '2021-04-30 19:03:53', '2021-04-30 20:22:53', 1, '2021-04-30 19:03:53'),
(226, 'batch65', 'Shriram Gore', '', '09820060875', '2021-04-30 19:03:54', '2021-04-30 20:42:45', 1, '2021-04-30 19:03:54'),
(227, 'batch65', 'P r desai', '91', '9819394243', '2021-04-30 19:03:58', '2021-04-30 19:09:12', 1, '2021-04-30 19:03:58'),
(228, 'batch65', 'Shradha', '', '7032814851', '2021-04-30 19:03:59', '2021-04-30 20:39:59', 0, '2021-04-30 19:03:59'),
(229, 'batch65', 'Tushar Lad', '91', '9833159797', '2021-04-30 19:29:25', '2021-04-30 19:55:56', 1, '2021-04-30 19:04:03'),
(230, 'batch65', 'Sathwik', '91', '9986867802', '2021-04-30 19:04:07', '2021-04-30 20:28:52', 1, '2021-04-30 19:04:07'),
(231, 'batch65', 'V', '', '5', '2021-04-30 19:04:07', '2021-04-30 19:05:07', 1, '2021-04-30 19:04:07'),
(232, 'batch65', 'Sanjeev Kumar ', '', '9992187890', '2021-04-30 19:04:08', '2021-04-30 21:24:57', 1, '2021-04-30 19:04:08'),
(233, 'batch65', 'Vini Kirpalani', '', '9619988520', '2021-04-30 19:07:37', '2021-04-30 21:05:08', 1, '2021-04-30 19:04:25'),
(234, 'batch65', 'Dillon', '61', '415654415', '2021-04-30 19:04:33', '2021-04-30 21:05:34', 1, '2021-04-30 19:04:33'),
(235, 'batch65', 'Gangadhar Machani Ramanna', '', '9848134333', '2021-04-30 19:04:49', '2021-04-30 21:08:05', 1, '2021-04-30 19:04:49'),
(236, 'batch65', 'Karthik Moorthy', '', '9820227989', '2021-04-30 19:05:52', '2021-04-30 20:08:22', 1, '2021-04-30 19:04:51'),
(237, 'batch65', 'Madhusudan Dave', '', '9726522555', '2021-04-30 19:05:23', '2021-04-30 21:05:04', 1, '2021-04-30 19:04:52'),
(238, 'batch65', 'Aparna ', '', '8551020734', '2021-04-30 19:04:54', '2021-04-30 19:27:55', 1, '2021-04-30 19:04:54'),
(239, 'batch65', 'Rajagopal', '', '9789040639', '2021-04-30 19:04:57', '2021-04-30 21:06:22', 1, '2021-04-30 19:04:57'),
(240, 'batch65', 'jasminder', '91', '8427753381', '2021-04-30 19:05:00', '2021-04-30 20:50:14', 1, '2021-04-30 19:05:00'),
(241, 'batch65', 'Adv Suresh Ramchandani', '', '09323514921', '2021-04-30 19:05:03', '2021-04-30 19:07:04', 1, '2021-04-30 19:05:03'),
(242, 'batch65', 'Dr Mrunalini', '91', '9754558544', '2021-04-30 19:21:30', '2021-04-30 21:29:21', 1, '2021-04-30 19:05:16'),
(243, 'batch65', 'Virendra S Bawaskar ', '', '7263024571', '2021-04-30 21:08:32', '2021-04-30 21:11:14', 1, '2021-04-30 19:05:22'),
(244, 'batch65', 'Abhijeet', '', '9343212020', '2021-04-30 19:12:38', '2021-04-30 20:12:19', 1, '2021-04-30 19:05:32'),
(245, 'batch65', 'Manish Kumar', '91', '09672978582', '2021-04-30 19:05:40', '2021-04-30 19:29:14', 1, '2021-04-30 19:05:40'),
(246, 'batch65', 'K HARIHARAN KARTHA', '91', '07774015365', '2021-04-30 19:51:19', '2021-04-30 19:57:21', 1, '2021-04-30 19:05:48'),
(247, 'batch65', 'Jessie Desouza ', '', '9923049076', '2021-04-30 19:05:55', '2021-04-30 21:05:53', 1, '2021-04-30 19:05:55'),
(248, 'batch65', 'Saroj', '91', '7588581111', '2021-04-30 19:05:56', '2021-04-30 20:04:57', 1, '2021-04-30 19:05:56'),
(249, 'batch65', 'Amit Bhatnagar ', '', '8886807799', '2021-04-30 20:26:06', '2021-04-30 21:19:15', 1, '2021-04-30 19:05:56'),
(250, 'batch65', 'Vaishali Mrutyunjay Jadhav', '91', '09822790357', '2021-04-30 19:06:07', '2021-04-30 21:02:14', 1, '2021-04-30 19:06:07'),
(251, 'batch65', 'Vinod Kumar Srivastava', '213', '770976850', '2021-04-30 19:22:54', '2021-04-30 20:36:57', 1, '2021-04-30 19:06:07'),
(252, 'batch65', 'Amar Shelar', '91', '9665903781', '2021-04-30 19:46:54', '2021-04-30 21:16:40', 1, '2021-04-30 19:06:36'),
(253, 'batch65', 'Megha Pawar', '', '9930947991', '2021-04-30 19:06:37', '2021-04-30 21:05:37', 1, '2021-04-30 19:06:37'),
(254, 'batch65', 'Hima Gopalakrishnan', '', '9740097192', '2021-04-30 19:06:37', '2021-04-30 21:00:31', 1, '2021-04-30 19:06:37'),
(255, 'batch65', 'Dr Saloni Mehta', '', '9619014140', '2021-04-30 19:06:45', '2021-04-30 19:55:46', 1, '2021-04-30 19:06:45'),
(256, 'batch65', 'Ravi Prasad', '', '9920735598', '2021-04-30 19:06:49', '2021-04-30 19:27:19', 1, '2021-04-30 19:06:49'),
(257, 'batch65', 'shailaja rao', '', '9035123676', '2021-04-30 19:17:35', '2021-04-30 20:38:06', 1, '2021-04-30 19:06:49'),
(258, 'batch65', 'L.B.Mahale', '', '9869184356', '2021-04-30 19:06:53', '2021-05-01 00:42:26', 1, '2021-04-30 19:06:53'),
(259, 'batch65', 'Archana Wathore', '1', '9196457649', '2021-04-30 19:07:00', '2021-04-30 21:06:02', 1, '2021-04-30 19:07:00'),
(260, 'batch65', 'Mahalingam', '', '9894384172', '2021-04-30 19:07:01', '2021-04-30 19:11:02', 1, '2021-04-30 19:07:01'),
(261, 'batch65', 'K S Ramanand', '', '9845450447', '2021-04-30 19:07:04', '2021-04-30 20:47:34', 1, '2021-04-30 19:07:04'),
(262, 'batch65', 'Shyam kumar', '', '8851977667', '2021-04-30 19:07:20', '2021-04-30 19:51:51', 1, '2021-04-30 19:07:20'),
(263, 'batch65', 'anita lata gupta', '', '8800557237', '2021-04-30 19:07:22', '2021-04-30 21:06:19', 1, '2021-04-30 19:07:22'),
(264, 'batch65', 'Vandana Sangwaiya ', '', '9999021539', '2021-04-30 19:07:33', '2021-04-30 20:07:37', 0, '2021-04-30 19:07:33'),
(265, 'batch65', 'Bandana Khandelwal', '1', '6465155306', '2021-04-30 19:07:34', '2021-04-30 20:15:36', 1, '2021-04-30 19:07:34'),
(266, 'batch65', 'Ananta', '91', '8660439079', '2021-04-30 19:07:36', '2021-04-30 19:23:27', 1, '2021-04-30 19:07:36'),
(267, 'batch65', 'Jyoti Iyer', '', '09441089989', '2021-04-30 19:36:50', '2021-04-30 20:58:45', 1, '2021-04-30 19:07:36'),
(268, 'batch65', 'Santosh  Porwal ', '', '9763123231', '2021-04-30 20:27:15', '2021-04-30 20:41:47', 1, '2021-04-30 19:07:38'),
(269, 'batch65', 'GSPN Chowdary ', '', '9980307398', '2021-04-30 20:45:47', '2021-04-30 21:11:36', 1, '2021-04-30 19:07:48'),
(270, 'batch65', 'Prakash', '', '9959868881', '2021-04-30 19:07:55', '2021-04-30 21:13:08', 1, '2021-04-30 19:07:55'),
(271, 'batch65', 'Karthick Pandian', '', '9886294000', '2021-04-30 19:07:55', '2021-04-30 20:39:46', 1, '2021-04-30 19:07:55'),
(272, 'batch65', 'Anuran Debnath', '91', '9436168188', '2021-04-30 19:08:00', '2021-04-30 21:06:30', 1, '2021-04-30 19:08:00'),
(273, 'batch65', 'Sabitha', '91', '09873421962', '2021-04-30 20:19:49', '2021-04-30 20:41:06', 0, '2021-04-30 19:08:09'),
(274, 'batch65', 'Srinivas Subramani', '', '9833426787', '2021-04-30 19:08:12', '2021-04-30 20:37:03', 0, '2021-04-30 19:08:12'),
(275, 'batch65', 'prabhu', '', '9666553456', '2021-04-30 19:08:14', '2021-04-30 20:28:57', 1, '2021-04-30 19:08:14'),
(276, 'batch65', 'PremaSreenivasan', '91', '9970107508', '2021-04-30 19:08:16', '2021-04-30 21:44:21', 1, '2021-04-30 19:08:16'),
(277, 'batch65', 'Anshuman Tiwary ', '', '7767048987', '2021-04-30 19:08:19', '2021-04-30 20:07:09', 1, '2021-04-30 19:08:19'),
(278, 'batch65', 'Adv Suresh Ramchandani', '', '9323514921', '2021-04-30 19:08:38', '2021-04-30 21:13:09', 1, '2021-04-30 19:08:38'),
(279, 'batch65', 'Sreekanth', '', '9790709114', '2021-04-30 19:08:40', '2021-04-30 19:30:42', 1, '2021-04-30 19:08:40'),
(280, 'batch65', 'Surbhi Khatod', '', '7030779597', '2021-04-30 19:08:56', '2021-04-30 19:58:28', 1, '2021-04-30 19:08:56'),
(281, 'batch65', 'Sandeep Lawande', '', '9890223731', '2021-04-30 20:43:17', '2021-04-30 20:54:22', 1, '2021-04-30 19:08:59'),
(282, 'batch65', 'Gopinath ', '91', '9527101317', '2021-04-30 19:09:08', '2021-04-30 20:04:27', 1, '2021-04-30 19:09:08'),
(283, 'batch65', 'Ravi Sankar Yalamanchi', '', '9902782918', '2021-04-30 19:09:17', '2021-04-30 21:05:47', 1, '2021-04-30 19:09:17'),
(284, 'batch65', 'Vandana Verma', '91', '8390297098', '2021-04-30 19:09:19', '2021-04-30 19:09:49', 1, '2021-04-30 19:09:19'),
(285, 'batch65', 'Atul Jagdale', '91', '9575301220', '2021-04-30 20:11:17', '2021-04-30 20:57:29', 0, '2021-04-30 19:09:22'),
(286, 'batch65', 'Bhaskaran Srinivasan', '', '9390917090', '2021-04-30 19:09:34', '2021-04-30 20:57:38', 1, '2021-04-30 19:09:34'),
(287, 'batch65', 'MOHAMMED MANZAR AZMI', '', '7004803625', '2021-04-30 19:09:49', '2021-04-30 19:13:54', 1, '2021-04-30 19:09:49'),
(288, 'batch65', 'Mangal Subhash Nandurkar', '', '9766971978', '2021-04-30 19:09:55', '2021-04-30 19:30:09', 1, '2021-04-30 19:09:55'),
(289, 'batch65', 'Guru Raghavendran', '', '9953621772', '2021-04-30 19:09:55', '2021-04-30 19:14:35', 0, '2021-04-30 19:09:55'),
(290, 'batch65', 'Prabhakar Desai', '', '9819394243', '2021-04-30 19:36:06', '2021-04-30 20:13:46', 1, '2021-04-30 19:10:08'),
(291, 'batch65', 'Kalpana Solsi', '91', '9892957799', '2021-04-30 19:17:43', '2021-04-30 20:20:32', 1, '2021-04-30 19:10:12'),
(292, 'batch65', 'Pooja', '', '9768161921', '2021-04-30 19:10:13', '2021-04-30 19:12:14', 1, '2021-04-30 19:10:13'),
(293, 'batch65', 'RAMAKRISHNA prasad ', '', '8919596170', '2021-04-30 19:10:16', '2021-04-30 19:26:28', 1, '2021-04-30 19:10:16'),
(294, 'batch65', 'R Acharya', '65', '98635349', '2021-04-30 19:10:21', '2021-04-30 21:05:52', 1, '2021-04-30 19:10:21'),
(295, 'batch65', 'Ravikumar M', '91', '09945807379', '2021-04-30 20:16:09', '2021-04-30 20:52:52', 1, '2021-04-30 19:10:23'),
(296, 'batch65', 'Dipti', '', '7798934594', '2021-04-30 19:11:36', '2021-04-30 20:03:37', 1, '2021-04-30 19:10:24'),
(297, 'batch65', 'Ashwini ', '', '09970516858', '2021-04-30 19:11:56', '2021-04-30 20:10:47', 1, '2021-04-30 19:10:25'),
(298, 'batch65', 'Girish S', '', '9980517425', '2021-04-30 19:43:32', '2021-04-30 21:06:02', 1, '2021-04-30 19:10:59'),
(299, 'batch65', 'Lata B', '91', '9849664742', '2021-04-30 19:10:59', '2021-04-30 20:40:30', 1, '2021-04-30 19:10:59'),
(300, 'batch65', 'Pabitra Das', '91', '7735553222', '2021-04-30 19:11:23', '2021-04-30 20:40:18', 1, '2021-04-30 19:11:23'),
(301, 'batch65', 'KAVITA DIXIT', '', '9821735814', '2021-04-30 19:11:26', '2021-04-30 21:05:27', 1, '2021-04-30 19:11:26'),
(302, 'batch65', 'Dr Supriya Joshi ', '', '9404021892', '2021-04-30 19:12:14', '2021-04-30 20:06:02', 1, '2021-04-30 19:12:14'),
(303, 'batch65', 'Amitava Dey', '', '7002747014', '2021-04-30 19:12:35', '2021-04-30 21:06:06', 1, '2021-04-30 19:12:35'),
(304, 'batch65', 'Niyati', '', '9712683839', '2021-04-30 19:12:40', '2021-04-30 19:18:11', 1, '2021-04-30 19:12:40'),
(305, 'batch65', 'Aditi Joshi', '', '8830969225', '2021-04-30 20:12:06', '2021-04-30 22:04:50', 1, '2021-04-30 19:12:47'),
(306, 'batch65', 'Bindu Madhav M', '', '9845198655', '2021-05-07 19:15:18', '2021-05-07 19:15:48', 1, '2021-04-30 19:12:51'),
(307, 'batch65', 'Priya', '91', '09940063144', '2021-04-30 19:13:09', '2021-04-30 21:05:40', 1, '2021-04-30 19:13:09'),
(308, 'batch65', 'Vinay', '', '9964554436', '2021-04-30 19:13:14', '2021-04-30 19:19:18', 1, '2021-04-30 19:13:14'),
(309, 'batch65', 'Rashmiranjan Mishra', '', '9930057248', '2021-04-30 19:13:20', '2021-04-30 21:06:21', 1, '2021-04-30 19:13:20'),
(310, 'batch65', 'Karthik ', '', '9444060708', '2021-04-30 19:50:56', '2021-04-30 20:03:56', 1, '2021-04-30 19:13:36'),
(311, 'batch65', 'Shanthi Kiran', '', '9620553853', '2021-04-30 19:13:36', '2021-04-30 19:55:07', 1, '2021-04-30 19:13:36'),
(312, 'batch65', 'Gelli Kishore ', '', '8317522125', '2021-04-30 19:13:39', '2021-04-30 19:30:23', 1, '2021-04-30 19:13:39'),
(313, 'batch65', 'Ashesh Kumar  Roy', '91', '09434385417', '2021-04-30 19:51:43', '2021-04-30 21:16:52', 1, '2021-04-30 19:13:45'),
(314, 'batch65', 'MNVS Krishna Kishore', '', '7032700713', '2021-04-30 19:14:00', '2021-04-30 21:09:01', 1, '2021-04-30 19:14:00'),
(315, 'batch65', 'Bhaskara HG', '', '09740151821', '2021-04-30 19:14:02', '2021-04-30 20:53:31', 1, '2021-04-30 19:14:02'),
(316, 'batch65', 'Abhijit Mirajkar', '', '9916209596', '2021-04-30 19:14:12', '2021-04-30 21:05:43', 1, '2021-04-30 19:14:12'),
(317, 'batch65', 'Veerakumwr', '254', '725539707', '2021-04-30 19:14:26', '2021-04-30 19:19:58', 1, '2021-04-30 19:14:26'),
(318, 'batch65', 'Praveen', '', '7899966704', '2021-04-30 19:14:40', '2021-04-30 20:00:40', 1, '2021-04-30 19:14:40'),
(319, 'batch65', 'Vidya sridhar ', '', '9841288440', '2021-04-30 19:14:49', '2021-04-30 19:56:11', 1, '2021-04-30 19:14:49'),
(320, 'batch65', 'Shashidharan GR', '', '9945026094', '2021-04-30 19:14:51', '2021-04-30 19:51:23', 1, '2021-04-30 19:14:51'),
(321, 'batch65', 'Umesh lele ', '', '7208643665', '2021-04-30 19:43:58', '2021-04-30 21:05:28', 1, '2021-04-30 19:14:52'),
(322, 'batch65', 'Gandhali', '', '8380045515', '2021-04-30 19:15:08', '2021-04-30 19:20:10', 1, '2021-04-30 19:15:08'),
(323, 'batch65', 'Jyoti Lavani', '', '9284312848', '2021-04-30 19:15:18', '2021-04-30 19:40:18', 1, '2021-04-30 19:15:18'),
(324, 'batch65', 'prabhakar marella', '', '9949021651', '2021-04-30 19:15:19', '2021-04-30 21:05:49', 1, '2021-04-30 19:15:19'),
(325, 'batch65', 'Ajeet', '', '8975927500', '2021-04-30 19:15:45', '2021-04-30 19:37:45', 1, '2021-04-30 19:15:45'),
(326, 'batch65', 'Maria Picardo ', '', '9822103105', '2021-04-30 19:15:53', '2021-04-30 20:43:54', 1, '2021-04-30 19:15:53'),
(327, 'batch65', 'Vishakha patil', '91', '7666058206', '2021-04-30 19:16:06', '2021-04-30 20:26:11', 1, '2021-04-30 19:16:06'),
(328, 'batch65', 'sourav mansingh', '', '8527701888', '2021-04-30 19:17:17', '2021-04-30 20:30:02', 1, '2021-04-30 19:17:17'),
(329, 'batch65', 'Ramesh Kumar', '', '08437050944', '2021-04-30 19:17:33', '2021-04-30 19:52:58', 1, '2021-04-30 19:17:33'),
(330, 'batch65', 'Shamaiah L', '91', '94492498790', '2021-04-30 19:40:53', '2021-04-30 19:42:54', 1, '2021-04-30 19:17:38'),
(331, 'batch65', 'Niranjan Mamillapalli', '1', '4088968086', '2021-04-30 19:18:15', '2021-04-30 20:56:47', 1, '2021-04-30 19:18:15'),
(332, 'batch65', 'Kiran Kumar', '', '9886253826', '2021-04-30 19:18:33', '2021-04-30 20:34:19', 1, '2021-04-30 19:18:33'),
(333, 'batch65', 'Swapnil Kharche ', '91', '8087197511', '2021-04-30 19:18:39', '2021-04-30 19:33:21', 1, '2021-04-30 19:18:39'),
(334, 'batch65', 'Goraksh Mahadik', '91', '7028838416', '2021-04-30 19:19:06', '2021-04-30 20:23:07', 1, '2021-04-30 19:19:06'),
(335, 'batch65', 'Sherin Agarwal', '41', '787674815', '2021-04-30 19:21:27', '2021-04-30 21:12:10', 1, '2021-04-30 19:19:38'),
(336, 'batch65', 'Sangeeta', '', '9423058022', '2021-04-30 19:20:05', '2021-04-30 21:11:14', 1, '2021-04-30 19:20:05'),
(337, 'batch65', 'K V Nandan', '', '9945563409', '2021-04-30 19:20:08', '2021-04-30 21:06:09', 1, '2021-04-30 19:20:08'),
(338, 'batch65', 'Navneet', '', '9311430877', '2021-04-30 19:20:28', '2021-04-30 20:32:00', 1, '2021-04-30 19:20:28'),
(339, 'batch65', 'Shobha K kamath ', '91', '7353590460', '2021-04-30 20:01:27', '2021-04-30 20:07:27', 1, '2021-04-30 19:20:31'),
(340, 'batch65', 'Augusteen ', '1', '3149857911', '2021-04-30 19:51:00', '2021-04-30 21:21:01', 1, '2021-04-30 19:20:38'),
(341, 'batch65', 'CHANDRASHEKARA GOWDA', '91', '09322120761', '2021-04-30 20:21:00', '2021-04-30 21:05:19', 1, '2021-04-30 19:20:47'),
(342, 'batch65', 'UPPUTURI srinu', '', '9000449712', '2021-04-30 19:21:45', '2021-04-30 20:03:31', 1, '2021-04-30 19:21:45'),
(343, 'batch65', 'Krithiga Ramprasad ', '', '9791103460', '2021-04-30 19:22:15', '2021-04-30 20:28:16', 1, '2021-04-30 19:22:15'),
(344, 'batch65', 'Surekha', '91', '9663149387', '2021-04-30 19:22:19', '2021-04-30 20:12:26', 0, '2021-04-30 19:22:19'),
(345, 'batch65', 'VIJAY HEDAOO', '91', '09820568284', '2021-04-30 19:22:30', '2021-04-30 20:22:09', 0, '2021-04-30 19:22:30'),
(346, 'batch65', 'Jennifer ', '91', '9892344466', '2021-04-30 19:22:40', '2021-04-30 21:05:45', 1, '2021-04-30 19:22:40'),
(347, 'batch65', 'VENKATARAGHAVAN K', '91', '9791690634', '2021-04-30 19:22:44', '2021-04-30 19:54:15', 1, '2021-04-30 19:22:44'),
(348, 'batch65', 'Dr. Siddhi Tilvi', '91', '9284743615', '2021-04-30 19:44:16', '2021-04-30 20:06:16', 0, '2021-04-30 19:23:07'),
(349, 'batch65', 'Madhuri Ranjalkar', '', '9820636570', '2021-04-30 19:23:26', '2021-04-30 20:05:57', 1, '2021-04-30 19:23:26'),
(350, 'batch65', 'Dr.Durriya', '91', '1616161616', '2021-04-30 19:23:37', '2021-04-30 21:06:04', 0, '2021-04-30 19:23:37'),
(351, 'batch65', 'Sivaprasad A', '', '9980627075', '2021-04-30 19:24:29', '2021-04-30 21:01:00', 1, '2021-04-30 19:24:29'),
(352, 'batch65', 'Om Gowda', '', '09036453100', '2021-04-30 19:24:44', '2021-04-30 21:06:06', 1, '2021-04-30 19:24:44'),
(353, 'batch65', ' Veerakumar', '254', '725549707', '2021-04-30 19:24:59', '2021-04-30 20:50:46', 1, '2021-04-30 19:24:59'),
(354, 'batch65', 'BHUNESH SINGH', '91', '08910459316', '2021-04-30 19:36:01', '2021-04-30 19:53:02', 1, '2021-04-30 19:25:53'),
(355, 'batch65', 'Balaji Sundararajan', '1', '7203620172', '2021-04-30 19:26:52', '2021-04-30 21:05:50', 1, '2021-04-30 19:26:52'),
(356, 'batch65', 'Akshay Kumar Shukla', '91', '09935163938', '2021-04-30 19:27:07', '2021-04-30 19:36:08', 1, '2021-04-30 19:27:07'),
(357, 'batch65', 'Thajurjit kaur', '91', '9573708170', '2021-05-01 16:34:48', '2021-05-01 16:35:18', 1, '2021-04-30 19:27:14'),
(358, 'batch65', 'Ashwin A Shimpi', '1', '8182972806', '2021-04-30 19:27:56', '2021-04-30 20:43:35', 1, '2021-04-30 19:27:56'),
(359, 'batch65', 'Hemalatha k ', '91', '7550397667', '2021-04-30 19:28:34', '2021-04-30 19:41:35', 1, '2021-04-30 19:28:34'),
(360, 'batch65', 'R.Meenakshi', '91', '9820207209', '2021-04-30 19:28:36', '2021-04-30 19:50:37', 1, '2021-04-30 19:28:36'),
(361, 'batch65', 'Mahesh Rayapoodi', '971', '559195971', '2021-04-30 20:00:50', '2021-04-30 20:32:51', 1, '2021-04-30 19:28:42'),
(362, 'batch65', 'dr kiran', '', '9969377481', '2021-04-30 19:29:10', '2021-04-30 21:41:11', 1, '2021-04-30 19:29:10'),
(363, 'batch65', 'Surendra', '', '9331010226', '2021-04-30 19:29:26', '2021-04-30 19:52:50', 1, '2021-04-30 19:29:26'),
(364, 'batch65', 'Peeyush Gupta', '', '9940238605', '2021-04-30 19:29:41', '2021-04-30 20:30:28', 1, '2021-04-30 19:29:41'),
(365, 'batch65', 'Jagannathan S', '', '09449116257', '2021-04-30 19:29:46', '2021-04-30 19:40:52', 1, '2021-04-30 19:29:46'),
(366, 'batch65', 'Prabha Sadayappan ', '1', '6307061819', '2021-04-30 19:31:02', '2021-04-30 20:06:23', 0, '2021-04-30 19:31:02'),
(367, 'batch65', 'Hanamantrao deshmukh', '91', '9518392334', '2021-04-30 19:31:05', '2021-04-30 21:05:36', 1, '2021-04-30 19:31:05'),
(368, 'batch65', 'Sanjay kumar', '', '9167002272', '2021-04-30 19:31:26', '2021-04-30 20:47:09', 1, '2021-04-30 19:31:26'),
(369, 'batch65', 'Poonam raut', '91', '9322874029', '2021-04-30 19:31:28', '2021-04-30 19:33:49', 1, '2021-04-30 19:31:28'),
(370, 'batch65', 'Ramanand', '91', '9342242212', '2021-04-30 19:31:39', '2021-04-30 21:01:37', 1, '2021-04-30 19:31:39'),
(371, 'batch65', 'Sujeet Joshi', '', '9920466784', '2021-04-30 19:57:53', '2021-04-30 20:41:41', 1, '2021-04-30 19:31:44'),
(372, 'batch65', 'Himanshu Kohli ', '', '9810402973', '2021-04-30 19:32:22', '2021-04-30 20:13:46', 1, '2021-04-30 19:32:22'),
(373, 'batch65', 'Jitendra Pawar ', '91', '8329946262', '2021-04-30 19:45:41', '2021-04-30 19:50:46', 1, '2021-04-30 19:33:02'),
(374, 'batch65', 'Shamsher Singh ', '91', '9419163267', '2021-04-30 20:22:50', '2021-04-30 21:17:14', 0, '2021-04-30 19:33:44'),
(375, 'batch65', 'Arun', '', '9845685152', '2021-04-30 19:34:14', '2021-04-30 19:51:17', 1, '2021-04-30 19:34:14'),
(376, 'batch65', 'Rajesh Budhrani', '', '9673992528', '2021-04-30 19:37:26', '2021-04-30 21:05:27', 1, '2021-04-30 19:37:26'),
(377, 'batch65', 'Hemant', '91', '9810290766', '2021-04-30 20:11:06', '2021-04-30 20:32:41', 0, '2021-04-30 19:38:04'),
(378, 'batch65', 'Anuja ', '', '8095070092', '2021-04-30 19:39:00', '2021-04-30 19:47:07', 1, '2021-04-30 19:39:00'),
(379, '-1', 'Tanmayi', '', '8600486288', '2021-04-30 19:39:59', '2021-04-30 19:40:29', 1, '2021-04-30 19:39:59'),
(380, 'batch65', 'Tanmayi', '', '8600486288', '2021-04-30 19:40:41', '2021-04-30 20:12:41', 1, '2021-04-30 19:40:41'),
(381, 'batch65', 'Mamatha D V', '91', '08951401632', '2021-04-30 20:18:26', '2021-04-30 20:38:42', 1, '2021-04-30 19:41:02'),
(382, 'batch65', 'Jyoti Lavani', '', '09284312848', '2021-04-30 19:41:47', '2021-04-30 19:49:51', 1, '2021-04-30 19:41:47'),
(383, 'batch65', 'DNYANDEEP GAONKAR ', '', '9096448388', '2021-04-30 19:42:59', '2021-04-30 19:52:31', 1, '2021-04-30 19:42:59'),
(384, 'batch65', 'Beena', '', '9686257150', '2021-04-30 19:43:43', '2021-04-30 21:06:31', 1, '2021-04-30 19:43:43'),
(385, 'batch65', 'Sumathi Suresh', '91', '9663071994', '2021-04-30 19:43:49', '2021-04-30 21:06:20', 1, '2021-04-30 19:43:49'),
(386, 'batch65', 'Gopi', '91', '9972532262', '2021-04-30 19:44:48', '2021-04-30 20:14:22', 1, '2021-04-30 19:44:48'),
(387, 'batch65', 'Shamaiah L', '91', '9449249870', '2021-04-30 20:00:57', '2021-04-30 21:06:42', 1, '2021-04-30 19:45:08'),
(388, 'batch65', 'Subramani R', '', '9880412818', '2021-04-30 19:45:11', '2021-04-30 19:55:41', 1, '2021-04-30 19:45:11'),
(389, 'batch65', 'Santhosh Murthy Neriyanuri', '91', '08106064728', '2021-04-30 19:45:29', '2021-04-30 20:54:07', 1, '2021-04-30 19:45:29'),
(390, 'batch65', 'Disan kumar sahu ', '', '9981185859', '2021-04-30 19:45:46', '2021-04-30 20:08:46', 1, '2021-04-30 19:45:46'),
(391, 'batch65', 'Subramanian ', '', '9320638129', '2021-04-30 19:45:51', '2021-04-30 20:21:52', 1, '2021-04-30 19:45:51'),
(392, 'batch65', 'Mrunal Pardeshi', '', '8856953084', '2021-04-30 19:47:50', '2021-04-30 20:04:19', 1, '2021-04-30 19:47:50'),
(393, '-1', 'Bharat Patil', '', '09979891095', '2021-04-30 19:48:29', '2021-04-30 19:48:59', 1, '2021-04-30 19:48:29'),
(394, 'batch65', 'Malti Saimbhi', '', '9820523452', '2021-04-30 19:48:37', '2021-04-30 19:51:09', 1, '2021-04-30 19:48:37'),
(395, 'batch65', 'R.Mahalakshmi ', '91', '9892917817', '2021-04-30 19:50:30', '2021-04-30 20:32:17', 1, '2021-04-30 19:50:30'),
(396, 'batch65', 'Manihar Shougaijam', '91', '9863533925', '2021-04-30 19:50:36', '2021-04-30 20:25:40', 0, '2021-04-30 19:50:36'),
(397, 'batch65', 'Arun', '', '9845675152', '2021-04-30 20:03:27', '2021-04-30 21:06:14', 1, '2021-04-30 19:51:28'),
(398, 'batch65', 'jyoti', '', '928431288', '2021-04-30 19:51:35', '2021-04-30 20:24:05', 1, '2021-04-30 19:51:35'),
(399, 'batch65', 'Shamaiah L', '', '9449249870', '2021-04-30 19:51:40', '2021-04-30 19:58:00', 1, '2021-04-30 19:51:40'),
(400, 'batch65', 'Sai Kiran AM', '', '09705308569', '2021-04-30 19:51:59', '2021-04-30 21:05:16', 0, '2021-04-30 19:51:59'),
(401, 'batch65', 'R.Meenakashi', '', '9820207209', '2021-04-30 19:57:04', '2021-04-30 20:48:00', 1, '2021-04-30 19:51:59'),
(402, 'batch65', 'Raghavendra ', '', '9987076165', '2021-04-30 19:52:45', '2021-04-30 21:17:55', 1, '2021-04-30 19:52:45'),
(403, 'batch65', 'Olivia', '', '8459569968', '2021-04-30 19:52:45', '2021-04-30 19:55:46', 1, '2021-04-30 19:52:45'),
(404, 'batch65', 'abha', '91', '9760090272', '2021-04-30 19:53:11', '2021-04-30 21:06:05', 1, '2021-04-30 19:53:11');
INSERT INTO `tbl_users` (`id`, `batch`, `name`, `cntry_code`, `mobile_num`, `login_date`, `logout_date`, `logout_status`, `joining_date`) VALUES
(405, 'batch65', 'Shivaji nagare', '91', '9373436040', '2021-04-30 19:53:45', '2021-04-30 20:34:46', 1, '2021-04-30 19:53:45'),
(406, 'batch65', 'prasad rao', '', '7795033369', '2021-04-30 19:54:01', '2021-04-30 20:00:32', 1, '2021-04-30 19:54:01'),
(407, 'batch65', 'PURAN PUROHIT', '', '9429606020', '2021-04-30 19:54:13', '2021-04-30 20:12:57', 1, '2021-04-30 19:54:13'),
(408, 'batch65', 'Shruti Bhide ', '', '9741010312', '2021-04-30 19:57:05', '2021-04-30 19:58:05', 1, '2021-04-30 19:57:05'),
(409, 'batch65', 'Ramaa Madhavan', '', '9444933305', '2021-04-30 19:57:31', '2021-04-30 19:59:35', 1, '2021-04-30 19:57:31'),
(410, 'batch65', 'Mangalam sivanandam', '91', '9445659194', '2021-04-30 19:57:55', '2021-04-30 20:50:27', 1, '2021-04-30 19:57:55'),
(411, 'batch65', 'Anjali gore', '', '9130107666', '2021-04-30 20:02:07', '2021-04-30 20:11:07', 1, '2021-04-30 20:02:07'),
(412, 'batch65', 'Diwakar Singh', '', '9431315371', '2021-04-30 20:03:29', '2021-04-30 22:08:59', 1, '2021-04-30 20:03:29'),
(413, '-1', 'Saroj', '', '7588581111', '2021-04-30 20:05:18', '2021-04-30 20:05:48', 1, '2021-04-30 20:05:18'),
(414, 'batch65', 'Dhanunjaya M', '91', '09849657398', '2021-04-30 20:05:23', '2021-04-30 20:28:54', 1, '2021-04-30 20:05:23'),
(415, 'batch65', 'Lalitha Balakrishnan ', '44', '7368909658', '2021-05-09 14:31:23', '2021-05-09 14:32:24', 1, '2021-04-30 20:05:51'),
(416, 'batch65', 'Maneesha Pednekar', '91', '09920910340', '2021-04-30 20:06:24', '2021-04-30 20:09:54', 1, '2021-04-30 20:06:24'),
(417, 'batch65', 'Saroj', '', '7588581111', '2021-04-30 20:24:13', '2021-04-30 21:06:44', 1, '2021-04-30 20:07:04'),
(418, 'batch65', 'Nisha', '', '09980545174', '2021-04-30 20:08:01', '2021-04-30 20:16:31', 1, '2021-04-30 20:08:01'),
(419, 'batch65', 'Nishanth', '', '654', '2021-04-30 20:08:15', '2021-04-30 20:08:45', 1, '2021-04-30 20:08:15'),
(420, 'batch65', 'Shiva Swaroop ', '971', '509693464', '2021-04-30 20:09:27', '2021-04-30 20:15:29', 1, '2021-04-30 20:09:27'),
(421, 'batch65', 'Usharani', '91', '9902343025', '2021-04-30 20:10:42', '2021-04-30 21:06:43', 1, '2021-04-30 20:10:42'),
(422, 'batch65', 'Nisha', '', '9980545174', '2021-04-30 20:13:50', '2021-04-30 21:05:23', 1, '2021-04-30 20:13:50'),
(423, 'batch65', 'Arun ', '91', '9380767474', '2021-04-30 20:20:36', '2021-04-30 20:58:07', 1, '2021-04-30 20:14:31'),
(424, 'batch65', 's c khole', '', '9561090201', '2021-04-30 20:16:00', '2021-04-30 20:27:58', 1, '2021-04-30 20:16:00'),
(425, 'batch65', 'Asha', '', '9393676699', '2021-04-30 20:17:36', '2021-04-30 21:05:50', 1, '2021-04-30 20:17:36'),
(426, 'batch65', 'Seema Khaire ', '971', '0508182294', '2021-04-30 20:19:24', '2021-04-30 22:05:03', 1, '2021-04-30 20:19:24'),
(427, 'batch65', 'Pavan', '', '9620127054', '2021-04-30 20:28:57', '2021-04-30 21:00:06', 1, '2021-04-30 20:28:57'),
(428, 'batch65', 'Juhi ', '', '9460355207', '2021-04-30 20:40:14', '2021-04-30 21:20:24', 1, '2021-04-30 20:40:14'),
(429, 'batch65', 'Meeta  Haikerwal', '91', '09450910173', '2021-04-30 20:44:22', '2021-04-30 21:10:53', 1, '2021-04-30 20:44:22'),
(430, 'batch65', 'Prabodh Sunhare', '', '9505554000', '2021-04-30 20:49:00', '2021-04-30 20:50:31', 1, '2021-04-30 20:49:00'),
(431, 'batch65', 'Salma', '', '8527605544', '2021-04-30 22:08:59', '2021-04-30 22:09:29', 1, '2021-04-30 20:52:14'),
(432, 'batch65', 'Kamlesh velani', '254', '733600112', '2021-04-30 21:01:56', '2021-04-30 21:05:29', 1, '2021-04-30 21:01:56'),
(433, 'batch65', 'Divyesh Sumariya ', '91', '9320247340', '2021-04-30 21:07:07', '2021-04-30 21:07:37', 1, '2021-04-30 21:07:07'),
(434, 'batch65', 'Varun Kumar J', '91', '7892355833', '2021-04-30 21:14:04', '2021-04-30 21:14:34', 1, '2021-04-30 21:14:04'),
(435, 'batch65', 'Tanuja Rane', '', '09730908336', '2021-04-30 21:20:35', '2021-04-30 21:21:05', 1, '2021-04-30 21:20:35'),
(436, 'batch65', 'Ravindra Waghamare', '', '9036019205', '2021-04-30 21:22:22', '2021-04-30 21:22:52', 1, '2021-04-30 21:22:22'),
(437, 'batch65', 'Vipul kumar chauhan', '', '9818555701', '2021-04-30 21:34:45', '2021-04-30 21:35:15', 1, '2021-04-30 21:34:45'),
(438, 'batch65', 'Sanjib dhar', '', '9903449611', '2021-04-30 22:09:05', '2021-04-30 22:13:44', 1, '2021-04-30 22:09:05'),
(439, 'batch65', 'Malti Saimbhi', '', '09820523452', '2021-04-30 23:44:06', '2021-04-30 23:44:36', 1, '2021-04-30 23:44:06'),
(440, 'batch65', 'Satheesh babu k', '91', '8886115680', '2021-04-30 23:53:06', '2021-04-30 23:53:36', 1, '2021-04-30 23:53:06'),
(441, 'batch65', 'Saji Oommen', '971', '0506267357', '2021-05-04 22:28:14', '2021-05-04 22:28:24', 0, '2021-05-01 00:06:46'),
(442, 'batch65', 'Saji Oommen', '971', '506267357', '2021-05-04 22:27:43', '2021-05-04 22:28:13', 1, '2021-05-01 00:11:34'),
(443, 'batch65', 'Mona', '1', '8583369454', '2021-05-01 03:06:05', '2021-05-01 03:06:35', 1, '2021-05-01 03:06:05'),
(444, 'batch65', 'Sakina7652@gmail.com momin ', '1', '2105355265', '2021-05-01 04:01:15', '2021-05-01 04:06:32', 1, '2021-05-01 04:01:15'),
(445, 'batch65', 'Prakash Roopani', '1', '7135048243', '2021-05-01 07:46:22', '2021-05-01 07:47:05', 0, '2021-05-01 07:46:22'),
(446, 'batch65', 'Padma Byrappa', '91', '9980537137', '2021-05-01 09:37:42', '2021-05-01 09:38:43', 1, '2021-05-01 09:37:42'),
(447, 'batch65', 'Vijender.kumar ', '', '9416910154', '2021-05-03 14:11:16', '2021-05-03 14:11:46', 1, '2021-05-01 12:02:07'),
(448, 'batch65', 'Pradip Asarkar ', '91', '9960894448', '2021-05-01 21:09:51', '2021-05-01 21:11:34', 1, '2021-05-01 13:40:35'),
(449, 'batch65', 'Vyas Nilesh', '91', '9724646038', '2021-05-01 17:42:58', '2021-05-01 17:43:28', 1, '2021-05-01 17:42:58'),
(450, 'batch65', 'Om Aiholli', '', '9762562761', '2021-05-01 19:05:05', '2021-05-01 19:12:05', 1, '2021-05-01 19:05:05'),
(451, '-1', 'Sreejith', '', '9880133001', '2021-05-01 20:11:16', '2021-05-01 20:11:46', 1, '2021-05-01 20:11:16'),
(452, 'batch65', 'Dr. Sneha Santosh Chaurasia ', '', '9870602064', '2021-05-02 12:23:35', '2021-05-02 12:24:52', 1, '2021-05-02 12:23:35'),
(453, 'batch65', 'Nagendra', '', '9845759896', '2021-05-02 17:00:49', '2021-05-02 17:01:50', 1, '2021-05-02 17:00:49'),
(454, 'batch65', 'Sathya V K', '', '7619486111', '2021-05-02 22:26:58', '2021-05-02 22:27:28', 1, '2021-05-02 22:26:58'),
(455, 'batch65', 'Aldona Sehgal', '46', '769499009', '2021-05-03 13:07:45', '2021-05-03 13:09:16', 1, '2021-05-03 13:07:45'),
(456, 'batch65', 'Egan', '1', '4088936412', '2021-05-03 13:08:38', '2021-05-03 13:17:41', 1, '2021-05-03 13:08:38'),
(457, 'batch65', 'Adrish Ray', '', '9868774787', '2021-05-03 18:26:54', '2021-05-03 18:27:24', 1, '2021-05-03 18:26:54'),
(458, 'batch65', 'George ', '65', '91444757', '2021-05-03 19:09:57', '2021-05-03 19:25:45', 1, '2021-05-03 19:09:57'),
(459, 'batch65', 'Archana Dwivedi', '', '9455664343', '2021-05-11 16:36:39', '2021-05-11 16:37:09', 1, '2021-05-11 16:36:39'),
(460, 'batch65', 'Prachi Chaudhari', '', '09922336434', '2021-05-15 18:15:43', '2021-05-15 18:27:25', 1, '2021-05-11 17:22:17'),
(461, 'batch65', 'Gurpreet', '', '9811891880', '2021-05-15 01:15:02', '2021-05-15 01:16:04', 1, '2021-05-15 01:15:02'),
(462, 'batch65', 'Sarika', '91', '9810786379', '2021-05-15 09:11:25', '2021-05-15 09:11:55', 1, '2021-05-15 09:11:25'),
(463, 'batch65', 'Richa Sheth', '', '9978746680', '2021-05-15 19:17:42', '2021-05-15 19:26:28', 1, '2021-05-15 19:17:42'),
(464, 'batch65', 'Falguni Tejani', '91', '9820588759', '2021-05-15 19:29:40', '2021-05-15 19:30:41', 1, '2021-05-15 19:29:40'),
(465, 'batch65', 'Jyoti', '1', '8324953900', '2021-05-15 19:47:52', '2021-05-15 19:48:22', 1, '2021-05-15 19:47:52'),
(466, 'batch65', 'Smit shah', '', '9867779916', '2021-05-15 19:48:53', '2021-05-15 19:49:23', 1, '2021-05-15 19:48:53'),
(467, 'batch65', 'Ruchi', '1', '3033968991', '2021-05-15 19:59:41', '2021-05-15 20:00:11', 1, '2021-05-15 19:59:41'),
(468, 'batch65', 'Vrushali Sakarkar', '', '9422939863', '2021-05-16 07:17:24', '2021-05-16 07:17:54', 1, '2021-05-16 07:17:24'),
(469, 'batch65', 'Kamlesh ', '', '9325409913', '2021-05-16 14:56:40', '2021-05-16 14:57:10', 1, '2021-05-16 14:56:40'),
(470, 'batch65', 'Sonal', '44', '7971918740', '2021-05-16 18:08:19', '2021-05-16 18:29:21', 1, '2021-05-16 18:08:19'),
(471, 'batch65', 'V', '', '45', '2021-05-16 18:10:32', '2021-05-16 18:25:06', 1, '2021-05-16 18:10:32');

--
-- Indexes for dumped tables
--

--
-- Indexes for table `tbl_questions`
--
ALTER TABLE `tbl_questions`
  ADD PRIMARY KEY (`id`);

--
-- Indexes for table `tbl_users`
--
ALTER TABLE `tbl_users`
  ADD PRIMARY KEY (`id`);

--
-- AUTO_INCREMENT for dumped tables
--

--
-- AUTO_INCREMENT for table `tbl_questions`
--
ALTER TABLE `tbl_questions`
  MODIFY `id` int(11) NOT NULL AUTO_INCREMENT, AUTO_INCREMENT=356;
--
-- AUTO_INCREMENT for table `tbl_users`
--
ALTER TABLE `tbl_users`
  MODIFY `id` int(4) NOT NULL AUTO_INCREMENT, AUTO_INCREMENT=472;
/*!40101 SET CHARACTER_SET_CLIENT=@OLD_CHARACTER_SET_CLIENT */;
/*!40101 SET CHARACTER_SET_RESULTS=@OLD_CHARACTER_SET_RESULTS */;
/*!40101 SET COLLATION_CONNECTION=@OLD_COLLATION_CONNECTION */;
