-- phpMyAdmin SQL Dump
-- version 4.6.6deb5ubuntu0.5
-- https://www.phpmyadmin.net/
--
-- Host: localhost:3306
-- Generation Time: Feb 15, 2022 at 05:30 AM
-- Server version: 5.7.36-0ubuntu0.18.04.1
-- PHP Version: 7.2.24-0ubuntu0.18.04.10

SET SQL_MODE = "NO_AUTO_VALUE_ON_ZERO";
SET time_zone = "+00:00";


/*!40101 SET @OLD_CHARACTER_SET_CLIENT=@@CHARACTER_SET_CLIENT */;
/*!40101 SET @OLD_CHARACTER_SET_RESULTS=@@CHARACTER_SET_RESULTS */;
/*!40101 SET @OLD_COLLATION_CONNECTION=@@COLLATION_CONNECTION */;
/*!40101 SET NAMES utf8mb4 */;

--
-- Database: `ExcerciseExpertQA_15`
--

-- --------------------------------------------------------

--
-- Table structure for table `tbl_countries`
--

CREATE TABLE `tbl_countries` (
  `country` varchar(43) DEFAULT NULL,
  `cntry_code` varchar(5) DEFAULT NULL
) ENGINE=InnoDB DEFAULT CHARSET=utf8;

--
-- Dumping data for table `tbl_countries`
--

INSERT INTO `tbl_countries` (`country`, `cntry_code`) VALUES
('Afghanistan', '93'),
('Albania', '355'),
('Algeria', '213'),
('American Samoa', '1-684'),
('Andorra', '376'),
('Angola', '244'),
('Anguilla', '1-264'),
('Antarctica', '672'),
('Antigua', '1-268'),
('Argentina', '54'),
('Armenia', '374'),
('Aruba', '297'),
('Ascension', '247'),
('Australia', '61'),
('Australian External Territories', '672'),
('Austria', '43'),
('Azerbaijan', '994'),
('Bahamas', '1-242'),
('Bahrain', '973'),
('Bangladesh', '880'),
('Barbados', '1-246'),
('Barbuda', '1-268'),
('Belarus', '375'),
('Belgium', '32'),
('Belize', '501'),
('Benin', '229'),
('Bermuda', '1-441'),
('Bhutan', '975'),
('Bolivia', '591'),
('Bosnia & Herzegovina', '387'),
('Botswana', '267'),
('Brazil', '55'),
('British Virgin Islands', '1-284'),
('Brunei Darussalam', '673'),
('Bulgaria', '359'),
('Burkina Faso', '226'),
('Burundi', '257'),
('Cambodia', '855'),
('Cameroon', '237'),
('Canada', '1'),
('Cape Verde Islands', '238'),
('Cayman Islands', '1-345'),
('Central African Republic', '236'),
('Chad', '235'),
('Chatham Island (New Zealand)', '64'),
('Chile', '56'),
('China (PRC)', '86'),
('Christmas Island', '61-8'),
('', ''),
('Cocos-Keeling Islands', '61'),
('Colombia', '57'),
('Comoros', '269'),
('Congo', '242'),
('Congo, Dem. Rep. of?', '243'),
('Cook Islands', '682'),
('Costa Rica', '506'),
('C?te d\'Ivoire', '225'),
('Croatia', '385'),
('Cuba', '53'),
('Cuba', '5399'),
('Cura?ao', '599'),
('Cyprus', '357'),
('Czech Republic', '420'),
('Denmark', '45'),
('Diego Garcia', '246'),
('Djibouti', '253'),
('Dominica', '1-767'),
('Dominican Republic', '1-809'),
('East Timor', '670'),
('Easter Island', '56'),
('Ecuador', '593'),
('Egypt', '20'),
('El Salvador', '503'),
('Equatorial Guinea', '240'),
('Eritrea', '291'),
('Estonia', '372'),
('Ethiopia', '251'),
('Falkland Islands', '500'),
('Faroe Islands', '298'),
('Fiji Islands', '679'),
('Finland', '358'),
('France', '33'),
('French Antilles', '596'),
('French Guiana', '594'),
('French Polynesia', '689'),
('Gabonese Republic', '241'),
('Gambia', '220'),
('Georgia', '995'),
('Germany', '49'),
('Ghana', '233'),
('Gibraltar', '350'),
('Greece', '30'),
('Greenland', '299'),
('Grenada', '1-473'),
('Guadeloupe', '590'),
('Guam', '1-671'),
('Guantanamo Bay', '5399'),
('Guatemala', '502'),
('Guinea-Bissau', '245'),
('Guinea', '224'),
('Guyana', '592'),
('Haiti', '509'),
('Honduras', '504'),
('Hong Kong', '852'),
('Hungary', '36'),
('Iceland', '354'),
('India', '91'),
('Indonesia', '62'),
('Inmarsat (Atlantic Ocean - East)', '871'),
('Inmarsat (Atlantic Ocean - West)', '874'),
('Inmarsat (Indian Ocean)', '873'),
('Inmarsat (Pacific Ocean)', '872'),
('International Freephone Service', '800'),
('International Shared Cost Service (ISCS)', '808'),
('Iran', '98'),
('Iraq', '964'),
('Ireland', '353'),
('Iridium', '8816'),
('Israel', '972'),
('Italy', '39'),
('Jamaica', '1-876'),
('Japan', '81'),
('Jordan', '962'),
('Kazakhstan', '7'),
('Kenya', '254'),
('Kiribati', '686'),
('Korea (North)', '850'),
('Korea (South)', '82'),
('Kuwait', '965'),
('Kyrgyz Republic', '996'),
('Laos', '856'),
('Latvia', '371'),
('Lebanon', '961'),
('Lesotho', '266'),
('Liberia', '231'),
('Libya', '218'),
('Liechtenstein', '423'),
('Lithuania', '370'),
('Luxembourg', '352'),
('Macao', '853'),
('Macedonia', '389'),
('Madagascar', '261'),
('Malawi', '265'),
('Malaysia', '60'),
('Maldives', '960'),
('Mali Republic', '223'),
('Malta', '356'),
('Marshall Islands', '692'),
('Martinique', '596'),
('Mauritania', '222'),
('Mauritius', '230'),
('Mayotte Island', '269'),
('Mexico', '52'),
('Micronesia, (Federal States of)', '691'),
('Midway Island', '1-808'),
('Moldova', '373'),
('Monaco', '377'),
('Mongolia', '976'),
('Montenegro', '382'),
('Montserrat', '1-664'),
('Morocco', '212'),
('Mozambique', '258'),
('Myanmar', '95'),
('Namibia', '264'),
('Nauru', '674'),
('Nepal', '977'),
('Netherlands', '31'),
('Netherlands Antilles', '599'),
('Nevis', '1-869'),
('New Caledonia', '687'),
('New Zealand', '64'),
('Nicaragua', '505'),
('Niger', '227'),
('Nigeria', '234'),
('Niue', '683'),
('Norfolk Island', '672'),
('Northern Marianas Islands', '1-670'),
('', ''),
('Norway', '47'),
('Oman', '968'),
('Pakistan', '92'),
('Palau', '680'),
('Palestinian Settlements', '970'),
('Panama', '507'),
('Papua New Guinea', '675'),
('Paraguay', '595'),
('Peru', '51'),
('Philippines', '63'),
('Poland', '48'),
('Portugal', '351'),
('Puerto Rico', '1-787'),
('Qatar', '974'),
('R?union Island', '262'),
('Romania', '40'),
('Russia', '7'),
('Rwandese Republic', '250'),
('St. Helena', '290'),
('St. Kitts/Nevis', '1-869'),
('St. Lucia', '-757'),
('St. Pierre & Miquelon', '508'),
('St. Vincent & Grenadines', '1-784'),
('Samoa', '685'),
('San Marino', '378'),
('S?o Tom? and Principe', '239'),
('Saudi Arabia', '966'),
('Senegal', '221'),
('Serbia', '381'),
('Seychelles Republic', '248'),
('Sierra Leone', '232'),
('Singapore', '65'),
('Slovak Republic', '421'),
('Slovenia', '386'),
('Solomon Islands', '677'),
('Somali Democratic Republic', '252'),
('South Africa', '27'),
('Spain', '34'),
('Sri Lanka', '94'),
('Sudan', '249'),
('Suriname', '597'),
('Swaziland', '268'),
('Sweden', '46'),
('Switzerland', '41'),
('Syria', '963'),
('Taiwan', '886'),
('Tajikistan', '992'),
('Tanzania', '255'),
('Thailand', '66'),
('Thuraya (Mobile Satellite service)', '88216'),
('Timor Leste', '670'),
('Togolese Republic', '228'),
('Tokelau', '690'),
('Tonga Islands', '676'),
('Trinidad & Tobago', '1-868'),
('Tunisia', '216'),
('Turkey', '90'),
('Turkmenistan', '993'),
('Turks and Caicos Islands', '1-649'),
('Tuvalu', '688'),
('Uganda', '256'),
('Ukraine', '380'),
('United Arab Emirates', '971'),
('United Kingdom', '44'),
('United States of America', '1'),
('US Virgin Islands', '1-340'),
('Universal Personal Telecommunications (UPT)', '878'),
('Uruguay', '598'),
('Uzbekistan', '998'),
('Vanuatu', '678'),
('Vatican City', '39'),
('Venezuela', '58'),
('Vietnam', '84'),
('Wake Island', '808');

-- --------------------------------------------------------

--
-- Table structure for table `tbl_questions`
--

CREATE TABLE `tbl_questions` (
  `id` int(11) NOT NULL,
  `batch` varchar(50) NOT NULL,
  `select_batch` varchar(150) DEFAULT NULL,
  `user_name` varchar(255) NOT NULL,
  `user_phone` varchar(15) NOT NULL,
  `user_question` varchar(500) NOT NULL,
  `asked_at` datetime NOT NULL,
  `user_code` varchar(10) NOT NULL,
  `speaker` int(11) NOT NULL DEFAULT '0',
  `answered` int(11) NOT NULL DEFAULT '0',
  `responded` int(11) DEFAULT '0',
  `doctor` int(11) DEFAULT '0',
  `diet` int(11) DEFAULT '0',
  `exercise` int(11) DEFAULT '0',
  `mentor` int(11) DEFAULT '0',
  `operations` int(11) DEFAULT '0',
  `InnerTransformation` int(11) DEFAULT '0',
  `Sales` int(11) DEFAULT '0',
  `Program` int(11) DEFAULT '0',
  `remark` varchar(250) DEFAULT NULL
) ENGINE=InnoDB DEFAULT CHARSET=latin1;

--
-- Dumping data for table `tbl_questions`
--

INSERT INTO `tbl_questions` (`id`, `batch`, `select_batch`, `user_name`, `user_phone`, `user_question`, `asked_at`, `user_code`, `speaker`, `answered`, `responded`, `doctor`, `diet`, `exercise`, `mentor`, `operations`, `InnerTransformation`, `Sales`, `Program`, `remark`) VALUES
(1, 'batch65', 'Batch64', 'v', '9765875731', 'hii', '2021-10-25 15:11:14', '', 0, 0, 0, 0, 0, 0, 0, 0, 0, 0, 0, NULL),
(2, 'batch65', 'Batch68', 'Raj Kumar', '7346730637', 'Hello', '2021-10-28 15:47:53', '1', 0, 0, 0, 0, 0, 0, 0, 0, 0, 0, 0, NULL),
(3, 'batch65', 'Batch72', 'Rekha kotak', '93386518', 'Without joing gym cannot control sugar level ?', '2021-10-31 07:00:24', '65', 0, 0, 0, 0, 0, 0, 0, 0, 0, 0, 0, NULL),
(4, 'batch65', 'Batch70', 'Indusekhar Dixit ', '9880765681', 'Hi', '2021-10-31 07:18:38', '', 0, 0, 0, 0, 0, 0, 0, 0, 0, 0, 0, NULL),
(5, 'batch65', 'Batch70', 'Indusekhar Dixit ', '9880765681', 'Hi', '2021-10-31 07:23:55', '', 0, 0, 0, 0, 0, 0, 0, 0, 0, 0, 0, NULL),
(6, 'batch65', 'Batch72', 'Vijay Chauhan', '8950256637', '1. For how many seconds break do we need to take between the sets of 15 reps when we do resistance band exercises and between each repetition? \r\n2. How much time does it take gain more muscle mass if we follow complete exercise protocol?\r\n3. BSL is still fluctuating, it is on higher side especially on Sundays (rest day) though I am following complete meal and exercise protocol?', '2021-10-31 17:27:46', '', 0, 0, 0, 0, 0, 1, 0, 0, 0, 0, 0, NULL),
(7, 'batch65', 'Batch69', 'Ashok J Joshi', '9945104570', 'Estrde I did my GTT at Lab.(Fasting sugar 126, after one hour 260 and after 2 hrs 225). Of course since 2 days fasting sugar is showing high.Previously FBSL used to hover at 90-105). When I did GTT at home on 16th Oct after consuming 75 gms of glucose, the readings were as under:\r\nFasting sugar-98, After 1 hr-226, After 2 hrs-97.\r\nMy HbA1c on 28-10-21 is 6.1. Even I could not clear IGT. Pl explain', '2021-10-31 18:41:26', '', 0, 0, 0, 0, 0, 1, 0, 0, 0, 0, 0, NULL),
(8, 'batch65', 'Batch71', 'Sekhar Chandrasekhar', '9087976290', 'Hello Dr. Malhar,  THanks for conducting these Q&A sessions.   With 3-2-1 routine and avoiding milk products, Im able to maintain FSL under 110.   Still on Reclide 30mg and Metformin 500mg.  How much of reversal has occured in your opinion?   How long before the medications are stopped?', '2021-10-31 18:44:25', '1', 0, 0, 0, 0, 0, 1, 0, 0, 0, 0, 0, 'Cachexia'),
(9, 'batch65', 'Batch64', 'Priti taneja', '9899541972', 'My bmi is 24,but I m trying out my level best to reach 23 bmi. But nt able to do. I hve tried wf, 3:21 formula also but nt able to manage. Pl help.', '2021-10-31 18:47:16', '91', 0, 0, 1, 0, 0, 0, 0, 0, 0, 0, 0, NULL),
(10, 'batch65', 'Batch69', 'Ashok J Joshi', '9945104570', 'Yoga Athletic Identity is chosen by me and did 108 surya namaskar on 3 Saturdays. Whether I should repeat this feat every Saturday doctor?', '2021-10-31 18:49:22', '', 0, 0, 0, 0, 0, 1, 0, 0, 0, 0, 0, NULL),
(11, 'batch65', 'Batch65', 'Kamsella ', '4378558669', 'Dr Malhar\r\nHow did YOU lose 5 kgs ?\r\nWhatâ€™s your method ?', '2021-10-31 18:54:23', '1', 0, 0, 0, 0, 0, 1, 0, 0, 0, 0, 0, NULL),
(12, 'batch65', 'Batch71', 'Santanu Talukdar', '9864067947', 'Sir, my BMI is 22.5 . Age -47, My creatinine is 0.94,  EGFR-. 96, is it alarming . Should I take protein powder.  My exercise are3-2-1 . Should I join gym now.', '2021-10-31 18:54:38', '', 0, 0, 0, 0, 0, 1, 0, 0, 0, 0, 0, NULL),
(13, 'batch65', 'Batch65', 'Kamsella ', '4378558669', 'The 3:2:1 sequence can be changed to include different days if swimming running yoga or do we have to stick to the same ?Still sampling what I love most and seems to be changing .', '2021-10-31 18:56:12', '1', 0, 0, 0, 0, 0, 1, 0, 0, 0, 0, 0, NULL),
(14, 'batch65', 'Batch70', 'saroj madan pal singh', '9898997040', 'i am loosing weight', '2021-10-31 18:56:25', '', 0, 0, 0, 0, 1, 1, 0, 0, 0, 0, 0, NULL),
(15, 'batch65', 'Batch72', 'Kameswararao', '8770879676', 'Good evening doctor. I have been experiencing spike in bsls after regular visits to the gym even after following strict protocol. What is the remady ?', '2021-10-31 19:00:38', '', 0, 0, 1, 0, 0, 0, 0, 0, 0, 0, 0, NULL),
(16, 'batch65', 'Batch65', 'Anjali Deshmukh', '4084258813', 'Namaste,\r\nBMI 21, A1c 6.1, Cleared GTT.\r\nGoing forward how to manage spikes in BSL?\r\nWhich BSL reading (fasting) is a good indicator of spikes?\r\nthanks,\r\n-anjali', '2021-10-31 19:00:39', '1', 0, 0, 0, 0, 0, 1, 0, 0, 0, 0, 0, NULL),
(17, 'batch65', 'Batch72', 'Kalpit Dikshit', '9445818237', 'Do fasting sugars come down if  we eat something in the morning or is there any time period that fasting sugars remain high, say from 2AM to 8AM.', '2021-10-31 19:01:02', '', 0, 0, 0, 0, 0, 1, 0, 0, 0, 0, 0, NULL),
(18, 'batch65', 'Batch68', 'Rashmiranjan Mishra', '9930057248', 'Good evening', '2021-10-31 19:01:09', '', 0, 0, 0, 0, 0, 1, 0, 0, 0, 0, 0, NULL),
(19, 'batch65', 'Batch71', 'Narender dogra', '9873877764', 'When are you starting structured blood glucose management?\r\nYour PPTâ€™s are not on education portal? \r\nNeed to review them repeatedly.', '2021-10-31 19:01:12', '', 0, 0, 0, 0, 0, 1, 0, 0, 0, 0, 0, NULL),
(20, 'batch65', 'Batch72', 'Deepak Naidu', '9845062459', 'Can I restart the 4th phase excercise regime as I had stopped due to injury and also travelling. My BMI is 22.85', '2021-10-31 19:02:07', '', 0, 0, 0, 0, 0, 1, 0, 0, 0, 0, 0, NULL),
(21, 'batch65', 'Batch71', 'MANOHAR  C P', '9485700003', 'I had my pp2 raised today, today being rest day your comments Pl', '2021-10-31 19:02:10', '', 0, 0, 0, 0, 1, 0, 0, 0, 0, 0, 0, NULL),
(22, 'batch65', 'Batch64', 'Girija ', '9618067427', 'Goodevening sir', '2021-10-31 19:02:21', '', 0, 0, 0, 0, 0, 1, 0, 0, 0, 0, 0, NULL),
(23, 'batch65', 'Batch70', 'saroj madan pal singh', '9898997040', 'i got a break from gym due to viral', '2021-10-31 19:02:35', '', 0, 0, 0, 0, 0, 1, 0, 0, 0, 0, 0, NULL),
(24, 'batch65', 'Batch70', 'KS Naveen Kumar', '9880102294', 'How much time is ideal for gym and what type of exercise for less than 23 bmi?', '2021-10-31 19:03:12', '', 0, 0, 0, 0, 0, 1, 0, 0, 0, 0, 0, NULL),
(25, 'batch65', 'Batch64', 'Girija ', '9618067427', 'Good  evening  sir', '2021-10-31 19:03:21', '', 0, 0, 1, 0, 0, 0, 0, 0, 0, 0, 0, NULL),
(26, 'batch65', 'Batch65', 'Kamsella ', '4378558669', 'It will do', '2021-10-31 19:03:45', '1', 0, 0, 1, 0, 0, 0, 0, 0, 0, 0, 0, NULL),
(27, 'batch65', 'Batch70', 'Sandeep  Sanghvi', '9821462640', 'Yes', '2021-10-31 19:03:47', '', 0, 0, 1, 0, 0, 0, 0, 0, 0, 0, 0, NULL),
(28, 'batch65', 'Batch66', 'Akshay Sawant', '7743613430', 'Hi Doc, Been enjoying 3-2-1 for 6 months now, had increased diet so weight has increased a bit from 65 to 67. Hopefully it is muscle mass. Belly Fat reduction is hard work though.', '2021-10-31 19:03:59', '44', 0, 0, 1, 0, 0, 0, 0, 0, 0, 0, 0, NULL),
(29, 'batch65', 'Batch68', 'Suvendu Mahapatra', '7975530374', 'Good evening Dr. My BSL is fluctuating too much .Some time 140 and other day 210. Carb profile etc done but still no change..Dr keep chnaging medicine dose to bring it in control.  What do you sugest for me next. We have only 4 months left for my batch,', '2021-10-31 19:04:00', '', 0, 0, 0, 0, 1, 0, 0, 0, 0, 0, 0, NULL),
(30, 'batch65', 'Batch64', 'Prasanthi', '9959094854', 'Hi.. Does stevia increases BSL?', '2021-10-31 19:04:23', '91', 0, 0, 0, 0, 0, 1, 0, 0, 0, 0, 0, NULL),
(31, 'batch65', 'Batch71', 'Anil Kumar Garg', '8283051166', 'The multivitamin stopped after Phase-2 But Re-started due to low energy. Please comment on dependency, addiction and side effects etc of the MultiVitamins.', '2021-10-31 19:04:23', '', 0, 0, 0, 0, 1, 0, 0, 0, 0, 0, 0, NULL),
(32, 'batch65', 'Batch71', 'Santanu Talukdar', '9864067947', 'Sir, my age -47, creatinine-.0.94 ,EGFR- 96, is it alarming from nephro side. Should I take protein powder. Should I join Gym now.', '2021-10-31 19:05:06', '', 0, 0, 0, 0, 0, 1, 0, 0, 0, 0, 0, NULL),
(33, 'batch65', 'Batch64', 'sangeeta vamburkar', '7327638714', 'Hi, I still need support from execise expert, i have to get some muscles and want to get some support to a support for muscle building  and look almost a skeletonafter the weight loss', '2021-10-31 19:05:55', '1', 0, 0, 0, 0, 1, 0, 0, 0, 0, 0, 0, NULL),
(34, 'batch65', 'Batch67', 'Vilas Tarwadi', '8408814488', 'What should we do to increase muscle mass. I am ectomorph. After reduction in weight and following 3-2-1 . Muscle toning is visible now. Stamina is increased a lot. Already completed 108 suryanamaskar and 10 km run. Now want to increase the Muscle. Please advice.', '2021-10-31 19:06:22', '', 0, 0, 0, 0, 1, 0, 0, 0, 0, 0, 0, NULL),
(35, 'batch65', 'Batch70', 'saroj madan pal singh', '9898997040', 'my bmi has gone down 21.5 from 23.is it ok', '2021-10-31 19:06:27', '', 0, 0, 0, 0, 0, 1, 0, 0, 0, 0, 0, NULL),
(36, 'batch65', 'Batch64', 'Dr Mohan Kumar SL', '09448189250', 'Hi Sir Good evening.\r\nHow to manage wt & eating.', '2021-10-31 19:06:29', '', 0, 0, 1, 0, 0, 0, 0, 0, 0, 0, 0, '3'),
(37, 'batch65', 'Batch71', 'Sangeeta Birla', '0410587990', 'Please give guidance regarding how to make good food choices when eating out and during Diwali festivities..', '2021-10-31 19:06:57', '61', 0, 0, 1, 0, 0, 0, 0, 0, 0, 0, 0, NULL),
(38, 'batch65', 'Batch71', 'Santanu Talukdar', '9864067947', 'How can I contact you for my girl of 14 years, over weight-64.years BMI 25. Pls advice', '2021-10-31 19:07:13', '', 0, 0, 1, 0, 0, 0, 0, 0, 0, 0, 0, NULL),
(39, 'batch65', 'Batch72', 'Ashok Rudrapatna', '9086478469', 'What should be followed for someone who is above 70 years old and BMI < 20?  Is it realistic to have significant muscle build in such as a \r\ncase?', '2021-10-31 19:07:17', '1', 0, 0, 1, 0, 0, 0, 0, 0, 0, 0, 0, NULL),
(40, 'batch65', 'Batch71', 'Madhu Chandrawanshi', '9926391572', 'Good evening Sir, à¤®à¥à¤à¥‡ joints pain à¤•à¥€ à¤¶à¤¿à¤•à¤¾à¤¯à¤¤ à¤¹à¥ˆ,knee, shoulder, à¤œà¥‹ à¤®à¥‡à¤°à¥€ à¤‡à¤¸ journey à¤®à¥‡à¤‚ à¤¬à¤¾à¤§à¤¾ à¤•à¤°à¤¤à¥€ à¤¹à¥ˆ, phase 4 à¤®à¥‡à¤‚ muscles building à¤®à¥‡à¤‚ à¤®à¥à¤à¥‡ à¤ªà¤°à¥‡à¤¶à¤¾à¤¨à¥€ à¤† à¤°à¤¹à¥€ à¤¹à¥ˆ , à¤®à¥à¤à¥‡ à¤•à¥à¤¯à¤¾ à¤•à¤°à¤¨à¤¾ à¤šà¤¾à¤¹à¤¿à¤à¥¤ please advise me.', '2021-10-31 19:07:51', '', 0, 0, 1, 0, 0, 0, 0, 0, 0, 0, 0, NULL),
(41, 'batch65', 'Batch72', 'Nitin', '9440685113', 'How do we know the exercise we are doing is optimum and neither less nor more?', '2021-10-31 19:08:05', '', 0, 0, 1, 0, 0, 0, 0, 0, 0, 0, 0, NULL),
(42, 'batch65', 'Batch71', 'Narender dogra', '9873877764', 'To shift to protein based diet in Phase 5 we \r\nneed more inputs on potion size & protein \r\ncontent of a LARGER no of everyday veg & non \r\nveg food items. Dietetians not able to give \r\noptions. We are stuck with repeating same \r\nitems daily. Please help?', '2021-10-31 19:08:12', '', 0, 0, 1, 0, 0, 0, 0, 0, 0, 0, 0, NULL),
(43, 'batch65', 'Batch70', 'Sakshi Jawale', '9870549987', 'My sugar readings are coming more from few days even sometimes my stomach pains near pancreas. What should I eat when Iâ€™m out?', '2021-10-31 19:08:31', '', 0, 0, 0, 0, 0, 1, 0, 0, 0, 0, 0, NULL),
(44, 'batch65', 'Batch68', 'Deepak Goswami', '9435541300', 'Good evening, Doctor. I am 62 years old with a 26-years diabetes history and 21.3 BMI. I belong to 68 batch. Have improved HbA1C from 9.6 in March 21 to 6.6 in June and 6.5 in Oct. I am trying to build up an athletic identity by doing 100 pushups (50 at one go). Is it alright?', '2021-10-31 19:09:48', '', 0, 0, 1, 0, 0, 0, 0, 0, 0, 0, 0, NULL),
(45, 'batch65', 'Batch72', 'Dr. Annie Cherian', '9446195742', 'Good evening Dr .Malhar, just want to let you know that I am so thankful for being very honest about the reversal journey rather than giving false hopes.', '2021-10-31 19:09:59', '', 0, 0, 1, 0, 0, 0, 0, 0, 0, 0, 0, NULL),
(46, 'batch65', 'Batch65', 'Kamsella ', '4378558669', 'Some nice funny story now please .', '2021-10-31 19:10:29', '1', 0, 0, 1, 0, 0, 0, 0, 0, 0, 0, 0, NULL),
(47, 'batch65', 'Batch64', 'sangeeta vamburkar', '7327638714', 'I have gone through angioplasty last year it has been one year,  BMI,  20  the exercise expert is a bit apprhensive to give a muscle building routine', '2021-10-31 19:10:49', '1', 0, 0, 1, 0, 0, 1, 0, 0, 0, 0, 0, 'Bands'),
(48, 'batch65', 'Batch71', 'Sangeeta Birla', '0410587990', 'If we  eat milk products occassionally,- how will it impact on the BSL?', '2021-10-31 19:11:22', '61', 0, 0, 0, 0, 0, 1, 0, 0, 0, 0, 0, NULL),
(49, 'batch65', 'Batch72', 'Kameswararao', '8770879676', 'Can I start whey protein now ?', '2021-10-31 19:11:26', '', 0, 0, 1, 0, 0, 0, 0, 0, 0, 0, 0, NULL),
(50, 'batch65', 'Batch66', 'Dhana Prova Dutta', '09435534800', 'Good evening sir,In this personal phase,my weight is improving, c peptide and Insulin fasting is also improving .I am following 3-2 -1.and strictly followed FFD protocol but my sugers last many days reading are high.my Hba1c is 6.4 .', '2021-10-31 19:12:28', '91', 0, 0, 0, 0, 0, 1, 0, 0, 0, 0, 0, NULL),
(51, 'batch65', 'Batch72', 'Jitendra Raikar', '9769985063', 'Can I do bodyweight exercises or resistance band exercises only for muscle building instead of using machines in the gym? Will I be missing on something? There are some many advanced calisthenics that can be progressively loaded.', '2021-10-31 19:12:52', '', 0, 0, 1, 0, 0, 0, 0, 0, 0, 0, 0, NULL),
(52, 'batch65', 'Batch72', 'Deepak Waghela', '9890165963', 'Why my bsl spike on rest day otherwise it is normal.', '2021-10-31 19:12:59', '', 0, 0, 1, 0, 0, 0, 0, 0, 0, 0, 0, NULL),
(53, 'batch65', 'Batch66', 'Akshay Sawant', '7743613430', 'Very right, I am able to predict my BSL range now based on what I ate and my movements etc. (not AGE). Its been a massive knowledge gain thu FFD.', '2021-10-31 19:13:09', '44', 0, 0, 1, 0, 0, 0, 0, 0, 0, 0, 0, NULL),
(54, 'batch65', 'Batch71', 'Santanu Talukdar', '9864067947', 'Is it necessary to Anti gravity walking after lunch and dinner now , hba1ac-5.5, BMI 22.5', '2021-10-31 19:13:11', '', 0, 0, 1, 0, 0, 0, 0, 0, 0, 0, 0, NULL),
(55, 'batch65', 'Batch67', 'Shruti Ainapure', '9423964100', 'Hello Sir. I am from 67 batch. Started with 3:2:1. Sometimes I feel very weak what could be the reason?. What is the ideal time to start with sampling?', '2021-10-31 19:13:25', '', 0, 0, 0, 0, 1, 0, 0, 0, 0, 0, 0, NULL),
(56, 'batch65', 'Batch70', 'Ramachandran N', '9446201709', 'Malhar sir, your session gives lot of happiness. Bcaz u r giving us a positivity by contantly saying that we need not bother about numbers. Your advice is concenteate on 3-2-1 and eat reasonably well keeping a watch on bsl', '2021-10-31 19:13:37', '', 0, 0, 1, 0, 0, 0, 0, 0, 0, 0, 0, NULL),
(57, 'batch65', 'Batch70', 'saipriya Sitaraman ', '9831639837', 'how I know my fatty liver has improved  ?', '2021-10-31 19:13:59', '', 0, 0, 1, 0, 0, 0, 0, 0, 0, 0, 0, NULL),
(58, 'batch65', 'Batch68', 'vijay khurana', '9818690215', 'i am 70 yrs ( female ) .  please  advice  which exercises should I do and which ones should I avoid,,  as I get breath less while doing some exercises.  should I join gym', '2021-10-31 19:14:55', '', 0, 0, 1, 0, 0, 0, 0, 0, 0, 0, 0, NULL),
(59, 'batch65', 'Batch70', 'Sheela saharajan ', '39769060', 'Good evening Dr.my BMI  became 21.5.now again 22.9 Is it OK.? Iam in small quantity of medicine also.', '2021-10-31 19:14:56', '973', 0, 0, 0, 0, 0, 1, 0, 0, 0, 0, 0, NULL),
(60, 'batch65', 'Batch71', 'P NARENDRA BABU', '9052649227', 'Im on renal diet. My creatinine is 2.2. when can I start phase 4', '2021-10-31 19:15:18', '', 0, 0, 0, 0, 0, 1, 0, 0, 0, 0, 0, NULL),
(61, 'batch65', 'Batch70', 'Sandeep  Sanghvi', '9821462640', 'I consistently had a pp2 and pp3 of 130 a d fasting 98  ut last 4 days there has being a spike to 183 and fasting 120 without  any trigger. my bmi is 20.80', '2021-10-31 19:15:56', '', 0, 0, 0, 0, 1, 1, 0, 0, 0, 0, 0, NULL),
(62, 'batch65', 'Batch64', 'Shivani savara', '9818441529', 'Sir my weight increases fast  which means body is releasing insulin so how to increase quality of insulin in the body so it lowers bsl faster', '2021-10-31 19:16:56', '', 0, 0, 0, 0, 1, 1, 0, 0, 0, 0, 0, NULL),
(63, 'batch65', 'Batch67', 'Govind Kulkarni', '9833782482', 'My SGPT, SGOT, GGT increased but no support from our doctors...Pls help', '2021-10-31 19:17:29', '', 0, 0, 0, 0, 1, 1, 0, 0, 0, 0, 0, NULL),
(64, 'batch65', 'Batch72', 'Ashok Rudrapatna', '9086478469', 'My exercise couch has not started me on 3-2-1 yet, I have asked for it. IS that OK?  I am 71, BMI 20, Hba1c 5.9. I do yoga asanas, Surya Namaskar, stretch band, superbrain, 3 min planks, 30 pushups.', '2021-10-31 19:17:41', '1', 0, 0, 0, 0, 1, 0, 0, 0, 0, 0, 0, NULL),
(65, 'batch65', 'Batch66', 'Akshay Sawant', '7743613430', 'Hi Doc, Not obssessing with numbers but my Muscle % is 82%, HBA1C is 5.7. Focussing on maintaining current level, although progressing weight training levels. Getting sore after Gym session could increase inflammation?', '2021-10-31 19:18:15', '44', 0, 0, 0, 0, 1, 0, 0, 0, 0, 0, 0, 'Evion - capsule'),
(66, 'batch65', 'Batch72', 'Mayur ', '9823436373', 'Fasting suger control me nahi aa raha hai', '2021-10-31 19:18:16', '', 0, 0, 1, 0, 0, 0, 0, 0, 0, 0, 0, NULL),
(67, 'batch65', 'Batch70', 'Uzzal Hazarika', '95225041', 'I have been doing 3-3 with weight lifting with 6 kg for ,45 minutes, ,tread mill for 40 min @ 6km .\r\nI have been  using ,as advised by diet expert,  protein power along with smoothies. However  after taking smoothies,  I feel loose motion in some occasion.\r\nTill now with medicine my fasting sugar is fluctuating between 130 -140. One or two occasion, it jumps to 175 also ..\r\nPl advise.', '2021-10-31 19:18:21', '968', 0, 0, 0, 0, 0, 1, 0, 0, 0, 0, 0, NULL),
(68, 'batch65', 'Batch72', 'Ajita', '9940074041', 'Should we eat even if not hunger.', '2021-10-31 19:18:36', '', 0, 0, 0, 0, 1, 0, 0, 0, 0, 0, 0, NULL),
(69, 'batch65', 'Batch72', 'Rajesh Rajagopal', '9447815298', 'i am 48 joined gym  increased weight from 54 to 58 creatinine 1.22. doing 1 hour gym for 6 days', '2021-10-31 19:19:18', '', 0, 0, 0, 0, 1, 1, 0, 0, 0, 0, 0, 'Responsible '),
(70, 'batch65', 'Batch64', 'Ajay Agarwal', '9993933045', 'Unable to see the PPT of meal planning vs exercise', '2021-10-31 19:20:08', '', 0, 0, 1, 0, 0, 0, 0, 0, 0, 0, 0, NULL),
(71, 'batch65', 'Batch69', 'Shailesh Shirali', '9886574292', 'We all have heard of many young \"fit\" celebrities dying of cardiac arrests  Since many of us our during intense exercise , what do we need to be aware of for cardiac health', '2021-10-31 19:21:42', '', 0, 0, 1, 0, 0, 0, 0, 0, 0, 0, 0, NULL),
(72, 'batch65', 'Batch70', 'Ramachandran N', '9446201709', 'I am in batch no 70.i am doing 3-2-1(walking/jogging, yoga, resistance).  But my fbs not coming down below 120 for the last 6 months except 5 or 10 days. Why dawn phenomenon not going? My tablets are Glycomet GP1(1-0-1)&remo100(1/2-0-1/2). In june my hba1c was 7.2.now my hba1c is 7.6.dr is telling to add vildagliptin also now. Why my hba1c not coming down doctor? From next week i am going to play badminton too.', '2021-10-31 19:21:50', '', 0, 0, 0, 0, 0, 1, 0, 0, 0, 0, 0, '2: 2:1.5 -1600 SIDD/CIRDD'),
(73, 'batch65', 'Batch65', 'Pramathesh Desai', '6099065500', 'If the BMI is between 22.5 to 23.5 - do we need to increase the weight ?', '2021-10-31 19:22:08', '1', 0, 0, 0, 0, 0, 0, 0, 0, 0, 0, 0, '22-25 - 35'),
(74, 'batch65', 'Batch68', 'vijay khurana', '9818690215', 'i have stopped  taking BF  and taking lunch and dinner daily.  Is it OK', '2021-10-31 19:22:50', '', 0, 0, 0, 0, 1, 0, 0, 0, 0, 0, 0, NULL),
(75, 'batch65', 'Batch65', 'Goraksh Mahadik', '7028838416', 'Sir my fasting 111-pp1-208-pp2-123 I passedb igt can I repeat ggt.', '2021-10-31 19:22:53', '91', 0, 0, 0, 0, 1, 0, 0, 0, 0, 0, 0, NULL),
(76, 'batch65', 'Batch65', 'Goraksh Mahadik', '7028838416', 'Sir my fasting 111-pp1-208-pp2-123 I passedb igt can I repeat ggt.', '2021-10-31 19:22:53', '91', 0, 0, 0, 0, 1, 0, 0, 0, 0, 0, 0, NULL),
(77, 'batch65', 'Batch70', 'Sandeep  Sanghvi', '9821462640', 'Sir, my bsl were absolutely normal since last y months without medicine .my hba1c was 6. But suddenly  last 4days my pp2 pp3 are 184 and fasting 123. My bmi is 20.8 my weight has increased by 5kg. I fail to understand suddenly spike', '2021-10-31 19:25:53', '', 0, 0, 0, 0, 1, 0, 0, 0, 0, 0, 0, NULL),
(78, 'batch65', 'Batch72', 'SANKARASETTY SRINIVASA RAO', '07729078895', 'After starting rigorous GYM exercises, the fasting BSL are on high side. I e upto 150 mg/dl. Shall I continue or reduce the quantum of exercises. I am 68 kgs/172 cm. BMI, below 23. Hba1c...7.0.', '2021-10-31 19:26:04', '', 0, 0, 0, 0, 0, 1, 0, 0, 0, 0, 0, NULL),
(79, 'batch65', 'Batch66', 'BRAJESH KUMAR ', '9771592130', 'Mera BMI 23.80   Hba1ac 5.9 Fasting 90 to 105 ,pp 100 to 130 ke pass rahta hai  .wheaight 74 kg se kam hoker 58 kg ho gaya tha per ab 64 kg ho gaya hai GTT v  achaa  hai  kya mai revarsal ke traf ja raha hu?please aap bataye.  or FFD  protocol palan kar raha hu.', '2021-10-31 19:27:14', '', 0, 0, 0, 0, 1, 0, 0, 0, 0, 0, 0, NULL),
(80, 'batch65', 'Batch71', 'MANOHAR  C P', '9485700003', 'Batch 71\r\nBMI 20.42\r\nAge 61\r\n6 days per week gym 60-70 min each session\r\nCordio daily 18-20 min\r\nTwo days upper body 30-35 min strength \r\nTwo day lower  body 30-35 min strength\r\nTwo day abdomen and core body 30-40 .in\r\nMonitored by gym instructor \r\nCan Pl give your comments .', '2021-10-31 19:27:40', '', 0, 0, 0, 0, 0, 0, 0, 0, 0, 0, 0, 'Keep rocking and stop measuring.'),
(81, 'batch65', 'Batch71', 'Sabu Sangapur ', '9449868723', 'Sir for building muscle, is it enough to follow only exercises prescribed by exercise expert or extra work out 8n Jim is needed? Please suggest sir. My weight is 62.2 kg and  BMI is 22.6', '2021-10-31 19:27:58', '', 0, 0, 0, 0, 0, 0, 0, 0, 0, 0, 0, 'Enjoy no numbers'),
(82, 'batch65', 'Batch67', 'Govind Kulkarni', '9833782482', 'I have achieved my desired weight , i am still taking Anabolic smoothie...Can you elaborate benefits of this type of smoothie as nothing is written in FFD about this....', '2021-10-31 19:28:26', '', 0, 0, 0, 0, 0, 0, 0, 0, 0, 0, 0, '3 uncooked meals - critical '),
(83, 'batch65', 'Batch71', 'Piyush Prasad', '09039334050', 'To gain weight can we take coconut milk with protein powder instead of anabolic smoothie', '2021-10-31 19:28:37', '', 0, 0, 0, 0, 1, 0, 0, 0, 0, 0, 0, NULL),
(84, 'batch65', 'Batch72', 'Dr.Vini Dhomne ', '9422834022', 'Hello Dr.\r\nI have muscles stiffness and shooting pain in both legs and hands. Is it curable. \r\nMy BMI is 20 and Hba1c after 3 months  is 8', '2021-10-31 19:33:47', '', 0, 0, 0, 0, 1, 0, 0, 0, 0, 0, 0, NULL),
(85, 'batch65', 'Batch72', 'Anantha', '92721800', 'Have Microalbumin.  Can i take protein powder.   Also there was no improvement in Hbalc and Microalbumin is increasing during phase 2.   My medication was on and off during phase 2 itself.   My goal is to keep my microalbumin in control.    Please clarify on the intake of protein.', '2021-10-31 19:35:14', '65', 0, 0, 0, 0, 0, 1, 0, 0, 0, 0, 0, '1gm/kg'),
(86, 'batch65', 'Batch67', 'Sanjib dhar', '9903449611', 'Thanks sir for showing us a wonderful life..', '2021-10-31 19:36:36', '', 0, 0, 1, 0, 0, 0, 0, 0, 0, 0, 0, NULL),
(87, 'batch65', 'Batch71', 'Santanu Talukdar', '9864067947', 'After joining Gym, should I do resistance band exercise at home', '2021-10-31 19:36:50', '', 0, 0, 1, 0, 0, 1, 0, 0, 0, 0, 0, NULL),
(88, 'batch65', 'Batch64', 'Dr Mohan Kumar SL', '09448189250', 'Hi Sir m following 3 2 1 and  off on Sundays isit ok Sir?', '2021-10-31 19:37:54', '', 0, 0, 0, 0, 0, 1, 0, 0, 0, 0, 0, NULL),
(89, 'batch65', 'Batch70', 'Unmesh', '561777435', 'BMI 22.5. Doing 3:2:1 (gym:swimming:yoga). Noticing pain in pelvic region? Is it because of weights? No hernia.', '2021-10-31 19:38:04', '971', 0, 0, 0, 0, 0, 1, 0, 0, 0, 0, 0, NULL),
(90, 'batch65', 'Batch71', 'S jindal', '9868893654', 'Dr sahab, How much point u give to diet, exercise and meditation during improvement of body.', '2021-10-31 19:38:28', '', 0, 0, 0, 0, 1, 0, 0, 0, 0, 0, 0, 'Diet makes you free, Exercise keeps you free/reversed'),
(91, 'batch65', 'Batch64', 'Ramanand K S', '09845450447', 'Sometimes I feel a little bored with my exercise regimen. Is it okay if I do only 5 days', '2021-10-31 19:38:36', '91', 0, 0, 0, 0, 0, 1, 0, 0, 0, 0, 0, NULL),
(92, 'batch65', 'Batch68', 'Minal Phanse', '7633508340', 'Is body ache normal when doing muscle training? Is it required to have 48 hours gap between 2 workouts', '2021-10-31 19:39:36', '1', 0, 0, 0, 0, 0, 1, 0, 0, 0, 0, 0, NULL),
(93, 'batch65', 'Batch70', 'Jayanta Biswas', '9869205627', 'I find exercising (light) in the morning after smoothie keeps my energy level better. The 3-2-1 i am  doing in the afternoon. Hope this schedule of morning and evening is in order', '2021-10-31 19:39:41', '', 0, 0, 0, 0, 0, 1, 0, 0, 0, 0, 0, NULL),
(94, 'batch65', 'Batch64', 'Hitendra Badrakiya', '9824310906', 'India lost the toss & we are batting. 6 runs in 2 overs.', '2021-10-31 19:40:50', '', 0, 0, 1, 0, 0, 0, 0, 0, 0, 0, 0, NULL),
(95, 'batch65', 'Batch66', 'Akshay Sawant', '7743613430', 'INdia batting 6-0 after 2 overs. Ishan/Rahul opening. Shardul/Ishan in Bhuvi/Surya out.', '2021-10-31 19:40:52', '44', 0, 0, 1, 0, 0, 0, 0, 0, 0, 0, 0, NULL),
(96, 'batch65', 'Batch70', 'Jayanta Biswas', '9869205627', 'Can curd made of coconut milk is ok?', '2021-10-31 19:43:43', '', 0, 0, 1, 0, 0, 0, 0, 0, 0, 0, 0, NULL),
(97, 'batch65', 'Batch70', 'Ramachandran N', '9446201709', 'So can i drink cow milk one or two glass daily. Becaz when checked sugar after drinking milk, no spike is seen.', '2021-10-31 19:44:24', '', 0, 0, 1, 0, 0, 0, 0, 0, 0, 0, 0, NULL),
(98, 'batch65', 'Batch69', 'Ramjatan Prasad', '7986030411', 'Today, I ate brown rice, salad,arhar dal and sarso palak saag in Lunch and pp2 came 177 . I repeat same except salad and pp3 came 126. please explain the reason.', '2021-10-31 19:45:13', '', 0, 0, 1, 0, 0, 0, 0, 0, 0, 0, 0, NULL),
(99, 'batch65', 'Batch69', 'Ashok J Joshi', '9945104570', 'Doctor, very often you are being disconnected, not able to listen at all', '2021-10-31 19:45:39', '', 0, 0, 0, 0, 0, 0, 0, 0, 0, 0, 0, NULL),
(100, 'batch65', 'Batch71', 'Jamuna Sharma ', '7507745105', 'Is there any relation between sleeping in afternoon with sugar level', '2021-10-31 19:46:20', '', 0, 0, 1, 0, 0, 0, 0, 0, 0, 0, 0, NULL),
(101, 'batch65', 'Batch71', 'Piyush Prasad', '09039334050', 'I am on athletic identity yogi, how many days should I go to gym in a week', '2021-10-31 19:48:07', '', 0, 0, 1, 0, 0, 0, 0, 0, 0, 0, 0, NULL),
(102, 'batch65', 'Batch71', 'Jamuna Sharma ', '7507745105', 'I am getting allergy daily (sneezing), can I stop having white smoothie and instead take apple daily', '2021-10-31 19:48:42', '', 0, 0, 1, 0, 0, 0, 0, 0, 0, 0, 0, NULL),
(103, 'batch65', 'Batch66', 'Akshay Sawant', '7743613430', 'India Score 14-1 in 4 hours, bahut dhere khel rahe hain.', '2021-10-31 19:49:50', '44', 0, 0, 1, 0, 0, 0, 0, 0, 0, 0, 0, NULL),
(104, 'batch65', 'Batch70', 'Dattatraya', '09960460763', 'Why you prefer to stop the antigravity....does it have any adverse effects on long time continuation..', '2021-10-31 19:49:58', '', 0, 0, 1, 0, 0, 0, 0, 0, 0, 0, 0, NULL),
(105, 'batch65', 'Batch72', 'Rani Srinivasan', '06360490975', 'I am so used to eating less that now I am not able to eat more. I feel hungry 1 hr after meals.', '2021-10-31 19:50:50', '', 0, 0, 1, 0, 0, 0, 0, 0, 0, 0, 0, NULL),
(106, 'batch65', 'Batch65', 'Jyoti', '9902984906', 'My eyes pain a lot and keep getting headache', '2021-10-31 19:51:34', '', 0, 0, 1, 0, 0, 0, 0, 0, 0, 0, 0, NULL),
(107, 'batch65', 'Batch64', 'Kalpana Solsi', '9892957799', 'If I have to join a gym, what research dp I have to do? Like gym accredition, gym trainers etc', '2021-10-31 19:51:36', '91', 0, 0, 1, 0, 0, 0, 0, 0, 0, 0, 0, NULL),
(108, 'batch65', 'Batch69', 'Ramjatan Prasad', '7986030411', 'I am panik  about bmi . It is not improving. I am doing resistance band and dumbbells regularly even after meal. Is it ok to do dumbbells and resistance band after meal?', '2021-10-31 19:51:39', '', 0, 0, 1, 0, 0, 0, 0, 0, 0, 0, 0, '0.5- 1 kg - 3 months'),
(109, 'batch65', 'Batch72', 'Rani Srinivasan', '06360490975', 'Should I continue the 3-2-1 schedule lifelong.', '2021-10-31 19:52:09', '', 0, 0, 1, 0, 0, 0, 0, 0, 0, 0, 0, NULL),
(110, 'batch65', 'Batch66', 'Neeta chabukswar ', '9833922767', 'Going was good till phase 4 ..phase 5 incremental exercise makes me feverish.. Takes 8+10 days to recover.. Increases hunger.. Increases sugars', '2021-10-31 19:53:08', '', 0, 0, 1, 0, 0, 0, 0, 0, 0, 0, 0, NULL),
(111, 'batch65', 'Batch65', 'Jyoti', '9902984906', 'Headache', '2021-10-31 19:53:08', '', 0, 0, 1, 0, 0, 0, 0, 0, 0, 0, 0, NULL),
(112, 'batch65', 'Batch70', 'Ramachandran N', '9446201709', 'For gym which is good time? Morning or evening? My excercise expert told that doing gym in the evening is good for muscle growth. Bcaz after evening gym since we are going for sleep, it will help for muscle growth. Is it right?', '2021-10-31 19:53:50', '', 0, 0, 1, 0, 0, 0, 0, 0, 0, 0, 0, NULL),
(113, 'batch65', 'Batch68', 'Deepak Goswami', '9435541300', 'Should protein be eaten only after a work-out or one can take it twice daily even if there is no work-out?', '2021-10-31 19:54:02', '', 0, 0, 1, 0, 0, 0, 0, 0, 0, 0, 0, NULL),
(114, 'batch65', 'Batch65', 'Jyoti', '9902984906', 'Looks like eyes have gone weak .. specially short sighted..and getting continuous headache', '2021-10-31 19:54:35', '', 0, 0, 1, 0, 0, 0, 0, 0, 0, 0, 0, NULL),
(115, 'batch65', 'Batch68', 'Shamaiah L', '9449249870', 'Good evening Dr,  Feeeling week morning times, also not cooming up', '2021-10-31 19:54:55', '', 0, 0, 1, 0, 0, 0, 0, 0, 0, 0, 0, NULL),
(116, 'batch65', 'Batch72', 'Pallavi', '9980018306', 'Doctor I just love the way you interact.. no nonsense approach. I have been following FFD diet ,on reduced medication  but struggling to look healthier my bmi is 20â€¦ I might be be genetically compromised paternallyâ€¦sometimes I feel I donâ€™t mind taking medication if could eat a bit more and put on weight iam 44', '2021-10-31 19:56:22', '', 0, 0, 1, 0, 0, 0, 0, 0, 0, 0, 0, 'round the clock with/without medication - 1000kcal'),
(117, 'batch65', 'Batch71', 'Santanu Talukdar', '9864067947', 'My weight is increase by one kg. whether it is due to food or what \r\nBMI is 23.5.', '2021-10-31 20:00:26', '', 0, 0, 1, 0, 0, 0, 0, 0, 0, 0, 0, NULL),
(118, 'batch65', 'Batch66', 'Akshay Sawant', '7743613430', 'India 35/2 in 6 overs. Rohit/Virat on crease.', '2021-10-31 20:01:17', '44', 0, 0, 1, 0, 0, 0, 0, 0, 0, 0, 0, 'cricinfo'),
(119, 'batch65', 'Batch65', 'Jyoti', '9902984906', 'Can I get out of insulin ? Whenever insulin units are reduced my sugars increases and weight is also increasing', '2021-10-31 20:01:43', '', 0, 0, 1, 0, 0, 0, 0, 0, 0, 0, 0, NULL),
(120, 'batch65', 'Batch70', 'Ramachandran N', '9446201709', 'Sir u have told that my case is a severe case of insulin defeciency as my fasting fbs going to 120 to 130 range even after i am taking glycomet gp1, remo etc. But my c peptide, fasting insulin levels are normal. So why i am advised to take gliptins also to reduce fadting fbs level and hba1c(present hba1c is 7.6). So seriosly what my escape? Can i get your consultation for one day?', '2021-10-31 20:03:33', '', 0, 0, 1, 0, 0, 0, 0, 0, 0, 0, 0, NULL),
(121, 'batch65', 'Batch72', 'Rani Srinivasan', '06360490975', 'I am unable to go to a gym. Will working out at home with dumbbells and resistance bands do the trick.', '2021-10-31 20:03:43', '', 0, 0, 1, 0, 0, 0, 0, 0, 0, 0, 0, NULL),
(122, 'batch65', 'Batch70', 'Unmesh', '561777435', 'What could be reason for heel pain? Only left heel? Uric acid is normal. Noticed usually after getting up in morning or seating longer in same position..', '2021-10-31 20:03:50', '971', 0, 0, 1, 0, 0, 0, 0, 0, 0, 0, 0, NULL),
(123, 'batch65', 'Batch70', 'Aparna', '9481448778', 'Hello..\r\nStarted Gym workout 3-2-1... feeling good and also weight has increased about 2kg.\r\n\r\nBuilding Athletic identify and understanding the  protocol and enjoying:) Thank you', '2021-10-31 20:04:51', '', 0, 0, 1, 0, 0, 0, 0, 0, 0, 0, 0, NULL),
(124, 'batch65', 'Batch65', 'Revathi viswanathan', '8879128604', 'My sugar level is fluctuate one  week fasting 133and pst lunch200.my bmi21.hbalc6.5iam having boils .', '2021-10-31 20:05:29', '', 0, 0, 0, 0, 1, 0, 0, 0, 0, 0, 0, NULL),
(125, 'batch65', 'Batch72', 'Rajesh Rajagopal', '9447815298', 'Sorry, sir i am 48 years, joined gym weight increased from 54 to 58 hba1c 6.1,creatinine1.22 doing gym for 6 days', '2021-10-31 20:06:27', '', 0, 0, 0, 0, 1, 0, 0, 0, 0, 0, 0, NULL),
(126, 'batch65', 'Batch67', 'Sanjib dhar', '9903449611', 'Paneer can we have?', '2021-10-31 20:06:48', '', 0, 0, 0, 0, 1, 0, 0, 0, 0, 0, 0, NULL),
(127, 'batch65', 'Batch66', 'Akshay Sawant', '7743613430', 'Thanks for the motivation Doc. Been going to Gym twice a week for last 4 months. Loving it now and always look forward to it.', '2021-10-31 20:07:17', '44', 0, 0, 0, 0, 1, 0, 0, 0, 0, 0, 0, NULL),
(128, 'batch65', 'Batch66', 'Kamal Pachisia', '8978786207', 'What food to avoid or add exercise to increase the HDL', '2021-10-31 20:08:02', '', 0, 0, 0, 0, 1, 1, 0, 0, 0, 0, 0, NULL),
(129, 'batch65', 'Batch71', 'Santanu Talukdar', '9864067947', 'My dietitian stop green leaves smoothie,start bottle groud smoothie due to creatinine 0.94 .is ok', '2021-10-31 20:09:18', '', 0, 0, 0, 0, 1, 0, 0, 0, 0, 0, 0, NULL),
(130, 'batch65', 'Batch69', 'D seinivasulu', '8885544087', 'Sir if sleep not sufficient sugar level will increase', '2021-10-31 20:09:47', '', 0, 0, 0, 0, 1, 0, 0, 0, 0, 0, 0, NULL),
(131, 'batch65', 'Batch64', 'Prasanthi', '9959094854', 'after getting up in the morning if we take anabolic smoothie then do strenghtning/yogs/gym/or walk jog again have to take protien shake?', '2021-10-31 20:10:23', '91', 0, 0, 0, 0, 1, 0, 0, 0, 0, 0, 0, NULL),
(132, 'batch65', 'Batch71', 'Santanu Talukdar', '9864067947', 'Going to gym at 7 am morning. Is it bad to sleep at noon after lunch', '2021-10-31 20:10:27', '', 0, 0, 0, 0, 1, 0, 0, 0, 0, 0, 0, NULL),
(133, 'batch65', 'Batch65', 'Sumathi Suresh', '9663071994', 'Whatever I do....with medication...my bsl is around  200. Is that ok?', '2021-10-31 20:10:35', '', 0, 0, 0, 0, 1, 0, 0, 0, 0, 0, 0, NULL),
(134, 'batch65', 'Batch71', 'Selvakumar', '509286139', 'Hello Dr. i am from 71 batch and i am stuck on 69-70 kgs. and diet expert says it needs to come down to 66.5 and i am not able to get to that number. any pointers to get to the level set so that i can go on Phase 4 diet.', '2021-10-31 20:10:58', '971', 0, 0, 0, 0, 1, 0, 0, 0, 0, 0, 0, NULL),
(135, 'batch65', 'Batch67', 'Bhupendra Sheth ', '9967595915', 'now india\r\n 42/3 in 83 over', '2021-10-31 20:12:11', '', 0, 0, 0, 0, 1, 0, 0, 0, 0, 0, 0, NULL),
(136, 'batch65', 'Batch64', 'Malini Lachminarayana', '09739428282', 'My arotic valve is narrowing. Can i continue weight training. Currently doing 2.5 kg. Can i increase to 4 kg.', '2021-10-31 20:12:56', '91', 0, 0, 0, 0, 0, 1, 0, 0, 0, 0, 0, NULL),
(137, 'batch65', 'Batch65', 'Kamsella ', '4378558669', 'Spur', '2021-10-31 20:13:23', '1', 0, 0, 1, 0, 0, 0, 0, 0, 0, 0, 0, NULL),
(138, 'batch65', 'Batch69', 'D seinivasulu', '8885544087', 'Sir getting pain both wrist pls suggest', '2021-10-31 20:14:34', '', 0, 0, 0, 0, 1, 0, 0, 0, 0, 0, 0, NULL),
(139, 'batch65', 'Batch71', 'Santanu Talukdar', '9864067947', 'Is it ok to take protein powder along with zyloric tablet for high uric acid', '2021-10-31 20:14:47', '', 0, 0, 0, 0, 1, 0, 0, 0, 0, 0, 0, NULL),
(140, 'batch65', 'Batch70', 'Ramachandran N', '9446201709', 'Sir you already told that in reality,  indians by nature like to take diary. So i have asked whether i can drink 1 or 2 glass milk if no spike is observed after drinking milk? Out of syllabus qn wrt FFD. But still asking. Bcaz in many sites it is saying that cow milk has many nutritional benefits', '2021-10-31 20:14:55', '', 0, 0, 0, 0, 0, 0, 0, 0, 0, 0, 0, NULL),
(141, 'batch65', 'Batch68', 'vijay khurana', '9818690215', 'how did you break bones so many times', '2021-10-31 20:15:17', '', 0, 0, 1, 0, 1, 0, 0, 0, 0, 0, 0, NULL),
(142, 'batch65', 'Batch66', 'Akshay Sawant', '7743613430', 'What are the benefits of alternating Push and Pull exercises on Gym days?', '2021-10-31 20:18:17', '44', 0, 0, 0, 0, 0, 1, 0, 0, 0, 0, 0, '60 - 3-  2- 1'),
(143, 'batch65', 'Batch71', 'Piyush Prasad', '09039334050', 'Carb 180, protein 120, fat 60', '2021-10-31 20:20:05', '', 0, 0, 0, 0, 0, 0, 0, 0, 0, 0, 0, NULL),
(144, 'batch65', 'Batch70', 'Sandeep  Sanghvi', '9821462640', '65  195  130 65', '2021-10-31 20:20:06', '', 0, 0, 0, 0, 0, 0, 0, 0, 0, 0, 0, NULL),
(145, 'batch65', 'Batch72', 'Jitendra Raikar', '9769985063', '70 - 210, 140,70', '2021-10-31 20:20:11', '', 0, 0, 0, 0, 0, 0, 0, 0, 0, 0, 0, '140,'),
(146, 'batch65', 'Batch66', 'Akshay Sawant', '7743613430', '66kg, 198 Carb, 132 Protein, 66 Fat', '2021-10-31 20:20:14', '44', 0, 0, 0, 0, 0, 0, 0, 0, 0, 0, 0, 'anabolic smoothie - uncooked protein fat combo'),
(147, 'batch65', 'Batch72', 'rita shukla', '8454840859', 'my weight is 58', '2021-10-31 20:20:26', '', 0, 0, 0, 0, 0, 0, 0, 0, 0, 0, 0, '5'),
(148, 'batch65', 'Batch64', 'Hitendra Badrakiya', '9824310906', '64: 19, 12, 7', '2021-10-31 20:20:33', '', 0, 0, 0, 0, 0, 0, 0, 0, 0, 0, 0, NULL),
(149, 'batch65', 'Batch68', 'Rajesh Kana', '9900137124', '1 fat means which food u are referring. give example', '2021-10-31 20:20:41', '', 0, 0, 0, 0, 0, 0, 0, 0, 0, 0, 0, NULL),
(150, 'batch65', 'Batch71', 'Santanu Talukdar', '9864067947', 'My weight is 63.5kg,.so explain me 321', '2021-10-31 20:20:42', '', 0, 0, 0, 0, 0, 0, 0, 0, 0, 0, 0, NULL),
(151, 'batch65', 'Batch69', 'Sandip Das', '594361234', '199.5: 133:66.5', '2021-10-31 20:20:58', '966', 0, 0, 0, 0, 0, 0, 0, 0, 0, 0, 0, NULL),
(152, 'batch65', 'Batch70', 'ASHISH  MOTEWAR ', '9823191089', '70  210    140     70', '2021-10-31 20:20:59', '', 0, 0, 0, 0, 0, 0, 0, 0, 0, 0, 0, NULL),
(153, 'batch65', 'Batch71', 'S jindal', '9868893654', '55 kg and 160cm', '2021-10-31 20:21:12', '', 0, 0, 0, 0, 0, 0, 0, 0, 0, 0, 0, NULL),
(154, 'batch65', 'Batch69', 'Shailesh Shirali', '9886574292', 'Is 3:2:1 diet per meal ratio or per day ratio ?', '2021-10-31 20:21:44', '', 0, 0, 0, 0, 0, 0, 0, 0, 0, 0, 0, NULL),
(155, 'batch65', 'Batch70', 'saroj madan pal singh', '9898997040', '55 weight,165  carb,110 protein,55 fat', '2021-10-31 20:21:50', '', 0, 0, 0, 0, 0, 0, 0, 0, 0, 0, 0, NULL),
(156, 'batch65', 'Batch70', 'Ramachandran N', '9446201709', 'Sir if i consistently do gym, will my hba1c come down sir? Can i reduce medicines?  Present situatiin is i am taking glycomet gp1, remo. Bcaz of present hba1c of 7.6, i have been advised to take gliptins also. I hv to get out of this situation. Will consistent doing gym reduce hba1c?', '2021-10-31 20:22:03', '', 0, 0, 1, 0, 0, 0, 0, 0, 0, 0, 0, NULL),
(157, 'batch65', 'Batch64', 'Ramanand K S', '09845450447', 'A BIG THANK YOU for your clarity and the confidence you provide. Practical and easy style.', '2021-10-31 20:22:27', '91', 0, 0, 1, 0, 0, 0, 0, 0, 0, 0, 0, NULL),
(158, 'batch65', 'Batch69', 'Ashok J Joshi', '9945104570', '56 kgs. Carb 55x3=165x4=660. Protein 56x2=112x4=448. fat 56x1=56x4=224', '2021-10-31 20:22:29', '', 0, 0, 1, 0, 0, 0, 0, 0, 0, 0, 0, NULL),
(159, 'batch65', 'Batch64', 'Shylaja Nathan ', '9788094789', 'Could we please get access to the presentation ?', '2021-10-31 20:23:07', '1', 0, 0, 1, 0, 0, 0, 0, 0, 0, 0, 0, NULL),
(160, 'batch65', 'Batch64', 'Girija ', '9618067427', 'Thank you sir.  Good night.', '2021-10-31 20:25:05', '', 0, 0, 1, 0, 0, 0, 0, 0, 0, 0, 0, NULL),
(161, 'batch65', 'Batch71', 'Selvakumar', '509286139', 'please can you show the last slide of teh PPT pls....', '2021-10-31 20:25:37', '971', 0, 0, 1, 0, 0, 0, 0, 0, 0, 0, 0, NULL),
(162, 'batch65', 'Batch64', 'Hitendra Badrakiya', '9824310906', 'Yes', '2021-10-31 20:26:10', '', 0, 0, 1, 0, 0, 0, 0, 0, 0, 0, 0, NULL),
(163, 'batch65', 'Batch72', 'Ashok Rudrapatna', '9086478469', 'Please send PPTc.', '2021-10-31 20:26:21', '1', 0, 0, 1, 0, 0, 0, 0, 0, 0, 0, 0, NULL),
(164, 'batch65', 'Batch64', 'Malini Lachminarayana', '09739428282', 'Yes', '2021-10-31 20:26:44', '91', 0, 0, 1, 0, 0, 0, 0, 0, 0, 0, 0, NULL),
(165, 'batch65', 'Batch66', 'Akshay Sawant', '7743613430', 'Thanks Doc for a motivating and informative session.', '2021-10-31 20:26:46', '44', 0, 0, 1, 0, 0, 0, 0, 0, 0, 0, 0, NULL),
(166, 'batch65', 'Batch66', 'Asha', '9393676699', 'What about having ghee once in a while', '2021-10-31 20:27:27', '', 0, 0, 0, 0, 0, 0, 0, 0, 0, 0, 0, NULL),
(167, 'batch65', 'Batch71', 'Anil khakda', '525595425', 'Though my suger level are controlled but i have tingling,burning and numbness sensation in feet and hand.i have done several test to detect but alk are normal .please suggest how to get rid of this?', '2021-11-01 08:00:02', '971', 0, 0, 0, 0, 0, 0, 0, 0, 0, 0, 0, NULL);

-- --------------------------------------------------------

--
-- Table structure for table `tbl_users`
--

CREATE TABLE `tbl_users` (
  `id` int(4) NOT NULL,
  `batch` varchar(7) DEFAULT NULL,
  `name` varchar(50) DEFAULT NULL,
  `cntry_code` varchar(10) DEFAULT NULL,
  `mobile_num` varchar(12) DEFAULT NULL,
  `login_date` datetime DEFAULT NULL,
  `logout_date` datetime DEFAULT NULL,
  `logout_status` int(11) DEFAULT '0',
  `joining_date` datetime DEFAULT NULL
) ENGINE=InnoDB DEFAULT CHARSET=utf8;

--
-- Dumping data for table `tbl_users`
--

INSERT INTO `tbl_users` (`id`, `batch`, `name`, `cntry_code`, `mobile_num`, `login_date`, `logout_date`, `logout_status`, `joining_date`) VALUES
(1, 'batch65', 'v', '', '9765875731', '2021-10-25 15:10:51', '2021-10-25 15:11:21', 0, '2021-10-25 15:10:51'),
(2, 'batch65', 'Ranganathan ', '', '09880430766', '2021-11-01 10:45:03', '2021-11-01 10:45:33', 1, '2021-10-25 22:02:03'),
(3, 'batch65', 'Purnimaa', '', '7975073795', '2021-10-27 17:30:45', '2021-10-27 17:31:15', 1, '2021-10-27 17:30:45'),
(4, 'batch65', 'Nandini Morade', '', '9881768084', '2021-10-27 21:33:21', '2021-10-27 21:35:22', 1, '2021-10-27 21:33:21'),
(5, 'batch65', 'Asha', '', '9393676699', '2021-10-31 20:28:57', '2021-10-31 20:29:27', 1, '2021-10-27 22:39:03'),
(6, 'batch65', 'Raj Kumar', '1', '7346730637', '2021-10-28 15:47:31', '2021-10-28 15:48:32', 1, '2021-10-28 15:47:31'),
(7, 'batch65', 'rita shukla', '', '8454840859', '2021-10-31 18:46:36', '2021-10-31 20:28:07', 1, '2021-10-30 17:10:07'),
(8, 'batch65', 'Monika Bhola', '', '9814109129', '2021-10-30 19:42:40', '2021-10-30 19:43:10', 1, '2021-10-30 19:09:31'),
(9, 'batch65', 'Ambarish Walimbe', '', '09960512377', '2021-10-30 19:28:43', '2021-10-30 20:02:10', 1, '2021-10-30 19:28:43'),
(10, 'batch65', 'G Narendra Reddy', '91', '9440133121', '2021-10-31 18:58:03', '2021-10-31 20:32:26', 1, '2021-10-30 19:33:41'),
(11, 'batch65', 'Niranjan SAGGURTI ', '91', '9871211195', '2021-10-30 19:43:26', '2021-10-30 19:43:56', 1, '2021-10-30 19:43:26'),
(12, 'batch65', 'Niranjan SAGGURTI ', '', '9871211195', '2021-10-31 19:06:02', '2021-10-31 20:20:32', 1, '2021-10-30 19:44:49'),
(13, 'batch65', 'Tara Egan', '1', '4088936412', '2021-10-31 19:02:51', '2021-10-31 20:40:07', 1, '2021-10-30 19:46:56'),
(14, 'batch65', 'Manjunath L', '', '8861402963', '2021-10-30 20:03:15', '2021-10-30 20:03:45', 1, '2021-10-30 20:03:15'),
(15, 'batch65', 'Radhika narasimham', '1', '2065503632', '2021-10-31 20:23:09', '2021-10-31 20:33:41', 1, '2021-10-30 20:18:28'),
(16, 'batch65', 'Anurag Mishra', '', '9486285857', '2021-10-30 20:28:10', '2021-10-30 20:28:40', 1, '2021-10-30 20:28:10'),
(17, 'batch65', 'Shylaja Nathan ', '1', '9788094789', '2021-10-31 20:03:59', '2021-10-31 20:31:29', 1, '2021-10-31 06:06:14'),
(18, 'batch65', 'Rekha kotak', '65', '93386518', '2021-10-31 06:52:42', '2021-10-31 07:02:30', 0, '2021-10-31 06:52:42'),
(19, 'batch65', 'Indusekhar Dixit ', '', '9880765681', '2021-10-31 07:23:10', '2021-10-31 07:30:07', 1, '2021-10-31 06:59:50'),
(20, '-1', 'Rekha kotak ', '65', '93386518', '2021-10-31 19:17:47', '2021-10-31 19:18:17', 1, '2021-10-31 07:03:23'),
(21, 'batch65', 'Kalpana Manikantan ', '1', '7039966043', '2021-10-31 07:15:47', '2021-10-31 07:21:19', 1, '2021-10-31 07:15:47'),
(22, 'batch65', 'RUPALI MANE', '', '9850062194', '2021-10-31 08:04:29', '2021-10-31 08:04:59', 1, '2021-10-31 08:04:29'),
(23, 'batch65', 'Shylaja Nathan', '1', '988094789', '2021-10-31 08:13:36', '2021-10-31 08:14:06', 1, '2021-10-31 08:13:36'),
(24, 'batch65', 'Ajeet', '', '9919005097', '2021-10-31 08:17:23', '2021-10-31 08:17:53', 1, '2021-10-31 08:17:23'),
(25, 'batch65', 'Amita monga', '', '09872977559', '2021-10-31 09:30:40', '2021-10-31 09:31:10', 1, '2021-10-31 09:30:40'),
(26, 'batch65', 'Chenoju  venugopal ', '', '7569287711', '2021-10-31 19:08:23', '2021-10-31 19:20:54', 1, '2021-10-31 14:27:09'),
(27, 'batch65', 'Sangeeta Vamburkar ', '1', '7337638714', '2021-10-31 16:27:43', '2021-10-31 16:28:13', 1, '2021-10-31 16:27:43'),
(28, 'batch65', 'B o Maheshwarappa', '', '07731011100', '2021-10-31 16:32:34', '2021-10-31 16:33:04', 1, '2021-10-31 16:32:34'),
(29, 'batch65', 'Krishna Bala', '1', '7037254091', '2021-10-31 16:37:11', '2021-10-31 16:37:41', 1, '2021-10-31 16:37:11'),
(30, 'batch65', 'Vijay Chauhan', '', '8950256637', '2021-10-31 18:53:15', '2021-10-31 20:28:46', 1, '2021-10-31 17:15:08'),
(31, 'batch65', 'MARIA  CHAKRAVERTY', '60', '0126322245', '2021-10-31 19:00:50', '2021-10-31 19:41:15', 1, '2021-10-31 18:01:36'),
(32, 'batch65', 'MANOHAR  C P', '', '9448570003', '2021-10-31 18:53:04', '2021-10-31 18:54:05', 1, '2021-10-31 18:02:13'),
(33, 'batch65', 'Asha Viswanathan', '1', '4082030322', '2021-10-31 18:04:45', '2021-10-31 18:05:47', 1, '2021-10-31 18:04:45'),
(34, 'batch65', 'Ashok J Joshi', '', '9945104570', '2021-10-31 19:48:10', '2021-10-31 20:28:20', 1, '2021-10-31 18:24:48'),
(35, 'batch65', 'Deepak Kumar Mishra', '971', '566133146', '2021-10-31 18:29:13', '2021-10-31 20:28:44', 1, '2021-10-31 18:29:13'),
(36, 'batch65', 'Om kumari gupta', '', '9810240376', '2021-10-31 19:07:07', '2021-10-31 19:14:44', 1, '2021-10-31 18:37:13'),
(37, 'batch65', 'Priti taneja', '91', '9899541972', '2021-10-31 18:45:26', '2021-10-31 18:48:04', 1, '2021-10-31 18:39:32'),
(38, 'batch65', 'Priti taneja', '91', '989954197', '2021-10-31 18:41:42', '2021-10-31 18:44:26', 0, '2021-10-31 18:41:42'),
(39, 'batch65', 'Sekhar Chandrasekhar', '1', '9087976290', '2021-10-31 18:41:44', '2021-10-31 20:28:16', 1, '2021-10-31 18:41:44'),
(40, 'batch65', 'V', '', '64', '2021-10-31 18:42:34', '2021-10-31 18:43:04', 1, '2021-10-31 18:42:34'),
(41, 'batch65', 'Nitin', '', '9440685113', '2021-10-31 19:02:04', '2021-10-31 20:28:34', 1, '2021-10-31 18:44:40'),
(42, 'batch65', 'Ananda Mohan Biswas', '', '9748320804', '2021-10-31 18:44:57', '2021-10-31 20:28:28', 1, '2021-10-31 18:44:57'),
(43, 'batch65', 'Gauri Dervankar ', '', '7738777422', '2021-10-31 18:45:14', '2021-10-31 20:28:13', 1, '2021-10-31 18:45:14'),
(44, '-1', 'Ponrathnam ', '', '9869468816', '2021-10-31 18:48:32', '2021-10-31 18:49:02', 1, '2021-10-31 18:47:13'),
(45, 'batch65', 'chandrashekhar be', '', '9481245906', '2021-10-31 18:47:40', '2021-10-31 20:28:07', 0, '2021-10-31 18:47:40'),
(46, 'batch65', 'Ajita', '', '9940074041', '2021-11-12 07:36:53', '2021-11-12 07:37:23', 1, '2021-10-31 18:48:04'),
(47, 'batch65', 'Girija ', '', '9618067427', '2021-10-31 18:49:09', '2021-10-31 20:27:47', 0, '2021-10-31 18:49:09'),
(48, '-1', '71', '', '7738312898', '2021-10-31 18:49:21', '2021-10-31 18:49:51', 1, '2021-10-31 18:49:21'),
(49, 'batch65', 'Venkateshwar Rao', '', '8884444150', '2021-10-31 18:49:35', '2021-10-31 20:27:52', 0, '2021-10-31 18:49:35'),
(50, 'batch65', 'Rajesh Rajagopal', '', '9447815298', '2021-10-31 20:28:08', '2021-10-31 20:29:08', 1, '2021-10-31 18:49:40'),
(51, 'batch65', 'Kalpit Dikshit', '', '9445818237', '2021-10-31 20:10:53', '2021-10-31 20:28:08', 0, '2021-10-31 18:50:33'),
(52, 'batch65', 'Santanu Talukdar', '', '9864067947', '2021-10-31 20:07:13', '2021-10-31 20:28:13', 1, '2021-10-31 18:50:52'),
(53, 'batch65', 'Radha Geetha', '1', '6784809251', '2021-10-31 18:50:55', '2021-10-31 20:28:26', 1, '2021-10-31 18:50:55'),
(54, 'batch65', 'Maria Picardo ', '44', '7404593049', '2021-10-31 18:52:24', '2021-10-31 20:28:57', 1, '2021-10-31 18:52:24'),
(55, 'batch65', 'Anjali Deshmukh', '1', '4084258813', '2021-10-31 18:52:38', '2021-10-31 20:16:09', 1, '2021-10-31 18:52:38'),
(56, 'batch65', 'Pinninti Mohan Reddy', '', '6300126658', '2021-10-31 18:52:43', '2021-10-31 20:31:45', 1, '2021-10-31 18:52:43'),
(57, 'batch65', 'R SARAVANAN', '', '9551690713', '2021-10-31 18:52:55', '2021-10-31 20:28:08', 0, '2021-10-31 18:52:55'),
(58, 'batch65', 'Sudesh Kumar chandrawonshi ', '', '9926311725', '2021-10-31 18:53:36', '2021-10-31 20:28:38', 1, '2021-10-31 18:53:36'),
(59, 'batch65', 'Kamsella ', '1', '4378558669', '2021-10-31 18:53:46', '2021-10-31 20:28:09', 0, '2021-10-31 18:53:46'),
(60, 'batch65', 'Mukta Maheshwari', '', '9712996309', '2021-10-31 18:53:59', '2021-10-31 20:25:14', 1, '2021-10-31 18:53:59'),
(61, 'batch65', 'saroj madan pal singh', '', '9898997040', '2021-10-31 18:54:24', '2021-10-31 20:28:24', 1, '2021-10-31 18:54:24'),
(62, 'batch65', 'Anand Sadashiv Pendharkar', '', '9423051630', '2021-10-31 18:54:33', '2021-10-31 19:48:04', 1, '2021-10-31 18:54:33'),
(63, 'batch65', 'Padmabyrappa', '', '9980537131', '2021-10-31 18:54:34', '2021-10-31 20:46:04', 0, '2021-10-31 18:54:34'),
(64, 'batch65', 'Y NAVEEN KUMAR ', '', '9493120107', '2021-10-31 19:21:08', '2021-10-31 20:28:38', 1, '2021-10-31 18:54:35'),
(65, 'batch65', 'Aparna', '', '9481448778', '2021-10-31 20:06:57', '2021-10-31 20:28:28', 1, '2021-10-31 18:54:57'),
(66, 'batch65', 'Kameswararao', '', '8770879676', '2021-10-31 18:55:06', '2021-10-31 20:28:37', 1, '2021-10-31 18:55:06'),
(67, 'batch65', 'ASHISH  MOTEWAR ', '', '9823191089', '2021-10-31 18:55:16', '2021-10-31 20:28:16', 1, '2021-10-31 18:55:16'),
(68, 'batch65', 'Anil Kumar Garg', '', '8283051166', '2021-10-31 18:55:26', '2021-10-31 20:28:27', 1, '2021-10-31 18:55:26'),
(69, 'batch65', 'Bellamkonda Sreenivasa Rao', '', '9849309232', '2021-10-31 18:55:31', '2021-10-31 20:22:09', 0, '2021-10-31 18:55:31'),
(70, 'batch65', 'Akshay Sawant', '44', '7743613430', '2021-10-31 18:55:33', '2021-10-31 20:28:34', 1, '2021-10-31 18:55:33'),
(71, 'batch65', 'Shivani savara', '', '9818441529', '2021-10-31 18:55:59', '2021-10-31 20:28:34', 1, '2021-10-31 18:55:59'),
(72, 'batch65', 'Roopal  Amin', '1', '8158140729', '2021-10-31 18:56:01', '2021-10-31 20:26:32', 1, '2021-10-31 18:56:01'),
(73, 'batch65', 'Piyush Prasad', '', '09039334050', '2021-10-31 18:56:03', '2021-10-31 20:28:04', 1, '2021-10-31 18:56:03'),
(74, 'batch65', 'Hitendra Badrakiya', '', '9824310906', '2021-10-31 20:01:09', '2021-10-31 20:28:07', 0, '2021-10-31 18:56:06'),
(75, 'batch65', 'P NARENDRA BABU', '', '9052649227', '2021-10-31 18:56:18', '2021-10-31 20:29:13', 1, '2021-10-31 18:56:18'),
(76, 'batch65', 'Shruti Ainapure', '', '9423964100', '2021-10-31 18:56:19', '2021-10-31 21:09:03', 1, '2021-10-31 18:56:19'),
(77, 'batch65', 'Bandana', '971', '558579456', '2021-10-31 18:56:22', '2021-10-31 20:30:36', 1, '2021-10-31 18:56:22'),
(78, 'batch65', 'Yamini ', '', '9579546688', '2021-10-31 18:56:26', '2021-10-31 19:29:56', 1, '2021-10-31 18:56:26'),
(79, 'batch65', 'Vilas Tarwadi', '', '8408814488', '2021-10-31 18:56:31', '2021-10-31 20:28:02', 1, '2021-10-31 18:56:31'),
(80, 'batch65', 'Sunil Kumar', '91', '09415157206', '2021-10-31 18:56:38', '2021-10-31 20:28:37', 1, '2021-10-31 18:56:38'),
(81, 'batch65', 'MANOHAR  C P', '', '9485700003', '2021-10-31 20:25:38', '2021-10-31 20:28:09', 1, '2021-10-31 18:56:38'),
(82, 'batch65', 'Krishnamoorthy Rao', '', '9901955485', '2021-10-31 18:56:52', '2021-10-31 20:28:56', 1, '2021-10-31 18:56:52'),
(83, 'batch65', 'Sandip Das', '966', '594361234', '2021-10-31 18:56:58', '2021-10-31 20:28:30', 1, '2021-10-31 18:56:58'),
(84, 'batch65', 'KS Naveen Kumar', '', '9880102294', '2021-10-31 18:57:02', '2021-10-31 20:38:18', 1, '2021-10-31 18:57:02'),
(85, 'batch65', 'Pramathesh Desai', '1', '6099065500', '2021-10-31 19:17:45', '2021-10-31 20:03:16', 1, '2021-10-31 18:57:04'),
(86, 'batch65', 'Madhu Chandrawanshi', '', '9926391572', '2021-10-31 18:57:08', '2021-10-31 20:12:39', 1, '2021-10-31 18:57:08'),
(87, 'batch65', 'Malini Lachminarayana', '91', '09739428282', '2021-10-31 20:16:03', '2021-10-31 20:28:04', 1, '2021-10-31 18:57:28'),
(88, 'batch65', 'Kurian ', '', '9566592311', '2021-10-31 19:04:45', '2021-10-31 19:17:16', 1, '2021-10-31 18:57:41'),
(89, 'batch65', 'Dr Mohan Kumar SL', '', '09448189250', '2021-10-31 19:04:32', '2021-10-31 20:28:32', 1, '2021-10-31 18:57:46'),
(90, 'batch65', 'Ravindra Vaze', '', '9342963664', '2021-10-31 18:57:50', '2021-10-31 20:28:25', 1, '2021-10-31 18:57:50'),
(91, 'batch65', 'Narender dogra', '', '9873877764', '2021-10-31 18:58:03', '2021-10-31 20:29:26', 1, '2021-10-31 18:58:03'),
(92, 'batch65', 'M S SURESH', '', '9677068847', '2021-10-31 18:58:10', '2021-10-31 19:50:11', 1, '2021-10-31 18:58:10'),
(93, 'batch65', 'VIdya Sridhar', '', '9841288440', '2021-10-31 18:58:25', '2021-10-31 20:08:43', 1, '2021-10-31 18:58:25'),
(94, 'batch65', 'Suparna Aggarwal', '1', '2487600092', '2021-10-31 18:58:29', '2021-10-31 20:29:00', 1, '2021-10-31 18:58:29'),
(95, 'batch65', 'Kakoli Majumdar', '', '9850138476', '2021-10-31 18:58:30', '2021-10-31 20:00:32', 1, '2021-10-31 18:58:30'),
(96, 'batch65', 'Shailajavrao', '91', '9035123676', '2021-11-02 22:11:53', '2021-11-02 22:12:23', 1, '2021-10-31 18:58:41'),
(97, 'batch65', 'Sridhar', '', '9840916644', '2021-10-31 18:58:43', '2021-10-31 19:49:49', 1, '2021-10-31 18:58:43'),
(98, 'batch65', 'Manjunath Ballur', '', '9900584312', '2021-10-31 18:58:45', '2021-10-31 21:10:23', 1, '2021-10-31 18:58:45'),
(99, 'batch65', 'Suvendu Mahapatra', '', '7975530374', '2021-10-31 18:58:46', '2021-10-31 19:33:46', 1, '2021-10-31 18:58:46'),
(100, 'batch65', 'Gita ', '', '9945521666', '2021-10-31 18:58:47', '2021-10-31 20:32:19', 1, '2021-10-31 18:58:47'),
(101, 'batch65', 'vijay khurana', '', '9818690215', '2021-10-31 18:58:51', '2021-10-31 20:19:51', 1, '2021-10-31 18:58:51'),
(102, 'batch65', 'Prasanthi', '91', '9959094854', '2021-10-31 18:58:59', '2021-10-31 20:28:29', 1, '2021-10-31 18:58:59'),
(103, 'batch65', 'Celine Mendonca ', '965', '94933877', '2021-10-31 19:42:24', '2021-10-31 20:41:26', 1, '2021-10-31 18:59:18'),
(104, 'batch65', 'Hemant Sinnarkar', '', '9822745965', '2021-10-31 18:59:26', '2021-10-31 20:27:56', 0, '2021-10-31 18:59:26'),
(105, 'batch65', 'Amish Sham Motewar ', '', '9823115369', '2021-10-31 18:59:28', '2021-10-31 20:28:29', 1, '2021-10-31 18:59:28'),
(106, 'batch65', 'Rajesh Kana', '', '9900137124', '2021-10-31 18:59:33', '2021-10-31 20:27:03', 1, '2021-10-31 18:59:33'),
(107, 'batch65', 'Uzzal Hazarika', '968', '95225041', '2021-10-31 18:59:47', '2021-10-31 20:29:26', 1, '2021-10-31 18:59:47'),
(108, 'batch65', 'Bhupendra Sheth ', '', '9967595915', '2021-10-31 19:13:04', '2021-10-31 20:28:34', 1, '2021-10-31 18:59:55'),
(109, 'batch65', 'Ratnamala Mohapatra ', '', '9338227129', '2021-10-31 18:59:59', '2021-10-31 19:44:53', 1, '2021-10-31 18:59:59'),
(110, 'batch65', 'Deepak Naidu', '', '9845062459', '2021-10-31 20:06:24', '2021-10-31 20:29:25', 1, '2021-10-31 19:00:00'),
(111, 'batch65', 'Ramachandran N', '', '9446201709', '2021-10-31 19:00:01', '2021-10-31 20:34:34', 1, '2021-10-31 19:00:01'),
(112, 'batch65', 'Sheela saharajan ', '973', '39769060', '2021-10-31 19:41:19', '2021-10-31 19:57:53', 1, '2021-10-31 19:00:06'),
(113, 'batch65', 'Neena Digumarti', '', '09440386621', '2021-10-31 19:09:15', '2021-10-31 20:29:15', 1, '2021-10-31 19:00:08'),
(114, 'batch65', 'K GOPINATH ', '', '9003094334', '2021-10-31 19:01:24', '2021-10-31 20:26:57', 1, '2021-10-31 19:00:22'),
(115, 'batch65', 'Rashmiranjan Mishra', '', '9930057248', '2021-10-31 19:27:25', '2021-10-31 19:58:26', 1, '2021-10-31 19:00:30'),
(116, 'batch65', 'Jayanthi krishnamurthy', '', '9665059801', '2021-10-31 19:00:33', '2021-10-31 20:31:21', 1, '2021-10-31 19:00:33'),
(117, 'batch65', 'Sarah ', '971', '0561045391', '2021-10-31 19:46:15', '2021-10-31 19:46:45', 1, '2021-10-31 19:00:34'),
(118, 'batch65', 'jayanthi raja', '', '9426749137', '2021-10-31 19:00:39', '2021-10-31 20:28:40', 1, '2021-10-31 19:00:39'),
(119, 'batch65', 'Rupali Gupta ', '965', '60430461', '2021-10-31 19:00:47', '2021-10-31 20:16:20', 1, '2021-10-31 19:00:47'),
(120, 'batch65', 'Pushpalatha KN', '', '09448129297', '2021-10-31 19:15:08', '2021-10-31 20:28:38', 1, '2021-10-31 19:01:05'),
(121, '-1', 'Dhana Prova Dutta', '91', '09435534800', '2021-10-31 19:01:46', '2021-10-31 19:02:16', 1, '2021-10-31 19:01:10'),
(122, 'batch65', 'Sandeep  Sanghvi', '', '9821462640', '2021-10-31 19:01:17', '2021-10-31 20:28:17', 1, '2021-10-31 19:01:17'),
(123, 'batch65', 'Dr. Annie Cherian', '', '9446195742', '2021-10-31 20:47:52', '2021-10-31 20:48:22', 1, '2021-10-31 19:01:17'),
(124, 'batch65', 'Pinky', '', '9892426511', '2021-10-31 19:01:21', '2021-10-31 20:28:21', 1, '2021-10-31 19:01:21'),
(125, 'batch65', 'Raghavan R', '', '9342883545', '2021-10-31 19:01:22', '2021-10-31 19:54:22', 1, '2021-10-31 19:01:22'),
(126, 'batch65', 'Ashok Rudrapatna', '1', '9086478469', '2021-10-31 19:01:26', '2021-10-31 20:29:59', 1, '2021-10-31 19:01:26'),
(127, 'batch65', 'Archana Uppal', '1', '2035438052', '2021-10-31 19:01:35', '2021-10-31 20:30:08', 1, '2021-10-31 19:01:35'),
(128, 'batch65', 'SHIVASHANKARA BHAT', '91', '09845942869', '2021-10-31 19:01:37', '2021-10-31 20:34:09', 1, '2021-10-31 19:01:37'),
(129, 'batch65', 'Mahesh', '', '9004343185', '2021-10-31 19:01:38', '2021-10-31 19:27:39', 1, '2021-10-31 19:01:38'),
(130, 'batch65', 'Jitendra Raikar', '', '9769985063', '2021-10-31 19:01:46', '2021-10-31 20:28:18', 0, '2021-10-31 19:01:46'),
(131, 'batch65', 'G Saravanakumar', '', '9994534641', '2021-10-31 19:01:59', '2021-10-31 20:19:32', 0, '2021-10-31 19:01:59'),
(132, 'batch65', 'Nutan iyer', '1', '7133808089', '2021-10-31 19:02:12', '2021-10-31 20:28:07', 0, '2021-10-31 19:02:12'),
(133, 'batch65', 'Sangeeta Birla', '61', '0410587990', '2021-10-31 19:02:17', '2021-10-31 20:28:18', 1, '2021-10-31 19:02:17'),
(134, 'batch65', 'Mr. S K Das', '', '8499953898', '2021-10-31 19:02:18', '2021-10-31 19:31:49', 1, '2021-10-31 19:02:18'),
(135, 'batch65', 'Unmesh', '971', '561777435', '2021-10-31 19:28:50', '2021-11-01 00:23:36', 1, '2021-10-31 19:02:21'),
(136, 'batch65', 'Dewanand', '65', '85186769', '2021-10-31 19:02:25', '2021-10-31 20:28:47', 1, '2021-10-31 19:02:25'),
(137, 'batch65', 'Arul Murugan ', '', '9677079033', '2021-10-31 19:24:59', '2021-10-31 20:27:18', 1, '2021-10-31 19:02:31'),
(138, 'batch65', 'Suresh', '', '9423307203', '2021-10-31 19:22:09', '2021-10-31 20:09:31', 1, '2021-10-31 19:02:40'),
(139, 'batch65', 'Dhana Prova Dutta', '91', '09435534800', '2021-10-31 19:02:41', '2021-10-31 20:31:43', 1, '2021-10-31 19:02:41'),
(140, 'batch65', 'Anantha', '65', '92721800', '2021-10-31 19:02:43', '2021-10-31 20:28:13', 1, '2021-10-31 19:02:43'),
(141, 'batch65', 'Neeta chabukswar ', '', '9833922767', '2021-10-31 19:02:47', '2021-10-31 20:28:18', 1, '2021-10-31 19:02:47'),
(142, 'batch65', 'Amrutha', '', '9845767214', '2021-10-31 19:02:51', '2021-10-31 19:40:51', 1, '2021-10-31 19:02:51'),
(143, 'batch65', 'Asha Viswanathan', '254', '4082030322', '2021-10-31 19:02:54', '2021-10-31 20:29:16', 1, '2021-10-31 19:02:54'),
(144, '-1', 'Om kumari gupta', '', '9810240386', '2021-10-31 19:02:56', '2021-10-31 19:03:26', 1, '2021-10-31 19:02:56'),
(145, 'batch65', 'Manoj pevekar', '1', '8484593779', '2021-10-31 19:03:10', '2021-10-31 19:28:58', 1, '2021-10-31 19:03:10'),
(146, 'batch65', 'Kalpana Solsi', '91', '9892957799', '2021-10-31 19:03:12', '2021-10-31 20:28:13', 1, '2021-10-31 19:03:12'),
(147, 'batch65', 'sangeeta vamburkar', '1', '7327638714', '2021-10-31 19:03:21', '2021-10-31 20:16:22', 1, '2021-10-31 19:03:21'),
(148, 'batch65', 'Ajay Agarwal', '', '9993933045', '2021-10-31 19:03:31', '2021-10-31 20:08:32', 1, '2021-10-31 19:03:31'),
(149, 'batch65', 'Sumathi Suresh', '', '9663071994', '2021-10-31 19:03:40', '2021-10-31 20:28:11', 1, '2021-10-31 19:03:40'),
(150, 'batch65', 'Selvakumar', '971', '509286139', '2021-10-31 19:03:42', '2021-10-31 20:28:13', 1, '2021-10-31 19:03:42'),
(151, 'batch65', 'Ismat Jahangir', '1', '7038998389', '2021-10-31 19:04:12', '2021-10-31 20:28:43', 1, '2021-10-31 19:04:12'),
(152, 'batch65', 'Sakshi Jawale', '', '9870549987', '2021-10-31 19:04:15', '2021-10-31 20:28:49', 1, '2021-10-31 19:04:15'),
(153, 'batch65', 'Madhusudhan ', '', '9845062661', '2021-10-31 19:04:24', '2021-10-31 20:45:25', 1, '2021-10-31 19:04:24'),
(154, 'batch65', 'Minal Phanse', '1', '7633508340', '2021-10-31 19:04:25', '2021-10-31 20:15:10', 1, '2021-10-31 19:04:25'),
(155, 'batch65', 'Dr.Arunabha Mitra', '', '7001236348', '2021-10-31 19:04:48', '2021-10-31 20:22:19', 1, '2021-10-31 19:04:48'),
(156, 'batch65', 'Nutan Raj', '91', '9869459286', '2021-10-31 19:04:58', '2021-10-31 20:33:25', 1, '2021-10-31 19:04:58'),
(157, 'batch65', 'Ramjatan Prasad', '', '7986030411', '2021-10-31 19:39:45', '2021-10-31 20:28:45', 1, '2021-10-31 19:04:58'),
(158, 'batch65', 'Deepak Goswami', '', '9435541300', '2021-10-31 19:05:01', '2021-10-31 20:27:59', 0, '2021-10-31 19:05:01'),
(159, 'batch65', 'Jyoti Ramakrishna', '', '09441089989', '2021-10-31 19:05:12', '2021-10-31 19:06:42', 1, '2021-10-31 19:05:12'),
(160, 'batch65', 'Mangal Subhash Nandurkar', '', '9766971978', '2021-10-31 19:05:15', '2021-10-31 22:52:30', 1, '2021-10-31 19:05:15'),
(161, 'batch65', 'Satishchandra Rao Philar', '91', '9880414559', '2021-10-31 19:05:17', '2021-10-31 19:55:49', 1, '2021-10-31 19:05:17'),
(162, 'batch65', 'Murali v', '', '9443698314', '2021-10-31 19:05:32', '2021-10-31 20:28:33', 1, '2021-10-31 19:05:32'),
(163, 'batch65', 'Abhilash', '1', '2033938755', '2021-10-31 19:05:41', '2021-10-31 20:30:18', 1, '2021-10-31 19:05:41'),
(164, 'batch65', 'kunthur subramanya', '', '09844118389', '2021-10-31 19:05:45', '2021-10-31 20:28:15', 1, '2021-10-31 19:05:45'),
(165, 'batch65', 'Dr.Vini Dhomne ', '', '9422834022', '2021-10-31 19:05:48', '2021-10-31 20:04:07', 1, '2021-10-31 19:05:48'),
(166, 'batch65', 'Sabu Sangapur ', '', '9449868723', '2021-10-31 19:06:09', '2021-10-31 20:30:33', 1, '2021-10-31 19:06:09'),
(167, 'batch65', 'Ninad Kotkar', '', '9820412138', '2021-10-31 19:06:17', '2021-10-31 19:31:47', 1, '2021-10-31 19:06:17'),
(168, 'batch65', 'Pervinder Kaur', '', '9811758939', '2021-10-31 19:06:31', '2021-10-31 20:10:32', 1, '2021-10-31 19:06:31'),
(169, 'batch65', 'Sadhanabhuin Bhuin', '', '08145626778', '2021-10-31 19:06:35', '2021-10-31 20:21:36', 1, '2021-10-31 19:06:35'),
(170, 'batch65', 'Jamuna Sharma ', '', '7507745105', '2021-10-31 19:06:53', '2021-10-31 21:07:01', 1, '2021-10-31 19:06:53'),
(171, 'batch65', 'Jyoti Ramakrishna', '', '9441089989', '2021-10-31 19:07:07', '2021-10-31 19:10:38', 1, '2021-10-31 19:07:07'),
(172, 'batch65', 'Bhama Radhakrishnan', '', '8506004449', '2021-10-31 19:07:10', '2021-10-31 20:28:05', 0, '2021-10-31 19:07:10'),
(173, 'batch65', 'Lata Shinde', '', '8600805447', '2021-10-31 19:07:11', '2021-10-31 20:09:12', 1, '2021-10-31 19:07:11'),
(174, 'batch65', 'Kartik Dandale', '', '8600179502', '2021-10-31 19:07:12', '2021-10-31 20:29:52', 1, '2021-10-31 19:07:12'),
(175, 'batch65', 'Shailaja V Rao', '', '9035123676', '2021-10-31 19:07:23', '2021-10-31 21:49:16', 1, '2021-10-31 19:07:23'),
(176, 'batch65', 'Machindra Netaji Holkar', '', '8668253140', '2021-10-31 19:15:18', '2021-10-31 20:08:49', 1, '2021-10-31 19:07:25'),
(177, 'batch65', 'Madhuri Ranjalkar', '91', '9820636570', '2021-10-31 19:07:26', '2021-10-31 19:58:57', 1, '2021-10-31 19:07:26'),
(178, 'batch65', 'saipriya Sitaraman ', '', '9831639837', '2021-10-31 19:07:34', '2021-10-31 20:26:06', 1, '2021-10-31 19:07:34'),
(179, 'batch65', 'Raina Nayak ', '', '9575716068', '2021-10-31 19:08:00', '2021-10-31 19:11:31', 1, '2021-10-31 19:08:00'),
(180, 'batch65', 'Rajal', '', '9825007316', '2021-10-31 19:29:03', '2021-10-31 20:29:22', 1, '2021-10-31 19:08:17'),
(181, 'batch65', 'Neelam Arvind Kumar ', '', '8770481708', '2021-10-31 19:08:18', '2021-10-31 19:29:48', 1, '2021-10-31 19:08:18'),
(182, 'batch65', 'BRAJESH KUMAR ', '', '9771592130', '2021-10-31 20:10:52', '2021-10-31 20:28:22', 1, '2021-10-31 19:08:45'),
(183, 'batch65', 'Lakshmi Ganapathy', '', '09987084124', '2021-10-31 19:09:01', '2021-10-31 19:10:54', 0, '2021-10-31 19:09:01'),
(184, 'batch65', 'SANKARASETTY SRINIVASA RAO', '', '07729078895', '2021-10-31 19:09:28', '2021-10-31 20:28:30', 1, '2021-10-31 19:09:28'),
(185, 'batch65', 'Sanjib dhar', '', '9903449611', '2021-10-31 19:09:55', '2021-10-31 20:29:07', 1, '2021-10-31 19:09:55'),
(186, 'batch65', 'Manish Thakkar ', '', '9028998732', '2021-10-31 19:10:24', '2021-10-31 19:25:26', 1, '2021-10-31 19:10:24'),
(187, 'batch65', 'Shubhangi payil', '', '9860426897', '2021-10-31 19:10:38', '2021-10-31 19:48:39', 1, '2021-10-31 19:10:38'),
(188, 'batch65', 'Vishakha patil', '', '7666058206', '2021-10-31 19:10:41', '2021-10-31 20:28:12', 1, '2021-10-31 19:10:41'),
(189, 'batch65', 'Sarika rastogi', '', '9920756608', '2021-10-31 20:20:21', '2021-10-31 20:30:52', 1, '2021-10-31 19:10:44'),
(190, 'batch65', 'Deepak Waghela', '', '9890165963', '2021-10-31 19:11:54', '2021-10-31 20:04:50', 1, '2021-10-31 19:10:48'),
(191, 'batch65', 'Chandru ', '', '9448944815', '2021-10-31 19:18:42', '2021-10-31 20:37:49', 1, '2021-10-31 19:11:40'),
(192, 'batch65', 'Shamsher Singh ', '', '9419163267', '2021-10-31 19:13:38', '2021-10-31 19:24:32', 0, '2021-10-31 19:13:38'),
(193, 'batch65', 'Amar', '', '9900230247', '2021-10-31 19:14:08', '2021-10-31 20:28:36', 1, '2021-10-31 19:14:08'),
(194, 'batch65', 'Amar Shelar', '91', '9665903781', '2021-10-31 19:14:39', '2021-10-31 20:29:22', 1, '2021-10-31 19:14:39'),
(195, 'batch65', 'Mayur ', '', '9823436373', '2021-10-31 19:17:21', '2021-10-31 20:13:58', 1, '2021-10-31 19:15:20'),
(196, 'batch65', 'Manihar Shougaijam', '91', '7005148644', '2021-10-31 19:15:25', '2021-10-31 19:21:26', 1, '2021-10-31 19:15:25'),
(197, 'batch65', 'Anantharamu G V', '', '09890300202', '2021-10-31 20:59:34', '2021-10-31 21:00:04', 1, '2021-10-31 19:15:37'),
(198, 'batch65', 'Govind Kulkarni', '', '9833782482', '2021-10-31 19:16:17', '2021-10-31 20:12:18', 1, '2021-10-31 19:16:17'),
(199, 'batch65', 'Shekhar Jauhari', '91', '09971227450', '2021-10-31 19:16:27', '2021-10-31 20:07:59', 1, '2021-10-31 19:16:27'),
(200, 'batch65', 'Aldona Sehgal', '46', '769499009', '2021-10-31 19:16:38', '2021-10-31 19:48:15', 1, '2021-10-31 19:16:38'),
(201, 'batch65', 'Sangeeta Gaunkar', '', '9423058022', '2021-10-31 19:21:10', '2021-10-31 20:28:43', 1, '2021-10-31 19:17:02'),
(202, 'batch65', 'JP', '1', '2245587015', '2021-10-31 19:17:15', '2021-10-31 20:28:16', 1, '2021-10-31 19:17:15'),
(203, 'batch65', 'Shalini', '', '9886735952', '2021-10-31 19:17:39', '2021-10-31 20:13:41', 1, '2021-10-31 19:17:39'),
(204, 'batch65', 'Shailesh Shirali', '', '9886574292', '2021-10-31 19:17:57', '2021-10-31 20:28:28', 1, '2021-10-31 19:17:57'),
(205, 'batch65', 'kanakam Dileepan', '1', '9132200037', '2021-10-31 19:18:31', '2021-10-31 20:36:33', 1, '2021-10-31 19:18:31'),
(206, 'batch65', 'Shubhangi kulkarni', '', '9492426525', '2021-10-31 19:19:05', '2021-10-31 19:56:35', 1, '2021-10-31 19:19:05'),
(207, 'batch65', 'Sanjay Kumar', '', '9167002272', '2021-10-31 19:19:28', '2021-10-31 20:27:58', 1, '2021-10-31 19:19:28'),
(208, 'batch65', 'Paramjeet Kaur jaspal singh', '91', '8668772504', '2021-10-31 19:19:56', '2021-10-31 20:08:57', 1, '2021-10-31 19:19:56'),
(209, 'batch65', 'Goraksh Mahadik', '91', '7028838416', '2021-10-31 19:56:16', '2021-10-31 20:04:47', 1, '2021-10-31 19:20:04'),
(210, 'batch65', 'Jayanta Biswas', '', '9869205627', '2021-10-31 19:22:31', '2021-10-31 20:28:01', 1, '2021-10-31 19:22:31'),
(211, 'batch65', 'Ashwini Doddihal ', '971', '543244074', '2021-10-31 19:22:32', '2021-10-31 20:29:04', 1, '2021-10-31 19:22:32'),
(212, 'batch65', 'Jyoti gulati', '1', '6479936090', '2021-10-31 19:23:26', '2021-10-31 20:35:11', 1, '2021-10-31 19:23:26'),
(213, 'batch65', 'Manoj pevekar', '1', '8482190480', '2021-10-31 19:23:33', '2021-10-31 20:32:05', 1, '2021-10-31 19:23:33'),
(214, 'batch65', 'Nandan ', '91', '9945563409', '2021-10-31 19:24:49', '2021-10-31 20:37:50', 1, '2021-10-31 19:24:49'),
(215, 'batch65', 'Karun', '1', '7202067201', '2021-10-31 19:35:20', '2021-10-31 20:29:22', 1, '2021-10-31 19:24:57'),
(216, 'batch65', 'Tandra Chatterjee ', '', '8697856766', '2021-10-31 19:25:51', '2021-10-31 20:28:22', 1, '2021-10-31 19:25:51'),
(217, 'batch65', 'Niranjan Swain', '', '7506749818', '2021-10-31 20:20:20', '2021-10-31 21:57:56', 1, '2021-10-31 19:26:08'),
(218, 'batch65', 'Shruti Bhide', '', '9741010312', '2021-10-31 19:27:07', '2021-10-31 20:28:37', 1, '2021-10-31 19:27:07'),
(219, 'batch65', 'Badrunisa', '', '8978936959', '2021-10-31 19:51:13', '2021-10-31 20:30:44', 1, '2021-10-31 19:27:27'),
(220, '-1', 'Pallavi', '', '9980018306', '2021-10-31 19:28:11', '2021-10-31 19:28:41', 1, '2021-10-31 19:28:11'),
(221, '-1', 'Shamaiah L', '', '9449249870', '2021-10-31 19:34:43', '2021-10-31 19:35:13', 1, '2021-10-31 19:28:17'),
(222, 'batch65', 'Pallavi', '', '9980018306', '2021-10-31 19:29:37', '2021-10-31 20:33:42', 1, '2021-10-31 19:29:37'),
(223, 'batch65', 'varsha', '27', '0823061253', '2021-10-31 19:31:09', '2021-10-31 19:34:11', 1, '2021-10-31 19:31:09'),
(224, 'batch65', 'Revathi viswanathan', '', '8879128604', '2021-10-31 20:00:21', '2021-10-31 20:28:22', 1, '2021-10-31 19:31:53'),
(225, 'batch65', 'Rani Srinivasan', '', '06360490975', '2021-10-31 19:31:57', '2021-10-31 20:29:06', 1, '2021-10-31 19:31:57'),
(226, '-1', 'SHERLY RAJAN', '968', '92448545', '2021-10-31 19:33:45', '2021-10-31 19:34:15', 1, '2021-10-31 19:32:16'),
(227, 'batch65', 'K S RAVI', '', '9821127651', '2021-10-31 19:32:28', '2021-10-31 20:04:14', 1, '2021-10-31 19:32:28'),
(228, 'batch65', 'Janardan Yadav', '', '9766277893', '2021-10-31 19:42:20', '2021-10-31 20:10:20', 1, '2021-10-31 19:32:36'),
(229, 'batch65', 'Kiran', '', '9849649490', '2021-10-31 20:13:07', '2021-10-31 20:35:16', 1, '2021-10-31 19:32:56'),
(230, 'batch65', 'Kiran umesh bhat', '', '09980592100', '2021-10-31 19:33:22', '2021-10-31 20:09:11', 1, '2021-10-31 19:33:22'),
(231, '-1', 'Ajita', '', '9940074041', '2021-10-31 19:33:46', '2021-10-31 19:35:08', 1, '2021-10-31 19:33:46'),
(232, 'batch65', 'Badrunisa', '', '8978936949', '2021-10-31 19:34:06', '2021-10-31 19:36:07', 1, '2021-10-31 19:34:06'),
(233, 'batch65', 'Harjeet kaur', '', '8452932224', '2021-10-31 19:34:20', '2021-10-31 20:37:17', 1, '2021-10-31 19:34:20'),
(234, 'batch65', 'Varsha', '27', '823061253', '2021-10-31 19:34:41', '2021-10-31 20:28:43', 1, '2021-10-31 19:34:41'),
(235, 'batch65', 'Ramanand K S', '91', '09845450447', '2021-10-31 19:46:25', '2021-10-31 20:28:28', 1, '2021-10-31 19:34:44'),
(236, 'batch65', 'S jindal', '', '9868893654', '2021-10-31 19:35:23', '2021-10-31 20:28:24', 1, '2021-10-31 19:35:23'),
(237, 'batch65', 'Veera Bhathena', '', '9049988685', '2021-10-31 20:07:30', '2021-10-31 20:21:31', 1, '2021-10-31 19:35:38'),
(238, 'batch65', 'Jyoti', '', '9902984906', '2021-10-31 19:35:52', '2021-10-31 20:09:46', 1, '2021-10-31 19:35:52'),
(239, 'batch65', 'sushma ', '', '9999617102', '2021-10-31 19:36:13', '2021-10-31 20:16:43', 1, '2021-10-31 19:36:13'),
(240, 'batch65', 'M. Jayasudha', '65', '91524160', '2021-10-31 19:38:40', '2021-10-31 20:30:53', 1, '2021-10-31 19:38:40'),
(241, 'batch65', 'K Gopala Krishnan ', '', '9282132790', '2021-10-31 19:40:46', '2021-10-31 19:41:16', 1, '2021-10-31 19:39:17'),
(242, 'batch65', 'SHERLY RAJAN', '968', '92448545', '2021-10-31 19:40:24', '2021-10-31 20:28:55', 1, '2021-10-31 19:40:24'),
(243, 'batch65', 'Poomari', '91', '9442125597', '2021-10-31 19:40:58', '2021-10-31 20:28:58', 1, '2021-10-31 19:40:58'),
(244, 'batch65', 'Amrutha', '91', '9845767214', '2021-10-31 20:12:28', '2021-10-31 20:59:13', 1, '2021-10-31 19:41:20'),
(245, 'batch65', 'DATTATRAYA', '', '9960460763', '2021-10-31 19:41:28', '2021-10-31 19:48:58', 1, '2021-10-31 19:41:28'),
(246, '-1', 'Ninad kotkar', '', '9830411138', '2021-10-31 19:42:52', '2021-10-31 19:43:22', 1, '2021-10-31 19:42:52'),
(247, '-1', 'Pramod', '91', '8888874045', '2021-10-31 19:43:15', '2021-10-31 19:43:45', 1, '2021-10-31 19:43:15'),
(248, 'batch65', 'Pramod', '', '8888875045', '2021-10-31 19:44:02', '2021-10-31 20:04:33', 1, '2021-10-31 19:44:02'),
(249, '-1', 'Ninad kotkar', '', '9820422138', '2021-10-31 19:45:20', '2021-10-31 19:45:50', 1, '2021-10-31 19:45:20'),
(250, 'batch65', 'Bhaskaran Srinivasan', '', '9390917090', '2021-10-31 19:45:58', '2021-10-31 20:09:29', 1, '2021-10-31 19:45:58'),
(251, 'batch65', 'D seinivasulu', '', '8885544087', '2021-10-31 19:46:08', '2021-10-31 20:29:09', 1, '2021-10-31 19:46:08'),
(252, 'batch65', 'Shanthi s', '', '9677294284', '2021-10-31 20:21:04', '2021-10-31 20:28:14', 1, '2021-10-31 19:48:06'),
(253, 'batch65', 'Dattatraya', '', '09960460763', '2021-10-31 19:48:54', '2021-10-31 20:28:25', 1, '2021-10-31 19:48:54'),
(254, 'batch65', 'Vivekanand Yadav', '', '9826018562', '2021-10-31 19:49:24', '2021-10-31 20:28:24', 1, '2021-10-31 19:49:24'),
(255, 'batch65', 'Usharani', '', '9902343025', '2021-10-31 19:49:26', '2021-10-31 19:55:52', 1, '2021-10-31 19:49:26'),
(256, 'batch65', 'Himmat Kunwar', '', '7665134893', '2021-10-31 19:50:59', '2021-10-31 20:28:06', 0, '2021-10-31 19:50:59'),
(257, 'batch65', 'M S SURESH', '', '09677068847', '2021-10-31 19:51:19', '2021-10-31 20:41:29', 1, '2021-10-31 19:51:19'),
(258, 'batch65', 'Shamaiah L', '', '9449249870', '2021-10-31 20:12:42', '2021-10-31 20:21:08', 1, '2021-10-31 19:51:58'),
(259, 'batch65', 'Maya Viswanathan', '965', '9820805826', '2021-10-31 19:56:19', '2021-10-31 20:28:56', 1, '2021-10-31 19:56:19'),
(260, 'batch65', 'Kamal Pachisia', '', '8978786207', '2021-10-31 20:01:26', '2021-10-31 20:21:02', 1, '2021-10-31 20:01:26'),
(261, 'batch65', 'Lakshminarayana', '1', '2533352579', '2021-10-31 20:04:42', '2021-10-31 20:28:43', 1, '2021-10-31 20:04:42'),
(262, 'batch65', 'Jayashree', '', '08463062002', '2021-10-31 20:08:21', '2021-10-31 20:28:23', 1, '2021-10-31 20:08:21'),
(263, 'batch65', 'Ravikumar M', '91', '09945807379', '2021-10-31 20:10:31', '2021-10-31 20:33:32', 1, '2021-10-31 20:10:31'),
(264, 'batch65', 'Shrinivas Kulkarni ', '', '9844045338', '2021-10-31 20:11:09', '2021-10-31 20:29:54', 1, '2021-10-31 20:11:09'),
(265, 'batch65', 'K Sreenivasa Chakravarthy', '', '09849716763', '2021-10-31 20:17:19', '2021-10-31 20:45:50', 1, '2021-10-31 20:17:19'),
(266, '-1', 'Jyotsna Patwardhan', '', '9820238692', '2021-10-31 20:19:33', '2021-10-31 20:20:03', 1, '2021-10-31 20:19:33'),
(267, 'batch65', 'Shilpa r', '', '9036514846', '2021-10-31 20:26:10', '2021-10-31 20:28:42', 1, '2021-10-31 20:26:10'),
(268, 'batch65', 'Kaminkumar', '', '7600003646', '2021-10-31 20:34:48', '2021-10-31 20:35:18', 1, '2021-10-31 20:34:48'),
(269, 'batch65', 'Radha Krishna', '', '9490557380', '2021-10-31 20:47:02', '2021-10-31 20:47:32', 1, '2021-10-31 20:47:02'),
(270, 'batch65', 'Srikanth P', '', '09845034170', '2021-10-31 20:47:26', '2021-10-31 20:47:56', 1, '2021-10-31 20:47:26'),
(271, 'batch65', 'Kavita Agarwal', '', '7760033312', '2021-10-31 21:12:32', '2021-10-31 21:14:36', 1, '2021-10-31 21:12:32'),
(272, 'batch65', 'Lynette', '1', '6379171136', '2021-10-31 21:24:13', '2021-10-31 21:24:43', 1, '2021-10-31 21:24:13'),
(273, 'batch65', 'Vishwaradhya M R', '91', '9243580672', '2021-10-31 21:35:41', '2021-10-31 21:36:41', 1, '2021-10-31 21:35:41'),
(274, 'batch65', 'Hemant', '', '8411055999', '2021-10-31 21:48:23', '2021-10-31 21:48:53', 1, '2021-10-31 21:48:23'),
(275, 'batch65', 'Aruna thopudurthy', '', '9533523130', '2021-11-03 13:00:20', '2021-11-03 13:00:50', 1, '2021-10-31 22:43:31'),
(276, 'batch65', 'Anil khakda', '971', '525595425', '2021-11-01 07:58:11', '2021-11-01 08:15:17', 1, '2021-11-01 07:58:11'),
(277, 'batch65', 'Dipti', '1', '9734050006', '2021-11-01 13:01:44', '2021-11-01 13:02:14', 1, '2021-11-01 13:01:44'),
(278, 'batch65', 'Hema', '', '8105183888', '2021-11-01 14:21:12', '2021-11-01 14:22:13', 1, '2021-11-01 14:21:12'),
(279, 'batch65', 'Anupama Rao ', '', '9967043807', '2021-11-01 14:52:23', '2021-11-01 14:52:53', 1, '2021-11-01 14:52:23'),
(280, 'batch65', 'Ajita ', '', '994074041', '2021-11-02 12:11:24', '2021-11-02 12:11:54', 1, '2021-11-02 12:11:24'),
(281, 'batch65', 'Dr Harish Tripathi', '', '9811045628', '2021-11-03 06:34:27', '2021-11-03 06:35:28', 1, '2021-11-03 06:34:27'),
(282, 'batch65', 'Mahesh', '91', '9879164788', '2021-11-04 01:15:00', '2021-11-04 01:15:30', 1, '2021-11-04 01:15:00'),
(283, 'batch65', 'v', '', '12312', '2021-11-08 15:01:55', '2021-11-08 15:02:04', 0, '2021-11-08 15:01:55'),
(284, '-1', '67', '', '8887652850', '2021-11-14 10:56:08', '2021-11-14 10:56:38', 1, '2021-11-14 10:56:08'),
(285, 'batch65', 'Anil Sondhi ', '64', '212658185', '2021-11-14 13:52:14', '2021-11-14 13:52:44', 1, '2021-11-14 13:52:14'),
(286, 'batch65', 'Shashikala ashok bolake', '', '9423044335', '2021-11-16 12:32:50', '2021-11-16 12:33:20', 1, '2021-11-16 12:32:50'),
(287, 'batch65', 'V Rajagopalan ', '', '9322405315', '2021-11-19 16:48:37', '2021-11-19 16:49:07', 1, '2021-11-19 16:48:37'),
(288, '-1', '68', '', '8319241106', '2021-11-20 07:43:52', '2021-11-20 07:44:22', 1, '2021-11-20 07:43:52'),
(289, 'batch65', 'Dr Kp Rao ', '', '7330881444', '2021-11-23 19:42:37', '2021-11-23 19:43:38', 1, '2021-11-23 19:42:37'),
(290, 'batch65', 'v', '', '3243', '2021-11-24 15:47:40', '2021-11-24 15:47:45', 0, '2021-11-24 15:47:40');

--
-- Indexes for dumped tables
--

--
-- Indexes for table `tbl_questions`
--
ALTER TABLE `tbl_questions`
  ADD PRIMARY KEY (`id`);

--
-- Indexes for table `tbl_users`
--
ALTER TABLE `tbl_users`
  ADD PRIMARY KEY (`id`);

--
-- AUTO_INCREMENT for dumped tables
--

--
-- AUTO_INCREMENT for table `tbl_questions`
--
ALTER TABLE `tbl_questions`
  MODIFY `id` int(11) NOT NULL AUTO_INCREMENT, AUTO_INCREMENT=168;
--
-- AUTO_INCREMENT for table `tbl_users`
--
ALTER TABLE `tbl_users`
  MODIFY `id` int(4) NOT NULL AUTO_INCREMENT, AUTO_INCREMENT=291;
/*!40101 SET CHARACTER_SET_CLIENT=@OLD_CHARACTER_SET_CLIENT */;
/*!40101 SET CHARACTER_SET_RESULTS=@OLD_CHARACTER_SET_RESULTS */;
/*!40101 SET COLLATION_CONNECTION=@OLD_COLLATION_CONNECTION */;
