-- phpMyAdmin SQL Dump
-- version 4.6.6deb5ubuntu0.5
-- https://www.phpmyadmin.net/
--
-- Host: localhost:3306
-- Generation Time: Feb 15, 2022 at 05:19 AM
-- Server version: 5.7.36-0ubuntu0.18.04.1
-- PHP Version: 7.2.24-0ubuntu0.18.04.10

SET SQL_MODE = "NO_AUTO_VALUE_ON_ZERO";
SET time_zone = "+00:00";


/*!40101 SET @OLD_CHARACTER_SET_CLIENT=@@CHARACTER_SET_CLIENT */;
/*!40101 SET @OLD_CHARACTER_SET_RESULTS=@@CHARACTER_SET_RESULTS */;
/*!40101 SET @OLD_COLLATION_CONNECTION=@@COLLATION_CONNECTION */;
/*!40101 SET NAMES utf8mb4 */;

--
-- Database: `ExcerciseExpertQA_5`
--

-- --------------------------------------------------------

--
-- Table structure for table `tbl_countries`
--

CREATE TABLE `tbl_countries` (
  `country` varchar(43) DEFAULT NULL,
  `cntry_code` varchar(5) DEFAULT NULL
) ENGINE=InnoDB DEFAULT CHARSET=utf8;

--
-- Dumping data for table `tbl_countries`
--

INSERT INTO `tbl_countries` (`country`, `cntry_code`) VALUES
('Afghanistan', '93'),
('Albania', '355'),
('Algeria', '213'),
('American Samoa', '1-684'),
('Andorra', '376'),
('Angola', '244'),
('Anguilla', '1-264'),
('Antarctica', '672'),
('Antigua', '1-268'),
('Argentina', '54'),
('Armenia', '374'),
('Aruba', '297'),
('Ascension', '247'),
('Australia', '61'),
('Australian External Territories', '672'),
('Austria', '43'),
('Azerbaijan', '994'),
('Bahamas', '1-242'),
('Bahrain', '973'),
('Bangladesh', '880'),
('Barbados', '1-246'),
('Barbuda', '1-268'),
('Belarus', '375'),
('Belgium', '32'),
('Belize', '501'),
('Benin', '229'),
('Bermuda', '1-441'),
('Bhutan', '975'),
('Bolivia', '591'),
('Bosnia & Herzegovina', '387'),
('Botswana', '267'),
('Brazil', '55'),
('British Virgin Islands', '1-284'),
('Brunei Darussalam', '673'),
('Bulgaria', '359'),
('Burkina Faso', '226'),
('Burundi', '257'),
('Cambodia', '855'),
('Cameroon', '237'),
('Canada', '1'),
('Cape Verde Islands', '238'),
('Cayman Islands', '1-345'),
('Central African Republic', '236'),
('Chad', '235'),
('Chatham Island (New Zealand)', '64'),
('Chile', '56'),
('China (PRC)', '86'),
('Christmas Island', '61-8'),
('', ''),
('Cocos-Keeling Islands', '61'),
('Colombia', '57'),
('Comoros', '269'),
('Congo', '242'),
('Congo, Dem. Rep. of?', '243'),
('Cook Islands', '682'),
('Costa Rica', '506'),
('C?te d\'Ivoire', '225'),
('Croatia', '385'),
('Cuba', '53'),
('Cuba', '5399'),
('Cura?ao', '599'),
('Cyprus', '357'),
('Czech Republic', '420'),
('Denmark', '45'),
('Diego Garcia', '246'),
('Djibouti', '253'),
('Dominica', '1-767'),
('Dominican Republic', '1-809'),
('East Timor', '670'),
('Easter Island', '56'),
('Ecuador', '593'),
('Egypt', '20'),
('El Salvador', '503'),
('Equatorial Guinea', '240'),
('Eritrea', '291'),
('Estonia', '372'),
('Ethiopia', '251'),
('Falkland Islands', '500'),
('Faroe Islands', '298'),
('Fiji Islands', '679'),
('Finland', '358'),
('France', '33'),
('French Antilles', '596'),
('French Guiana', '594'),
('French Polynesia', '689'),
('Gabonese Republic', '241'),
('Gambia', '220'),
('Georgia', '995'),
('Germany', '49'),
('Ghana', '233'),
('Gibraltar', '350'),
('Greece', '30'),
('Greenland', '299'),
('Grenada', '1-473'),
('Guadeloupe', '590'),
('Guam', '1-671'),
('Guantanamo Bay', '5399'),
('Guatemala', '502'),
('Guinea-Bissau', '245'),
('Guinea', '224'),
('Guyana', '592'),
('Haiti', '509'),
('Honduras', '504'),
('Hong Kong', '852'),
('Hungary', '36'),
('Iceland', '354'),
('India', '91'),
('Indonesia', '62'),
('Inmarsat (Atlantic Ocean - East)', '871'),
('Inmarsat (Atlantic Ocean - West)', '874'),
('Inmarsat (Indian Ocean)', '873'),
('Inmarsat (Pacific Ocean)', '872'),
('International Freephone Service', '800'),
('International Shared Cost Service (ISCS)', '808'),
('Iran', '98'),
('Iraq', '964'),
('Ireland', '353'),
('Iridium', '8816'),
('Israel', '972'),
('Italy', '39'),
('Jamaica', '1-876'),
('Japan', '81'),
('Jordan', '962'),
('Kazakhstan', '7'),
('Kenya', '254'),
('Kiribati', '686'),
('Korea (North)', '850'),
('Korea (South)', '82'),
('Kuwait', '965'),
('Kyrgyz Republic', '996'),
('Laos', '856'),
('Latvia', '371'),
('Lebanon', '961'),
('Lesotho', '266'),
('Liberia', '231'),
('Libya', '218'),
('Liechtenstein', '423'),
('Lithuania', '370'),
('Luxembourg', '352'),
('Macao', '853'),
('Macedonia', '389'),
('Madagascar', '261'),
('Malawi', '265'),
('Malaysia', '60'),
('Maldives', '960'),
('Mali Republic', '223'),
('Malta', '356'),
('Marshall Islands', '692'),
('Martinique', '596'),
('Mauritania', '222'),
('Mauritius', '230'),
('Mayotte Island', '269'),
('Mexico', '52'),
('Micronesia, (Federal States of)', '691'),
('Midway Island', '1-808'),
('Moldova', '373'),
('Monaco', '377'),
('Mongolia', '976'),
('Montenegro', '382'),
('Montserrat', '1-664'),
('Morocco', '212'),
('Mozambique', '258'),
('Myanmar', '95'),
('Namibia', '264'),
('Nauru', '674'),
('Nepal', '977'),
('Netherlands', '31'),
('Netherlands Antilles', '599'),
('Nevis', '1-869'),
('New Caledonia', '687'),
('New Zealand', '64'),
('Nicaragua', '505'),
('Niger', '227'),
('Nigeria', '234'),
('Niue', '683'),
('Norfolk Island', '672'),
('Northern Marianas Islands', '1-670'),
('', ''),
('Norway', '47'),
('Oman', '968'),
('Pakistan', '92'),
('Palau', '680'),
('Palestinian Settlements', '970'),
('Panama', '507'),
('Papua New Guinea', '675'),
('Paraguay', '595'),
('Peru', '51'),
('Philippines', '63'),
('Poland', '48'),
('Portugal', '351'),
('Puerto Rico', '1-787'),
('Qatar', '974'),
('R?union Island', '262'),
('Romania', '40'),
('Russia', '7'),
('Rwandese Republic', '250'),
('St. Helena', '290'),
('St. Kitts/Nevis', '1-869'),
('St. Lucia', '-757'),
('St. Pierre & Miquelon', '508'),
('St. Vincent & Grenadines', '1-784'),
('Samoa', '685'),
('San Marino', '378'),
('S?o Tom? and Principe', '239'),
('Saudi Arabia', '966'),
('Senegal', '221'),
('Serbia', '381'),
('Seychelles Republic', '248'),
('Sierra Leone', '232'),
('Singapore', '65'),
('Slovak Republic', '421'),
('Slovenia', '386'),
('Solomon Islands', '677'),
('Somali Democratic Republic', '252'),
('South Africa', '27'),
('Spain', '34'),
('Sri Lanka', '94'),
('Sudan', '249'),
('Suriname', '597'),
('Swaziland', '268'),
('Sweden', '46'),
('Switzerland', '41'),
('Syria', '963'),
('Taiwan', '886'),
('Tajikistan', '992'),
('Tanzania', '255'),
('Thailand', '66'),
('Thuraya (Mobile Satellite service)', '88216'),
('Timor Leste', '670'),
('Togolese Republic', '228'),
('Tokelau', '690'),
('Tonga Islands', '676'),
('Trinidad & Tobago', '1-868'),
('Tunisia', '216'),
('Turkey', '90'),
('Turkmenistan', '993'),
('Turks and Caicos Islands', '1-649'),
('Tuvalu', '688'),
('Uganda', '256'),
('Ukraine', '380'),
('United Arab Emirates', '971'),
('United Kingdom', '44'),
('United States of America', '1'),
('US Virgin Islands', '1-340'),
('Universal Personal Telecommunications (UPT)', '878'),
('Uruguay', '598'),
('Uzbekistan', '998'),
('Vanuatu', '678'),
('Vatican City', '39'),
('Venezuela', '58'),
('Vietnam', '84'),
('Wake Island', '808');

-- --------------------------------------------------------

--
-- Table structure for table `tbl_questions`
--

CREATE TABLE `tbl_questions` (
  `id` int(11) NOT NULL,
  `batch` varchar(50) NOT NULL,
  `select_batch` varchar(150) DEFAULT NULL,
  `user_name` varchar(255) NOT NULL,
  `user_phone` varchar(15) NOT NULL,
  `user_question` varchar(500) NOT NULL,
  `asked_at` datetime NOT NULL,
  `user_code` varchar(10) NOT NULL,
  `speaker` int(11) NOT NULL DEFAULT '0',
  `answered` int(11) NOT NULL DEFAULT '0',
  `responded` int(11) DEFAULT '0',
  `doctor` int(11) DEFAULT '0',
  `diet` int(11) DEFAULT '0',
  `exercise` int(11) DEFAULT '0',
  `mentor` int(11) DEFAULT '0',
  `operations` int(11) DEFAULT '0',
  `remark` varchar(250) DEFAULT NULL
) ENGINE=InnoDB DEFAULT CHARSET=latin1;

--
-- Dumping data for table `tbl_questions`
--

INSERT INTO `tbl_questions` (`id`, `batch`, `select_batch`, `user_name`, `user_phone`, `user_question`, `asked_at`, `user_code`, `speaker`, `answered`, `responded`, `doctor`, `diet`, `exercise`, `mentor`, `operations`, `remark`) VALUES
(1, 'batch65', 'Batch61', 'Sai Krishna Rao', '9448119902', 'My HBA1C is in the range of 6.1 to 6.3 without medication. I do gym work out 6 days a week. I am advised to increase my weight by 2.5 kg. My challenge is for the last three months my creatinine is in the range of 1.1 to 1.2. and I am advised Nephra save tablets twice a day. What is  the reason for  this', '2021-07-01 16:34:32', '', 0, 0, 0, 1, 0, 1, 0, 0, NULL),
(2, 'batch65', 'Batch64', 'V', '654', 'halkfhlasf', '2021-07-02 12:21:13', '', 0, 0, 1, 0, 0, 0, 0, 0, NULL),
(3, 'batch65', 'Batch65', 'Abha Agrohi', '9760090272', 'hello', '2021-07-02 21:34:19', '91', 0, 0, 1, 0, 0, 0, 0, 0, NULL),
(4, 'batch65', 'Batch69', 'Kurian ', '9566592311', 'Is metformin a band  medicine used  for  diabetic  ?', '2021-07-03 16:25:48', '', 0, 0, 1, 0, 0, 0, 0, 0, NULL),
(5, 'batch65', 'Batch69', 'Kurian ', '9566592311', 'Is metformin  a band  medicine  which  is  used  for  diabetic  and  what  are  the  side  effects  of  this  medication.', '2021-07-03 16:27:34', '', 0, 0, 1, 0, 0, 0, 0, 0, NULL),
(6, 'batch65', 'Batch69', 'Kalyan', '9980228843', 'C peptide can be increased and how GAD 65 Can be reduced?', '2021-07-03 18:45:59', '', 0, 0, 1, 0, 0, 0, 0, 0, NULL),
(7, 'batch65', 'Batch68', 'kunthur subramanya', '9844118389', 'my question is my BMI has gone down and at 21 and 22, My weight is not increasing as I stick to FFD diet protocol which is restricted to certain food especially diary products. If I eat more my BSL levels especially p2 and p3 shoots up. So how to manage weight increase without increasing BSL, and weight increase so that BMI is kept at 22 which was the goal set by FFD. Muscle building excercises are getting difficult with FFD diet restrictions like no diary products, no fruits.', '2021-07-03 18:46:09', '91', 0, 0, 1, 0, 0, 0, 0, 0, NULL),
(8, 'batch65', 'Batch68', 'kunthur subramanya', '9844118389', '2. How may times we need to do 3-2-1 exercise plan in a day. Let me know some in-house cardio vascular exercises which can be done without venturing outside in these tough days .', '2021-07-03 18:48:10', '91', 0, 0, 1, 0, 0, 0, 0, 0, NULL),
(9, 'batch65', 'Batch69', 'Vijay Krishna', '9591984787', 'Should the exercise be restricted to just one hour per day or can it be for more time?', '2021-07-03 18:52:01', '', 0, 0, 1, 0, 0, 0, 0, 0, NULL),
(10, 'batch65', 'Batch68', 'kunthur subramanya', '9844118389', 'Out of Strength, Stamina and Flexibility types which is the one which helps in building muscles and gain weight without increasing BSL.', '2021-07-03 18:54:13', '91', 0, 0, 1, 0, 0, 0, 0, 0, NULL),
(11, 'batch65', 'Batch68', 'SABERA THYAGARAJAN', '9820132503', 'I get muscle pain if I increase exercises. This pain last for 2-3 days. So I am always starting & stopping the regime. Please advise how to sustain this.  My weight is 51. Age 52.', '2021-07-03 18:55:06', '', 0, 0, 1, 0, 0, 1, 0, 0, 'Evion'),
(12, 'batch65', 'Batch64', 'Laxmi Narayan', '9833807133', 'What does FFD have to say to those who are left behind without any improvement in condition.', '2021-07-03 18:57:17', '', 0, 0, 0, 1, 0, 0, 0, 0, NULL),
(13, 'batch65', 'Batch62', 'Shobha', '9619405970', 'My bmi is 19  and 2 tablets can I have chapati in breakfast', '2021-07-03 18:57:23', '91', 0, 0, 1, 0, 0, 0, 0, 0, NULL),
(14, 'batch65', 'Batch62', 'Oinam Nepoleon Singh', '9402949455', 'Dear sirji, \r\nCan we do the same exercises both in the morning and evening too ?.', '2021-07-03 18:58:27', '91', 0, 0, 1, 0, 0, 0, 0, 0, NULL),
(15, 'batch65', 'Batch69', 'Prakash R', '9833133309', 'We are asked to continue with phase 1 / 2 exercises. Subsequently a muscle building excercise session was conducted by Dr. Pramod. Should we do all of them daily or on what frequency should we do. Moreover once in a week I am advised to go for jog by my exercise expert. Please advise', '2021-07-03 18:58:41', '', 0, 0, 1, 0, 0, 0, 0, 0, NULL),
(16, 'batch65', 'Batch61', 'Ashish kothari', '9867192456', 'good evening sir, sir i am very regular in exccercises infact i havent missed a single day except sundays in workout, but for last 15 days or more i am suffering from severe sciatica pain and tricep muscle pain due to heavy lifting of weights now i am feared that whether i will be able to do any weight excercisr or no and i am not feeling good also as in the morning i am not fresh as sleep is not sound.not able to go to any physio also because of covid please guide what should i do?', '2021-07-03 18:59:20', '91', 0, 0, 1, 1, 0, 0, 0, 0, NULL),
(17, 'batch65', 'Batch66', 'Pushpalatha KN', '09448129297', 'You gave tha choice of zumba as AI,but how to prove that', '2021-07-03 18:59:48', '91', 0, 0, 1, 0, 0, 0, 0, 0, NULL),
(18, 'batch65', 'Batch68', 'Rashmiranjan Mishra', '9930057248', 'Good evening!!', '2021-07-03 19:00:03', '', 0, 0, 1, 0, 0, 0, 0, 0, NULL),
(19, 'batch65', 'Batch68', 'Prabha Saraswat', '9818774915', 'Is it possible that you build muscle but your weight does not increase much?', '2021-07-03 19:00:39', '', 0, 0, 1, 0, 0, 0, 0, 0, NULL),
(20, 'batch65', 'Batch64', 'Laxmi Narayan', '9833807133', 'What does FFD have to tell those participants who have not benefitted after 3 quarters with you.,still on tablets and more.', '2021-07-03 19:00:46', '', 0, 0, 1, 0, 0, 0, 0, 0, NULL),
(21, 'batch65', 'Batch62', 'Shobha', '9619405970', 'My bmi is 19.4 can I have chapati in breakfast', '2021-07-03 19:01:00', '', 0, 0, 1, 0, 0, 0, 0, 0, NULL),
(22, 'batch65', 'Batch65', 'Rajeev Srivastava', '7985586737', 'I have never been a patient of BP despite being diabetic for more than 10 year. But for about two months the BP is down and varies from 110/70 to 100/56-60. Please advise. Medicine are on however insulin is stopped long back', '2021-07-03 19:02:21', '', 0, 0, 1, 0, 0, 0, 0, 0, NULL),
(23, 'batch65', 'Batch69', 'Manoj Goel', '9711860599', 'Does black seed oil really help lowering down the BSL? If yes then Can it be a standard practice?', '2021-07-03 19:02:52', '', 0, 0, 1, 0, 0, 0, 0, 0, NULL),
(24, 'batch65', 'Batch64', 'Ravindar', '9618544054', 'Hello Sir now after 3 months of 3 2 1 can I hit gym 6 days a week to gain more weight/muscle?', '2021-07-03 19:03:24', '', 0, 0, 1, 0, 0, 0, 0, 0, NULL),
(25, 'batch65', 'Batch69', 'Sridhar Rathinasabapathy', '9176690275', 'When does liver dump happen to raise pp2 ? Is it before lunch or post lunch ?', '2021-07-03 19:04:08', '', 0, 0, 1, 0, 0, 0, 0, 0, NULL),
(26, 'batch65', 'Batch68', 'R Ranjan Amitabh', '07091348509', 'Sole burning .what todo?', '2021-07-03 19:04:10', '91', 0, 0, 1, 0, 0, 0, 0, 0, NULL),
(27, 'batch65', 'Batch69', 'Ashwin', '8469520499', 'I am under endurance muscle training. My trainer insisted to have calcium. what to have in absence of milk', '2021-07-03 19:04:24', '', 0, 0, 1, 0, 0, 0, 0, 0, NULL),
(28, 'batch65', 'Batch64', 'Nitin Tanpure', '9619582007', 'Dr. I have terrible body ache after excerise I am not able to increase exercise ..can I schedule a call with you to discuss on this', '2021-07-03 19:04:26', '', 0, 0, 1, 0, 0, 1, 0, 0, 'Evion'),
(29, 'batch65', 'Batch68', 'Sunil Chandorkar', '9850884944', 'Today I h\r\nAve\r\n\r\n\r\n\r\n\r\n\r\n\r\n\r\nToday I have received information about GTT , can we participate ? When it will be conducted ? What is the procedure of GTT?\r\nI', '2021-07-03 19:04:41', '', 0, 0, 1, 0, 1, 0, 0, 0, NULL),
(30, 'batch65', 'Batch69', 'Sandip Das', '594361234', 'Thanks FFD I have achieved HbA1c 5.6 which was  6.56 earlier. Last few days I feel cramp/pain on shoulders....shall I take rest from push ups and NOD for few days?', '2021-07-03 19:04:48', '966', 0, 0, 1, 0, 0, 0, 0, 0, NULL),
(31, 'batch65', 'Batch61', 'Premkumar', '9445623491', 'My BP is 95/145. Pl suggest way to reduce. My BMI is 22 . HbA1 C -7.1.premkumar', '2021-07-03 19:04:56', '', 0, 0, 1, 0, 0, 0, 0, 0, NULL),
(32, 'batch65', 'Batch63', 'H K C Swamy', '9845147159', 'Sir I am younger brother of Mr H K N Swamy and I am from IRP63. I am having middle back pain for a long time more so when ever I am sitting posture.I do all the excersisies and also once a month do 54 sets of Suryanamaskaras and weight training including resisitance band etc. Can you please suggest some additional excersisises.  Since my BMI is less than 21 can I do walking for about 20 minutes in the evening.mst of the time I keep my neck bend which despite consiously streigtening.', '2021-07-03 19:05:39', '', 0, 0, 0, 0, 0, 1, 0, 0, NULL),
(33, 'batch65', 'Batch69', 'Kurian ', '9566592311', 'Is metformin  is  banned  and  what  are  the  side  effect?', '2021-07-03 19:05:58', '', 0, 0, 1, 0, 0, 0, 0, 0, NULL),
(34, 'batch65', 'Batch62', 'Shobha', '9619405970', 'To avoid weight gain can I have anabolic smoothy then lunch and avoid dinner', '2021-07-03 19:06:34', '', 0, 0, 0, 0, 1, 0, 0, 0, NULL),
(35, 'batch65', 'Batch68', 'R Ranjan Amitabh', '07091348509', 'HB level around 10.How to increas?', '2021-07-03 19:06:49', '91', 0, 0, 0, 1, 0, 0, 0, 0, NULL),
(36, 'batch65', 'Batch68', 'Anita Singh', '9818982926', 'My insulin fasting has come down from 6.8 to 2.9: Is it normal in this phase', '2021-07-03 19:07:40', '', 0, 0, 1, 0, 0, 0, 0, 0, NULL),
(37, 'batch65', 'Batch68', 'K L Sharma', '9930909992', 'My weight is consistent, Doing exercise as advised.  PP2 / PP3  is in RED Zone. Pls advice what should change - Diet, Exercise', '2021-07-03 19:08:25', '', 0, 0, 1, 1, 0, 0, 0, 0, NULL),
(38, 'batch65', 'Batch65', 'Thakurjit kaur ', '9573708170', 'I have left knee medial side pain what to do?', '2021-07-03 19:08:35', '91', 0, 0, 1, 0, 0, 0, 0, 0, NULL),
(39, 'batch65', 'Batch69', 'Indu', '9879614905', 'If still marginal weight loss happens instead of gaining does it mean we are away from achieving our target of possible freedom', '2021-07-03 19:09:00', '', 0, 0, 1, 0, 0, 0, 0, 0, NULL),
(40, 'batch65', 'Batch61', 'Smita sawant ', '9869058878', 'à¤®à¥‡à¤°à¤¾ à¤µà¤œà¤¨ à¤¨à¤¹à¥€ à¤¬à¤¢à¤•à¤° à¤°à¤¹à¤¾ à¤¹à¥ˆ,only 39kg,what can I do,', '2021-07-03 19:09:42', '', 0, 0, 1, 1, 0, 0, 0, 0, NULL),
(41, 'batch65', 'Batch66', 'Pushpalatha KN', '09448129297', 'How can I prove athletic identity thro,zumba', '2021-07-03 19:09:52', '91', 0, 0, 1, 0, 0, 0, 0, 0, NULL),
(42, 'batch65', 'Batch67', 'Prabhu Arumugam', '9731766396', 'High sensitivity C reactive protein is high\r\nHow to reduce it Dr', '2021-07-03 19:10:16', '', 0, 0, 1, 0, 0, 0, 0, 0, NULL),
(43, 'batch65', 'Batch69', 'Ashok J Joshi', '9945104570', 'Doctor, when do we expect normal diet, already 3 mnths over', '2021-07-03 19:10:35', '', 0, 0, 1, 0, 0, 0, 0, 0, NULL),
(44, 'batch65', 'Batch67', 'K P Pandit', '9448252858', 'Good Evening Sir. What is the ideal weight of Dumbbell? My BMI is <20. Weight is 57 kgs.', '2021-07-03 19:11:09', '', 0, 0, 1, 0, 0, 1, 0, 0, NULL),
(45, 'batch65', 'Batch68', 'Meenu Kapoor ', '9820787921', 'My HbA1C is 5.7  Iâ€™m on reclide 30 Mr  .. I experience a lot of acid reflux and burping...\r\n\r\nMy HBA1C is 5.7 Iâ€™m on reclide 30 MR..I experience a lot of acid reflux and burping', '2021-07-03 19:11:09', '', 0, 0, 1, 0, 0, 0, 0, 0, NULL),
(46, 'batch65', 'Batch68', 'Rashmiranjan Mishra', '9930057248', 'What is the side effect of Metformin (Tribet 2mg) being taken for than 2 years ?', '2021-07-03 19:11:21', '', 0, 0, 1, 0, 0, 0, 0, 0, NULL),
(47, 'batch65', 'Batch61', 'Deepak Dhanuka', '9835577085', 'sir i am recovering from cervical neck now resistance band workout i find okay. Whether dumbells is still required for muscle gain', '2021-07-03 19:11:27', '91', 0, 0, 1, 0, 0, 0, 0, 0, NULL),
(48, 'batch65', 'Batch64', 'anita lata gupta', '8800557237', 'my pp2 and pp3 kabhi kabhi spike kr jata  hai . mera hba1c 5.6 hai , main 3.2.1. fallowo kr rahi hun . mera b,m,i 21.75 hai , mera weight 47kg hai,  at this time mere ko thoda lumber pain hbi hai .what i should do. mera bsl spike na ho kya karna chahiye', '2021-07-03 19:11:41', '', 0, 0, 1, 0, 0, 0, 0, 0, NULL),
(49, 'batch65', 'Batch62', 'Drpushpa', '9897400464', 'Sir,age 70 ,joining time BMI 25,after 5 months it is 20.70,please suggest exercise and diet', '2021-07-03 19:11:43', '91', 0, 0, 1, 0, 1, 0, 0, 0, 'PGS Diet , ANabolic smoothie'),
(50, 'batch65', 'Batch68', 'Murgendra Koujalagi', '9845372984', 'Thanks to FFD, free from medicine and also weight increasing gradually. Learning to balance PP2 and PP3 with help of dietitian. Looking forward for GTT', '2021-07-03 19:11:46', '', 0, 0, 0, 0, 1, 0, 0, 0, NULL),
(51, 'batch65', 'Batch63', 'Megha Pawar', '9930947991', 'As suggested by you to conversation with our doctors on classification of diabetes type. I had asked my doctor regarding my diabetes type. She has responded with MARD type. I somehow is not convinced. I got diabetic in early fourties. How can I know about my diabetes type', '2021-07-03 19:12:41', '', 0, 0, 1, 0, 0, 0, 0, 0, NULL),
(52, 'batch65', 'Batch65', 'Sadhanabhuin', '8145626778', 'Good evening sir..please advise how to minimize muscle soreness after workout..', '2021-07-03 19:12:58', '91', 0, 0, 0, 0, 0, 1, 0, 0, NULL),
(53, 'batch65', 'Batch68', 'Nandan', '9945563409', 'Can we do weights 5 days a week ?', '2021-07-03 19:13:03', '91', 0, 0, 0, 0, 0, 1, 0, 0, NULL),
(54, 'batch65', 'Batch69', 'Dr Raghavendra Havale', '9448407300', 'How to control stess during doing dental procedure unknowingly, if it is ,than if you check BSL  it will be increased  How to mantain sir?', '2021-07-03 19:13:06', '', 0, 0, 0, 0, 0, 1, 0, 0, NULL),
(55, 'batch65', 'Batch65', 'Satish Joshi', '09920356532', 'Satish BMI=24 came down to 21.  Now I am finding weakness in lower limbs. What is excercise suggested?', '2021-07-03 19:13:08', '91', 0, 0, 0, 0, 0, 1, 0, 0, NULL),
(56, 'batch65', 'Batch62', 'Seshadri p Srikantan ', '9920886855', 'How to get rid or cure hot feet', '2021-07-03 19:13:34', '', 0, 0, 0, 1, 0, 0, 0, 0, NULL),
(57, 'batch65', 'Batch67', 'KAMOD KUMAR', '8158995253', 'I feel heaviness , little pain on right side of stomach area? Did altrasound, no issue, please guide', '2021-07-03 19:13:41', '62', 0, 0, 0, 0, 0, 1, 0, 0, NULL),
(58, 'batch65', 'Batch66', 'Vivekanand Yadav', '09826018562', 'when I joined ffd in January my bmi was 21.1, at present it is 18.3. from Last two months my weight is between 57 to 58 kg. After one hour of my breakfast I have to go to empty it. How to control', '2021-07-03 19:13:46', '', 0, 0, 1, 0, 1, 0, 0, 0, 'PGS diets, Anabolic Smoothie'),
(59, 'batch65', 'Batch66', 'chandrashekhar be', '9481245906', 'Batch-66. Gym-mer Athlete. Have gained weight about 5 kg post juice feasting. Gained lots of strength. Doing 50 km cycling with ease. No DOMS during the last 3 sessions of cycling.', '2021-07-03 19:13:50', '', 0, 0, 0, 0, 0, 1, 0, 0, NULL),
(60, 'batch65', 'Batch68', 'Mahesh Pathak', '9810733556', 'How long we need to continue without dairy products?', '2021-07-03 19:14:06', '', 0, 0, 0, 0, 1, 0, 0, 0, NULL),
(61, 'batch65', 'Batch65', 'Satish Joshi', '09920356532', 'Satish - BMI=21,  Finding 15 mins. walk tiresome now. Earlier I used to walk 1 hour. I feel my capability is coming down.', '2021-07-03 19:14:37', '91', 0, 0, 0, 0, 1, 0, 0, 0, NULL),
(62, 'batch65', 'Batch64', 'anita lata gupta', '8800557237', 'mera bsl pp2 and pp3 spike kr jata hai mera hba1c 5.6 hai mera bmi 21.75 hai mera weight 47kg hai. mai 3.2.1 kr rahi hun', '2021-07-03 19:14:52', '', 0, 0, 1, 0, 1, 0, 0, 0, NULL),
(63, 'batch65', 'Batch61', 'Madhura Joshi', '9689928560', 'My BP is always low, it is 99/65 at present. Is there any remedy to raise the BP? Any special exercises for low BP people? Sometimes I feel tired and exhausted after the workout. What is the optimum level of exercise?', '2021-07-03 19:14:58', '', 0, 0, 0, 0, 1, 0, 0, 0, NULL),
(64, 'batch65', 'Batch64', 'PARESH GIRDHARLAL SHAH', '09831097216', 'have been doing planks and pushups daily for almost 5 months. but instead of getting used to, feel tired. any medicines ?', '2021-07-03 19:15:04', '', 0, 0, 0, 0, 0, 1, 0, 0, NULL),
(65, 'batch65', 'Batch64', 'Ashesh Kumar  Roy', '09434385417', 'Which day I go for the lab test should I do exercises?', '2021-07-03 19:15:04', '91', 0, 0, 1, 0, 0, 0, 0, 0, NULL),
(66, 'batch65', 'Batch68', 'Mahesh Pathak', '9810733556', 'If we pass GTT, we still need to continue without dairy products', '2021-07-03 19:15:26', '', 0, 0, 1, 0, 0, 0, 0, 0, NULL),
(67, 'batch65', 'Batch68', 'S Shanthi', '9677294284', 'doctor  can  I do  surya  namaskar    every  day.  is  it good  to  do  30  counts  everyday', '2021-07-03 19:16:02', '', 0, 0, 0, 0, 0, 1, 0, 0, NULL),
(68, 'batch65', 'Batch65', 'Satish Joshi', '09920356532', 'With low BMI we are not allowed to intermitant fasting. Does this mean we are only trying to contain diabetes now, rather than reversal.', '2021-07-03 19:17:22', '91', 0, 0, 0, 0, 0, 1, 0, 0, NULL),
(69, 'batch65', 'Batch64', 'Padmabyrappa', '9980537131', 'I contracted corona in the month of May. I am still recovering. My Hba1c was 6.4 then. Now I developed shoulder pain. I am taking treatment. Not able to exercise. All my medicines are back. My BMI is 16. Am I not able to reverse?', '2021-07-03 19:17:32', '91', 0, 0, 0, 1, 1, 0, 0, 0, NULL),
(70, 'batch65', 'Batch66', 'Vivekanand Yadav', '09826018562', 'After emptying when I get up from Indian style seat it takes me around 1 minute to straight my legs. Is this shows weakness of my legs muscles.', '2021-07-03 19:17:41', '', 0, 0, 0, 0, 0, 1, 0, 0, NULL),
(71, 'batch65', 'Batch69', 'NVGK Bhat ', '9980716611', 'My average pulse rate is 54.\r\nAny comments?', '2021-07-03 19:17:49', '', 0, 0, 0, 0, 0, 1, 0, 0, NULL),
(72, 'batch65', 'Batch64', 'Malini Lachminarayana', '09739428282', 'What is ideal muscle percentage in the body', '2021-07-03 19:18:04', '91', 0, 0, 1, 0, 0, 0, 0, 0, NULL),
(73, 'batch65', 'Batch64', 'Vinod Kumar Srivastava', '770976850', 'Btach-64, Age 65, BMI 19.84, HBA1C 6.0 from last 6 months. Exercises 3:2:1 Gym, Yoga and Walking, Tablets reduced by 50%.. Now what will lead to my Diabetes reversal.', '2021-07-03 19:18:09', '213', 0, 0, 1, 0, 0, 0, 0, 0, NULL),
(74, 'batch65', 'Batch62', 'Gaurav Sagar', '08650657458', 'Good Evening Sir\r\nMy C Peptide level 0.43 Fasting and .54  PP.  My BMI is 18 age 36 . MY BSL is not settling down after following FFD protocol', '2021-07-03 19:18:25', '', 0, 0, 1, 0, 1, 0, 0, 0, 'LCHF, Low carb <100gms a day'),
(75, 'batch65', 'Batch69', 'Gireesh', '9871112262', 'How much does Yoga help in getting into shape?', '2021-07-03 19:18:40', '', 0, 0, 0, 0, 0, 1, 0, 0, NULL),
(76, 'batch65', 'Batch64', 'PARESH GIRDHARLAL SHAH', '09831097216', 'Does Jogging effects knees ?', '2021-07-03 19:18:47', '', 0, 0, 0, 0, 0, 1, 0, 0, NULL),
(77, 'batch65', 'Batch62', 'Shobha', '9619405970', 'which wegt training can be done in little knee pain', '2021-07-03 19:19:18', '', 0, 0, 0, 0, 0, 1, 0, 0, NULL),
(78, 'batch65', 'Batch68', 'BHASKARA HG', '9740151821', 'How to reduce Creatinine levels ?', '2021-07-03 19:19:23', '', 0, 0, 0, 0, 0, 1, 0, 0, NULL),
(79, 'batch65', 'Batch69', 'Ashok J Joshi', '9945104570', 'Within one mnth my HT and Diabetic tablets and my PP BSL are almost less than 130 and fasting around 100. I am doing muscle bldg exercise', '2021-07-03 19:19:24', '', 0, 0, 0, 0, 0, 1, 0, 0, NULL),
(80, 'batch65', 'Batch68', 'Murali Nagarajan', '9840181203', 'Hi I am 67. my BMI is now 19 and was at 21 at start. Weight dropped from 65 kg to 59 kg. Unable do the excercise daily. I am on the same diet which was given in the begening except that Protien has been added two times a day. Advise whether I am on right track?', '2021-07-03 19:20:17', '91', 0, 0, 0, 0, 0, 1, 0, 0, NULL),
(81, 'batch65', 'Batch62', 'Gaurav Sagar', '08650657458', 'Hi..Good evening Sir\r\nMy C peptide level is .43 fasting and .54 PP. My age is 36  & BMI is also 18 . My Sugar is not settling down after following FFD protocol. Also, weight is not gained either . Pls help', '2021-07-03 19:20:52', '', 0, 0, 1, 0, 0, 0, 0, 0, NULL),
(82, 'batch65', 'Batch66', 'Vivekanand Yadav', '09826018562', 'My bsl are within normal range. My hba1c is 5.3. Not taking any antidiabetic medicine from last 6 months. Can I start experimenting with foods.', '2021-07-03 19:21:01', '', 0, 0, 0, 0, 1, 0, 0, 0, 'Glycaemic ladder'),
(83, 'batch65', 'Batch69', 'Hemendra m choksi', '9849498750', 'Sir pl advice on exercise schedule \r\nAs now we are exposed to so many  in last 3 months \r\nWe need six days  schedule', '2021-07-03 19:21:07', '', 0, 0, 0, 0, 0, 1, 0, 0, NULL),
(84, 'batch65', 'Batch69', 'Dr Raghavendra Havale', '9448407300', 'Sir my age 63.80 kg   after after 2.5 months I am having 3 months knee pain stated.  Shall I stop anti-gravity and NOD sir for Some day sir.by weight lifting  we can increase the weight. Sir.', '2021-07-03 19:21:37', '', 0, 0, 0, 0, 0, 1, 0, 0, NULL),
(85, 'batch65', 'Batch69', 'Prakash. S', '9446905360', 'After 40 days of joining my H1Abc  increased from 7.4 to 8.3,why is it so, eventhough i lose weight by 2.5 kg.?', '2021-07-03 19:21:54', '91', 0, 0, 0, 1, 0, 0, 0, 0, NULL),
(86, 'batch65', 'Batch68', 'K L Sharma', '9930909992', 'is any side effect of Glycomet SR 500 ?', '2021-07-03 19:22:00', '', 0, 0, 1, 0, 0, 0, 0, 0, NULL),
(87, 'batch65', 'Batch68', 'Shamaiah I ', '9449249870', 'Weight come down to 58 from 69 and bmi to 19, sir how gain.', '2021-07-03 19:22:02', '', 0, 0, 0, 0, 0, 1, 0, 0, NULL),
(88, 'batch65', 'Batch65', 'Goraksh Mahadik', '7028838416', 'hba1c 5.6 on 25 june..bmi -22.58 today registered for gtt. 10 week  glycemic ladder passed yet i  m couldnt  do 3-2-1 strengthening stamina flexiblity ,sustaining exercise satisfactory.can i pass gtt.', '2021-07-03 19:23:03', '91', 0, 0, 1, 0, 0, 1, 0, 0, NULL),
(89, 'batch65', 'Batch65', 'Pradip Dey', '7005765525', 'No question', '2021-07-03 19:23:30', '', 0, 0, 1, 0, 0, 0, 0, 0, NULL),
(90, 'batch65', 'Batch69', 'Bhaskar Rao Kola ', '9948080079', 'My Hba1c is reduced to 6.4 from 8.0.But some of tablets are still continuing.  When can I expect the tablets will be stopped?  My BMI is 20.5 . Please respond.', '2021-07-03 19:23:32', '', 0, 0, 0, 1, 1, 0, 0, 0, NULL),
(91, 'batch65', 'Batch69', 'Hemendra m choksi', '9849498750', 'Sir good evening g \r\nRecently goal bladder I find 1.1 mm maxi size sto ne\r\nDr ask to do laproscopy  but I do not want to go \r\nIs any other way to remove or melt this stone in goal bladder', '2021-07-03 19:24:04', '', 0, 0, 1, 1, 0, 0, 0, 0, NULL),
(92, 'batch65', 'Batch65', 'Pradip Dey', '7005765525', 'Hh', '2021-07-03 19:24:35', '', 0, 0, 1, 0, 0, 0, 0, 0, NULL),
(93, 'batch65', 'Batch69', 'Narender Noida', '9004900047', 'How to measure the muscle gain over time', '2021-07-03 19:25:29', '', 0, 0, 1, 0, 0, 0, 0, 0, NULL),
(94, 'batch65', 'Batch69', 'SIDDIREDDY UMA MAHESWARA RAO ', '9030119953', 'MY AGE=35,My bmi=22.7 and now free of medicines ,only taking green smoothie ,Some times fluctuating my BSL PP=180 -200 mg/dL,what may be the reasons', '2021-07-03 19:25:36', '', 0, 0, 0, 0, 0, 1, 0, 0, NULL),
(95, 'batch65', 'Batch69', 'I SURESH', '9423307203', 'Sorry if my request was submitted many times. There was a network issue that led to clicking on submit button many times', '2021-07-03 19:26:07', '', 0, 0, 1, 0, 0, 0, 0, 0, NULL),
(96, 'batch65', 'Batch68', 'Jayanthi  Ekambaram', '9487137390', 'I am 46 Kg . What dumbell weight i can use', '2021-07-03 19:26:07', '', 0, 0, 1, 0, 0, 1, 0, 0, NULL),
(97, 'batch65', 'Batch63', 'ANIL MUGADUR', '9945003691', 'Doctor tks  to FFD for  my Hb1c 5.7.my BMI .I have started 321last  3 months back started with two set of dumbbell exercise but  now I am able to do four set of exercise per day without any hurdles.  I  want to  know different type of dumbbell exercise. suggest ???', '2021-07-03 19:26:36', '91', 0, 0, 0, 0, 0, 1, 0, 0, NULL),
(98, 'batch65', 'Batch62', 'Shobha', '9619405970', 'sir i have little knee pain which weight exercise i can do', '2021-07-03 19:26:38', '', 0, 0, 0, 0, 0, 1, 0, 0, NULL),
(99, 'batch65', 'Batch67', 'Krishnamoorthy Rao', '9901955485', 'My Antigad is 450. Is it conclusive that I am LADA.  Cpeptide is good. Sugars are not coming down. Doctor is suggesting insulin. This is first time i would be taking insulin in life', '2021-07-03 19:26:41', '', 0, 0, 0, 1, 1, 0, 0, 0, NULL),
(100, 'batch65', 'Batch69', 'Hemant Sinnarkar', '9822745965', 'what is 3,2,1', '2021-07-03 19:26:45', '', 0, 0, 1, 0, 0, 0, 0, 0, NULL),
(101, 'batch65', 'Batch69', 'I SURESH', '9423307203', 'Dr. please read the question before answering them, as it is difficult to read the question on mobile. Thank you', '2021-07-03 19:26:45', '', 0, 0, 1, 0, 0, 0, 0, 0, NULL),
(102, 'batch65', 'Batch66', 'Ajay kale', '9823047200', 'My fasting is always between 130 to 136 but PP2 & PP3 is always 140 to 155 , how to reduce fasting BSL, free of medicine from 2 months BMI is 21.2', '2021-07-03 19:26:47', '', 0, 0, 0, 1, 1, 0, 0, 0, NULL),
(103, 'batch65', 'Batch69', 'sushma ', '9999987102', 'As per advise  of diet expert, I have  started  anabolic smoothy  but my fasting  sugar and some time pp is going up in red.', '2021-07-03 19:26:47', '', 0, 0, 1, 0, 1, 0, 0, 0, NULL),
(104, 'batch65', 'Batch62', 'Shobha', '9619405970', 'can neuropathy go if diabetes reverses', '2021-07-03 19:27:11', '', 0, 0, 0, 1, 0, 0, 0, 0, NULL),
(105, 'batch65', 'Batch66', 'Abhijeet Patil', '9172229616', 'Joined with 25 BMI and reduced to 22. 10 KG weight reduction and recent HBA1C reached to 5.4. Free of medicines from last six months. I am trying to find a balance between Exercise and Diet to maintain this what i have achieved with FFD. Need to know what is that balance and what is your recommendation.  Worried that i may not reach advanced athlete phase and hence the question.', '2021-07-03 19:27:24', '', 0, 0, 0, 0, 0, 1, 0, 0, NULL),
(106, 'batch65', 'Batch68', 'Meenakshi Ganeshan ', '986931620', 'Dr loss of cartilage in the knees So pain while doing exercises What do you recommend for muscle strengthening', '2021-07-03 19:27:51', '', 0, 0, 0, 0, 1, 0, 0, 0, NULL),
(107, 'batch65', 'Batch68', 'Sunil Chandorkar', '9850884944', 'Thanks to FFD team as my weight has came down and feeling very happy and energetic. BSL levels are well in control . Are you recommend WAGE daily ? Iam regularly doing 321', '2021-07-03 19:27:55', '', 0, 0, 0, 0, 1, 1, 0, 0, NULL),
(108, 'batch65', 'Batch69', 'm.n.babu', '8712719008', 'Good evening Dr.  Sunday is rest day for exercises. Is that I have to follow compulsory. Or can I do it on Sunday.', '2021-07-03 19:27:56', '91', 0, 0, 1, 0, 0, 0, 0, 0, NULL),
(109, 'batch65', 'Batch69', 'K.S.Harinarayana', '9845923655', 'As I have lost 6 kgs is this weight stabilise  orweight will increase in other phases', '2021-07-03 19:27:58', '', 0, 0, 0, 0, 1, 0, 0, 0, NULL),
(110, 'batch65', 'Batch62', 'Subash', '9004737775', 'Post covid what should be my excercise regime', '2021-07-03 19:28:08', '91', 0, 0, 0, 0, 0, 1, 0, 0, NULL),
(111, 'batch65', 'Batch64', 'anita lata gupta', '8800557237', 'mere lumber pain bhi ho raha hai aur core mucils me bhi pai hai', '2021-07-03 19:28:18', '', 0, 0, 0, 0, 0, 1, 0, 0, NULL),
(112, 'batch65', 'Batch69', 'I SURESH', '9423307203', 'Dr. you have been telling \"Insulin resistance\" has been done in last 3 months. What do you exactly mean and how do we confirm that.', '2021-07-03 19:28:29', '', 0, 0, 0, 1, 0, 0, 0, 0, NULL),
(113, 'batch65', 'Batch65', 'Sumathi Suresh', '9663071994', 'Does Covid infection increase the BSL? For how long?  Mine has not stabilized for more than 3 months now', '2021-07-03 19:28:36', '', 0, 0, 0, 0, 1, 0, 0, 0, NULL),
(114, 'batch65', 'Batch68', 'Jayanthi  Ekambaram', '9487137390', 'Insulin morning and night stopped.only in afternoon 6 unit taking. What is your advise to BSL reduction in afternoon. My HbA1c is 6.9', '2021-07-03 19:28:39', '', 0, 0, 0, 0, 1, 0, 0, 0, NULL),
(115, 'batch65', 'Batch68', 'Raghavendra ', '9987076165', '?is it due to diabetes?I have cold feet sensations and under thigh burning sensation for long sitting?  What to do ?', '2021-07-03 19:29:05', '', 0, 0, 0, 1, 1, 0, 0, 0, NULL),
(116, 'batch65', 'Batch67', 'Vilas Tarwadi', '8408814488', 'In 3 2 1 plan no muscle group is repeated in a week as per experts programme. How to plan the exercise to repeat a muscle group twice a week ?', '2021-07-03 19:29:20', '', 0, 0, 1, 0, 0, 0, 0, 0, NULL),
(117, 'batch65', 'Batch64', 'Vinod Kumar Srivastava', '770976850', 'Batch 64, Age 65, 26 yrs old diabetes. due to high creatine 1.11. on renal diet. when I will be allowed for protine powder to gain weight. weight 59 BMI 19.8', '2021-07-03 19:29:39', '213', 0, 0, 0, 0, 1, 1, 0, 0, NULL),
(118, 'batch65', 'Batch69', 'Indu', '9879614905', 'While doing squats there is slight cracking sound in the knees ..so should I continue to go extremely low or go only half the way ?', '2021-07-03 19:30:35', '', 0, 0, 0, 0, 1, 0, 0, 0, NULL),
(119, 'batch65', 'Batch68', 'Jayanthi  Ekambaram', '9487137390', 'How jogging to be done in the evening .Time duration pl inform', '2021-07-03 19:30:47', '', 0, 0, 0, 0, 1, 0, 0, 0, NULL),
(120, 'batch65', 'Batch68', 'Akshata  kale', '9227777940', 'Hello Dr. No medication\r\n\r\nToday I got my results after 3 months in Feb hba1c 9.6 and today 5.9\r\nFasting 199 and today 117 \r\nI am doing 3 days yoga 2 days strength and 1 day running\r\n\r\nI am doing upper lower core exercises from educational portal. Is that sufficient for strength training.\r\nI am getting very hungry in the evening.', '2021-07-03 19:31:14', '', 0, 0, 0, 0, 1, 1, 0, 0, '1800-2200 calorie diet '),
(121, 'batch65', 'Batch69', 'I SURESH', '9423307203', 'Dr. Can you please explain 3,2,1?', '2021-07-03 19:31:15', '', 0, 0, 0, 0, 0, 1, 0, 0, NULL),
(122, 'batch65', 'Batch68', 'R Ranjan Amitabh', '07091348509', 'In case of sole burning what to wear instead of slippers?', '2021-07-03 19:31:31', '91', 0, 0, 1, 0, 0, 0, 0, 0, NULL),
(123, 'batch65', 'Batch63', 'Vijender ', '9416910154', 'Batch number 63 BMI 20 lower body ko increase karne ke liye cycling 7 days mein kitne days Karni chahie', '2021-07-03 19:32:11', '', 0, 0, 1, 0, 0, 0, 0, 0, NULL),
(124, 'batch65', 'Batch68', 'DAMODARA RAO MYSA', '9848085243', 'HBA1C 5.9.  ABL 122.  MICROALBUMIN 0.9.    FBS104.  POST LUNCH123.  B UREA 25.7.  c c CREATININE 0.89.  F INSULIN 11.08.  HS CRP 0.06.  PLEASE comment and want to gain weight', '2021-07-03 19:33:03', '', 0, 0, 1, 1, 1, 0, 0, 0, NULL),
(125, 'batch65', 'Batch68', 'Jayanthi  Ekambaram', '9487137390', 'After suryanamaskar i am getting pain in my thighs .But in 2 days disappearing. Is it normal', '2021-07-03 19:33:36', '', 0, 0, 0, 0, 0, 1, 0, 0, 'DOMS'),
(126, 'batch65', 'Batch68', 'Rashmiranjan Mishra', '9930057248', 'My HbA1c has came down to 6.3 (without medicine) from 11.0 and BMI to 22.75 from 23.5 after joining FFD , lots of heartfelt thanks to Team FFD. Currently focusing more on 3-2-1 and continuing good health and wishlist of HbA1c less than 5.4 in next 3 months with maintaining BMI around 23+, before FFD it was 23.15', '2021-07-03 19:34:22', '', 0, 0, 0, 0, 0, 0, 0, 0, 'Rockstar - Next phase - no numbers :-)'),
(127, 'batch65', 'Batch69', 'Vijay Krishna', '9591984787', 'Can we split 3:2:1 at 50% of two activities per day?', '2021-07-03 19:34:26', '', 0, 0, 0, 0, 0, 1, 0, 0, NULL),
(128, 'batch65', 'Batch64', 'Dhanunjaya M', '09849657398', 'Myself doing weekly one 108 Suryanamaskar and 3 days cycling on Saturday going for longer distance presently at 75Kms and target to reach 100kms.\r\nWhat should be my next goal?\r\nI have foot numbness. Suggest me to over come.?', '2021-07-03 19:34:29', '', 0, 0, 0, 1, 0, 1, 0, 0, NULL),
(129, 'batch65', 'Batch62', 'Subash', '9004737775', 'Post covid i am having neck& back pain .what shud i do to overcome this', '2021-07-03 19:34:52', '91', 0, 0, 0, 0, 0, 1, 0, 0, NULL),
(130, 'batch65', 'Batch69', 'Asha patekh', '9712916718', 'Age 64  BMI 20.64  weight 50 Kilo\r\nDue to survival pain can not  do muscle  exercise. What can I do to built up muscle.', '2021-07-03 19:34:53', '', 0, 0, 0, 0, 0, 1, 0, 0, 'Ankle weight 0.5kg 1 set and use for leg exercises'),
(131, 'batch65', 'Batch68', 'S Shanthi', '9677294284', 'doctor  my  hba1c  is  come  down  from  9.1  to  6.7.  can  i  take  fish fry  once  or  twice  a  day.  will  it  increase  the  BSL.  My  cholesterol is  148. My  BMI is 21', '2021-07-03 19:35:28', '', 0, 0, 0, 0, 1, 0, 0, 0, NULL),
(132, 'batch65', 'Batch62', 'Shobha', '9619405970', 'which exercise will help to reduce belly fat', '2021-07-03 19:35:48', '', 0, 0, 0, 0, 0, 1, 0, 0, NULL),
(133, 'batch65', 'Batch69', 'Indu', '9879614905', 'Whatâ€™s this pattern of 3-2-1 you are talking about ?', '2021-07-03 19:36:38', '', 0, 0, 0, 0, 0, 1, 0, 0, NULL),
(134, 'batch65', 'Batch66', 'BHUNESH SINGH', '08910459316', 'My BMI is 23 is it necessary  to do juice feasting onc in a week  dose it stable BSL', '2021-07-03 19:36:44', '91', 0, 0, 0, 0, 1, 0, 0, 0, NULL),
(135, 'batch65', 'Batch65', 'Satish Joshi', '09920356532', 'BMI=21  Follow ffd diet & excercises. But 2 tablets per day  not reducing. Anything else to be tried ou further?', '2021-07-03 19:37:56', '91', 0, 0, 0, 1, 0, 0, 0, 0, NULL),
(136, 'batch65', 'Batch68', 'Rashmiranjan Mishra', '9930057248', 'My pulse is between 90 to 100 bp is around 110/70 any health indicative issues ??', '2021-07-03 19:38:06', '', 0, 0, 0, 1, 0, 0, 0, 0, NULL),
(137, 'batch65', 'Batch68', 'Brinda Vijendran', '9833290867', 'Hba1c is 5.7 taking Vogli, Amyryl , Galvus Met before lunch, is it ok? Will my medication go down?', '2021-07-03 19:38:15', '91', 0, 0, 0, 1, 0, 0, 0, 0, NULL),
(138, 'batch65', 'Batch67', 'Nutan Raj', '9869459286', 'I am underweight and I have started gai ing weight. Inspite of doing exercise as per 3:2:1 the weight gain is around the stomach area. How do I prevent this', '2021-07-03 19:38:25', '', 0, 0, 0, 0, 0, 1, 0, 0, NULL),
(139, 'batch65', 'Batch68', 'Mahesh Pathak', '9810733556', 'Dr thank you and entire FFD team. My Hb1c is 6.4 without any medicine and my home GTT came to 169 and not sure how far am I to pass GTT', '2021-07-03 19:39:12', '', 0, 0, 0, 1, 1, 1, 0, 0, NULL),
(140, 'batch65', 'Batch64', 'Malini Lachminarayana', '09739428282', 'Will sagging skin improve steadily with exercise? How to reduce stomach fat. I am doing 3 days of strength 2 days of yoga and one day of 45 min brisk walk. Iam 62 yrs.', '2021-07-03 19:39:31', '91', 0, 0, 0, 0, 0, 1, 0, 0, NULL),
(141, 'batch65', 'Batch68', 'Jayanthi  Ekambaram', '9487137390', 'phase4 we need clarity in Exercises very much. Dr you are doing wonderful job clarifying all our points .Thank you', '2021-07-03 19:39:35', '', 0, 0, 1, 0, 0, 0, 0, 0, NULL),
(142, 'batch65', 'Batch63', 'ketki shah', '9820148242', 'as soon as i get up from bed i have severe back pain for 10 mins and then vanishes  just want to understand the reason', '2021-07-03 19:39:47', '91', 0, 0, 1, 0, 0, 1, 0, 0, NULL),
(143, 'batch65', 'Batch61', 'Ashish kothari', '9867192456', 'i am taking anabolic smoothie empty stomach in the morning and immediately after that i do my excercises is that ok?', '2021-07-03 19:40:17', '91', 0, 0, 0, 0, 1, 1, 0, 0, NULL),
(144, 'batch65', 'Batch69', 'I SURESH', '9423307203', 'Because of busy home-work schedule, it is not possible to follow all FFD protocols or schedules. This gives a guilt feeling. Can you please tell what are the steps that we should not miss out at all.', '2021-07-03 19:40:18', '', 0, 0, 0, 0, 1, 0, 0, 0, NULL),
(145, 'batch65', 'Batch64', 'PARESH GIRDHARLAL SHAH', '09831097216', 'does resistance band for upper back aggravate cervical spondylitis ?', '2021-07-03 19:41:30', '', 0, 0, 0, 0, 0, 1, 0, 0, NULL),
(146, 'batch65', 'Batch66', 'chandrashekhar be', '9481245906', 'In addition to SN, Palm Planks, Push-ups, Antidiabetic Asanas in the morning I follow 3-2-1 (Gym-Yoga-Cycling) in the evening (Cycling on Saturdays). Is this OK or I should only follow 3-2-1? On half Reclide-40 from today. BSL well within the threshold including FBSL.', '2021-07-03 19:41:34', '', 0, 0, 0, 0, 1, 1, 0, 0, NULL),
(147, 'batch65', 'Batch63', 'ketki shah', '9820148242', 'ckd patient  what resrction i have in terms of  exercising', '2021-07-03 19:41:54', '91', 0, 0, 0, 0, 0, 1, 0, 0, NULL),
(148, 'batch65', 'Batch69', 'Gireesh', '9871112262', 'Does Reclide help those who have minimal or no Insulin production.', '2021-07-03 19:42:03', '', 0, 0, 0, 1, 0, 0, 0, 0, NULL),
(149, 'batch65', 'Batch66', 'KAVITA DIXIT', '09821735814', 'Contracted covid and had a harrowing time. Was it because I was in the \"thin cow\" phase?\r\nNo FFD diet and exercise being followed now. Very weak now. Will I be able to become \"healthy horse\"? Should I continue FFD?', '2021-07-03 19:44:08', '', 0, 0, 0, 0, 1, 0, 0, 0, NULL),
(150, 'batch65', 'Batch69', 'Manoj Goel', '9711860599', 'What could be the probable reason of weight fluctuating to 1-1.5 kgs in a day? How does one know that what is the actual weight?', '2021-07-03 19:44:22', '', 0, 0, 0, 0, 1, 1, 0, 0, NULL),
(151, 'batch65', 'Batch66', 'Suryakant', '9945568717', 'In May my HBA1C was 5.3, BMI 20.3 now, Sugar under control, medication stopped on May 6. I am following 3:2:1 from May.  How to increase my BMI?', '2021-07-03 19:44:51', '91', 0, 0, 0, 0, 1, 0, 0, 0, NULL),
(152, 'batch65', 'Batch63', 'ketki shah', '9820148242', 'bmi 6.5 off medicine am I ready for glicemix ladder', '2021-07-03 19:45:20', '91', 0, 0, 0, 0, 0, 0, 0, 0, NULL),
(153, 'batch65', 'Batch67', 'Ravi Nagaraj', '9901799992', 'my a1c 4.9 bmi 20.9 no medication now i do 14 kms cycling in the evening after dinner which i am comfortble. is this ok', '2021-07-03 19:45:50', '', 0, 0, 0, 0, 0, 1, 0, 0, NULL),
(154, 'batch65', 'Batch69', 'Prakash GK', '09789820719', 'Hello Dr.! I started FFD with 27 BMI in April & now at ~23 with weight loss of 12kgs in 2 months. Currently without medication but only on low carb diet just started 3 meal basis for past 1 week. This is a temporary phase..Relying on NOD to be below 140 after each meal. Fasting is under control <115. How long this might be reqd? After how long we will be ready to start other meals , eggs, Non-veg etc ? Which activities/phase are more crucial for ensuring 100% reversal?', '2021-07-03 19:47:30', '', 0, 0, 0, 0, 0, 1, 0, 0, NULL),
(155, 'batch65', 'Batch65', 'Satyanarayana KM', '9448836946', 'Batch 65  age 60  BMI 22+  started with HbA1c 7.9.  now after face 6.3  but 2 time tablet is continuing.  Doing gym in full speed.  Muscle and weight is gaining .  whether any chance of doing away with medicines.     I am taking anabolic smoothie.  whether it is to be taken after or before excercise.  If it is to be after excercise then I have to exercise  with empty stomach.  pl guide', '2021-07-03 19:48:13', '91', 0, 0, 0, 1, 0, 0, 0, 0, NULL),
(156, 'batch65', 'Batch63', 'ketki shah', '9820148242', 'sometimes i feel very weak and cannot do exercise for three or four days a week', '2021-07-03 19:48:54', '91', 0, 0, 0, 0, 1, 0, 0, 0, NULL),
(157, 'batch65', 'Batch68', 'Jayanthi  Ekambaram', '9487137390', 'Zumba dance will lead to weight reduction .?Is it applicable for <23 BMI group', '2021-07-03 19:49:55', '', 0, 0, 0, 0, 0, 1, 0, 0, NULL),
(158, 'batch65', 'Batch69', 'Manjunath Ballur', '09900584312', 'Sir, my BMI is 18.86. My BSL is  normal without medication, as of now. How do I determine if I am CIRDD or SIDD? C-peptide test?', '2021-07-03 19:50:03', '', 0, 0, 0, 1, 1, 0, 0, 0, NULL),
(159, 'batch65', 'Batch69', 'Gireesh', '9871112262', 'Should the anabolic smoothie be taken before the workout in the morning or after the workout', '2021-07-03 19:50:28', '', 0, 0, 1, 0, 1, 0, 0, 0, NULL),
(160, 'batch65', 'Batch67', 'Ravi Nagaraj', '9901799992', 'My A1C is 4.9 and i cycle 15 kms everyday, but still the BSL varies', '2021-07-03 19:51:20', '', 0, 0, 0, 0, 1, 1, 0, 0, NULL),
(161, 'batch65', 'Batch68', 'Sunil Chandorkar', '9850884944', 'Normal Walk of @ 15 mins after afternoon lunch is ok or acceptable? Please confirm', '2021-07-03 19:51:29', '', 0, 0, 0, 0, 0, 1, 0, 0, NULL),
(162, 'batch65', 'Batch69', 'ANJU GUPTA', '9888866614', 'sir, what is 3-2-1. is it about diet or exercise', '2021-07-03 19:51:46', '', 0, 0, 0, 0, 0, 1, 0, 0, NULL),
(163, 'batch65', 'Batch69', 'Bhaskar Rao Kola ', '9948080079', 'During early mornings, I am feeling weak hungry.  Can I take some eatables before going for any exercises? Please advise .', '2021-07-03 19:52:11', '', 0, 0, 0, 0, 0, 1, 0, 0, NULL),
(164, 'batch65', 'Batch62', 'Sachin Shete ', '9922446247', 'Can we do 30 mins cardio+ 30 mins weight  for 5 days and 6 day yoga .is it alternative for 3/2/1.', '2021-07-03 19:52:13', '91', 0, 0, 0, 0, 0, 1, 0, 0, NULL),
(165, 'batch65', 'Batch61', 'Vaishali Girimaji', '9845733100', 'Dr.Malhar, I m getting some or the other hurdles whenever I m trying get into muscle building phase...really frustrated...any suggestions', '2021-07-03 19:52:30', '91', 0, 0, 0, 0, 1, 1, 0, 0, NULL),
(166, 'batch65', 'Batch67', 'Sudha Subramaniam', '5083662420', 'I am batch 67. 61 years. Medicines were stopped after 4 days and 3 month test H1AC is 5.6. However once I moved to Inner transformation my sugar levels are never below 130 after lunch and dinner. I do 321 every week. Use 2.5 KGS as weights. BMI is ~20.8.  If I eat a little more food, sugar  goes to 180. Is my sugar going to go < 5.6 in 6 months', '2021-07-03 19:52:31', '1', 0, 0, 0, 1, 0, 0, 0, 0, NULL),
(167, 'batch65', 'Batch69', 'Arul Murugan S ', '9677079033', 'Good Evening Doctor.... Instead of AGE, shall I do weight lifting? If I do weight lifting, I feel more hunger. Do I need to inform the doctor about adopting Weight lifting instead of AGE to add the medications? Or will it be done during phase 4?', '2021-07-03 19:52:35', '', 0, 0, 0, 1, 0, 1, 0, 0, NULL),
(168, 'batch65', 'Batch68', 'randhir chauhan', '09825606602', 'my bmi is 22.5. what is the recommended time for per day exercise. 45Min / 60 Min or more ?', '2021-07-03 19:53:08', '', 0, 0, 0, 0, 0, 1, 0, 0, NULL),
(169, 'batch65', 'Batch69', 'Prakash R', '9833133309', 'I lost weight of 9 kgs and BMI came down from 26 to 22. Will I be getting different exercise pattern?', '2021-07-03 19:54:09', '', 0, 0, 0, 0, 0, 1, 0, 0, NULL),
(170, 'batch65', 'Batch68', 'Sivaram', '9422701546', 'BMI is 23....hb1ac is 5.1 only concern is increase in uric acid from 6.8 to 10... anything to be concerned?...I am diligently following 321 regime given by exercise expert and Sundays I am doing 108 suryanamaskars', '2021-07-03 19:54:17', '', 0, 0, 0, 0, 0, 1, 0, 0, NULL),
(171, 'batch65', 'Batch62', 'LAKHI GOND ', '6289485436', 'I increase my weight 54kg to 61kg', '2021-07-03 19:56:36', '', 0, 0, 0, 0, 1, 1, 0, 0, NULL),
(172, 'batch65', 'Batch64', 'Shivani savara', '9818441529', 'Sir if my decline of bsl from 2 hours to 2hr 15 minutes is from 156 to 125 does that mean I have built muscle mass due to this decline which was earlier much less', '2021-07-03 19:57:31', '91', 0, 0, 0, 0, 0, 1, 0, 0, NULL),
(173, 'batch65', 'Batch67', 'Sudha Subramaniam', '5083662420', 'I am 61 yrs. Stopped medication after 4 days. 3 month H1AC was 5.6. BMI is ~20.8.  After I moved to phase 4/5, my food consumption was increased and now my sugar levels after lunch and dinner is always between 140-160. if I eat a little more food, sugar goes to 170-180. I do 321 regularly 2.5 KG weights. take 30 GM of protein daily.  I am worried about my sugar levels now. Is that going to come down if I continue with this regimen?', '2021-07-03 19:57:31', '1', 0, 0, 1, 0, 0, 0, 0, 0, NULL),
(174, 'batch65', 'Batch69', 'I SURESH', '9423307203', 'Dr.  how severely smoking and drinking (occasionally) affect reversal. I am still working to quit, especially after achieving 5.6 hba1c from 6.2 (and never on medicine).', '2021-07-03 19:57:52', '', 0, 0, 0, 0, 1, 1, 0, 0, NULL),
(175, 'batch65', 'Batch68', 'randhir chauhan', '09825606602', 'what is athletic group?', '2021-07-03 19:57:57', '', 0, 0, 0, 0, 0, 1, 0, 0, NULL),
(176, 'batch65', 'Batch68', 'Manoj pevekar', '8484593779', 'I got neck injury while doing resistance band now doing physiothearapy so what excerise i should do?', '2021-07-03 19:58:04', '1', 0, 0, 0, 0, 0, 1, 0, 0, NULL),
(177, 'batch65', 'Batch65', 'Abha Agrohi', '09760090272', 'is stamina exercise not to be done by low BMI as it again reduces weight', '2021-07-03 20:01:06', '91', 0, 0, 0, 0, 1, 1, 0, 0, NULL),
(178, 'batch65', 'Batch65', 'Satyanarayana KM', '9448836946', 'What is the ideal dumbell wts for the BMI 22+ and 60 kG', '2021-07-03 20:01:50', '91', 0, 0, 0, 0, 0, 1, 0, 0, NULL),
(179, 'batch65', 'Batch64', 'Shivani savara', '9818441529', 'Is juice feasting only way to keep body alkaline', '2021-07-03 20:02:29', '91', 0, 0, 0, 0, 0, 1, 0, 0, NULL),
(180, 'batch65', 'Batch62', 'Seshadri p Srikantan ', '9920886855', 'Thank you very much, wonderful session and gained a lot with your excellent answers , keep up the great work', '2021-07-03 20:03:19', '', 0, 0, 1, 0, 0, 0, 0, 0, NULL),
(181, 'batch65', 'Batch69', 'Sandip Das', '594361234', 'I apprehend whether I shall be able to hit the gym in this pandemic situation in my location middle east country. Is there any option to gym like practices at home for the time being!!', '2021-07-03 20:03:38', '966', 0, 0, 0, 0, 1, 0, 0, 0, NULL),
(182, 'batch65', 'Batch67', 'Sudha Subramaniam', '5083662420', 'if I skip 321 schedule one day, can I make it up next day ?', '2021-07-03 20:06:35', '1', 0, 0, 0, 0, 0, 1, 0, 0, NULL),
(183, 'batch65', 'Batch68', 'Jayanthi  Ekambaram', '9487137390', 'After i wake up i am having finger triggering .After wards it goes off.Any specific exercise for this', '2021-07-03 20:06:51', '', 0, 0, 0, 0, 0, 1, 0, 0, NULL),
(184, 'batch65', 'Batch65', 'Abha Agrohi', '09760090272', 'HbA1c shifted  higher side 6.7 from 6.2  during 4 th phase', '2021-07-03 20:06:59', '91', 0, 0, 0, 0, 1, 1, 0, 0, NULL),
(185, 'batch65', 'Batch64', 'Shivani savara', '9818441529', 'How can I speed up muscle gain...is it by doubling hours like 2 hours instead of 1 hour daily..or change it to 4 :2:1', '2021-07-03 20:07:11', '91', 0, 0, 0, 0, 1, 0, 0, 0, NULL),
(186, 'batch65', 'Batch68', 'Raghavendra Kulkarni', '09987076165', 'How long reclide & Jalra is advised?', '2021-07-03 20:09:07', '', 0, 0, 0, 1, 0, 0, 0, 0, NULL),
(187, 'batch65', 'Batch63', 'Anila Bansod', '9920260368', 'While doing resistance band exercise, have injured my foot. Need suggestion to cure it.', '2021-07-03 20:09:28', '', 0, 0, 0, 0, 0, 1, 0, 0, NULL),
(188, 'batch65', 'Batch67', 'Vilas Tarwadi', '8408814488', 'I like to do work with weights . I started with 5 kg dum bells, shifted to 7.5 kg and now trying 10 kg . But doing exercises with proper breathing takes a little more time.Can we do a muscle group a day ?', '2021-07-03 20:09:50', '', 0, 0, 0, 0, 0, 1, 0, 0, NULL),
(189, 'batch65', 'Batch62', 'Srinivas', '8754571229', 'While doing excercises , cracking sound coming  from knee, is this any problem? But Ihave no pain.pl.suggest.', '2021-07-03 20:10:06', '', 0, 0, 0, 0, 0, 1, 0, 0, NULL),
(190, 'batch65', 'Batch66', 'Yash Motwani ', '8005946083', 'Age 25 BMI 21.5 ,Skeletal Muscle - 37.1%  Body fat - 12.1%  , Visceral fat - 4.5% . Doing 5 days gym 1-1 day yoga & running . Is it ok ?', '2021-07-03 20:10:52', '', 0, 0, 0, 0, 0, 1, 0, 0, NULL),
(191, 'batch65', 'Batch64', 'Hitendra Badrakiya', '9824310906', 'Does cycling once a week for about 25-30 KMs reduce weight? Other days are 3 days strength, 2 days flexibility (yoga)', '2021-07-03 20:11:11', '91', 0, 0, 0, 0, 1, 1, 0, 0, NULL),
(192, 'batch65', 'Batch67', 'Shrikant', '7021145964', 'Thanks for exposure to the Diabetheltic WhatsApp group. Just curious, is everyone else on the group a diabetic or are some just into fitness or weight management?', '2021-07-03 20:11:51', '', 0, 0, 0, 0, 1, 1, 0, 0, NULL),
(193, 'batch65', 'Batch62', 'Subash', '9004737775', 'When can i take my 1st jab of vaccination- 90 days from contracting the disease or 90 days after 14 days of isolation period', '2021-07-03 20:11:56', '91', 0, 0, 0, 1, 0, 0, 0, 0, NULL),
(194, 'batch65', 'Batch65', 'Frank', '55713024', 'HBa1c 5.2 but daily suger hunting between 140 to 180, tablet started, can it will reduce', '2021-07-03 20:12:08', '974', 0, 0, 0, 1, 0, 0, 0, 0, NULL),
(195, 'batch65', 'Batch64', 'Chhaya Bhavsar', '09225119659', 'Sir my bmi is 24.5\r\nHba1c is 4.9\r\nMedication free before 6 month\r\nExercise 3-2-1\r\nMussel gain\r\nBut\r\nFrom last 2 months anabolic smoothie start\r\n\r\nPet pe charbi badh gayi hai', '2021-07-03 20:13:36', '', 0, 0, 0, 0, 0, 1, 0, 0, NULL),
(196, 'batch65', 'Batch63', 'ketki shah', '9820148242', 'bmi 21 hba1c 6.5 off medicine am i ready for glicemix ladder', '2021-07-03 20:14:34', '91', 0, 0, 0, 0, 1, 0, 0, 0, 'G.Ladder'),
(197, 'batch65', 'Batch67', 'Sudha Subramaniam', '5083662420', 'I can exercise only after 5 PM. is that ok?', '2021-07-03 20:15:23', '1', 0, 0, 0, 0, 0, 1, 0, 0, NULL),
(198, 'batch65', 'Batch62', 'Sarika Nahata ', '8240615184', 'Severe hair loss what to do', '2021-07-03 20:17:03', '91', 0, 0, 0, 0, 1, 0, 0, 0, NULL),
(199, 'batch65', 'Batch68', 'S Shanthi', '9677294284', 'doctor  is  it  advisable  to  go for  healthyfyme app  for  the  calories  count .  will  this  app  help', '2021-07-03 20:17:44', '', 0, 0, 0, 0, 1, 0, 0, 0, NULL),
(200, 'batch65', 'Batch67', 'Priya Ramakrishnan', '9341962148', 'my My fasting sugars are around 140 to 150.. can i do my morning  exercises and then have my anabolic smoothie..', '2021-07-03 20:17:57', '', 0, 0, 0, 0, 1, 1, 0, 0, NULL),
(201, 'batch65', 'Batch68', 'R Ranjan Amitabh', '07091348509', 'Dairy products?', '2021-07-03 20:19:02', '91', 0, 0, 0, 0, 1, 0, 0, 0, NULL),
(202, 'batch65', 'Batch68', 'Nisha', '9980545174', 'Anabolic Smoothie with protein powder need to be taken after doing muscle building excercise right .. little confused as you just told to take it immediately after getting up?', '2021-07-03 20:19:44', '', 0, 0, 0, 0, 1, 0, 0, 0, NULL),
(203, 'batch65', 'Batch66', 'Sary', '7588581111', 'I   am 60 years old  my  bmi 28 my  E SR is very high', '2021-07-03 20:20:11', '', 0, 0, 0, 1, 0, 0, 0, 0, NULL);
INSERT INTO `tbl_questions` (`id`, `batch`, `select_batch`, `user_name`, `user_phone`, `user_question`, `asked_at`, `user_code`, `speaker`, `answered`, `responded`, `doctor`, `diet`, `exercise`, `mentor`, `operations`, `remark`) VALUES
(204, 'batch65', 'Batch67', 'Vilas Tarwadi', '8408814488', 'Does eating egg acidifies the body? I take the egg on alternate days when I do Gym.', '2021-07-03 20:23:12', '', 0, 0, 1, 0, 0, 0, 0, 0, NULL),
(205, 'batch65', 'Batch69', 'I SURESH', '9423307203', 'Thank you very much for tolerating my questions (!) and nice answers.  I feel more relaxed and energetic.', '2021-07-03 20:23:48', '', 0, 0, 1, 0, 0, 0, 0, 0, NULL),
(206, 'batch65', 'Batch64', 'Shivani savara', '9818441529', 'Appreciate all the interactions that ffd plans for the participants ðŸ™‚', '2021-07-03 20:23:55', '91', 0, 0, 1, 0, 0, 0, 0, 0, NULL),
(207, 'batch65', 'Batch62', 'Sarika Nahata ', '8240615184', 'Severe hair loss  what to do', '2021-07-03 20:24:15', '91', 0, 0, 1, 0, 0, 0, 0, 0, NULL),
(208, 'batch65', 'Batch62', 'Sarika Nahata ', '8240615184', 'Severe hair loss  what to do', '2021-07-03 20:24:15', '91', 0, 0, 1, 0, 0, 0, 0, 0, NULL),
(209, 'batch65', 'Batch64', 'Dr Mohan Kumar SL', '9448189250', 'Sir can v use b protien in place of Amway protien powder', '2021-07-03 20:24:22', '91', 0, 0, 1, 0, 0, 0, 0, 0, NULL),
(210, 'batch65', 'Batch68', 'Jagannathan S', '09449116257', 'Greetings Doctor,   Thanks for the session...', '2021-07-03 20:26:08', '', 0, 0, 1, 0, 0, 0, 0, 0, NULL),
(211, 'batch65', 'Batch63', 'ketki shah', '9820148242', 'fantastic session  In my opinion sir  you should be taking such Q /A  session twice a week to keep us track. SIMPLY SUPERB', '2021-07-03 20:26:56', '91', 0, 0, 1, 0, 0, 0, 0, 0, NULL),
(212, 'batch65', 'Batch68', 'Vinod mali', '08600833350', 'If I want to do exercise after dinner then how much should be time gap between dinner and exercise?', '2021-07-03 20:28:06', '91', 0, 0, 1, 0, 0, 0, 0, 0, NULL),
(213, 'batch65', 'Batch69', 'Manoj Goel', '9711860599', 'speedometer', '2021-07-03 20:30:18', '', 0, 0, 0, 0, 0, 0, 0, 0, NULL),
(214, 'batch65', 'Batch66', 'Vivekanand Yadav', '09826018562', 'Looking at speedometer', '2021-07-03 20:30:18', '', 0, 0, 0, 0, 0, 0, 0, 0, NULL),
(215, 'batch65', 'Batch69', 'I SURESH', '9423307203', 'speedometer', '2021-07-03 20:30:18', '', 0, 0, 0, 0, 0, 0, 0, 0, NULL),
(216, 'batch65', 'Batch61', 'Abhijit Mirajkar', '9916209596', 'speedometer', '2021-07-03 20:30:19', '', 0, 0, 0, 0, 0, 0, 0, 0, NULL),
(217, 'batch65', 'Batch65', 'Radha Ramani', '09945592835', 'Speedometer', '2021-07-03 20:30:19', '', 0, 0, 0, 0, 0, 0, 0, 0, NULL),
(218, 'batch65', 'Batch63', 'Megha Pawar', '9930947991', 'Speedometrr', '2021-07-03 20:30:20', '', 0, 0, 0, 0, 0, 0, 0, 0, NULL),
(219, 'batch65', 'Batch68', 'Jayanthi  Ekambaram', '9487137390', 'speedometer', '2021-07-03 20:30:21', '', 0, 0, 0, 0, 0, 0, 0, 0, NULL),
(220, 'batch65', 'Batch68', 'S Shanthi', '9677294284', 'speedometer', '2021-07-03 20:30:24', '', 0, 0, 0, 0, 0, 0, 0, 0, NULL),
(221, 'batch65', 'Batch62', 'Shobha', '9619405970', 'speedometer', '2021-07-03 20:30:25', '', 0, 0, 0, 0, 0, 0, 0, 0, NULL),
(222, 'batch65', 'Batch69', 'Manjunath Ballur', '09900584312', 'Speedometer', '2021-07-03 20:30:29', '', 0, 0, 0, 0, 0, 0, 0, 0, NULL),
(223, 'batch65', 'Batch68', 'SABERA THYAGARAJAN', '9820132503', 'speedometer', '2021-07-03 20:30:31', '', 0, 0, 0, 0, 0, 0, 0, 0, NULL),
(224, 'batch65', 'Batch68', 'Rashmiranjan Mishra', '9930057248', 'Metsr', '2021-07-03 20:30:31', '', 0, 0, 0, 0, 0, 0, 0, 0, NULL),
(225, 'batch65', 'Batch68', 'ATUL ANDEWAR', '9011008480', 'looking at the speedo meter', '2021-07-03 20:30:32', '', 0, 0, 0, 0, 0, 0, 0, 0, NULL),
(226, 'batch65', 'Batch65', 'Satyanarayana KM', '9448836946', 'odo meter', '2021-07-03 20:30:33', '91', 0, 0, 0, 0, 0, 0, 0, 0, NULL),
(227, 'batch65', 'Batch68', 'Chandru', '9448944815', 'watching at meeter', '2021-07-03 20:30:34', '', 0, 0, 0, 0, 0, 0, 0, 0, NULL),
(228, 'batch65', 'Batch65', 'Radha Ramani', '09945592835', 'Speedometer', '2021-07-03 20:30:35', '', 0, 0, 0, 0, 0, 0, 0, 0, NULL),
(229, 'batch65', 'Batch67', 'Vilas Tarwadi', '8408814488', 'Accelator', '2021-07-03 20:30:36', '', 0, 0, 0, 0, 0, 0, 0, 0, NULL),
(230, 'batch65', 'Batch63', 'H K C Swamy', '9845147159', 'speedameter', '2021-07-03 20:30:36', '', 0, 0, 0, 0, 0, 0, 0, 0, NULL),
(231, 'batch65', 'Batch65', 'Satish Joshi', '09920356532', 'speedometer', '2021-07-03 20:30:37', '91', 0, 0, 0, 0, 0, 0, 0, 0, NULL),
(232, 'batch65', 'Batch68', 'Meenu Kapoor ', '9820787921', 'Speedometer', '2021-07-03 20:30:38', '', 0, 0, 0, 0, 0, 0, 0, 0, NULL),
(233, 'batch65', 'Batch68', 'randhir chauhan', '09825606602', 'speedometer', '2021-07-03 20:30:39', '', 0, 0, 0, 0, 0, 0, 0, 0, NULL),
(234, 'batch65', 'Batch64', 'Dhanunjaya M', '09849657398', 'Speedometer', '2021-07-03 20:30:39', '', 0, 0, 0, 0, 0, 0, 0, 0, NULL),
(235, 'batch65', 'Batch69', 'Anand Sadashiv Pendharkar', '09423051630', 'Not putting leg on brakes', '2021-07-03 20:30:40', '', 0, 0, 0, 0, 0, 0, 0, 0, NULL),
(236, 'batch65', 'Batch63', 'ketki shah', '9820148242', 'on speedo meter', '2021-07-03 20:30:41', '91', 0, 0, 0, 0, 0, 0, 0, 0, NULL),
(237, 'batch65', 'Batch68', 'Rashmiranjan Mishra', '9930057248', 'Speedo meter', '2021-07-03 20:30:46', '', 0, 0, 0, 0, 0, 0, 0, 0, NULL),
(238, 'batch65', 'Batch68', 'Raghavendra Kulkarni', '09987076165', 'look at speedometer', '2021-07-03 20:30:47', '', 0, 0, 0, 0, 0, 0, 0, 0, NULL),
(239, 'batch65', 'Batch69', 'Sandip Das', '594361234', 'Speedometer', '2021-07-03 20:30:49', '966', 0, 0, 0, 0, 0, 0, 0, 0, NULL),
(240, 'batch65', 'Batch68', 'K L Sharma', '9930909992', 'Look at meter', '2021-07-03 20:30:50', '', 0, 0, 0, 0, 0, 0, 0, 0, NULL),
(241, 'batch65', 'Batch68', 'Meenu Kapoor ', '9820787921', 'Acceleration', '2021-07-03 20:30:55', '', 0, 0, 0, 0, 0, 0, 0, 0, NULL),
(242, 'batch65', 'Batch67', 'Priya Ramakrishnan', '9341962148', 'Speedometer', '2021-07-03 20:30:58', '', 0, 0, 0, 0, 0, 0, 0, 0, NULL),
(243, 'batch65', 'Batch65', 'Radha Ramani', '09945592835', 'No', '2021-07-03 20:30:58', '', 0, 0, 0, 0, 0, 0, 0, 0, NULL),
(244, 'batch65', 'Batch68', 'Vinod mali', '08600833350', 'speedometer', '2021-07-03 20:30:58', '91', 0, 0, 0, 0, 0, 0, 0, 0, NULL),
(245, 'batch65', 'Batch68', 'randhir chauhan', '09825606602', 'accelrator', '2021-07-03 20:31:02', '', 0, 0, 0, 0, 0, 0, 0, 0, NULL),
(246, 'batch65', 'Batch63', 'H K C Swamy', '9845147159', 'accelator', '2021-07-03 20:31:08', '', 0, 0, 0, 0, 0, 0, 0, 0, NULL),
(247, 'batch65', 'Batch67', 'KAMOD KUMAR', '8158995253', 'Accelerator', '2021-07-03 20:31:22', '62', 0, 0, 0, 0, 0, 0, 0, 0, NULL),
(248, 'batch65', 'Batch69', 'RAVICHANDRAN RAJAMANI', '8978222997', 'speedometer', '2021-07-03 20:31:27', '', 0, 0, 0, 0, 0, 0, 0, 0, NULL),
(249, 'batch65', 'Batch65', 'Radha Ramani', '09945592835', 'Excellent!!', '2021-07-03 20:33:10', '', 0, 0, 0, 0, 0, 0, 0, 0, NULL),
(250, 'batch65', 'Batch69', 'Manoj Goel', '9711860599', 'Very well explained Dr. :-)', '2021-07-03 20:33:18', '', 0, 0, 0, 0, 0, 0, 0, 0, NULL),
(251, 'batch65', 'Batch63', 'Megha Pawar', '9930947991', 'Excellent analogy', '2021-07-03 20:33:34', '', 0, 0, 0, 0, 0, 0, 0, 0, NULL),
(252, 'batch65', 'Batch68', 'S Shanthi', '9677294284', 'a', '2021-07-03 20:35:54', '', 0, 0, 0, 0, 0, 0, 0, 0, NULL),
(253, 'batch65', 'Batch63', 'H K C Swamy', '9845147159', 'option A', '2021-07-03 20:35:57', '', 0, 0, 0, 0, 0, 0, 0, 0, NULL),
(254, 'batch65', 'Batch65', 'Radha Ramani', '09945592835', 'A', '2021-07-03 20:35:59', '', 0, 0, 0, 0, 0, 0, 0, 0, NULL),
(255, 'batch65', 'Batch69', 'Manjunath Ballur', '09900584312', 'B', '2021-07-03 20:36:01', '', 0, 0, 0, 0, 0, 0, 0, 0, NULL),
(256, 'batch65', 'Batch68', 'Jayanthi  Ekambaram', '9487137390', 'A', '2021-07-03 20:36:01', '', 0, 0, 0, 0, 0, 0, 0, 0, NULL),
(257, 'batch65', 'Batch69', 'I SURESH', '9423307203', 'A', '2021-07-03 20:36:01', '', 0, 0, 0, 0, 0, 0, 0, 0, NULL),
(258, 'batch65', 'Batch64', 'Ashesh Kumar  Roy', '09434385417', 'B', '2021-07-03 20:36:01', '91', 0, 0, 0, 0, 0, 0, 0, 0, NULL),
(259, 'batch65', 'Batch69', 'Anand Sadashiv Pendharkar', '09423051630', 'Option A', '2021-07-03 20:36:04', '', 0, 0, 0, 0, 0, 0, 0, 0, NULL),
(260, 'batch65', 'Batch68', 'Chandru', '9448944815', 'a', '2021-07-03 20:36:04', '', 0, 0, 0, 0, 0, 0, 0, 0, NULL),
(261, 'batch65', 'Batch68', 'Guruprasad Pujar', '9511642466', 'A', '2021-07-03 20:36:05', '', 0, 0, 0, 0, 0, 0, 0, 0, NULL),
(262, 'batch65', 'Batch68', 'Sunil Chandorkar', '9850884944', 'B', '2021-07-03 20:36:06', '', 0, 0, 0, 0, 0, 0, 0, 0, NULL),
(263, 'batch65', 'Batch64', 'JP', '2245587015', 'A', '2021-07-03 20:36:06', '1', 0, 0, 0, 0, 0, 0, 0, 0, NULL),
(264, 'batch65', 'Batch64', 'Ajay Agarwal', '9993033045', 'Option A', '2021-07-03 20:36:07', '', 0, 0, 0, 0, 0, 0, 0, 0, NULL),
(265, 'batch65', 'Batch61', 'Ashish kothari', '9867192456', 'b', '2021-07-03 20:36:08', '91', 0, 0, 0, 0, 0, 0, 0, 0, NULL),
(266, 'batch65', 'Batch68', 'ATUL ANDEWAR', '9011008480', 'Option A', '2021-07-03 20:36:08', '', 0, 0, 0, 0, 0, 0, 0, 0, NULL),
(267, 'batch65', 'Batch68', 'Rashmiranjan Mishra', '9930057248', 'A', '2021-07-03 20:36:09', '', 0, 0, 0, 0, 0, 0, 0, 0, NULL),
(268, 'batch65', 'Batch65', 'Satyanarayana KM', '9448836946', 'A', '2021-07-03 20:36:10', '91', 0, 0, 0, 0, 0, 0, 0, 0, NULL),
(269, 'batch65', 'Batch68', 'Meenu Kapoor ', '9820787921', 'A', '2021-07-03 20:36:10', '', 0, 0, 0, 0, 0, 0, 0, 0, NULL),
(270, 'batch65', 'Batch69', 'Ashwin', '8469520499', 'A', '2021-07-03 20:36:11', '', 0, 0, 0, 0, 0, 0, 0, 0, NULL),
(271, 'batch65', 'Batch68', 'K L Sharma', '9930909992', 'B', '2021-07-03 20:36:11', '', 0, 0, 0, 0, 0, 0, 0, 0, NULL),
(272, 'batch65', 'Batch62', 'Shobha', '9619405970', 'a', '2021-07-03 20:36:12', '', 0, 0, 0, 0, 0, 0, 0, 0, NULL),
(273, 'batch65', 'Batch62', 'Santosh', '9766363293', 'A', '2021-07-03 20:36:13', '', 0, 0, 0, 0, 0, 0, 0, 0, NULL),
(274, 'batch65', 'Batch62', 'Santosh', '9766363293', 'A', '2021-07-03 20:36:13', '', 0, 0, 0, 0, 0, 0, 0, 0, NULL),
(275, 'batch65', 'Batch63', 'ketki shah', '9820148242', 'A', '2021-07-03 20:36:14', '91', 0, 0, 0, 0, 0, 0, 0, 0, NULL),
(276, 'batch65', 'Batch68', 'Raghavendra Kulkarni', '09987076165', 'Option A', '2021-07-03 20:36:14', '', 0, 0, 0, 0, 0, 0, 0, 0, NULL),
(277, 'batch65', 'Batch68', 'BHASKARA HG', '9740151821', 'A', '2021-07-03 20:36:17', '', 0, 0, 0, 0, 0, 0, 0, 0, NULL),
(278, 'batch65', 'Batch64', 'Dhanunjaya M', '09849657398', 'Option A', '2021-07-03 20:36:17', '', 0, 0, 0, 0, 0, 0, 0, 0, NULL),
(279, 'batch65', 'Batch61', 'Abhijit Mirajkar', '9916209596', 'Option A', '2021-07-03 20:36:19', '', 0, 0, 0, 0, 0, 0, 0, 0, NULL),
(280, 'batch65', 'Batch67', 'Krishnamoorthy Rao', '9901955485', 'B', '2021-07-03 20:36:19', '', 0, 0, 0, 0, 0, 0, 0, 0, NULL),
(281, 'batch65', 'Batch69', 'Sandip Das', '594361234', 'Option B', '2021-07-03 20:36:21', '966', 0, 0, 0, 0, 0, 0, 0, 0, NULL),
(282, 'batch65', 'Batch63', 'Anila Bansod', '9920260368', 'A', '2021-07-03 20:36:22', '', 0, 0, 0, 0, 0, 0, 0, 0, NULL),
(283, 'batch65', 'Batch68', 'Jagannathan S', '09449116257', 'Jump out', '2021-07-03 20:36:25', '', 0, 0, 0, 0, 0, 0, 0, 0, NULL),
(284, 'batch65', 'Batch69', 'Ramesh', '9324255577', 'control', '2021-07-03 20:36:25', '', 0, 0, 0, 0, 0, 0, 0, 0, NULL),
(285, 'batch65', 'Batch64', 'Hitendra Badrakiya', '9824310906', 'A', '2021-07-03 20:36:25', '91', 0, 0, 0, 0, 0, 0, 0, 0, NULL),
(286, 'batch65', 'Batch69', 'Manoj Goel', '9711860599', 'A', '2021-07-03 20:36:26', '', 0, 0, 0, 0, 0, 0, 0, 0, NULL),
(287, 'batch65', 'Batch68', 'Vinod mali', '08600833350', 'A', '2021-07-03 20:36:26', '91', 0, 0, 0, 0, 0, 0, 0, 0, NULL),
(288, 'batch65', 'Batch66', 'Nirmala Shastri', '9902431865', 'A', '2021-07-03 20:36:27', '91', 0, 0, 0, 0, 0, 0, 0, 0, NULL),
(289, 'batch65', 'Batch67', 'Priya Ramakrishnan', '9341962148', 'A', '2021-07-03 20:36:28', '', 0, 0, 0, 0, 0, 0, 0, 0, NULL),
(290, 'batch65', 'Batch69', 'Shilpa r', '9036514846', 'B', '2021-07-03 20:36:28', '', 0, 0, 0, 0, 0, 0, 0, 0, NULL),
(291, 'batch65', 'Batch68', 'Prabha Saraswat', '9818774915', 'Any stamina exercise which can be done at home ,not finding any place for cycling running swimming outside.\r\n\r\nB\r\n\r\nB', '2021-07-03 20:36:29', '', 0, 0, 0, 0, 0, 0, 0, 0, 'Lesilie samson and Zumba'),
(292, 'batch65', 'Batch68', 'Rashmiranjan Mishra', '9930057248', 'A', '2021-07-03 20:36:30', '', 0, 0, 0, 0, 0, 0, 0, 0, NULL),
(293, 'batch65', 'Batch67', 'Padmavathi Ramaswamy', '09004000190', 'B', '2021-07-03 20:36:30', '91', 0, 0, 0, 0, 0, 0, 0, 0, NULL),
(294, 'batch65', 'Batch68', 'Nisha', '9980545174', 'B', '2021-07-03 20:36:30', '', 0, 0, 0, 0, 0, 0, 0, 0, NULL),
(295, 'batch65', 'Batch68', 'Nandan', '9945563409', 'Option b', '2021-07-03 20:36:30', '91', 0, 0, 0, 0, 0, 0, 0, 0, NULL),
(296, 'batch65', 'Batch67', 'Vilas Tarwadi', '8408814488', 'jump out', '2021-07-03 20:36:33', '', 0, 0, 0, 0, 0, 0, 0, 0, NULL),
(297, 'batch65', 'Batch69', 'V Rajagopalan ', '9322405315', 'A', '2021-07-03 20:36:34', '', 0, 0, 0, 0, 0, 0, 0, 0, NULL),
(298, 'batch65', 'Batch68', 'randhir chauhan', '09825606602', 'b', '2021-07-03 20:36:35', '', 0, 0, 0, 0, 0, 0, 0, 0, NULL),
(299, 'batch65', 'Batch66', 'Ajay kale', '9823047200', 'A', '2021-07-03 20:36:35', '', 0, 0, 0, 0, 0, 0, 0, 0, NULL),
(300, 'batch65', 'Batch68', 'Rajesh Kana', '09900137124', 'B', '2021-07-03 20:36:42', '91', 0, 0, 0, 0, 0, 0, 0, 0, NULL),
(301, 'batch65', 'Batch67', 'Priya Ramakrishnan', '9341962148', 'A', '2021-07-03 20:36:43', '', 0, 0, 0, 0, 0, 0, 0, 0, NULL),
(302, 'batch65', 'Batch64', 'Laxmi Narayan', '9833807133', 'A', '2021-07-03 20:36:53', '', 0, 0, 0, 0, 0, 0, 0, 0, NULL),
(303, 'batch65', 'Batch64', 'Kalpana solsi', '9892957799', 'A', '2021-07-03 20:36:55', '91', 0, 0, 0, 0, 0, 0, 0, 0, NULL),
(304, 'batch65', 'Batch67', 'Nutan Raj', '9869459286', 'B', '2021-07-03 20:36:57', '', 0, 0, 0, 0, 0, 0, 0, 0, NULL),
(305, 'batch65', 'Batch65', 'Sadhana bhuin', '81426778', 'Option B', '2021-07-03 20:37:05', '91', 0, 0, 0, 0, 0, 0, 0, 0, NULL),
(306, 'batch65', 'Batch68', 'Shamaiah I ', '9449249870', 'A', '2021-07-03 20:37:06', '', 0, 0, 0, 0, 0, 0, 0, 0, NULL),
(307, 'batch65', 'Batch68', 'Shamaiah I ', '9449249870', 'A', '2021-07-03 20:37:12', '', 0, 0, 0, 0, 0, 0, 0, 0, NULL),
(308, 'batch65', 'Batch67', 'Nutan Raj', '9869459286', 'B', '2021-07-03 20:37:30', '', 0, 0, 0, 0, 0, 0, 0, 0, NULL),
(309, 'batch65', 'Batch69', 'Manjunath Ballur', '09900584312', 'Great session sir. Thank you.', '2021-07-03 20:38:19', '', 0, 0, 0, 0, 0, 0, 0, 0, NULL),
(310, 'batch65', 'Batch62', 'Santosh', '9766363293', 'Very nice and aptly put theory', '2021-07-03 20:39:07', '', 0, 0, 0, 0, 0, 0, 0, 0, NULL),
(311, 'batch65', 'Batch65', 'Radha Ramani', '09945592835', 'ðŸ‘', '2021-07-03 20:39:34', '', 0, 0, 0, 0, 0, 0, 0, 0, NULL),
(312, 'batch65', 'Batch68', 'Jayanthi  Ekambaram', '9487137390', 'This exercise is nice', '2021-07-03 20:39:48', '', 0, 0, 0, 0, 0, 0, 0, 0, NULL),
(313, 'batch65', 'Batch68', 'S Shanthi', '9677294284', 'Thank you  so  much  doctor  for  another  interesting  session', '2021-07-03 20:40:49', '', 0, 0, 0, 0, 0, 0, 0, 0, NULL),
(314, 'batch65', 'Batch69', 'Anjana Kamath', '529267039', 'Thank you doc. Pleasure to hear from you always ðŸ‘ðŸ¼ðŸ™ðŸ¼', '2021-07-03 20:41:37', '971', 0, 0, 0, 0, 0, 0, 0, 0, NULL),
(315, 'batch65', 'Batch68', 'Raghavendra Kulkarni', '09987076165', 'I was 6.8 Hb1C before FFD. Does that mean I was good at maintenance?', '2021-07-03 20:42:47', '', 0, 0, 1, 0, 0, 0, 0, 0, NULL),
(316, 'batch65', 'Batch65', 'Radha Ramani', '09945592835', 'MEDS...thank you. Easy to remember', '2021-07-03 20:44:24', '', 0, 0, 1, 0, 0, 0, 0, 0, NULL),
(317, 'batch65', 'Batch69', 'Anand Sadashiv Pendharkar', '09423051630', 'TL - We must know to do in adverse situation', '2021-07-03 20:44:26', '', 0, 0, 1, 0, 0, 0, 0, 0, NULL),
(318, 'batch65', 'Batch63', 'H K C Swamy', '9845147159', 'I got more clarity about numbers', '2021-07-03 20:44:34', '', 0, 0, 1, 0, 0, 0, 0, 0, NULL),
(319, 'batch65', 'Batch68', 'SABERA THYAGARAJAN', '9820132503', 'Be focussed on 3-2-1 ...', '2021-07-03 20:44:34', '', 0, 0, 1, 0, 0, 0, 0, 0, NULL),
(320, 'batch65', 'Batch61', 'Ashish kothari', '9867192456', 'focus on building muscles and forget the numbers', '2021-07-03 20:44:36', '91', 0, 0, 1, 0, 0, 0, 0, 0, NULL),
(321, 'batch65', 'Batch68', 'Raghavendra Kulkarni', '09987076165', 'it is been 6.8 for 5 years', '2021-07-03 20:44:42', '', 0, 0, 1, 0, 0, 0, 0, 0, NULL),
(322, 'batch65', 'Batch69', 'Vijay Krishna', '9591984787', '3:2:1 is key', '2021-07-03 20:44:44', '', 0, 0, 1, 0, 0, 0, 0, 0, NULL),
(323, 'batch65', 'Batch69', 'I SURESH', '9423307203', 'It is really a holistic view of the entire process that you have given. Thanks for opening eyes!', '2021-07-03 20:44:45', '', 0, 0, 1, 0, 0, 0, 0, 0, NULL),
(324, 'batch65', 'Batch68', 'Meenu Kapoor ', '9820787921', 'Live life..itâ€™s okay to cheat be happy', '2021-07-03 20:44:47', '', 0, 0, 1, 0, 0, 0, 0, 0, NULL),
(325, 'batch65', 'Batch69', 'NVGK Bhat ', '9980716611', 'There is now hope in my future as I can enjoy', '2021-07-03 20:44:51', '', 0, 0, 1, 0, 0, 0, 0, 0, NULL),
(326, 'batch65', 'Batch65', 'Satish Joshi', '09920356532', 'Excercise is vital for long term balance', '2021-07-03 20:44:52', '91', 0, 0, 1, 0, 0, 0, 0, 0, NULL),
(327, 'batch65', 'Batch68', 'Nandan', '9945563409', 'Your car stuff will remain in my mind always !!!', '2021-07-03 20:45:04', '91', 0, 0, 1, 0, 0, 0, 0, 0, NULL),
(328, 'batch65', 'Batch65', 'Satish Joshi', '09920356532', 'All food is Ok as long as carb, protein, fat are balanced', '2021-07-03 20:45:23', '91', 0, 0, 1, 0, 0, 0, 0, 0, NULL),
(329, 'batch65', 'Batch68', 'Prabha Saraswat', '9818774915', 'learned not to be\r\n obsessed with numbers', '2021-07-03 20:45:27', '', 0, 0, 1, 0, 0, 0, 0, 0, NULL),
(330, 'batch65', 'Batch63', 'ketki shah', '9820148242', 'NUMBERS ARE NOT IMPORTENT  STAYING FIT IS IMP', '2021-07-03 20:45:31', '91', 0, 0, 1, 0, 0, 0, 0, 0, NULL),
(331, 'batch65', 'Batch69', 'Niranjan SAGGURTI ', '9871211195', 'Great session. Learned a lot. Learning is to balance and be happy doing diet, exercise, meditation and sleep.', '2021-07-03 20:45:32', '', 0, 0, 1, 0, 0, 0, 0, 0, NULL),
(332, 'batch65', 'Batch67', 'Krishnamoorthy Rao', '9901955485', 'roadmap for healthy life', '2021-07-03 20:45:44', '', 0, 0, 1, 0, 0, 0, 0, 0, NULL),
(333, 'batch65', 'Batch68', 'Sunil Chandorkar', '9850884944', 'Enjoy life as you know the key now without looking at numbers .', '2021-07-03 20:45:48', '', 0, 0, 1, 0, 0, 0, 0, 0, NULL),
(334, 'batch65', 'Batch68', 'Raghavendra Kulkarni', '09987076165', 'Learnt about control button which is FFDs gift for our life.', '2021-07-03 20:45:54', '', 0, 0, 1, 0, 0, 0, 0, 0, NULL),
(335, 'batch65', 'Batch69', 'Sandip Das', '594361234', 'Really appreciate the practical lessons and foresight you advise for balanced life and harmony', '2021-07-03 20:45:55', '966', 0, 0, 1, 0, 0, 0, 0, 0, NULL),
(336, 'batch65', 'Batch68', 'Shamaiah I ', '9449249870', 'Thank you dr', '2021-07-03 20:46:01', '', 0, 0, 1, 0, 0, 0, 0, 0, NULL),
(337, 'batch65', 'Batch68', 'S Shanthi', '9677294284', 'More  clarity  about the  program and  learnt  the  importance  of  321.  No  more  going  to  worry  about  the  speedometer  but    a  balance  of  accelerator  brake  and   clutch', '2021-07-03 20:46:06', '', 0, 0, 1, 0, 0, 0, 0, 0, NULL),
(338, 'batch65', 'Batch62', 'Srinivas', '8754571229', 'L had maltrack patella left kneesugery done 15 years back. Any precautions to be takem while doing strength training, cycling?', '2021-07-03 20:46:22', '', 0, 0, 0, 0, 0, 1, 0, 0, NULL),
(339, 'batch65', 'Batch64', 'Dr G V Rao', '0504238233', 'Every time I attend your Q&A, my love is increasing towards FFD and your skills.....  Keep it up...  Dr.Malhar.', '2021-07-03 20:46:24', '971', 0, 0, 1, 0, 0, 0, 0, 0, NULL),
(340, 'batch65', 'Batch68', 'Jayanthi  Ekambaram', '9487137390', 'what is your advise for the Office goer for daily exercise  management', '2021-07-03 20:46:37', '', 0, 0, 1, 0, 0, 0, 0, 0, NULL),
(341, 'batch65', 'Batch68', 'Jagannathan S', '09449116257', 'Today learning, Dont worry, keep doing the Best... results will come surely.', '2021-07-03 20:47:22', '', 0, 0, 1, 0, 0, 0, 0, 0, NULL),
(342, 'batch65', 'Batch64', 'Dr G V Rao', '0504238233', 'My learning today is BUTTON in Cage, beauty behind the MOUNTAIN and I can eat FISH...... yahooooo', '2021-07-03 20:47:33', '971', 0, 0, 1, 0, 0, 0, 0, 0, NULL),
(343, 'batch65', 'Batch61', 'Anand Kumar dubey', '9035277021', 'Good evening sir ..we definitely have all the keys to unlock the locks of diabetes...we definitely can become the horse with muscles..', '2021-07-03 20:47:38', '91', 0, 0, 1, 0, 0, 0, 0, 0, NULL),
(344, 'batch65', 'Batch68', 'ATUL ANDEWAR', '9011008480', 'Staying FIT and Enjoy the life is more important !!', '2021-07-03 20:48:35', '', 0, 0, 1, 0, 0, 0, 0, 0, NULL),
(345, 'batch65', 'Batch68', 'Raghavendra Kulkarni', '09987076165', 'Dal based breakfast is a gift to me. I am enjoying last 4 months', '2021-07-03 20:48:45', '', 0, 0, 1, 0, 0, 0, 0, 0, NULL),
(346, 'batch65', 'Batch68', 'Vinod mali', '08600833350', 'Right now we have to focus on control button', '2021-07-03 20:48:45', '91', 0, 0, 1, 0, 0, 0, 0, 0, NULL),
(347, 'batch65', 'Batch69', 'V Rajagopalan ', '9322405315', 'It is going to take time to get the full import', '2021-07-03 20:49:00', '', 0, 0, 1, 0, 0, 0, 0, 0, NULL),
(348, 'batch65', 'Batch69', 'Shilpa r', '9036514846', 'Sir my BMI is 19 I have to build my muselse', '2021-07-03 20:49:17', '', 0, 0, 0, 0, 0, 0, 0, 0, NULL),
(349, 'batch65', 'Batch69', 'Manjunath Ballur', '09900584312', 'Thanks FFD for giving us hope :)', '2021-07-03 20:49:34', '', 0, 0, 1, 0, 0, 0, 0, 0, NULL),
(350, 'batch65', 'Batch66', 'chandrashekhar be', '9481245906', 'Feel the car with clutch brake and accelerator', '2021-07-03 20:49:55', '', 0, 0, 1, 0, 0, 0, 0, 0, NULL),
(351, 'batch65', 'Batch67', 'Shrikant', '7021145964', 'Is there a way to test hba1c without a lab test?', '2021-07-03 20:50:15', '', 0, 0, 1, 0, 0, 0, 0, 0, NULL),
(352, 'batch65', 'Batch63', 'Anila Bansod', '9920260368', 'Thank you for the productive session :-)', '2021-07-03 20:50:46', '', 0, 0, 1, 0, 0, 0, 0, 0, NULL),
(353, 'batch65', 'Batch69', 'Shilpa r', '9036514846', 'Sir I am consentrating  my health goal as will as my studies .this month I have  psi phi physical test is there', '2021-07-03 20:51:26', '', 0, 0, 1, 0, 0, 0, 0, 0, NULL),
(354, 'batch65', 'Batch64', 'Hitendra Badrakiya', '9824310906', 'yes', '2021-07-03 20:51:26', '91', 0, 0, 1, 0, 0, 0, 0, 0, NULL),
(355, 'batch65', 'Batch68', 'Chandru', '9448944815', 's', '2021-07-03 20:51:27', '', 0, 0, 1, 0, 0, 0, 0, 0, NULL),
(356, 'batch65', 'Batch63', 'Anila Bansod', '9920260368', 'YES', '2021-07-03 20:51:29', '', 0, 0, 1, 0, 0, 0, 0, 0, NULL),
(357, 'batch65', 'Batch69', 'Manjunath Ballur', '09900584312', 'Yes', '2021-07-03 20:51:30', '', 0, 0, 1, 0, 0, 0, 0, 0, NULL),
(358, 'batch65', 'Batch67', 'Ravi Nagaraj', '9901799992', 'yes', '2021-07-03 20:51:30', '', 0, 0, 1, 0, 0, 0, 0, 0, NULL),
(359, 'batch65', 'Batch64', 'Malini Lachminarayana', '09739428282', 'Yes', '2021-07-03 20:51:32', '91', 0, 0, 1, 0, 0, 0, 0, 0, NULL),
(360, 'batch65', 'Batch69', 'Anjana Kamath', '529267039', 'Yes', '2021-07-03 20:51:33', '971', 0, 0, 1, 0, 0, 0, 0, 0, NULL),
(361, 'batch65', 'Batch68', 'Nandan', '9945563409', 's', '2021-07-03 20:51:37', '91', 0, 0, 0, 0, 0, 0, 0, 0, NULL),
(362, 'batch65', 'Batch68', 'S Shanthi', '9677294284', 'Yes  doctor', '2021-07-03 20:51:40', '', 0, 0, 0, 0, 0, 0, 0, 0, NULL),
(363, 'batch65', 'Batch66', 'Nirmala Shastri', '9902431865', 'Yes thank you sir', '2021-07-03 20:51:40', '91', 0, 0, 0, 0, 0, 0, 0, 0, NULL),
(364, 'batch65', 'Batch67', 'Vilas Tarwadi', '8408814488', 'Thanks Doctor Good Night', '2021-07-03 20:51:42', '', 0, 0, 0, 0, 0, 0, 0, 0, NULL),
(365, 'batch65', 'Batch69', 'Vijay Krishna', '9591984787', 'yes', '2021-07-03 20:51:42', '', 0, 0, 0, 0, 0, 0, 0, 0, NULL),
(366, 'batch65', 'Batch66', 'chandrashekhar be', '9481245906', 'Yesssssssssss', '2021-07-03 20:51:46', '', 0, 0, 0, 0, 0, 0, 0, 0, NULL),
(367, 'batch65', 'Batch69', 'I SURESH', '9423307203', 'Great. Thank you. Good night', '2021-07-03 20:51:47', '', 0, 0, 0, 0, 0, 0, 0, 0, NULL),
(368, 'batch65', 'Batch63', 'ketki shah', '9820148242', 'Thank you so much sir', '2021-07-03 20:51:50', '91', 0, 0, 0, 0, 0, 0, 0, 0, NULL),
(369, 'batch65', 'Batch66', 'Vivekanand Yadav', '09826018562', 'Thanks for your guidance', '2021-07-03 20:51:53', '', 0, 0, 0, 0, 0, 0, 0, 0, NULL),
(370, 'batch65', 'Batch69', 'Prakash R', '9833133309', 'Thanks doctor. Fantastic session', '2021-07-03 20:51:58', '', 0, 0, 0, 0, 0, 0, 0, 0, NULL),
(371, 'batch65', 'Batch65', 'Radha Ramani', '09945592835', 'Tough day for you. Take rest', '2021-07-03 20:51:59', '', 0, 0, 0, 0, 0, 0, 0, 0, NULL),
(372, 'batch65', 'Batch67', 'Shrikant', '7021145964', 'Thank you doctor. good night.', '2021-07-03 20:52:11', '', 0, 0, 0, 0, 0, 0, 0, 0, NULL),
(373, 'batch65', 'Batch69', 'Swathi Devaiah ', '7892496173', 'Thank you Dr. Lot of awareness through your programme', '2021-07-03 20:52:24', '', 0, 0, 0, 0, 0, 0, 0, 0, NULL),
(374, 'batch65', 'Batch66', 'BRAJESH KUMAR ', '9771592130', 'my Hb%10.9 hai to wheaght gain hone me time lagega.', '2021-07-03 20:55:18', '', 0, 0, 0, 0, 0, 0, 0, 0, NULL),
(375, 'batch65', 'Batch65', 'Jyoti', '9902984906', 'My weight and sugars are increasing... please suggest', '2021-07-03 21:06:42', '', 0, 0, 0, 0, 0, 0, 0, 0, NULL),
(376, 'batch65', 'Batch61', 'Sukarma Khanna ', '9820813482', 'Is it advisable to go for jogging with mask on', '2021-07-04 17:08:17', '91', 0, 0, 0, 0, 0, 0, 0, 0, NULL);

-- --------------------------------------------------------

--
-- Table structure for table `tbl_users`
--

CREATE TABLE `tbl_users` (
  `id` int(4) NOT NULL,
  `batch` varchar(7) DEFAULT NULL,
  `name` varchar(50) DEFAULT NULL,
  `cntry_code` varchar(10) DEFAULT NULL,
  `mobile_num` varchar(12) DEFAULT NULL,
  `login_date` datetime DEFAULT NULL,
  `logout_date` datetime DEFAULT NULL,
  `logout_status` int(11) DEFAULT '0',
  `joining_date` datetime DEFAULT NULL
) ENGINE=InnoDB DEFAULT CHARSET=utf8;

--
-- Dumping data for table `tbl_users`
--

INSERT INTO `tbl_users` (`id`, `batch`, `name`, `cntry_code`, `mobile_num`, `login_date`, `logout_date`, `logout_status`, `joining_date`) VALUES
(1, 'batch65', 'S Shanthi', '', '9677294284', '2021-07-03 18:51:44', '2021-07-03 20:52:59', 1, '2021-07-01 16:17:46'),
(2, 'batch65', 'Sai Krishna Rao', '', '9448119902', '2021-07-01 16:30:03', '2021-07-01 16:35:34', 1, '2021-07-01 16:30:03'),
(3, 'batch65', 'V', '', '451', '2021-07-01 17:44:49', '2021-07-01 17:50:08', 1, '2021-07-01 17:44:49'),
(4, 'batch65', 'Nishanth', '', '5121', '2021-07-01 17:50:17', '2021-07-01 17:50:29', 0, '2021-07-01 17:50:17'),
(5, 'batch65', 'V', '', '625', '2021-07-01 17:50:23', '2021-07-01 18:14:34', 1, '2021-07-01 17:50:23'),
(6, 'batch65', 'Nishanth', '', '551561', '2021-07-01 17:52:20', '2021-07-01 17:55:25', 1, '2021-07-01 17:52:20'),
(7, 'batch65', 'V', '', '785', '2021-07-01 17:52:43', '2021-07-01 17:54:59', 1, '2021-07-01 17:52:43'),
(8, 'batch65', 'Abha Agrohi', '91', '09760090272', '2021-07-03 19:43:36', '2021-07-03 20:58:25', 1, '2021-07-01 19:24:20'),
(9, 'batch65', 'Gaurav Sagar', '', '08650657458', '2021-07-03 19:16:45', '2021-07-03 19:53:48', 1, '2021-07-01 22:07:09'),
(10, 'batch65', 'V', '', '654', '2021-07-02 12:20:34', '2021-07-02 12:21:34', 1, '2021-07-02 12:20:34'),
(11, 'batch65', 'Priya Kulkarni ', '', '9798577711', '2021-07-02 16:45:13', '2021-07-02 16:45:43', 1, '2021-07-02 16:45:13'),
(12, 'batch65', 'V Rajagopalan ', '', '9322405315', '2021-07-03 20:11:43', '2021-07-03 20:52:01', 0, '2021-07-02 19:02:18'),
(13, 'batch65', 'Asha', '', '9393676699', '2021-07-03 19:20:30', '2021-07-03 19:31:21', 1, '2021-07-02 19:02:21'),
(14, 'batch65', 'Diwakar singh', '91', '9431315371', '2021-07-03 20:27:55', '2021-07-03 21:20:55', 1, '2021-07-02 19:21:11'),
(15, 'batch65', 'Savitri sharma', '1', '4377120611', '2021-07-02 19:36:58', '2021-07-02 19:55:44', 1, '2021-07-02 19:36:58'),
(16, 'batch65', 'Savitri sharma', '1', '3477210622', '2021-07-02 19:55:37', '2021-07-02 20:10:35', 1, '2021-07-02 19:55:37'),
(17, '-1', 'Savitri sharma', '1', '7347120611', '2021-07-02 20:10:31', '2021-07-02 20:35:20', 1, '2021-07-02 20:10:31'),
(18, '-1', '76', '', '8887652850', '2021-07-02 20:29:06', '2021-07-02 20:29:36', 1, '2021-07-02 20:29:06'),
(19, 'batch65', 'Abha Agrohi', '91', '9760090272', '2021-07-02 21:33:48', '2021-07-02 21:40:23', 1, '2021-07-02 21:33:48'),
(20, 'batch65', 'Shekhar Jauhari', '91', '09971227450', '2021-07-03 07:05:19', '2021-07-03 07:06:20', 1, '2021-07-03 07:05:19'),
(21, 'batch65', 'Mahesh Pathak', '', '9810733556', '2021-07-03 19:09:12', '2021-07-03 20:05:14', 0, '2021-07-03 07:09:11'),
(22, 'batch65', 'Pervinder Kaur', '', '9811758939', '2021-07-03 18:59:17', '2021-07-03 19:59:47', 1, '2021-07-03 07:10:58'),
(23, 'batch65', 'Suvendu Mahapatra', '91', '7975530374', '2021-07-03 07:11:52', '2021-07-03 10:14:22', 1, '2021-07-03 07:11:52'),
(24, 'batch65', 'Mahesh Pathak', '', '09810733556', '2021-07-03 07:12:49', '2021-07-03 07:13:49', 1, '2021-07-03 07:12:49'),
(25, 'batch65', 'Nandini Morade', '', '9881768084', '2021-07-03 07:24:58', '2021-07-03 07:26:29', 1, '2021-07-03 07:22:52'),
(26, 'batch65', 'Parimal Parekh', '91', '09821044313', '2021-07-03 19:45:53', '2021-07-03 20:49:51', 1, '2021-07-03 07:27:10'),
(27, 'batch65', 'Dilip', '', '9642701972', '2021-07-03 07:56:51', '2021-07-03 07:57:21', 1, '2021-07-03 07:56:51'),
(28, 'batch65', 'Sanjib dhar', '', '9903449611', '2021-07-03 20:35:29', '2021-07-03 21:08:33', 1, '2021-07-03 08:58:13'),
(29, 'batch65', 'Tamilarasi', '', '9894746215', '2021-07-03 09:43:02', '2021-07-03 09:44:04', 1, '2021-07-03 09:43:02'),
(30, 'batch65', 'Tanuja Rane', '91', '09730908336', '2021-07-03 10:36:42', '2021-07-03 10:37:12', 1, '2021-07-03 10:36:42'),
(31, 'batch65', 'Sharda Vijay yadav', '', '7758806431', '2021-07-03 10:36:49', '2021-07-03 10:37:19', 1, '2021-07-03 10:36:49'),
(32, 'batch65', 'Amitamathur', '91', '9793210270', '2021-07-03 10:37:31', '2021-07-03 10:38:32', 1, '2021-07-03 10:37:31'),
(33, 'batch65', 'Muhammadali Chalappurath', '', '8805144115', '2021-07-03 15:15:57', '2021-07-03 15:16:58', 1, '2021-07-03 15:15:57'),
(34, 'batch65', 'Chhaya Govind Bhavsar', '91', '9225119659', '2021-07-03 16:09:16', '2021-07-03 16:14:47', 1, '2021-07-03 16:09:16'),
(35, 'batch65', 'Kurian ', '', '9566592311', '2021-07-03 19:21:45', '2021-07-03 19:49:15', 1, '2021-07-03 16:24:07'),
(36, 'batch65', 'Sandip Das', '966', '594361234', '2021-07-03 17:06:04', '2021-07-03 20:53:13', 1, '2021-07-03 17:06:04'),
(37, 'batch65', 'Indu', '', '9879614905', '2021-07-03 19:03:05', '2021-07-03 20:16:50', 1, '2021-07-03 18:02:38'),
(38, 'batch65', 'Nishanth', '', '225', '2021-07-03 18:13:26', '2021-07-03 18:18:20', 0, '2021-07-03 18:13:26'),
(39, 'batch65', 'Nishanth', '', '1224', '2021-07-03 18:18:27', '2021-07-03 18:19:39', 0, '2021-07-03 18:18:27'),
(40, 'batch65', 'Nishanth', '', '26311', '2021-07-03 18:19:48', '2021-07-03 18:22:28', 0, '2021-07-03 18:19:48'),
(41, 'batch65', 'Nishanth', '', '2265', '2021-07-03 18:22:40', '2021-07-03 18:25:07', 0, '2021-07-03 18:22:40'),
(42, 'batch65', 'neeraj', '', '08367773537', '2021-07-03 18:22:57', '2021-07-03 23:12:05', 1, '2021-07-03 18:22:57'),
(43, 'batch65', 'Nishanth', '', '135', '2021-07-03 18:25:14', '2021-07-03 18:49:39', 0, '2021-07-03 18:25:14'),
(44, 'batch65', 'Seshadri p Srikantan ', '', '9920886855', '2021-07-03 19:18:25', '2021-07-03 20:03:28', 1, '2021-07-03 18:31:35'),
(45, 'batch65', 'DAMODARA RAO MYSA', '', '9848085243', '2021-07-03 18:48:59', '2021-07-03 20:53:00', 1, '2021-07-03 18:36:55'),
(46, 'batch65', 'Deepak Dhanuka', '91', '9835577085', '2021-07-03 18:38:42', '2021-07-03 20:59:13', 1, '2021-07-03 18:38:42'),
(47, '-1', 'kunthur subramanya', '91', '09844118389', '2021-07-03 18:39:15', '2021-07-03 18:39:45', 1, '2021-07-03 18:39:15'),
(48, 'batch65', 'kunthur subramanya', '91', '9844118389', '2021-07-03 18:39:53', '2021-07-03 20:52:52', 1, '2021-07-03 18:39:53'),
(49, 'batch65', 'Sita Ghate', '1', '5104575470', '2021-07-03 18:40:58', '2021-07-03 20:53:43', 1, '2021-07-03 18:40:58'),
(50, 'batch65', 'Mrunalini Pimprikar', '', '9881230445', '2021-07-03 18:43:14', '2021-07-03 20:37:45', 1, '2021-07-03 18:43:14'),
(51, 'batch65', 'Kalyan', '', '9980228843', '2021-07-03 19:00:27', '2021-07-03 20:33:52', 1, '2021-07-03 18:44:48'),
(52, 'batch65', 'Gireesh', '', '9871112262', '2021-07-03 18:45:47', '2021-07-03 20:13:20', 1, '2021-07-03 18:45:47'),
(53, 'batch65', 'Manjunath Ballur', '', '09900584312', '2021-07-03 18:46:34', '2021-07-03 22:06:32', 1, '2021-07-03 18:46:34'),
(54, 'batch65', 'K L Sharma', '', '9930909992', '2021-07-03 18:47:33', '2021-07-03 20:40:20', 1, '2021-07-03 18:47:33'),
(55, 'batch65', 'Nandan', '91', '9945563409', '2021-07-03 20:07:09', '2021-07-03 20:52:10', 1, '2021-07-03 18:49:04'),
(56, 'batch65', 'Rajendra pharande', '', '09822946577', '2021-07-03 19:02:52', '2021-07-03 20:52:53', 1, '2021-07-03 18:49:55'),
(57, 'batch65', 'SABERA THYAGARAJAN', '', '9820132503', '2021-07-03 18:50:14', '2021-07-03 20:52:44', 1, '2021-07-03 18:50:14'),
(58, 'batch65', 'Pushpalatha KN', '91', '09448129297', '2021-07-03 18:50:45', '2021-07-03 20:54:16', 1, '2021-07-03 18:50:45'),
(59, 'batch65', 'chandrashekhar be', '', '9481245906', '2021-07-03 20:14:52', '2021-07-03 20:53:13', 1, '2021-07-03 18:50:56'),
(60, 'batch65', 'Vijay Krishna', '', '9591984787', '2021-07-03 18:51:06', '2021-07-03 20:52:37', 1, '2021-07-03 18:51:06'),
(61, 'batch65', 'SHIVASHANKARA BHAT', '91', '9845942869', '2021-07-03 20:43:23', '2021-07-03 20:56:56', 1, '2021-07-03 18:51:10'),
(62, 'batch65', 'Mahesh Hannurkar', '91', '8422950140', '2021-07-03 18:51:44', '2021-07-03 20:52:41', 0, '2021-07-03 18:51:44'),
(63, 'batch65', 'Vinod Kumar ', '', '9447119050', '2021-07-03 19:12:32', '2021-07-03 20:50:02', 1, '2021-07-03 18:51:45'),
(64, 'batch65', 'nayan shah', '', '9820126272', '2021-07-03 18:51:47', '2021-07-03 20:40:48', 1, '2021-07-03 18:51:47'),
(65, 'batch65', 'Ashish kothari', '91', '9867192456', '2021-07-03 20:13:21', '2021-07-03 20:52:52', 1, '2021-07-03 18:51:52'),
(66, 'batch65', 'Madhura Joshi', '', '9689928560', '2021-07-03 18:52:21', '2021-07-03 19:54:27', 0, '2021-07-03 18:52:21'),
(67, 'batch65', 'Sudha Agarwal', '91', '8874481544', '2021-07-03 18:52:35', '2021-07-03 21:12:06', 1, '2021-07-03 18:52:35'),
(68, 'batch65', 'Oinam Nepoleon Singh', '91', '9402949455', '2021-07-03 18:52:47', '2021-07-03 20:41:20', 1, '2021-07-03 18:52:47'),
(69, 'batch65', 'Aarti Wadekar ', '', '9773560734', '2021-07-03 18:58:36', '2021-07-03 20:19:36', 1, '2021-07-03 18:53:08'),
(70, 'batch65', 'Amitha Bhat', '', '9964856007', '2021-07-03 18:53:17', '2021-07-03 20:17:47', 1, '2021-07-03 18:53:17'),
(71, 'batch65', 'Bhagavan Mantina', '', '7411132038', '2021-07-03 19:57:56', '2021-07-03 21:06:52', 1, '2021-07-03 18:53:42'),
(72, 'batch65', 'Anita Singh', '91', '09818982926', '2021-07-03 18:53:47', '2021-07-03 18:56:48', 1, '2021-07-03 18:53:47'),
(73, 'batch65', 'Meenu Kapoor ', '', '9820787921', '2021-07-03 20:07:07', '2021-07-03 21:52:31', 1, '2021-07-03 18:54:04'),
(74, 'batch65', 'Jayanthi krishnamurthy', '', '9665059801', '2021-07-03 18:54:22', '2021-07-03 20:52:08', 0, '2021-07-03 18:54:22'),
(75, 'batch65', 'JP', '1', '2245587015', '2021-07-03 18:54:32', '2021-07-03 20:52:12', 1, '2021-07-03 18:54:32'),
(76, 'batch65', 'Prakash R', '', '9833133309', '2021-07-03 18:54:50', '2021-07-03 21:38:51', 1, '2021-07-03 18:54:50'),
(77, 'batch65', 'Laxmi Narayan', '', '9833807133', '2021-07-03 18:54:53', '2021-07-03 21:02:59', 1, '2021-07-03 18:54:53'),
(78, 'batch65', 'Madhumita Bandyopadhyay', '91', '9987087418', '2021-07-03 22:22:39', '2021-07-03 22:23:09', 1, '2021-07-03 18:54:57'),
(79, 'batch65', 'adhirsen gobin', '230', '57287748', '2021-07-03 18:54:58', '2021-07-03 20:52:30', 1, '2021-07-03 18:54:58'),
(80, 'batch65', 'Hemendra m choksi', '', '9849498750', '2021-07-03 20:52:48', '2021-07-03 20:53:41', 0, '2021-07-03 18:55:09'),
(81, 'batch65', 'Rajesh Kana', '91', '09900137124', '2021-07-03 18:55:10', '2021-07-03 20:52:42', 1, '2021-07-03 18:55:10'),
(82, 'batch65', 'Venkatesh Suryanarayana', '', '9448275403', '2021-07-03 18:55:14', '2021-07-03 19:55:29', 0, '2021-07-03 18:55:14'),
(83, 'batch65', 'LAKHI GOND ', '', '6289485436', '2021-07-03 18:55:15', '2021-07-03 20:53:54', 1, '2021-07-03 18:55:15'),
(84, 'batch65', 'Soma Sundar c', '91', '9645495830', '2021-07-03 19:24:22', '2021-07-03 19:53:55', 1, '2021-07-03 18:55:29'),
(85, 'batch65', 'Padmabyrappa', '91', '9980537131', '2021-07-03 19:28:33', '2021-07-03 20:53:05', 1, '2021-07-03 18:55:43'),
(86, 'batch65', 'Prabhu Arumugam', '', '9731766396', '2021-07-03 18:55:44', '2021-07-03 20:53:15', 1, '2021-07-03 18:55:44'),
(87, 'batch65', 'Malini Lachminarayana', '91', '09739428282', '2021-07-03 20:12:15', '2021-07-03 20:52:46', 1, '2021-07-03 18:55:44'),
(88, 'batch65', 'Hitendra Badrakiya', '91', '9824310906', '2021-07-03 18:55:47', '2021-07-03 20:52:16', 0, '2021-07-03 18:55:47'),
(89, 'batch65', 'Tara Egan', '1', '4088936412', '2021-07-03 18:55:48', '2021-07-03 20:53:19', 1, '2021-07-03 18:55:48'),
(90, 'batch65', 'Shobha', '91', '9619405970', '2021-07-03 18:55:51', '2021-07-03 18:58:57', 1, '2021-07-03 18:55:51'),
(91, 'batch65', 'Narayanan', '', '9845369462', '2021-07-03 18:56:04', '2021-07-03 20:53:04', 1, '2021-07-03 18:56:04'),
(92, 'batch65', 'Raju Iyer', '91', '9845539628', '2021-07-03 18:56:11', '2021-07-03 20:24:45', 1, '2021-07-03 18:56:11'),
(93, 'batch65', 'Anila Bansod', '', '9920260368', '2021-07-03 18:57:09', '2021-07-03 20:52:39', 1, '2021-07-03 18:57:09'),
(94, 'batch65', 'Veena Miterani', '', '9490936011', '2021-07-03 18:57:16', '2021-07-03 20:51:42', 0, '2021-07-03 18:57:16'),
(95, 'batch65', 'Ashok J Joshi', '', '9945104570', '2021-07-03 19:49:19', '2021-07-03 20:53:19', 1, '2021-07-03 18:57:17'),
(96, 'batch65', 'Chetan Solse', '', '9821662350', '2021-07-03 18:57:18', '2021-07-03 20:00:49', 1, '2021-07-03 18:57:18'),
(97, 'batch65', 'Nishanth', '', '5625', '2021-07-03 18:57:20', '2021-07-03 18:57:33', 0, '2021-07-03 18:57:20'),
(98, 'batch65', 'RAVICHANDRAN RAJAMANI', '', '8978222997', '2021-07-03 18:57:32', '2021-07-03 20:52:02', 1, '2021-07-03 18:57:32'),
(99, 'batch65', 'KAMOD KUMAR', '62', '8158995253', '2021-07-03 18:57:33', '2021-07-03 20:42:18', 0, '2021-07-03 18:57:33'),
(100, 'batch65', 'Rajendra Rane', '', '9730285805', '2021-07-03 18:57:36', '2021-07-03 20:52:36', 1, '2021-07-03 18:57:36'),
(101, 'batch65', 'Ravi Singh', '91', '9999177492', '2021-07-03 18:57:39', '2021-07-03 20:28:40', 1, '2021-07-03 18:57:39'),
(102, 'batch65', 'Peeyush Gupta', '91', '9940238605', '2021-07-03 18:57:45', '2021-07-03 20:12:31', 1, '2021-07-03 18:57:45'),
(103, 'batch65', 'Dipali belel', '91', '9833800582', '2021-07-03 18:58:04', '2021-07-03 19:23:06', 1, '2021-07-03 18:58:04'),
(104, 'batch65', 'Rajeev Tewari', '', '9819652385', '2021-07-03 18:58:10', '2021-07-03 19:48:10', 1, '2021-07-03 18:58:10'),
(105, 'batch65', 'Sreenivas V', '', '9449393897', '2021-07-03 19:56:49', '2021-07-03 20:58:22', 1, '2021-07-03 18:58:13'),
(106, 'batch65', 'ANJU GUPTA', '', '9888866614', '2021-07-03 18:58:16', '2021-07-03 20:52:49', 1, '2021-07-03 18:58:16'),
(107, 'batch65', 'Sarat Pillai', '', '9619888401', '2021-07-03 18:58:22', '2021-07-03 20:52:34', 1, '2021-07-03 18:58:22'),
(108, 'batch65', 'Prabha Saraswat', '', '9818774915', '2021-07-03 18:58:28', '2021-07-03 20:50:00', 1, '2021-07-03 18:58:28'),
(109, 'batch65', 'Randhir Chauhan', '', '9825606602', '2021-07-03 19:32:23', '2021-07-03 19:50:55', 1, '2021-07-03 18:58:36'),
(110, 'batch65', 'Thakurjit kaur ', '91', '9573708170', '2021-07-03 18:58:40', '2021-07-03 20:10:11', 1, '2021-07-03 18:58:40'),
(111, 'batch65', 'Shubhangi joshi', '', '9492426525', '2021-07-03 19:03:27', '2021-07-03 19:15:09', 1, '2021-07-03 18:58:50'),
(112, 'batch65', 'Sunil Chandorkar', '', '9850884944', '2021-07-03 18:58:57', '2021-07-03 20:52:28', 1, '2021-07-03 18:58:57'),
(113, 'batch65', 'NVGK Bhat ', '91', '9980716611', '2021-07-03 19:06:46', '2021-07-03 19:07:16', 1, '2021-07-03 18:59:02'),
(114, 'batch65', 'sushma ', '', '9999987102', '2021-07-03 20:50:14', '2021-07-03 20:52:44', 1, '2021-07-03 18:59:02'),
(115, 'batch65', 'Nirmala Shastri', '91', '9902431865', '2021-07-03 18:59:03', '2021-07-03 20:52:33', 1, '2021-07-03 18:59:03'),
(116, 'batch65', 'Premkumar', '', '9445623491', '2021-07-03 18:59:22', '2021-07-03 20:24:16', 0, '2021-07-03 18:59:22'),
(117, 'batch65', 'R Ranjan Amitabh', '91', '07091348509', '2021-07-03 19:32:13', '2021-07-03 20:41:14', 1, '2021-07-03 18:59:32'),
(118, 'batch65', 'Dhana Prova Dutta', '91', '09435534800', '2021-07-03 18:59:32', '2021-07-03 20:53:03', 1, '2021-07-03 18:59:32'),
(119, 'batch65', 'Rajeev Srivastava', '', '7985586737', '2021-07-03 19:24:07', '2021-07-03 20:37:09', 1, '2021-07-03 18:59:35'),
(120, 'batch65', 'Brinda Vijendran', '91', '9833290867', '2021-07-03 18:59:36', '2021-07-03 20:27:36', 1, '2021-07-03 18:59:36'),
(121, 'batch65', 'Rashmiranjan Mishra', '', '9930057248', '2021-07-10 22:13:34', '2021-07-10 22:14:04', 1, '2021-07-03 18:59:38'),
(122, 'batch65', 'Pratima kasbe ', '', '9845309798', '2021-07-03 18:59:44', '2021-07-03 20:52:45', 1, '2021-07-03 18:59:44'),
(123, 'batch65', 'H K C Swamy', '', '9845147159', '2021-07-03 18:59:46', '2021-07-03 20:52:22', 0, '2021-07-03 18:59:46'),
(124, 'batch65', 'Manoj Goel', '', '9711860599', '2021-07-03 18:59:47', '2021-07-03 20:52:17', 1, '2021-07-03 18:59:47'),
(125, 'batch65', 'Sumathi Suresh', '', '9663071994', '2021-07-03 20:32:36', '2021-07-03 20:52:37', 1, '2021-07-03 19:00:02'),
(126, 'batch65', 'Anita Singh', '', '9818982926', '2021-07-03 19:00:09', '2021-07-03 19:57:30', 1, '2021-07-03 19:00:09'),
(127, 'batch65', 'Shobha', '', '9619405970', '2021-07-03 19:14:10', '2021-07-03 20:44:27', 1, '2021-07-03 19:00:10'),
(128, 'batch65', 'anita lata gupta', '', '8800557237', '2021-07-03 19:35:34', '2021-07-03 20:03:05', 1, '2021-07-03 19:00:10'),
(129, 'batch65', 'BHUNESH SINGH', '91', '08910459316', '2021-07-03 19:29:48', '2021-07-03 20:52:18', 1, '2021-07-03 19:00:13'),
(130, 'batch65', 'Ravindar', '', '9618544054', '2021-07-03 19:00:17', '2021-07-03 20:04:49', 1, '2021-07-03 19:00:17'),
(131, 'batch65', 'Jaya Narayanan', '91', '9909265290', '2021-07-03 19:58:24', '2021-07-03 20:14:25', 1, '2021-07-03 19:00:17'),
(132, 'batch65', 'Chandru', '', '9448944815', '2021-07-03 19:00:40', '2021-07-03 20:52:44', 1, '2021-07-03 19:00:40'),
(133, 'batch65', 'Leela', '60', '122951759', '2021-07-03 19:00:41', '2021-07-03 20:35:55', 1, '2021-07-03 19:00:41'),
(134, 'batch65', 'Srikanth Padakandla', '', '09845034170', '2021-07-03 19:00:44', '2021-07-03 20:52:45', 1, '2021-07-03 19:00:44'),
(135, 'batch65', 'Vivekanand Yadav', '', '09826018562', '2021-07-03 19:00:46', '2021-07-03 20:52:17', 1, '2021-07-03 19:00:46'),
(136, 'batch65', 'Umesh lele ', '', '7208643665', '2021-07-03 19:00:57', '2021-07-03 19:38:16', 1, '2021-07-03 19:00:57'),
(137, 'batch65', 'ANIL MUGADUR', '91', '9945003691', '2021-07-03 19:01:04', '2021-07-03 20:09:34', 1, '2021-07-03 19:01:04'),
(138, 'batch65', 'KAVITA DIXIT', '', '9821735814', '2021-07-03 19:01:08', '2021-07-03 19:55:09', 1, '2021-07-03 19:01:08'),
(139, 'batch65', 'Narender Noida', '', '9004900047', '2021-07-03 19:01:10', '2021-07-03 20:00:29', 1, '2021-07-03 19:01:10'),
(140, 'batch65', 'Dr.Arunabha Mitra', '91', '7001236348', '2021-07-03 19:01:12', '2021-07-03 20:04:12', 1, '2021-07-03 19:01:12'),
(141, 'batch65', 'Vidya Sridhar', '', '984128844', '2021-07-03 19:01:16', '2021-07-03 20:46:45', 0, '2021-07-03 19:01:16'),
(142, 'batch65', 'Maya Viswanathan', '', '9820805826', '2021-07-03 19:32:30', '2021-07-03 19:40:25', 1, '2021-07-03 19:01:25'),
(143, 'batch65', 'Sopan Shinde ', '971', '563988804', '2021-07-03 20:31:05', '2021-07-03 20:44:49', 1, '2021-07-03 19:01:28'),
(144, 'batch65', 'Ashwin', '', '8469520499', '2021-07-03 19:01:33', '2021-07-03 20:52:35', 1, '2021-07-03 19:01:33'),
(145, 'batch65', 'Murgendra Koujalagi', '', '9845372984', '2021-07-03 19:01:36', '2021-07-03 19:59:36', 1, '2021-07-03 19:01:36'),
(146, 'batch65', 'Ravindra Vaze', '', '9342963664', '2021-07-03 19:01:37', '2021-07-03 20:52:55', 1, '2021-07-03 19:01:37'),
(147, 'batch65', 'MAHESH KUMAR YADAV', '91', '9818584432', '2021-07-03 19:01:44', '2021-07-03 20:08:32', 1, '2021-07-03 19:01:44'),
(148, 'batch65', 'Prabhakar', '', '9949021651', '2021-07-03 19:52:17', '2021-07-03 20:24:18', 1, '2021-07-03 19:01:51'),
(149, 'batch65', 'BIPLAB MAHAPATRA', '', '9564374120', '2021-07-03 19:22:24', '2021-07-03 20:13:28', 1, '2021-07-03 19:01:55'),
(150, 'batch65', 'Yogesh', '', '9820662518', '2021-07-03 19:16:18', '2021-07-03 19:52:52', 1, '2021-07-03 19:02:02'),
(151, 'batch65', 'Abhijeet Patil', '', '9172229616', '2021-07-03 19:02:09', '2021-07-03 20:14:57', 0, '2021-07-03 19:02:09'),
(152, 'batch65', 'Vineet Kumar Agarwal', '', '9310164137', '2021-07-03 19:03:17', '2021-07-03 19:36:16', 1, '2021-07-03 19:02:32'),
(153, 'batch65', 'Annappa Magadum', '', '9527681050', '2021-07-03 19:02:41', '2021-07-03 20:52:49', 1, '2021-07-03 19:02:41'),
(154, 'batch65', 'Anand Kumar dubey', '91', '9035277021', '2021-07-03 19:50:07', '2021-07-03 20:59:58', 1, '2021-07-03 19:02:45'),
(155, 'batch65', 'Ajay kale', '', '9823047200', '2021-07-03 20:06:37', '2021-07-03 20:52:28', 0, '2021-07-03 19:02:50'),
(156, 'batch65', 'Nitin Tanpure', '', '9619582007', '2021-07-03 19:02:55', '2021-07-03 20:16:55', 1, '2021-07-03 19:02:55'),
(157, 'batch65', 'K.S.Harinarayana', '', '9845923655', '2021-07-03 19:02:56', '2021-07-03 19:43:57', 1, '2021-07-03 19:02:56'),
(158, 'batch65', 'Sandeep Ebenezer ', '', '9591684446', '2021-07-03 19:47:03', '2021-07-03 20:07:03', 1, '2021-07-03 19:03:03'),
(159, 'batch65', 'Manisha Mahajan', '91', '7709594973', '2021-07-03 19:09:07', '2021-07-03 20:53:08', 1, '2021-07-03 19:03:09'),
(160, 'batch65', 'I SURESH', '', '9423307203', '2021-07-03 19:37:26', '2021-07-03 20:52:26', 1, '2021-07-03 19:03:14'),
(161, 'batch65', 'Sridhar Rathinasabapathy', '', '9176690275', '2021-07-03 19:03:18', '2021-07-03 20:52:42', 1, '2021-07-03 19:03:18'),
(162, 'batch65', 'Megha Pawar', '', '9930947991', '2021-07-03 20:37:04', '2021-07-03 20:43:35', 1, '2021-07-03 19:03:25'),
(163, 'batch65', 'Suneet Divshikar', '', '8605859865', '2021-07-03 19:03:32', '2021-07-03 20:00:03', 1, '2021-07-03 19:03:32'),
(164, 'batch65', 'Anil Sharma', '', '9667555032', '2021-07-03 19:51:24', '2021-07-03 20:12:01', 1, '2021-07-03 19:03:33'),
(165, 'batch65', 'Ramesh', '', '9324255577', '2021-07-03 19:03:34', '2021-07-03 20:52:31', 1, '2021-07-03 19:03:34'),
(166, 'batch65', 'Vilas Tarwadi', '', '8408814488', '2021-07-03 19:03:35', '2021-07-03 20:52:08', 1, '2021-07-03 19:03:35'),
(167, 'batch65', 'Vinod mali', '91', '08600833350', '2021-07-03 19:03:37', '2021-07-03 20:53:05', 1, '2021-07-03 19:03:37'),
(168, 'batch65', 'Geethanjali', '', '8310583348', '2021-07-03 19:10:49', '2021-07-03 19:57:50', 1, '2021-07-03 19:03:43'),
(169, 'batch65', 'Santosh parab', '', '9820903332', '2021-07-03 19:03:46', '2021-07-03 20:05:18', 1, '2021-07-03 19:03:46'),
(170, 'batch65', 'Shobha Jain', '91', '9819620955', '2021-07-03 19:20:26', '2021-07-03 19:28:26', 1, '2021-07-03 19:03:46'),
(171, 'batch65', 'Vishakha patil', '', '7666058206', '2021-07-03 20:06:03', '2021-07-03 21:03:33', 1, '2021-07-03 19:03:49'),
(172, 'batch65', 'Manoj pevekar', '1', '8484593779', '2021-07-03 20:23:24', '2021-07-03 20:52:26', 1, '2021-07-03 19:03:50'),
(173, 'batch65', 'Priya', '91', '09940063144', '2021-07-03 19:03:50', '2021-07-03 20:42:52', 1, '2021-07-03 19:03:50'),
(174, 'batch65', 'Prakash GK', '', '09789820719', '2021-07-03 19:35:37', '2021-07-03 20:29:20', 1, '2021-07-03 19:03:54'),
(175, 'batch65', 'Krishnamoorthy Rao', '', '9901955485', '2021-07-03 19:03:56', '2021-07-03 20:51:57', 1, '2021-07-03 19:03:56'),
(176, 'batch65', 'K P Pandit', '', '9448252858', '2021-07-03 19:03:57', '2021-07-03 20:00:01', 1, '2021-07-03 19:03:57'),
(177, 'batch65', 'Dr Raghavendra Havale', '', '9448407300', '2021-07-03 20:09:21', '2021-07-03 21:02:00', 1, '2021-07-03 19:04:13'),
(178, 'batch65', 'Kalpana solsi', '91', '9892957799', '2021-07-03 19:04:21', '2021-07-03 20:52:53', 1, '2021-07-03 19:04:21'),
(179, 'batch65', 'Raja Rajeswara Rao Velpucharla', '', '9160111520', '2021-07-03 19:06:54', '2021-07-03 20:18:01', 0, '2021-07-03 19:04:27'),
(180, 'batch65', 'Ajay Agarwal', '', '9993033045', '2021-07-03 19:20:08', '2021-07-03 20:52:39', 1, '2021-07-03 19:04:28'),
(181, 'batch65', 'Kottarappat & Kanakam Dileepan', '1', '9139081038', '2021-07-03 19:04:37', '2021-07-03 20:53:08', 1, '2021-07-03 19:04:37'),
(182, 'batch65', 'BHASKARA HG', '', '9740151821', '2021-07-03 19:10:29', '2021-07-03 20:52:18', 1, '2021-07-03 19:04:40'),
(183, 'batch65', 'Shashi saraf', '', '9330996281', '2021-07-03 19:16:01', '2021-07-03 19:41:02', 1, '2021-07-03 19:04:48'),
(184, 'batch65', 'Iyer Mahalingam', '91', '9821301062', '2021-07-03 19:04:53', '2021-07-03 19:15:48', 0, '2021-07-03 19:04:53'),
(185, 'batch65', 'Ravi Nagaraj', '', '9901799992', '2021-07-03 19:05:04', '2021-07-03 20:52:35', 1, '2021-07-03 19:05:04'),
(186, 'batch65', 'Murali Nagarajan ', '', '9840181203', '2021-07-03 19:05:10', '2021-07-03 19:11:11', 1, '2021-07-03 19:05:10'),
(187, 'batch65', 'Sivaram', '', '9422701546', '2021-07-03 20:16:01', '2021-07-03 20:56:32', 1, '2021-07-03 19:05:12'),
(188, 'batch65', 'Shrikant', '', '7021145964', '2021-07-03 19:05:19', '2021-07-03 20:52:20', 0, '2021-07-03 19:05:19'),
(189, 'batch65', 'Anand Sadashiv Pendharkar', '', '09423051630', '2021-07-03 19:05:25', '2021-07-03 20:53:25', 1, '2021-07-03 19:05:25'),
(190, 'batch65', 'Raghavendra ', '', '9987076165', '2021-07-03 19:05:30', '2021-07-03 19:38:33', 1, '2021-07-03 19:05:30'),
(191, 'batch65', 'Nagananda K', '', '09902261880', '2021-07-03 19:05:31', '2021-07-03 19:59:01', 1, '2021-07-03 19:05:31'),
(192, 'batch65', 'Meeta  Haikerwal', '', '09450910173', '2021-07-03 19:05:32', '2021-07-03 20:54:33', 1, '2021-07-03 19:05:32'),
(193, 'batch65', 'Suresh Vemulapalli', '', '9848098459', '2021-07-03 19:21:48', '2021-07-03 19:31:49', 1, '2021-07-03 19:05:33'),
(194, 'batch65', 'Smita sawant ', '', '9869058878', '2021-07-03 19:05:35', '2021-07-03 19:20:06', 1, '2021-07-03 19:05:35'),
(195, 'batch65', 'tushar anandrao', '', '9422796699', '2021-07-03 19:18:35', '2021-07-03 20:53:36', 1, '2021-07-03 19:05:39'),
(196, 'batch65', 'Dr G V Rao', '971', '0504238233', '2021-07-03 19:05:47', '2021-07-03 20:52:48', 1, '2021-07-03 19:05:47'),
(197, 'batch65', 'Suryakant', '91', '9945568717', '2021-07-03 19:05:48', '2021-07-03 20:16:18', 1, '2021-07-03 19:05:48'),
(198, 'batch65', 'Ashesh Kumar  Roy', '91', '09434385417', '2021-07-03 19:48:21', '2021-07-03 20:52:32', 0, '2021-07-03 19:05:54'),
(199, 'batch65', 'Kiran', '', '9849649490', '2021-07-03 19:42:25', '2021-07-03 20:52:29', 1, '2021-07-03 19:05:57'),
(200, 'batch65', 'Hemant Sinnarkar', '', '9822745965', '2021-07-03 19:06:12', '2021-07-03 20:47:43', 0, '2021-07-03 19:06:12'),
(201, 'batch65', 'Poonam Pandey ', '', '7905500186', '2021-07-03 19:06:13', '2021-07-03 20:11:44', 1, '2021-07-03 19:06:13'),
(202, 'batch65', 'Santosh', '', '9766363293', '2021-07-03 19:29:44', '2021-07-03 20:52:15', 1, '2021-07-03 19:06:13'),
(203, 'batch65', 'Rhujuta', '', '8879823836', '2021-07-03 19:06:17', '2021-07-03 19:08:18', 1, '2021-07-03 19:06:17'),
(204, 'batch65', 'PARESH GIRDHARLAL SHAH', '', '09831097216', '2021-07-03 19:06:56', '2021-07-03 20:08:26', 1, '2021-07-03 19:06:56'),
(205, 'batch65', 'm.n.babu', '91', '8712719008', '2021-07-03 19:06:57', '2021-07-03 20:45:59', 1, '2021-07-03 19:06:57'),
(206, 'batch65', 'Anupam Das Gupta', '91', '99926905433', '2021-07-03 19:07:25', '2021-07-03 19:34:27', 1, '2021-07-03 19:07:25'),
(207, 'batch65', 'NVGK Bhat ', '', '9980716611', '2021-07-03 19:10:59', '2021-07-03 20:52:41', 1, '2021-07-03 19:07:30'),
(208, 'batch65', 'Abhijit Mirajkar', '', '9916209596', '2021-07-03 19:07:50', '2021-07-03 20:49:50', 1, '2021-07-03 19:07:50'),
(209, 'batch65', 'Drpushpa', '91', '9897400464', '2021-07-03 19:07:51', '2021-07-03 20:27:17', 1, '2021-07-03 19:07:51'),
(210, 'batch65', 'Santosh Macherla ', '', '9848316032', '2021-07-03 19:08:14', '2021-07-03 20:51:45', 1, '2021-07-03 19:08:14'),
(211, 'batch65', 'Saji oommen ', '971', '506267357', '2021-07-03 19:09:02', '2021-07-03 20:38:33', 1, '2021-07-03 19:09:02'),
(212, 'batch65', 'Vinod Kumar Srivastava', '213', '770976850', '2021-07-03 19:09:20', '2021-07-03 20:14:21', 1, '2021-07-03 19:09:20'),
(213, 'batch65', 'Jayanthi  Ekambaram', '', '9487137390', '2021-07-03 19:24:42', '2021-07-03 20:52:43', 1, '2021-07-03 19:09:33'),
(214, 'batch65', 'prabhakar', '', '9820434891', '2021-07-03 19:09:37', '2021-07-03 20:21:22', 0, '2021-07-03 19:09:37'),
(215, 'batch65', 'Indira', '', '9886727214', '2021-07-03 19:09:51', '2021-07-03 20:52:26', 1, '2021-07-03 19:09:51'),
(216, 'batch65', 'Satish Joshi', '91', '09920356532', '2021-07-03 19:10:08', '2021-07-03 20:51:38', 1, '2021-07-03 19:10:08'),
(217, 'batch65', 'Prakash G', '91', '9972584598', '2021-07-03 19:10:25', '2021-07-03 22:41:55', 1, '2021-07-03 19:10:25'),
(218, 'batch65', 'Lakshmi Ganapathy', '', '9987084124', '2021-07-03 19:10:28', '2021-07-03 19:55:14', 1, '2021-07-03 19:10:28'),
(219, 'batch65', 'Deepak Goswami', '', '09435541300', '2021-07-03 19:10:38', '2021-07-03 19:48:40', 1, '2021-07-03 19:10:38'),
(220, 'batch65', 'Sadhanabhuin', '91', '8145626778', '2021-07-03 20:41:15', '2021-07-03 21:22:33', 1, '2021-07-03 19:10:48'),
(221, 'batch65', 'ATUL ANDEWAR', '', '9011008480', '2021-07-03 19:11:09', '2021-07-03 20:52:07', 0, '2021-07-03 19:11:09'),
(222, '-1', '69', '', '9712916718', '2021-07-03 19:12:36', '2021-07-03 19:13:06', 1, '2021-07-03 19:11:28'),
(223, 'batch65', 'Vyankatesh Devanpalli', '91', '9535022112', '2021-07-03 19:11:34', '2021-07-03 20:52:35', 1, '2021-07-03 19:11:34'),
(224, 'batch65', 'Arvind Balkrishna Malvadkar ', '91', '9892858586', '2021-07-03 19:11:48', '2021-07-03 21:07:58', 1, '2021-07-03 19:11:48'),
(225, 'batch65', 'Babita Chopra ', '', '9650990581', '2021-07-03 19:12:01', '2021-07-03 19:15:01', 1, '2021-07-03 19:12:01'),
(226, 'batch65', 'A.R.Kulkarni', '91', '9449875555', '2021-07-03 19:12:11', '2021-07-03 19:50:37', 1, '2021-07-03 19:12:11'),
(227, 'batch65', 'Shriram Gore', '', '09820060875', '2021-07-03 19:12:23', '2021-07-03 20:37:50', 1, '2021-07-03 19:12:23'),
(228, 'batch65', 'Mangal Subhash Nandurkar', '91', '9766871978', '2021-07-03 19:12:34', '2021-07-03 20:53:26', 1, '2021-07-03 19:12:34'),
(229, '-1', 'Anjali Deshmukh', '1', '4084258813', '2021-07-03 19:13:01', '2021-07-03 19:13:31', 1, '2021-07-03 19:13:01'),
(230, 'batch65', 'Murali Nagarajan', '91', '9840181203', '2021-07-03 19:13:27', '2021-07-03 20:15:28', 1, '2021-07-03 19:13:27'),
(231, 'batch65', 'Sary', '', '7588581111', '2021-07-03 19:30:56', '2021-07-03 20:51:45', 1, '2021-07-03 19:13:41'),
(232, 'batch65', 'Chhaya Bhavsar', '', '09225119659', '2021-07-03 19:17:33', '2021-07-03 20:52:53', 1, '2021-07-03 19:14:02'),
(233, '-1', 'Maya Viswanathan', '', '9820805826', '2021-07-03 19:14:03', '2021-07-03 19:14:33', 1, '2021-07-03 19:14:03'),
(234, 'batch65', 'Gauri Pande', '91', '9484253437', '2021-07-03 19:15:02', '2021-07-03 19:40:02', 1, '2021-07-03 19:15:02'),
(235, 'batch65', 'Goraksh Mahadik', '91', '7028838416', '2021-07-03 19:15:29', '2021-07-03 19:47:00', 1, '2021-07-03 19:15:29'),
(236, 'batch65', 'Prakash. S', '91', '9446905360', '2021-07-03 19:15:34', '2021-07-03 19:44:19', 1, '2021-07-03 19:15:34'),
(237, 'batch65', 'K.Lingaiah', '', '9845463993', '2021-07-03 19:15:43', '2021-07-03 20:52:57', 1, '2021-07-03 19:15:43'),
(238, 'batch65', 'RÃ mesh Pujar', '', '9145760320', '2021-07-03 19:16:19', '2021-07-03 19:43:54', 1, '2021-07-03 19:16:19'),
(239, 'batch65', 'Vijender ', '', '9416910154', '2021-07-04 14:03:56', '2021-07-04 14:04:26', 1, '2021-07-03 19:16:20'),
(240, 'batch65', 'Sarika Nahata ', '91', '8240615184', '2021-07-03 19:16:23', '2021-07-03 20:39:24', 1, '2021-07-03 19:16:23'),
(241, 'batch65', 'Maria Chakraverty Stevenson', '60', '0126322245', '2021-07-03 19:17:09', '2021-07-03 19:38:13', 1, '2021-07-03 19:17:09'),
(242, 'batch65', 'Nalini', '', '9969224628', '2021-07-03 19:17:13', '2021-07-03 19:35:20', 1, '2021-07-03 19:17:13'),
(243, 'batch65', 'Shamaiah I ', '', '9449249870', '2021-07-03 19:18:21', '2021-07-03 20:46:36', 1, '2021-07-03 19:18:21'),
(244, 'batch65', 'Bhaskar Rao Kola ', '', '9948080079', '2021-07-03 19:18:36', '2021-07-03 20:01:07', 1, '2021-07-03 19:18:36'),
(245, 'batch65', 'Anjali R Deshmukh', '1', '4084258813', '2021-07-03 19:18:37', '2021-07-03 20:28:08', 1, '2021-07-03 19:18:37'),
(246, 'batch65', 'Nagaraju Ch', '', '9885631731', '2021-07-03 19:20:31', '2021-07-03 20:35:41', 1, '2021-07-03 19:19:06'),
(247, 'batch65', 'Asha patekh', '', '9712916718', '2021-07-03 19:48:57', '2021-07-03 21:17:29', 1, '2021-07-03 19:19:21'),
(248, 'batch65', 'Jyoti Lavani', '', '09284312848', '2021-07-03 19:19:36', '2021-07-03 21:21:51', 1, '2021-07-03 19:19:36'),
(249, 'batch65', 'Girdhar Rao Rajurker', '', '9425923455', '2021-07-03 19:19:36', '2021-07-03 20:58:03', 1, '2021-07-03 19:19:36'),
(250, 'batch65', 'A.R.Kulkarni', '', '9449875555', '2021-07-03 19:19:49', '2021-07-03 20:50:12', 0, '2021-07-03 19:19:49'),
(251, 'batch65', 'Padmabyrappa', '', '9980537131', '2021-07-03 19:20:04', '2021-07-03 19:28:34', 1, '2021-07-03 19:20:04'),
(252, 'batch65', 'Suvendu mahapatra', '', '7975530374', '2021-07-03 19:20:07', '2021-07-03 20:20:31', 1, '2021-07-03 19:20:07'),
(253, 'batch65', 'anupama', '', '8882030223', '2021-07-03 19:20:12', '2021-07-03 19:28:42', 1, '2021-07-03 19:20:12'),
(254, 'batch65', 'Ruth Jagadish', '', '9444117789', '2021-07-03 19:21:03', '2021-07-03 19:59:04', 1, '2021-07-03 19:21:03'),
(255, 'batch65', 'SIDDIREDDY UMA MAHESWARA RAO ', '', '9030119953', '2021-07-03 19:22:03', '2021-07-03 20:52:33', 1, '2021-07-03 19:22:03'),
(256, 'batch65', 'Snehalata ', '', '9975937875', '2021-07-03 19:22:51', '2021-07-03 20:31:22', 1, '2021-07-03 19:22:51'),
(257, 'batch65', 'Damodhar Garkal', '', '9922937914', '2021-07-03 19:22:51', '2021-07-03 20:53:06', 1, '2021-07-03 19:22:51'),
(258, 'batch65', 'Pradip Dey', '', '7005765525', '2021-07-03 19:22:58', '2021-07-03 19:27:56', 1, '2021-07-03 19:22:58'),
(259, 'batch65', 'Nutan Raj', '', '9869459286', '2021-07-03 19:23:18', '2021-07-03 21:19:37', 1, '2021-07-03 19:23:18'),
(260, 'batch65', 'Janardan Yadav', '91', '9766277893', '2021-07-03 19:23:22', '2021-07-03 19:24:23', 1, '2021-07-03 19:23:22'),
(261, 'batch65', 'Deepmala ', '44', '776434888', '2021-07-03 19:23:47', '2021-07-03 20:52:31', 0, '2021-07-03 19:23:47'),
(262, 'batch65', 'Ratnamala Mohapatra ', '', '9338227129', '2021-07-03 19:25:01', '2021-07-03 20:19:19', 0, '2021-07-03 19:25:01'),
(263, 'batch65', 'Lalita Khatri', '91', '9910025606', '2021-07-06 22:49:03', '2021-07-06 22:49:33', 1, '2021-07-03 19:25:24'),
(264, 'batch65', 'Meenakshi Ganeshan ', '', '986931620', '2021-07-03 19:25:34', '2021-07-03 19:54:45', 0, '2021-07-03 19:25:34'),
(265, 'batch65', 'Akshata  kale', '', '9227777940', '2021-07-03 19:46:46', '2021-07-03 20:08:14', 1, '2021-07-03 19:26:36'),
(266, 'batch65', 'Subash', '91', '9004737775', '2021-07-03 19:54:01', '2021-07-03 20:52:17', 1, '2021-07-03 19:26:56'),
(267, '-1', 'Varsha Joshi', '', '9850091914', '2021-07-03 19:28:56', '2021-07-03 19:29:26', 1, '2021-07-03 19:27:11'),
(268, 'batch65', 'Adrish ray', '', '9868774787', '2021-07-03 19:27:30', '2021-07-03 19:31:30', 1, '2021-07-03 19:27:30'),
(269, 'batch65', 'Dhanunjaya M', '', '09849657398', '2021-07-03 19:28:16', '2021-07-03 20:52:47', 1, '2021-07-03 19:28:16'),
(270, 'batch65', 'Murali v', '', '9443698314', '2021-07-03 19:28:29', '2021-07-03 20:52:30', 1, '2021-07-03 19:28:29'),
(271, 'batch65', 'Deepa Chikhale', '91', '9960492959', '2021-07-03 19:29:34', '2021-07-03 20:53:55', 1, '2021-07-03 19:29:34'),
(272, 'batch65', 'Hemlata Gupta ', '', '9891224363', '2021-07-03 19:31:34', '2021-07-03 19:40:11', 1, '2021-07-03 19:31:34'),
(273, 'batch65', 'Radha Ramani', '', '9945592835', '2021-07-03 19:31:37', '2021-07-03 19:53:37', 1, '2021-07-03 19:31:37'),
(274, 'batch65', 'ketki shah', '91', '9820148242', '2021-07-03 19:32:18', '2021-07-03 20:52:49', 1, '2021-07-03 19:32:18'),
(275, 'batch65', 'Srinivas', '', '8754571229', '2021-07-03 19:32:43', '2021-07-03 20:52:43', 1, '2021-07-03 19:32:43'),
(276, 'batch65', 'Padmavathi Ramaswamy', '91', '09004000190', '2021-07-03 20:17:11', '2021-07-03 20:51:12', 1, '2021-07-03 19:33:37'),
(277, 'batch65', 'Niranjan SAGGURTI ', '', '9871211195', '2021-07-03 19:34:48', '2021-07-03 21:02:38', 1, '2021-07-03 19:34:48'),
(278, 'batch65', 'Sabitha Sitaram', '91', '9873421962', '2021-07-03 19:35:20', '2021-07-03 20:41:25', 1, '2021-07-03 19:35:20'),
(279, 'batch65', 'Santosh Malani ', '', '9799919868', '2021-07-03 19:37:23', '2021-07-03 20:09:23', 1, '2021-07-03 19:37:23'),
(280, 'batch65', 'Raghavendra Kulkarni', '', '09987076165', '2021-07-03 19:37:30', '2021-07-03 20:51:30', 1, '2021-07-03 19:37:30'),
(281, 'batch65', 'Sudha Subramaniam', '1', '5083662420', '2021-07-03 19:42:47', '2021-07-03 20:30:48', 1, '2021-07-03 19:37:40'),
(282, 'batch65', 'Priya Ramakrishnan', '', '9341962148', '2021-07-03 19:37:43', '2021-07-03 21:05:44', 1, '2021-07-03 19:37:43'),
(283, 'batch65', 'Dr.Rani Pore', '', '9822772991', '2021-07-03 20:52:55', '2021-07-03 20:53:56', 1, '2021-07-03 19:37:47'),
(284, 'batch65', 'Ramchandra Choudhary ', '', '8340103742', '2021-07-03 19:37:48', '2021-07-03 20:03:18', 1, '2021-07-03 19:37:48'),
(285, 'batch65', 'KAVITA DIXIT', '', '09821735814', '2021-07-03 19:44:57', '2021-07-03 20:13:59', 1, '2021-07-03 19:38:04'),
(286, 'batch65', 'Guruprasad Pujar', '', '9511642466', '2021-07-03 20:40:07', '2021-07-03 20:52:38', 1, '2021-07-03 19:38:59'),
(287, 'batch65', 'Satyanarayana KM', '91', '9448836946', '2021-07-03 19:39:09', '2021-07-03 20:42:05', 0, '2021-07-03 19:39:09'),
(288, 'batch65', 'Col VG RAJAN', '', '9986783081', '2021-07-03 19:39:30', '2021-07-03 20:23:00', 1, '2021-07-03 19:39:30'),
(289, 'batch65', 'GAURI PANDE', '', '9284253437', '2021-07-03 20:20:02', '2021-07-03 20:52:20', 0, '2021-07-03 19:39:50'),
(290, 'batch65', 'Sadhana bhuin', '91', '81426778', '2021-07-03 19:39:53', '2021-07-03 20:40:53', 1, '2021-07-03 19:39:53'),
(291, 'batch65', 'Arul Murugan S ', '', '9677079033', '2021-07-03 20:21:10', '2021-07-03 21:17:23', 1, '2021-07-03 19:39:59'),
(292, 'batch65', 'K HARIHARAN KARTHA', '91', '07774015365', '2021-07-03 20:05:16', '2021-07-03 20:24:16', 1, '2021-07-03 19:42:44'),
(293, 'batch65', 'Usha Thyagarajan', '91', '9870122282', '2021-07-03 19:45:27', '2021-07-03 19:50:28', 1, '2021-07-03 19:45:27'),
(294, 'batch65', 'Sachin Shete ', '91', '9922446247', '2021-07-03 20:31:16', '2021-07-03 20:52:47', 1, '2021-07-03 19:46:39'),
(295, 'batch65', 'K S Ramanand', '91', '09845450447', '2021-07-03 20:03:37', '2021-07-03 20:44:38', 1, '2021-07-03 19:46:41'),
(296, 'batch65', 'Umesh', '91', '9216732444', '2021-07-03 19:48:20', '2021-07-03 20:53:08', 1, '2021-07-03 19:48:20'),
(297, 'batch65', 'MANDAR JAISWAL', '', '09372864050', '2021-07-03 19:49:19', '2021-07-03 20:02:50', 1, '2021-07-03 19:49:19'),
(298, 'batch65', 'Swathi devaiah', '', '789246173', '2021-07-03 19:49:20', '2021-07-03 19:50:50', 1, '2021-07-03 19:49:20'),
(299, 'batch65', 'Anjana Kamath', '971', '529267039', '2021-07-03 20:09:42', '2021-07-03 20:52:12', 1, '2021-07-03 19:49:38'),
(300, 'batch65', 'Vaishali Girimaji', '91', '9845733100', '2021-07-03 19:49:58', '2021-07-03 20:50:58', 1, '2021-07-03 19:49:58'),
(301, 'batch65', 'Yash Motwani ', '', '8005946083', '2021-07-03 19:50:07', '2021-07-03 20:42:08', 1, '2021-07-03 19:50:07'),
(302, 'batch65', 'usha thyagarajan', '91', '09870122282', '2021-07-03 19:50:34', '2021-07-03 20:19:35', 1, '2021-07-03 19:50:34'),
(303, 'batch65', 'randhir chauhan', '', '09825606602', '2021-07-03 19:50:47', '2021-07-03 20:52:17', 1, '2021-07-03 19:50:47'),
(304, 'batch65', 'Swathi Devaiah ', '', '7892496173', '2021-07-03 19:54:35', '2021-07-03 20:52:53', 1, '2021-07-03 19:51:03'),
(305, 'batch65', 'Radha Ramani', '', '09945592835', '2021-07-03 19:54:29', '2021-07-03 20:52:25', 0, '2021-07-03 19:54:29'),
(306, 'batch65', 'Madhura Joshi', '91', '9689928560', '2021-07-03 19:55:26', '2021-07-03 20:12:23', 0, '2021-07-03 19:55:26'),
(307, 'batch65', 'Shivani savara', '91', '9818441529', '2021-07-03 19:55:40', '2021-07-03 20:52:41', 1, '2021-07-03 19:55:40'),
(308, 'batch65', 'Surekha', '91', '9663149387', '2021-07-03 19:56:01', '2021-07-03 20:35:45', 1, '2021-07-03 19:56:01'),
(309, 'batch65', 'Anil Vashisht ', '', '9619512544', '2021-07-03 19:56:18', '2021-07-03 20:52:48', 1, '2021-07-03 19:56:18'),
(310, 'batch65', 'AKSHAT KATRE', '', '9673383970', '2021-07-03 19:56:19', '2021-07-03 20:01:20', 1, '2021-07-03 19:56:19'),
(311, 'batch65', 'Manjiri ', '1', '5106763089', '2021-07-03 20:00:33', '2021-07-03 20:52:37', 1, '2021-07-03 20:00:33'),
(312, 'batch65', 'Frank', '974', '55713024', '2021-07-03 20:01:59', '2021-07-03 20:19:01', 1, '2021-07-03 20:01:59'),
(313, 'batch65', 'G Narendra Reddy', '91', '9440133121', '2021-07-03 20:04:14', '2021-07-03 20:52:45', 1, '2021-07-03 20:04:14'),
(314, '-1', 'Ajay kale', '', '9823047200', '2021-07-03 20:05:31', '2021-07-03 20:06:01', 1, '2021-07-03 20:04:42'),
(315, 'batch65', 'K L Sharma', '', '09930909992', '2021-07-03 20:33:35', '2021-07-03 20:48:36', 1, '2021-07-03 20:07:59'),
(316, 'batch65', 'Paresh Shah', '', '9831097216', '2021-07-03 20:21:06', '2021-07-03 21:07:52', 1, '2021-07-03 20:08:41'),
(317, 'batch65', 'Nisha', '', '9980545174', '2021-07-03 20:21:41', '2021-07-03 20:52:14', 1, '2021-07-03 20:12:08'),
(318, 'batch65', 'Saroj', '91', '7588581111', '2021-07-03 20:12:40', '2021-07-03 20:16:40', 1, '2021-07-03 20:12:40'),
(319, 'batch65', 'Shilpa r', '', '9036514846', '2021-07-03 20:12:53', '2021-07-03 20:53:00', 1, '2021-07-03 20:12:53'),
(320, 'batch65', 'Jayesh Engineer', '973', '36998504', '2021-07-03 20:15:16', '2021-07-03 20:52:47', 1, '2021-07-03 20:15:16'),
(321, 'batch65', 'Dr Mohan Kumar SL', '91', '9448189250', '2021-07-03 20:44:49', '2021-07-03 20:52:19', 1, '2021-07-03 20:17:24'),
(322, '-1', 'Ratnamala Mohapatra ', '', '9338227129', '2021-07-03 20:20:23', '2021-07-03 20:20:53', 1, '2021-07-03 20:20:23'),
(323, 'batch65', 'Jagannathan S', '', '09449116257', '2021-07-03 20:21:16', '2021-07-03 20:52:20', 0, '2021-07-03 20:21:16'),
(324, 'batch65', 'Abhijeet', '', '9343212020', '2021-07-03 20:21:19', '2021-07-03 20:49:51', 1, '2021-07-03 20:21:19'),
(325, '-1', 'Sumathi Suresh', '', '9663071994', '2021-07-03 20:32:18', '2021-07-03 20:32:48', 1, '2021-07-03 20:32:18'),
(326, 'batch65', 'Sadagopan sritharan', '', '9448819745', '2021-07-03 20:33:58', '2021-07-03 20:44:28', 1, '2021-07-03 20:33:58'),
(327, '-1', 'BRAJESH KUMAR ', '', '9771592130', '2021-07-03 20:38:19', '2021-07-03 20:38:49', 1, '2021-07-03 20:38:19'),
(328, 'batch65', 'BRAJESH KUMAR ', '', '9771592130', '2021-07-03 20:52:55', '2021-07-03 20:56:25', 1, '2021-07-03 20:39:53'),
(329, 'batch65', 'Bhupendra Mishra', '', '08980001868', '2021-07-03 20:41:07', '2021-07-03 20:58:47', 1, '2021-07-03 20:41:07'),
(330, 'batch65', 'Priya', '', '09940063144', '2021-07-03 21:05:23', '2021-07-03 21:05:53', 1, '2021-07-03 21:05:23'),
(331, 'batch65', 'Jyoti', '', '9902984906', '2021-07-03 21:05:51', '2021-07-03 21:07:54', 1, '2021-07-03 21:05:51'),
(332, 'batch65', 'Vijay', '91', '9449854344', '2021-07-03 21:07:42', '2021-07-03 21:08:12', 1, '2021-07-03 21:07:42'),
(333, '-1', 'chitra', '974', '50139595', '2021-07-03 21:59:04', '2021-07-03 21:59:34', 1, '2021-07-03 21:59:04'),
(334, 'batch65', 'Mitri Jadhav', '', '9513455585', '2021-07-03 22:39:24', '2021-07-03 22:40:25', 1, '2021-07-03 22:39:24'),
(335, 'batch65', 'Sukarma Khanna ', '91', '9820813482', '2021-07-04 17:02:22', '2021-07-04 17:13:42', 1, '2021-07-03 22:43:03'),
(336, '-1', 'Srinivas Challa', '', '9845795815', '2021-07-04 07:52:00', '2021-07-04 07:52:30', 1, '2021-07-04 07:52:00'),
(337, 'batch65', 'Srinivas Challa', '', '9845795815', '2021-07-04 07:52:08', '2021-07-04 07:52:21', 0, '2021-07-04 07:52:08'),
(338, 'batch65', 'D Ramamoorthy ', '', '9833130198', '2021-07-04 09:27:00', '2021-07-04 09:27:30', 1, '2021-07-04 09:25:27'),
(339, 'batch65', 'Anuj Maheshwari', '', '9927047840', '2021-07-04 15:37:29', '2021-07-04 15:37:59', 1, '2021-07-04 15:37:29'),
(340, 'batch65', 'Subhash Bhosle', '', '7019246455', '2021-07-04 16:15:03', '2021-07-04 16:16:48', 1, '2021-07-04 16:15:03'),
(341, 'batch65', 'Nitin Umesh', '91', '9501440411', '2021-07-04 20:13:45', '2021-07-04 20:14:15', 1, '2021-07-04 20:13:45'),
(342, 'batch65', 'Ketan S Patel', '1', '2012819492', '2021-07-05 01:43:08', '2021-07-05 01:44:10', 1, '2021-07-05 01:43:08'),
(343, 'batch65', 'Laxmi', '', '7568766200', '2021-07-05 10:49:56', '2021-07-05 10:50:57', 1, '2021-07-05 10:49:56'),
(344, 'batch65', 'Prakash Roopani', '1', '7135048243', '2021-07-06 05:05:34', '2021-07-06 05:06:04', 1, '2021-07-06 05:05:34'),
(345, 'batch65', 'vijay khurana', '', '9818690215', '2021-07-06 06:13:07', '2021-07-06 06:14:07', 1, '2021-07-06 06:13:07'),
(346, 'batch65', 'Lalita Jadhav', '', '09823859657', '2021-07-06 07:51:51', '2021-07-06 07:52:21', 1, '2021-07-06 07:51:51'),
(347, 'batch65', 'Usharani', '91', '9902343025', '2021-07-06 22:34:51', '2021-07-06 22:36:02', 1, '2021-07-06 22:34:51'),
(348, 'batch65', 'Priti awasthi', '', '8130820000', '2021-07-10 11:32:57', '2021-07-10 11:35:38', 0, '2021-07-10 11:25:26'),
(349, 'batch65', 'Jasmath Bhatia', '', '8700382061', '2021-07-11 18:52:44', '2021-07-11 18:53:14', 1, '2021-07-11 18:52:44');

--
-- Indexes for dumped tables
--

--
-- Indexes for table `tbl_questions`
--
ALTER TABLE `tbl_questions`
  ADD PRIMARY KEY (`id`);

--
-- Indexes for table `tbl_users`
--
ALTER TABLE `tbl_users`
  ADD PRIMARY KEY (`id`);

--
-- AUTO_INCREMENT for dumped tables
--

--
-- AUTO_INCREMENT for table `tbl_questions`
--
ALTER TABLE `tbl_questions`
  MODIFY `id` int(11) NOT NULL AUTO_INCREMENT, AUTO_INCREMENT=377;
--
-- AUTO_INCREMENT for table `tbl_users`
--
ALTER TABLE `tbl_users`
  MODIFY `id` int(4) NOT NULL AUTO_INCREMENT, AUTO_INCREMENT=350;
/*!40101 SET CHARACTER_SET_CLIENT=@OLD_CHARACTER_SET_CLIENT */;
/*!40101 SET CHARACTER_SET_RESULTS=@OLD_CHARACTER_SET_RESULTS */;
/*!40101 SET COLLATION_CONNECTION=@OLD_COLLATION_CONNECTION */;
