-- phpMyAdmin SQL Dump
-- version 4.6.6deb5ubuntu0.5
-- https://www.phpmyadmin.net/
--
-- Host: localhost:3306
-- Generation Time: Feb 15, 2022 at 05:30 AM
-- Server version: 5.7.36-0ubuntu0.18.04.1
-- PHP Version: 7.2.24-0ubuntu0.18.04.10

SET SQL_MODE = "NO_AUTO_VALUE_ON_ZERO";
SET time_zone = "+00:00";


/*!40101 SET @OLD_CHARACTER_SET_CLIENT=@@CHARACTER_SET_CLIENT */;
/*!40101 SET @OLD_CHARACTER_SET_RESULTS=@@CHARACTER_SET_RESULTS */;
/*!40101 SET @OLD_COLLATION_CONNECTION=@@COLLATION_CONNECTION */;
/*!40101 SET NAMES utf8mb4 */;

--
-- Database: `ExcerciseExpertQA_19`
--

-- --------------------------------------------------------

--
-- Table structure for table `tbl_countries`
--

CREATE TABLE `tbl_countries` (
  `country` varchar(43) DEFAULT NULL,
  `cntry_code` varchar(5) DEFAULT NULL
) ENGINE=InnoDB DEFAULT CHARSET=utf8;

--
-- Dumping data for table `tbl_countries`
--

INSERT INTO `tbl_countries` (`country`, `cntry_code`) VALUES
('Afghanistan', '93'),
('Albania', '355'),
('Algeria', '213'),
('American Samoa', '1-684'),
('Andorra', '376'),
('Angola', '244'),
('Anguilla', '1-264'),
('Antarctica', '672'),
('Antigua', '1-268'),
('Argentina', '54'),
('Armenia', '374'),
('Aruba', '297'),
('Ascension', '247'),
('Australia', '61'),
('Australian External Territories', '672'),
('Austria', '43'),
('Azerbaijan', '994'),
('Bahamas', '1-242'),
('Bahrain', '973'),
('Bangladesh', '880'),
('Barbados', '1-246'),
('Barbuda', '1-268'),
('Belarus', '375'),
('Belgium', '32'),
('Belize', '501'),
('Benin', '229'),
('Bermuda', '1-441'),
('Bhutan', '975'),
('Bolivia', '591'),
('Bosnia & Herzegovina', '387'),
('Botswana', '267'),
('Brazil', '55'),
('British Virgin Islands', '1-284'),
('Brunei Darussalam', '673'),
('Bulgaria', '359'),
('Burkina Faso', '226'),
('Burundi', '257'),
('Cambodia', '855'),
('Cameroon', '237'),
('Canada', '1'),
('Cape Verde Islands', '238'),
('Cayman Islands', '1-345'),
('Central African Republic', '236'),
('Chad', '235'),
('Chatham Island (New Zealand)', '64'),
('Chile', '56'),
('China (PRC)', '86'),
('Christmas Island', '61-8'),
('', ''),
('Cocos-Keeling Islands', '61'),
('Colombia', '57'),
('Comoros', '269'),
('Congo', '242'),
('Congo, Dem. Rep. of?', '243'),
('Cook Islands', '682'),
('Costa Rica', '506'),
('C?te d\'Ivoire', '225'),
('Croatia', '385'),
('Cuba', '53'),
('Cuba', '5399'),
('Cura?ao', '599'),
('Cyprus', '357'),
('Czech Republic', '420'),
('Denmark', '45'),
('Diego Garcia', '246'),
('Djibouti', '253'),
('Dominica', '1-767'),
('Dominican Republic', '1-809'),
('East Timor', '670'),
('Easter Island', '56'),
('Ecuador', '593'),
('Egypt', '20'),
('El Salvador', '503'),
('Equatorial Guinea', '240'),
('Eritrea', '291'),
('Estonia', '372'),
('Ethiopia', '251'),
('Falkland Islands', '500'),
('Faroe Islands', '298'),
('Fiji Islands', '679'),
('Finland', '358'),
('France', '33'),
('French Antilles', '596'),
('French Guiana', '594'),
('French Polynesia', '689'),
('Gabonese Republic', '241'),
('Gambia', '220'),
('Georgia', '995'),
('Germany', '49'),
('Ghana', '233'),
('Gibraltar', '350'),
('Greece', '30'),
('Greenland', '299'),
('Grenada', '1-473'),
('Guadeloupe', '590'),
('Guam', '1-671'),
('Guantanamo Bay', '5399'),
('Guatemala', '502'),
('Guinea-Bissau', '245'),
('Guinea', '224'),
('Guyana', '592'),
('Haiti', '509'),
('Honduras', '504'),
('Hong Kong', '852'),
('Hungary', '36'),
('Iceland', '354'),
('India', '91'),
('Indonesia', '62'),
('Inmarsat (Atlantic Ocean - East)', '871'),
('Inmarsat (Atlantic Ocean - West)', '874'),
('Inmarsat (Indian Ocean)', '873'),
('Inmarsat (Pacific Ocean)', '872'),
('International Freephone Service', '800'),
('International Shared Cost Service (ISCS)', '808'),
('Iran', '98'),
('Iraq', '964'),
('Ireland', '353'),
('Iridium', '8816'),
('Israel', '972'),
('Italy', '39'),
('Jamaica', '1-876'),
('Japan', '81'),
('Jordan', '962'),
('Kazakhstan', '7'),
('Kenya', '254'),
('Kiribati', '686'),
('Korea (North)', '850'),
('Korea (South)', '82'),
('Kuwait', '965'),
('Kyrgyz Republic', '996'),
('Laos', '856'),
('Latvia', '371'),
('Lebanon', '961'),
('Lesotho', '266'),
('Liberia', '231'),
('Libya', '218'),
('Liechtenstein', '423'),
('Lithuania', '370'),
('Luxembourg', '352'),
('Macao', '853'),
('Macedonia', '389'),
('Madagascar', '261'),
('Malawi', '265'),
('Malaysia', '60'),
('Maldives', '960'),
('Mali Republic', '223'),
('Malta', '356'),
('Marshall Islands', '692'),
('Martinique', '596'),
('Mauritania', '222'),
('Mauritius', '230'),
('Mayotte Island', '269'),
('Mexico', '52'),
('Micronesia, (Federal States of)', '691'),
('Midway Island', '1-808'),
('Moldova', '373'),
('Monaco', '377'),
('Mongolia', '976'),
('Montenegro', '382'),
('Montserrat', '1-664'),
('Morocco', '212'),
('Mozambique', '258'),
('Myanmar', '95'),
('Namibia', '264'),
('Nauru', '674'),
('Nepal', '977'),
('Netherlands', '31'),
('Netherlands Antilles', '599'),
('Nevis', '1-869'),
('New Caledonia', '687'),
('New Zealand', '64'),
('Nicaragua', '505'),
('Niger', '227'),
('Nigeria', '234'),
('Niue', '683'),
('Norfolk Island', '672'),
('Northern Marianas Islands', '1-670'),
('', ''),
('Norway', '47'),
('Oman', '968'),
('Pakistan', '92'),
('Palau', '680'),
('Palestinian Settlements', '970'),
('Panama', '507'),
('Papua New Guinea', '675'),
('Paraguay', '595'),
('Peru', '51'),
('Philippines', '63'),
('Poland', '48'),
('Portugal', '351'),
('Puerto Rico', '1-787'),
('Qatar', '974'),
('R?union Island', '262'),
('Romania', '40'),
('Russia', '7'),
('Rwandese Republic', '250'),
('St. Helena', '290'),
('St. Kitts/Nevis', '1-869'),
('St. Lucia', '-757'),
('St. Pierre & Miquelon', '508'),
('St. Vincent & Grenadines', '1-784'),
('Samoa', '685'),
('San Marino', '378'),
('S?o Tom? and Principe', '239'),
('Saudi Arabia', '966'),
('Senegal', '221'),
('Serbia', '381'),
('Seychelles Republic', '248'),
('Sierra Leone', '232'),
('Singapore', '65'),
('Slovak Republic', '421'),
('Slovenia', '386'),
('Solomon Islands', '677'),
('Somali Democratic Republic', '252'),
('South Africa', '27'),
('Spain', '34'),
('Sri Lanka', '94'),
('Sudan', '249'),
('Suriname', '597'),
('Swaziland', '268'),
('Sweden', '46'),
('Switzerland', '41'),
('Syria', '963'),
('Taiwan', '886'),
('Tajikistan', '992'),
('Tanzania', '255'),
('Thailand', '66'),
('Thuraya (Mobile Satellite service)', '88216'),
('Timor Leste', '670'),
('Togolese Republic', '228'),
('Tokelau', '690'),
('Tonga Islands', '676'),
('Trinidad & Tobago', '1-868'),
('Tunisia', '216'),
('Turkey', '90'),
('Turkmenistan', '993'),
('Turks and Caicos Islands', '1-649'),
('Tuvalu', '688'),
('Uganda', '256'),
('Ukraine', '380'),
('United Arab Emirates', '971'),
('United Kingdom', '44'),
('United States of America', '1'),
('US Virgin Islands', '1-340'),
('Universal Personal Telecommunications (UPT)', '878'),
('Uruguay', '598'),
('Uzbekistan', '998'),
('Vanuatu', '678'),
('Vatican City', '39'),
('Venezuela', '58'),
('Vietnam', '84'),
('Wake Island', '808');

-- --------------------------------------------------------

--
-- Table structure for table `tbl_questions`
--

CREATE TABLE `tbl_questions` (
  `id` int(11) NOT NULL,
  `batch` varchar(50) NOT NULL,
  `select_batch` varchar(150) DEFAULT NULL,
  `user_name` varchar(255) NOT NULL,
  `user_phone` varchar(15) NOT NULL,
  `user_question` varchar(500) NOT NULL,
  `asked_at` datetime NOT NULL,
  `user_code` varchar(10) NOT NULL,
  `speaker` int(11) NOT NULL DEFAULT '0',
  `answered` int(11) NOT NULL DEFAULT '0',
  `responded` int(11) DEFAULT '0',
  `doctor` int(11) DEFAULT '0',
  `diet` int(11) DEFAULT '0',
  `exercise` int(11) DEFAULT '0',
  `mentor` int(11) DEFAULT '0',
  `operations` int(11) DEFAULT '0',
  `remark` varchar(250) DEFAULT NULL
) ENGINE=InnoDB DEFAULT CHARSET=latin1;

--
-- Dumping data for table `tbl_questions`
--

INSERT INTO `tbl_questions` (`id`, `batch`, `select_batch`, `user_name`, `user_phone`, `user_question`, `asked_at`, `user_code`, `speaker`, `answered`, `responded`, `doctor`, `diet`, `exercise`, `mentor`, `operations`, `remark`) VALUES
(1, 'batch65', 'Batch72', 'neeraj', '34344', 'haaaaaiii', '2022-01-19 15:47:37', '93', 0, 0, 0, 0, 0, 0, 0, 0, NULL),
(2, 'batch65', 'Batch74', 'Chiranjit Banerjee ', '9886006511', 'The overdose of dal based food has led to flatulence.  How to overcome this problem.?', '2022-01-19 22:12:11', '', 0, 0, 0, 0, 1, 0, 0, 0, NULL),
(3, 'batch65', 'Batch74', 'Vijaya Kumar. B.', '7975689339', 'Ok', '2022-01-23 07:15:20', '', 0, 0, 0, 0, 0, 0, 0, 0, NULL),
(4, 'batch65', 'Batch74', 'Vijaya Kumar. B.', '7975689339', 'Ok', '2022-01-23 07:15:36', '', 0, 0, 0, 0, 0, 0, 0, 0, NULL),
(5, 'batch65', 'Batch74', 'Vijaya Kumar. B.', '7975689339', 'Ok', '2022-01-23 07:16:37', '', 0, 0, 0, 0, 0, 0, 0, 0, NULL),
(6, 'batch65', 'Batch74', 'Vijaya Kumar. B.', '7975689339', 'Is it AGE necessary', '2022-01-23 07:16:58', '', 0, 0, 0, 0, 0, 1, 0, 0, NULL),
(7, 'batch65', 'Batch74', 'Vijaya Kumar. B.', '7975689339', 'Ok', '2022-01-23 07:17:57', '', 0, 0, 0, 0, 0, 0, 0, 0, NULL),
(8, 'batch65', 'Batch71', 'Ellora', '9822336276', 'Just unable to build muscle and strength after 14kg weight loss (have experienced muscle loss as well)', '2022-01-23 17:43:11', '', 0, 0, 0, 0, 0, 1, 0, 0, NULL),
(9, 'batch65', 'Batch69', 'Prakash R', '9833133309', 'Is todayâ€™s session is also postponed?', '2022-01-23 17:58:16', '', 0, 0, 1, 0, 0, 0, 0, 0, NULL),
(10, 'batch65', 'Batch70', 'Latha Venkateswar ', '508680176', 'Is it necessary to continue with the anti gravity and Nitric Oxide Dump exercises once you are on the 3-2-1 exercise pattern?   fasting blood sugar continues to be high.  Please advice.', '2022-01-23 18:30:04', '971', 0, 0, 0, 0, 1, 0, 0, 0, NULL),
(11, 'batch65', 'Batch70', 'Vandana Vora', '4035104869', 'Hello Dr. Malhar ðŸ™ what is athletic Yoga?', '2022-01-23 18:44:08', '1', 0, 0, 0, 0, 0, 1, 0, 0, NULL),
(12, 'batch65', 'Batch70', 'Vandana Vora', '4035104869', 'Can i have home made protein- nuts and seeds powder, as commercial protein does not suit me. Thank you', '2022-01-23 18:45:25', '1', 0, 0, 0, 0, 1, 0, 0, 0, NULL),
(13, 'batch65', 'Batch70', 'Vandana Vora', '4035104869', 'Weight is 57 and BMI is 22 so ideally how much weight should i use for training? At present using 8 lbs and 10 lbs . 10 lbs each dumbell my bsl rises why?', '2022-01-23 18:49:03', '1', 0, 0, 0, 0, 0, 1, 0, 0, NULL),
(14, 'batch65', 'Batch70', 'Latha Venkateswar ', '508680176', 'How long should one do cardio exercises before strength training exercises in the gym?', '2022-01-23 18:49:49', '971', 0, 0, 0, 0, 0, 1, 0, 0, NULL),
(15, 'batch65', 'Batch70', 'Latha Venkateswar ', '508680176', 'Is doing 30  super brain yoga squats considered as aggressive exercise?', '2022-01-23 18:51:34', '971', 0, 0, 0, 0, 0, 1, 0, 0, NULL),
(16, 'batch65', 'Batch66', 'Chandrasekhar', '9481245906', 'Whether strength training elevate creatinine levels, irrespective of protein supplement consumption.', '2022-01-23 18:53:16', '', 0, 0, 0, 0, 1, 0, 0, 0, NULL),
(17, 'batch65', 'Batch70', 'Latha Venkateswar ', '508680176', 'Is doing 24 standing surya namaskars considered as aggressive exercise?', '2022-01-23 18:53:39', '971', 0, 0, 0, 0, 0, 1, 0, 0, NULL),
(18, 'batch65', 'Batch70', 'Latha Venkateswar ', '508680176', 'Is playing badminton or frisbee considered as aggressive exercise?', '2022-01-23 18:54:41', '971', 0, 0, 0, 0, 0, 1, 0, 0, NULL),
(19, 'batch65', 'Batch70', 'Latha Venkateswar ', '508680176', 'Is doing short bursts of aggressive exercises for 10 minutes every 2 hours good ?', '2022-01-23 18:56:25', '971', 0, 0, 0, 0, 0, 1, 0, 0, NULL),
(20, 'batch65', 'Batch67', 'Mani Agrawal', '8527057079', 'My current weight is 74Kgs. I have already reduced around 15 kgs and I want to reduce 10 more kgs to reach around 23 BMI. But my weight is stagnant since last 3-4 months at 74 Kgs. Please suggest what to do\r\nAlso please suggest some exercises to reduce belly fat.', '2022-01-23 18:57:20', '', 0, 0, 0, 0, 0, 0, 0, 0, NULL),
(21, 'batch65', 'Batch68', 'Shamaiah L', '9449249870', 'Good evening sir', '2022-01-23 19:00:44', '', 0, 0, 0, 0, 0, 1, 0, 0, NULL),
(22, 'batch65', 'Batch71', 'Sekhar Chandrasekhar', '9087976290', 'Hello Dr Malhar ...  if there is weight gain of 3 Kgs but sugars are in range, does it mean its muscle weight and not fat build up?', '2022-01-23 19:01:04', '1', 0, 0, 0, 0, 1, 0, 0, 0, NULL),
(23, 'batch65', 'Batch74', 'Dr. Narayanaswmy T', '9481310289', 'Sir if I excercise 5 day in week, is it ok', '2022-01-23 19:02:22', '', 0, 0, 0, 0, 1, 0, 0, 0, NULL),
(24, 'batch65', 'Batch67', 'Venkatadri', '9821943210', 'does sugar increase due to Covid', '2022-01-23 19:03:20', '', 0, 0, 0, 0, 0, 1, 0, 0, NULL),
(25, 'batch65', 'Batch69', 'Hema Srinivas', '2402710037', 'Helllo Dr Malhar, good to see you back, hope you are feeling better. Look forward to getting some valuable insights to make our journey to freedom from diabetes smoother and less stressful.', '2022-01-23 19:03:54', '1', 0, 0, 0, 0, 1, 0, 0, 0, NULL),
(26, 'batch65', 'Batch70', 'Vandana Vora', '4035104869', 'Can i run for more than 30 min on treadmill? Thank you', '2022-01-23 19:04:20', '1', 0, 0, 0, 0, 1, 0, 0, 0, NULL),
(27, 'batch65', 'Batch65', 'Josephena ', '6479278980', 'Hi Good evrning', '2022-01-23 19:04:32', '1', 0, 0, 1, 0, 0, 0, 0, 0, NULL),
(28, 'batch65', 'Batch71', 'Neelam Arvind Kumar ', '8770481708', 'Sir what should be the maximum duration of strength training daily in 3-2-1 as I came to know that excess exercises cause spikes in sugar', '2022-01-23 19:04:33', '', 0, 0, 0, 0, 1, 0, 0, 0, NULL),
(29, 'batch65', 'Batch67', 'Nilesh Sahita', '8108779732', 'From Singapore!', '2022-01-23 19:04:38', '', 0, 0, 0, 0, 0, 0, 0, 0, NULL),
(30, 'batch65', 'Batch69', 'Ram', '9822874687', 'I run 14km on saturdays at constant speed with heart beat consistently above 160bpm. Is running at same speed not good for health?', '2022-01-23 19:04:51', '', 0, 0, 0, 0, 0, 1, 0, 0, 'Fartlek, Threshold, aerobic, LSD'),
(31, 'batch65', 'Batch69', 'Prakash R', '9833133309', 'Indian participants also here today', '2022-01-23 19:04:58', '', 0, 0, 1, 0, 0, 0, 0, 0, NULL),
(32, 'batch65', 'Batch71', 'T V sharma', '08008269270', 'Due to COVID I have stopped going vto Gym please suggest alternative.', '2022-01-23 19:05:11', '', 0, 0, 0, 0, 0, 1, 0, 0, NULL),
(33, 'batch65', 'Batch66', 'Nagarajan ', '8127976273', 'Should I do strength training Mon , Tue, Wed or Mon, Wed, Fri?', '2022-01-23 19:06:55', '1', 0, 0, 0, 0, 1, 0, 0, 0, NULL),
(34, 'batch65', 'Batch71', 'Anuradha Patange', '09036645931', 'Is muscle building necessary to clear gtt?', '2022-01-23 19:07:07', '', 0, 0, 0, 0, 0, 1, 0, 0, NULL),
(35, 'batch65', 'Batch70', 'R Srinivasan', '9445019891', 'severe hunger is there whether BSL is 150 or 90 between 6 to  7 AM, Why .despite taking smoothie?', '2022-01-23 19:07:22', '', 0, 0, 0, 0, 0, 1, 0, 0, '1600 cal - maintainence diet -'),
(36, 'batch65', 'Batch71', 'Mohana A', '9611159500', 'Sir though I have been advised I try out different combination exercise high energy types..I am.59 ..will it have any reverse effect on my joints ?', '2022-01-23 19:07:23', '', 0, 0, 0, 0, 0, 1, 0, 0, NULL),
(37, 'batch65', 'Batch65', 'Josephena ', '6479278980', 'Is the hard exercise a constrain for elderly people, over 75?', '2022-01-23 19:07:26', '1', 0, 0, 0, 0, 1, 0, 0, 0, NULL),
(38, 'batch65', 'Batch68', 'Santosh Nair', '81899909', 'Dr, Is commercial protein powder like GNC advised in small quantities?..to supplement during phase of muscle strengthening/building..', '2022-01-23 19:07:50', '65', 0, 0, 0, 0, 0, 0, 0, 0, NULL),
(39, 'batch65', 'Batch71', 'Bellamkonda Sreenivasa Rao', '9849309232', 'I am doing Gym and Yoga both, which is considered as my identity. Even I am cycling. Achieved 108 suryanamaskar and going to gym regularly.', '2022-01-23 19:08:06', '', 0, 0, 0, 0, 0, 0, 0, 0, NULL),
(40, 'batch65', 'Batch74', 'Narana Kannappan', '4088386290', 'I have stagnated at -10kg  loss. I am still at around 28BMI and want to lose another 5-7 kg. Problem is with WAGE/3-2-1 I feel more hungry and finding it diffickult to balance diet and additional exercises.', '2022-01-23 19:08:14', '1', 0, 0, 0, 0, 0, 1, 0, 0, NULL),
(41, 'batch65', 'Batch66', 'SEEMA UPADHYE', '551570539', 'What to do constant pain after exercise, like I have on one left  foot , side way', '2022-01-23 19:08:25', '971', 0, 0, 0, 0, 0, 1, 0, 0, NULL),
(42, 'batch65', 'Batch73', 'Vijayshree Jorapur', '09422084568', 'Please explain how athelete identity as runner or treker will need one to take diabetes medicine to reduce blood glucose?', '2022-01-23 19:08:26', '', 0, 0, 0, 0, 0, 1, 0, 0, NULL),
(43, 'batch65', 'Batch65', 'Josephena ', '6479278980', 'I lost 5 kg during my one Yr programme. ended last month.   I could not reverse', '2022-01-23 19:09:21', '1', 0, 0, 0, 0, 0, 1, 0, 0, NULL),
(44, 'batch65', 'Batch74', 'Dr. Narayanaswmy T', '9481310289', 'How many years we have to be in gym', '2022-01-23 19:09:32', '', 0, 0, 0, 0, 0, 1, 0, 0, NULL),
(45, 'batch65', 'Batch65', 'Josephena ', '6479278980', 'Can I continue the same diet?', '2022-01-23 19:09:57', '1', 0, 0, 0, 0, 1, 0, 0, 0, NULL),
(46, 'batch65', 'Batch71', 'T.GANESAMOORTHY', '92514353', 'Without trainer Gym will not workout or Home workout with Dumbbells will not be sufficient?', '2022-01-23 19:10:39', '968', 0, 0, 0, 0, 0, 1, 0, 0, NULL),
(47, 'batch65', 'Batch73', 'Vijayshree Jorapur', '09422084568', 'why cardio always is not good, how it causes high sugar', '2022-01-23 19:10:55', '', 0, 0, 0, 0, 1, 0, 0, 0, NULL),
(48, 'batch65', 'Batch73', 'Panchalingam ', '9942442662', 'Athletic identify exercises whether to be done weekly once.If so how much duration to be done', '2022-01-23 19:10:55', '', 0, 0, 0, 0, 0, 1, 0, 0, NULL),
(49, 'batch65', 'Batch69', 'Hema Srinivas', '2402710037', 'Can we do  108 surya namaskars instead of regular surya namaskars.', '2022-01-23 19:10:59', '1', 0, 0, 0, 0, 0, 0, 0, 0, NULL),
(50, 'batch65', 'Batch70', 'Makrand', '9842385928', 'Greetings! Sir\r\nHope you are doing well. I am following 3-2-1 Excericse pattern for last 3 months, but donâ€™t see improvement in muscle building. Any suggestions?\r\nThank you', '2022-01-23 19:11:06', '1', 0, 0, 0, 0, 0, 1, 0, 0, NULL),
(51, 'batch65', 'Batch72', 'Dr. Aparna Narasimha', '09632140850', 'Hello doctor\r\nI started my FFD with 65kgs after losing almost 5 kgs in 2.5 months, my weight is stagnant. My BMI is around 24. But I started looking emaciated. Should I focus on more weight training 3 times to build muscle', '2022-01-23 19:12:53', '', 0, 0, 0, 0, 0, 1, 0, 0, NULL),
(52, 'batch65', 'Batch72', 'Mohammed Shareef', '559367222', 'My fasting blood sugar is not coming down from 120 irrespective of any exercise and diet', '2022-01-23 19:12:55', '971', 0, 0, 0, 0, 0, 1, 0, 0, NULL),
(53, 'batch65', 'Batch66', 'SEEMA UPADHYE', '551570539', 'How can we tell weight is due to fat  or muscle', '2022-01-23 19:13:00', '971', 0, 0, 0, 0, 0, 1, 0, 0, NULL),
(54, 'batch65', 'Batch67', 'Mani Agrawal', '8527057079', 'Ok sir, thank you! Can you please suggest some exercises to reduce belly fat', '2022-01-23 19:13:06', '', 0, 0, 0, 0, 0, 0, 0, 0, NULL),
(55, 'batch65', 'Batch74', 'Narana Kannappan', '4088386290', 'I am recovering from Covid. What exercises would you recommend ?', '2022-01-23 19:13:08', '1', 0, 0, 0, 0, 0, 1, 0, 0, NULL),
(56, 'batch65', 'Batch73', 'Vijayshree Jorapur', '09422084568', 'i am doing climb walk jog on hill for 7 or 8 km 5 days a week, my bmi is 31, is it ok, i am doing hill walk since last 4 months it was 5km , this month i am doing 8km , is it good, climb on tekadi can we say it is lower body strenth?', '2022-01-23 19:14:39', '', 0, 0, 0, 0, 0, 1, 0, 0, NULL),
(57, 'batch65', 'Batch72', 'Dr. Aparna Narasimha', '09632140850', 'Can we do suryanamaskara while having covid', '2022-01-23 19:14:44', '', 0, 0, 0, 0, 0, 1, 0, 0, NULL),
(58, 'batch65', 'Batch73', 'Latha Nagappa', '9724394188', 'Is rest day a must if we exercise five to six days a week? Also do we need to change our exercises often? if so how often should we change?', '2022-01-23 19:14:47', '1', 0, 0, 0, 0, 0, 1, 0, 0, NULL),
(59, 'batch65', 'Batch67', 'Raghavendra Murthy', '9736102760', 'I am towards the end of the 1-year program. The program had a great impact and I also encouraged a lot to family and friends to the program. However, the service is poor for US attendees. I need to extend the program, reached out to the admin team via WhatsApp and email as well. I did not receive any response. Sorry to bring it up here but I am desperate.', '2022-01-23 19:15:38', '1', 0, 0, 0, 0, 0, 1, 0, 1, NULL),
(60, 'batch65', 'Batch73', 'Vijayshree Jorapur', '9422084568', 'Climb on hill is it strength training for legs\r\nJ', '2022-01-23 19:16:02', '', 0, 0, 1, 0, 0, 0, 0, 0, NULL),
(61, 'batch65', 'Batch74', 'Narana Kannappan', '4088386290', 'I liked wearing a weight vest (~ 16 lbs) and brisk walk for around 3 miles. I do this two times a week. Does this count as cardio or weight training ?', '2022-01-23 19:16:03', '1', 0, 0, 0, 0, 0, 1, 0, 0, NULL),
(62, 'batch65', 'Batch67', 'Nilesh Sahita', '8108779732', 'I work out 40+ mins everyday morning, 10 mins post lunch and 10 mins post dinner.\r\n\r\nMy morning workout is - Superbrain Yoga (1x21), Suryanamaskar (1x21), Pushups (1x21), Stregth training using resistance band (10 mins), Jogging (15 mins), Post-lunch (10/15 mins) - Stairs and/or Nitric Oxide dump, Post-dinner - Stairs and/or Nitric Oxide Dump.  Current BMI is just under 22, Feel energretic and HbA1c is below 6. I workout 6 days a week. Should I increase my weights training to build muscles?', '2022-01-23 19:16:21', '', 0, 0, 0, 0, 0, 0, 0, 0, NULL),
(63, 'batch65', 'Batch67', 'Pavan kumar Dixit', '9620127054', 'Hi Sir , I came down to 60kg and maintained  it but it is fluctuating between 62 to 65kg . I follow 3:2:1 regime . How to maintain this BMI at 23 .', '2022-01-23 19:16:31', '', 0, 0, 0, 0, 0, 1, 0, 0, NULL),
(64, 'batch65', 'Batch66', 'SEEMA UPADHYE', '551570539', 'Earlier energy levels were good , now reduced, what to do', '2022-01-23 19:16:35', '971', 0, 0, 0, 0, 1, 0, 0, 0, NULL),
(65, 'batch65', 'Batch73', 'Vijayshree Jorapur', '9422084568', 'I am doing 8km walk on hill, jog walk climb in,it my BMI 31, is it ok', '2022-01-23 19:17:24', '', 0, 0, 0, 0, 0, 1, 0, 0, NULL),
(66, 'batch65', 'Batch69', 'Ram', '9822874687', 'Sir, I burn 1000 calories and above on Saturday. I run 14 km on that day and feel tied and hungry after running. Is this abnormal. am 46 years of age', '2022-01-23 19:17:31', '', 0, 0, 0, 0, 0, 1, 0, 0, NULL),
(67, 'batch65', 'Batch65', 'vijay kumar', '9820034789', 'I could go from 29 to 24 BMI but could not move to phase 4 during program.now I decided to move on accepting 24 BMI and started 321 as advised by exercise expert considering 2hip implants and age 58.I only do as much as I can in a day .the diet for phase 4 has not happened as program ended.', '2022-01-23 19:19:39', '', 0, 0, 0, 0, 0, 0, 0, 0, NULL),
(68, 'batch65', 'Batch73', 'Vijayshree Jorapur', '9422084568', 'Can I do plank daily, how to train self for holding plank , guide please', '2022-01-23 19:19:54', '', 0, 0, 0, 0, 0, 1, 0, 0, NULL),
(69, 'batch65', 'Batch67', 'Punit Rajgor', '99874725', 'Not able to go gym regularly so what is idea number of days and how much is important to include cardio and yoga. I am more now concentrating on muscle building', '2022-01-23 19:20:02', '965', 0, 0, 0, 0, 0, 1, 0, 0, NULL),
(70, 'batch65', 'Batch66', 'RSK', '8654560421', 'Good to see you again Dr.  Had a few unfortunate deaths in the family due to COVID so got off track with the program. Coming back to the program now, how long will we have access to the app and videos?', '2022-01-23 19:20:34', '1', 0, 0, 0, 0, 0, 1, 0, 0, NULL),
(71, 'batch65', 'Batch74', 'Sahadeva Yaragoppa', '9449966331', 'Continues eating of sprouts is increasing Urine Micro albumin .... Is there any direct correlation?', '2022-01-23 19:20:41', '', 0, 0, 0, 0, 0, 1, 0, 0, NULL),
(72, 'batch65', 'Batch73', 'Dr kadam', '9822637176', 'Can we use whey protein ?', '2022-01-23 19:20:43', '', 0, 0, 0, 0, 0, 1, 0, 0, NULL),
(73, 'batch65', 'Batch70', 'Vandana Vora', '4035104869', 'Is eggs good everyday?', '2022-01-23 19:20:58', '1', 0, 0, 0, 0, 1, 0, 0, 0, NULL),
(74, 'batch65', 'Batch66', 'Akshay Sawant', '7743613430', 'Hi Doctor, Been doing 3-2-1 last 6 months, recently weight went up from 65 to 68, so I have scaled down the exercise to lose weight. Any suggestions please?', '2022-01-23 19:21:10', '44', 0, 0, 0, 0, 0, 0, 0, 0, NULL),
(75, 'batch65', 'Batch71', 'Ranganathan R', '09880430766', '1.Coconut milk coffee will increase the sugar.\r\n2. I am less than 20 BMI, is it fasting I can do? My fasting fluctuate from 120 to 170, I am doing exercise,gym, Surya namaskar combination, my wgt is 61kg, my height is 175cm regards R.Ranganathan', '2022-01-23 19:22:00', '', 0, 0, 0, 0, 0, 1, 0, 0, NULL),
(76, 'batch65', 'Batch71', 'Santanu Talukdar', '9707801158', 'Gain weight by 4 kg, feeling Madhya Pradesh is growing despite doing gym, is this is due to taking non veg and some time of white rice. What to do now', '2022-01-23 19:22:08', '', 0, 0, 0, 0, 0, 1, 0, 0, NULL),
(77, 'batch65', 'Batch69', 'Prakash R', '9833133309', 'Session interrupted', '2022-01-23 19:23:21', '', 0, 0, 0, 0, 0, 0, 0, 0, NULL),
(78, 'batch65', 'Batch70', 'Makrand', '9842385928', 'I have a knee pain started after my running and can feel even during walking..anything to stop it? I have stopped running for now? Thank you', '2022-01-23 19:25:11', '1', 0, 0, 1, 0, 0, 0, 0, 0, NULL),
(79, 'batch65', 'Batch67', 'Capt.Swaminath V. Iyer', '9841045861', 'Sir, You are not on.', '2022-01-23 19:25:26', '', 0, 0, 0, 0, 0, 0, 0, 0, NULL),
(80, 'batch65', 'Batch73', 'Panchalingam ', '9942442662', 'Dr.I asked for the minimum required duration for athletic identity exercises which you have not answered .PL clarify', '2022-01-23 19:25:29', '', 0, 0, 0, 0, 0, 0, 0, 0, NULL),
(81, 'batch65', 'Batch67', 'Capt.Swaminath V. Iyer', '9841045861', 'Sir, Questions are not seen. Are you sharing?', '2022-01-23 19:26:06', '', 0, 0, 0, 0, 0, 0, 0, 0, NULL),
(82, 'batch65', 'Batch73', 'Vijayshree Jorapur', '9422084568', 'My question was, does cardio will increase blood sugar? Due to network issue it got lost', '2022-01-23 19:26:51', '', 0, 0, 0, 0, 0, 0, 0, 0, NULL),
(83, 'batch65', 'Batch71', 'T V sharma', '08008269270', 'Why dont u people use zoom its better', '2022-01-23 19:27:28', '', 0, 0, 0, 0, 0, 0, 0, 0, NULL),
(84, 'batch65', 'Batch67', 'Meera Sharma', '9898565275', 'Lost 18 kg weight and look emaciated, Want to gain weight now, Advised diet not helping much,', '2022-01-23 19:28:53', '', 0, 0, 0, 0, 0, 1, 0, 0, NULL),
(85, 'batch65', 'Batch65', 'Ram', '9163005104', 'For low BMI, high sugars, what do you recommend, aerobic or muscle building etc.?', '2022-01-23 19:29:04', '1', 0, 0, 0, 0, 0, 1, 0, 0, NULL),
(86, 'batch65', 'Batch73', 'Panchalingam ', '9942442662', 'Sir we request you to interact with us once in a fortnight to enjoy and learn lot from your addressing.This is our humble request', '2022-01-23 19:29:18', '', 0, 0, 0, 0, 0, 1, 0, 0, NULL),
(87, 'batch65', 'Batch73', 'Vijayshree Jorapur', '9422084568', 'Yes Dr Malhar, tonning is happening, i am fitting in L size and people started complimenting on my fitness and they see me as slim', '2022-01-23 19:29:41', '', 0, 0, 0, 0, 0, 1, 0, 0, NULL),
(88, 'batch65', 'Batch67', 'Sumana', '8479423820', 'What exercise do you recommend for muscle toning for women ?', '2022-01-23 19:30:08', '1', 0, 0, 0, 0, 0, 1, 0, 0, NULL),
(89, 'batch65', 'Batch67', 'Raghavendra Murthy', '9736102760', 'I am doing WF every week. Is this fine', '2022-01-23 19:31:09', '1', 0, 0, 0, 0, 1, 1, 0, 0, NULL),
(90, 'batch65', 'Batch73', 'Sathya Sastry', '2149181854', 'Do we need to change exercises often? if so How often do we need to change our exercises?', '2022-01-23 19:32:09', '1', 0, 0, 0, 0, 1, 0, 0, 0, 'q'),
(91, 'batch65', 'Batch69', 'Hema Srinivas', '2402710037', 'Sorry Dr I am not sure if you answered my question about 108 chair surya namaskars, instead of regular surya namasskars.', '2022-01-23 19:33:12', '1', 0, 0, 1, 0, 0, 0, 0, 0, NULL),
(92, 'batch65', 'Batch69', 'Hema Srinivas', '2402710037', 'I lost connection.', '2022-01-23 19:33:30', '1', 0, 0, 1, 0, 0, 0, 0, 0, NULL),
(93, 'batch65', 'Batch67', 'Raghavendra Murthy', '9736102760', 'I have a day long desk job. I keep dumbells handy and use them  frequently and also wear weight bands to the legs. Question is with regards to the weights to the legs. Can I keep them day long?', '2022-01-23 19:34:22', '1', 0, 0, 0, 0, 0, 1, 0, 0, NULL),
(94, 'batch65', 'Batch72', 'Ragini Sharma', '9611336000', 'Enjoying gym, thanks dr on all your insights,', '2022-01-23 19:34:35', '', 0, 0, 0, 0, 0, 1, 0, 0, NULL),
(95, 'batch65', 'Batch73', 'Dr kadam', '9822637176', 'How only gym will reduce fasting and pp suger..', '2022-01-23 19:34:43', '', 0, 0, 0, 0, 0, 1, 0, 0, NULL),
(96, 'batch65', 'Batch67', 'Mani Agrawal', '8527057079', 'Sir I want to develop my atheletic identity as a yogi, but I want to learn from a proper yoga school. Please suggest some good schools where I can learn in a better and proper manner.', '2022-01-23 19:35:25', '', 0, 0, 0, 0, 1, 0, 0, 0, NULL),
(97, 'batch65', 'Batch74', 'Mamatha V Gowda', '4084933970', 'Hello Sir, can I start egg and milk products now ?', '2022-01-23 19:35:47', '1', 0, 0, 1, 0, 0, 0, 0, 0, NULL),
(98, 'batch65', 'Batch72', 'Ragini Sharma', '9611336000', 'Enjoying the gym, 63 yrs never went to gym earlier, thanks for insight ðŸ™ðŸ»ðŸ™ðŸ»', '2022-01-23 19:36:14', '', 0, 0, 1, 0, 0, 0, 0, 0, NULL),
(99, 'batch65', 'Batch73', 'Nandita Jain', '0633320306', 'How do I build an athletic identity with joint pains and tendon inflammation? The rheumatologist has prescribed Prednisone which I have not begun. It would be a temporary solution, right? Should I take it?', '2022-01-23 19:36:20', '33', 0, 0, 0, 0, 1, 0, 0, 0, '3:2:1 - STRENGTH, STAMINA, YOGA/PILATES'),
(100, 'batch65', 'Batch71', 'T V sharma', '08008269270', 'Virat is VegÃ n', '2022-01-23 19:36:22', '', 0, 0, 0, 0, 0, 0, 0, 0, NULL),
(101, 'batch65', 'Batch67', 'Raghavendra Murthy', '9736102760', 'Can you please clarify 3-2-1?', '2022-01-23 19:37:22', '1', 0, 0, 0, 0, 0, 1, 0, 0, NULL),
(102, 'batch65', 'Batch67', 'Meera Sharma', '9898565275', 'Ghee is not advised', '2022-01-23 19:37:45', '', 0, 0, 0, 0, 1, 0, 0, 0, NULL),
(103, 'batch65', 'Batch67', 'Mani Agrawal', '8527057079', 'I also face knee pain after walking or cycling 10-12 kms. I want to develop an atheletic identity but I face the problem of knee pain. Please suggest which exercises can I do so that I do not strain my knee much.', '2022-01-23 19:37:54', '', 0, 0, 0, 0, 0, 1, 0, 0, NULL),
(104, 'batch65', 'Batch66', 'Lavanya Iyer', '4162682401', 'can you remind me again whats 3-2-1 please', '2022-01-23 19:38:04', '1', 0, 0, 0, 0, 0, 1, 0, 0, NULL),
(105, 'batch65', 'Batch66', 'Akshay Sawant', '7743613430', 'Restarted Gym after a 2 months break (Cataract Op). Loving it, feel significant difference in strength levels. Will be taking Personal Trainer. Also, training for 10k run.', '2022-01-23 19:39:36', '44', 0, 0, 0, 0, 0, 0, 0, 0, NULL),
(106, 'batch65', 'Batch73', 'Deepa', '9783900900', 'Can doing pushups increase my muscle gain?', '2022-01-23 19:39:47', '1', 0, 0, 0, 0, 0, 1, 0, 0, NULL),
(107, 'batch65', 'Batch71', 'Sekhar Chandrasekhar', '9087976290', 'Dr Pramod and FFD team suggests that we stick to all phases of the protocol .... u seem to be more relaxed and not a stickler ...  where is the right balance, we are confused...', '2022-01-23 19:40:03', '1', 0, 0, 0, 0, 1, 0, 0, 0, NULL),
(108, 'batch65', 'Batch73', 'Deepa', '9783900900', 'I do yoga. Follow ramdev for 1-2 hrs. Lots of kapalbhati and anulim vilon. Does that make me yogi', '2022-01-23 19:40:43', '1', 0, 0, 0, 0, 1, 0, 0, 0, NULL),
(109, 'batch65', 'Batch71', 'Madhu Chandrawanshi', '9926391572', 'à¤¨à¤®à¤¸à¥à¤¤à¥‡ à¤¸à¤°, à¤®à¥ˆà¤‚à¤¨à¥‡14 kg weight à¤•à¤® à¤•à¤¿à¤¯à¤¾ à¤¹à¥ˆ Joints pain à¤•à¥‡ à¤•à¤¾à¤°à¤£ exercises à¤¨à¤¹à¥€à¤‚ à¤¹à¥‹ à¤ªà¤¾à¤¤à¥€ à¤¹à¥ˆ à¥¤ à¤®à¥ˆà¤‚ chair  Surya Namaskar 15,Warm up à¤•à¤° à¤ªà¤¾à¤¤à¥€ à¤¹à¥‚à¤‚, I m 61 years young. Please any suggestion for me. ?', '2022-01-23 19:41:02', '', 0, 0, 0, 0, 1, 0, 0, 0, NULL),
(110, 'batch65', 'Batch67', 'Raghavendra Murthy', '9736102760', 'My diet got disturbed during Thanksgiving and the winter holidays. However, fasted the next 2 days to get back on track. Is this recommended?', '2022-01-23 19:41:57', '1', 0, 0, 0, 0, 1, 0, 0, 0, NULL),
(111, 'batch65', 'Batch66', 'Akshay Sawant', '7743613430', 'Quaterly Calendar is a Fantastic plan. Thank You Sir!', '2022-01-23 19:43:15', '44', 0, 0, 1, 0, 0, 0, 0, 0, NULL),
(112, 'batch65', 'Batch65', 'vijay kumar', '9820034789', 'this annual distribution slide should we follow every year going forward', '2022-01-23 19:44:01', '', 0, 0, 1, 0, 0, 0, 0, 0, NULL),
(113, 'batch65', 'Batch67', 'Meera Sharma', '9898565275', 'Please share your presentation of weight loss management', '2022-01-23 19:45:18', '', 0, 0, 0, 0, 0, 0, 0, 0, NULL),
(114, 'batch65', 'Batch66', 'Mansing Hembram', '7008850679', 'Sir, Can, I do cycling and running even my BMI is less than 21?', '2022-01-23 19:46:41', '', 0, 0, 0, 0, 0, 1, 0, 0, NULL),
(115, 'batch65', 'Batch73', 'Vijayshree Jorapur', '9422084568', 'Can I get your appointment?', '2022-01-23 19:47:33', '', 0, 0, 0, 0, 0, 1, 0, 0, NULL),
(116, 'batch65', 'Batch67', 'Maria Picardo ', '7404593049', 'Hi doc I m having shoulder impingement started with physiotherapy \r\nMissing on my exercise s  weights .whatever I can do I m doing what I can .\r\nDawn sugar is below 140  all 3 readings after meals are fine .\r\nWaiting to go to gym .', '2022-01-23 19:48:51', '44', 0, 0, 0, 0, 0, 1, 0, 0, NULL),
(117, 'batch65', 'Batch73', 'Nandita Jain', '0633320306', 'Thanks, Doctor. \r\nWhat role does using a stationary bike play, please?  Should I get one?', '2022-01-23 19:48:56', '33', 0, 0, 1, 0, 0, 0, 0, 0, NULL),
(118, 'batch65', 'Batch65', 'Josephena ', '5479278980', 'Besides  going for gim, what exercise do you suggest, for muscle building', '2022-01-23 19:49:26', '1', 0, 0, 0, 0, 0, 1, 0, 0, NULL),
(119, 'batch65', 'Batch67', 'Raghavendra Murthy', '9736102760', 'I used to eat cauliflower, brussel sprouts, brocolli and also spinach heavy smoothies. During my recent blood work, the dr observed a slight increase in thyroid readings. Is this normal? DO I need to change my diet ingredients?', '2022-01-23 19:51:40', '1', 0, 0, 0, 0, 0, 1, 0, 0, NULL),
(120, 'batch65', 'Batch70', 'Kakoli Majumdar', '9850138476', 'Is hemp protein good ?\r\nSir , I could jog 3 Km at a stretch. I do 3 days gym, 2 days yoga and a day I jog. Every day I do 20 minutes cardio and rest of the time weight training. \r\nSir , I have learnt swimming. And i can swim in the sea now.  happy.', '2022-01-23 19:52:45', '', 0, 0, 0, 0, 1, 0, 0, 0, NULL),
(121, 'batch65', 'Batch67', 'Pavan kumar Dixit', '9620127054', 'Sir , i take 3 tea with milk . It just cannot go down . Started post clearing GTT . Will this cause again to be back on medication in a year or so . How to ensure sustainance .', '2022-01-23 19:53:56', '', 0, 0, 0, 0, 1, 0, 0, 0, NULL),
(122, 'batch65', 'Batch66', 'Akshay Sawant', '7743613430', 'All going well, thanks to the FFD protocol. Belly fat removal is very slow!', '2022-01-23 19:54:22', '44', 0, 0, 0, 0, 0, 1, 0, 0, NULL),
(123, 'batch65', 'Batch66', 'SEEMA UPADHYE', '551570539', 'Sorry I missed my question that howcan come to know weight increase is due to fat or muscle gain', '2022-01-23 19:54:26', '971', 0, 0, 0, 0, 0, 1, 0, 0, NULL),
(124, 'batch65', 'Batch70', 'Kakoli Majumdar', '9850138476', 'I do 3: 2: 1 ..6 days a week.  Once a week i jog  3 km\r\n3 km', '2022-01-23 19:54:27', '', 0, 0, 0, 0, 0, 1, 0, 0, NULL),
(125, 'batch65', 'Batch67', 'Meera Sharma', '9898565275', 'Please give presentation on less than 23 bmi', '2022-01-23 19:54:40', '', 0, 0, 0, 0, 0, 1, 0, 0, NULL),
(126, 'batch65', 'Batch74', 'Sahadeva Yaragoppa', '9449966331', 'since Jan 15th , I am on no medicine.... Though I am following FFD protocol very strictly, BSL spikes some times why?', '2022-01-23 19:55:23', '', 0, 0, 0, 0, 0, 1, 0, 0, '21:3 -'),
(127, 'batch65', 'Batch73', 'Sathya Sastry', '2149181854', 'I have last 23lbs to loose , should I be focusing more on the exercises rather than on diet ? you may answered this early, I had network issue so missed it', '2022-01-23 19:55:30', '1', 0, 0, 0, 0, 1, 0, 0, 0, NULL),
(128, 'batch65', 'Batch73', 'Pakaj Ajmera', '4845876751', 'How can I request your appointment? No one in individual group told a process ?', '2022-01-23 19:55:48', '', 0, 0, 0, 0, 0, 1, 0, 0, NULL),
(129, 'batch65', 'Batch66', 'Prasad Ganji', '7736797155', 'I lost  significant amounts of belly fat, how to loose the last bit of belly fat?', '2022-01-23 19:55:54', '44', 0, 0, 0, 0, 1, 0, 0, 0, NULL),
(130, 'batch65', 'Batch67', 'Elizabeth Thomas', '09895057856', 'So basically, eat moderately, exercise moderately, with vareity and enjoy life.', '2022-01-23 19:56:44', '', 0, 0, 0, 0, 1, 0, 0, 0, NULL),
(131, 'batch65', 'Batch73', 'Sathya Sastry', '2149181854', 'women and belly fat :) how to reduce?', '2022-01-23 19:57:11', '1', 0, 0, 0, 0, 0, 1, 0, 0, NULL),
(132, 'batch65', 'Batch68', 'Monika Bhola', '9814109129', 'I had fever for last 4 days and was not doing anything. Earlier I was doing about an hour of workout. Can I start my workout again from tomorrow??', '2022-01-23 19:57:26', '', 0, 0, 0, 0, 0, 1, 0, 0, NULL),
(133, 'batch65', 'Batch67', 'Bhagyashri Rao', '9619086665', 'hey Dr.Malhar.. lost 14 kgs came to M size from XL but my Madhyapradesh area is still not comin in shape :).. due to covid surge in Mumbai not going to Gym but do weight training and yoga at home daily.', '2022-01-23 19:58:39', '', 0, 0, 0, 0, 0, 1, 0, 0, NULL),
(134, 'batch65', 'Batch66', 'Pallavi Mashru', '07969625373', 'I missed phase 4 as I had my surgery and I am in recovery  and I would like to reach my goal free from diabetes and gain strength. My weight is 52 and bmi 20. What do you suggest to get good strength and stamina. I am in good recovery. Thank you for all your support and guidance.', '2022-01-23 19:59:23', '44', 0, 0, 0, 0, 0, 1, 0, 0, NULL),
(135, 'batch65', 'Batch65', 'Niranjan', '4088968086', 'My HBA1C has come down to 6.2, but dawn phenomenon still persists. Just curious ... do non-diabetics also experience dawn phenomenon?', '2022-01-23 19:59:42', '1', 0, 0, 0, 0, 1, 0, 0, 0, NULL),
(136, 'batch65', 'Batch71', 'Seema soni', '9897263366', 'Sir, I have stopped taking tea since joining the old program since June 2021. I am on pure vegan diet. Now, could i take tea with milk? My fasting sugar in 140 now.', '2022-01-23 19:59:56', '', 0, 0, 0, 0, 0, 1, 0, 0, NULL),
(137, 'batch65', 'Batch74', 'Raju Muthu', '7326475534', 'My A1C came down from 6.8 to 5.2.   Can I go into high calories diet', '2022-01-23 20:01:09', '1', 0, 0, 0, 0, 0, 1, 0, 0, NULL),
(138, 'batch65', 'Batch66', 'Akshay Sawant', '7743613430', 'Very Informative Sesison. Thanks Doctor Malhar.', '2022-01-23 20:01:20', '44', 0, 0, 0, 0, 0, 0, 0, 0, NULL),
(139, 'batch65', 'Batch74', 'Mamatha V Gowda', '4084933970', 'Sir, its been 4 months with FFD, Can I stop NOD now and start 3-2-1 ?  As i was on travell for a month and missed my diet.', '2022-01-23 20:01:24', '1', 0, 0, 0, 0, 0, 1, 0, 0, NULL),
(140, 'batch65', 'Batch74', 'nandita murty', '9084489076', 'what is an average HbA1c that does not cause body and organ damage', '2022-01-23 20:06:09', '1', 0, 0, 0, 0, 0, 1, 0, 0, NULL),
(141, 'batch65', 'Batch69', 'sanjaya', '9900098324', 'I take Vitamin D3 everyday can I take Calcium supplement as well along with MultiVitamin. I am a Vegan I dont take greens everyday.', '2022-01-23 20:09:34', '', 0, 0, 0, 0, 0, 1, 0, 0, NULL),
(142, 'batch65', 'Batch66', 'Lavanya Iyer', '4162682401', 'can you share this presentation', '2022-01-23 20:13:36', '1', 0, 0, 0, 0, 0, 1, 0, 0, NULL),
(143, 'batch65', 'Batch68', 'Caroline Cardoz', '9922297467', 'Is intermittent fasting good with doing 3 2 1', '2022-01-23 20:14:29', '', 0, 0, 0, 0, 0, 1, 0, 0, NULL),
(144, 'batch65', 'Batch73', 'Sathya Sastry', '2149181854', 'Sir , could you please repeat on how to spend  excess calories we get when we exercise more?', '2022-01-23 20:14:40', '1', 0, 0, 0, 0, 0, 1, 0, 0, NULL),
(145, 'batch65', 'Batch73', 'Vijayshree Jorapur', '9422084568', 'Can we water fast on cardio day', '2022-01-23 20:16:23', '', 0, 0, 0, 0, 0, 0, 0, 0, NULL),
(146, 'batch65', 'Batch72', 'Mohammed Shareef', '559367222', 'Is amla juice on fasting is good for diabetes?', '2022-01-23 20:16:35', '971', 0, 0, 1, 0, 0, 0, 0, 0, NULL),
(147, 'batch65', 'Batch69', 'V Rajagopalan ', '9322405315', 'We cannot see the questions. Stuck on the diagram', '2022-01-23 20:16:36', '', 0, 0, 0, 0, 0, 0, 0, 0, NULL),
(148, 'batch65', 'Batch66', 'Akshay Sawant', '7743613430', 'Could you change the screen pls? We are seeing the ppt.', '2022-01-23 20:16:45', '44', 0, 0, 0, 0, 0, 0, 0, 0, NULL),
(149, 'batch65', 'Batch66', 'Akshay Sawant', '7743613430', 'Can excessive protein covert to glucose?', '2022-01-23 20:18:26', '44', 0, 0, 1, 0, 0, 0, 0, 0, NULL),
(150, 'batch65', 'Batch73', 'Sathya Sastry', '2149181854', 'We cannot see your presentation on the calories', '2022-01-23 20:18:32', '1', 0, 0, 0, 0, 0, 0, 0, 0, NULL),
(151, 'batch65', 'Batch73', 'Vijayshree Jorapur', '9422084568', 'Slide not changing', '2022-01-23 20:19:24', '', 0, 0, 0, 0, 0, 0, 0, 0, NULL),
(152, 'batch65', 'Batch69', 'Prakash R', '9833133309', 'Your diet calculation ppt is not visible', '2022-01-23 20:21:49', '', 0, 0, 0, 0, 0, 0, 0, 0, NULL),
(153, 'batch65', 'Batch66', 'Lavanya Iyer', '4162682401', 'what is this particular presentation', '2022-01-23 20:24:21', '1', 0, 0, 1, 0, 0, 0, 0, 0, NULL),
(154, 'batch65', 'Batch69', 'sanjaya', '9900098324', 'Taking Anabolic smoothie is a smart idea. I am a pure vegan. Any particular timings to take it morning or evening, when I dont exercise?', '2022-01-23 20:26:14', '', 0, 0, 1, 0, 0, 0, 0, 0, NULL),
(155, 'batch65', 'Batch74', 'Raju Muthu', '7326475534', 'when can we get your these slide decks.  They are eye openers and extremely useful going forward', '2022-01-23 20:27:24', '1', 0, 0, 0, 0, 0, 0, 0, 0, NULL),
(156, 'batch65', 'Batch73', 'Sathya Sastry', '2149181854', 'should we have protein after the exercise or before the exercise?', '2022-01-23 20:27:27', '1', 0, 0, 1, 0, 0, 0, 0, 0, NULL),
(157, 'batch65', 'Batch70', 'R Srinivasan', '9445019891', 'Please send all the ppt slides shared, very informative.', '2022-01-23 20:27:43', '', 0, 0, 1, 0, 0, 0, 0, 0, NULL),
(158, 'batch65', 'Batch66', 'Akshay Sawant', '7743613430', 'Please share the slidepack. It is very informative. thanks', '2022-01-23 20:27:48', '44', 0, 0, 1, 0, 0, 0, 0, 0, NULL),
(159, 'batch65', 'Batch66', 'Lavanya Iyer', '4162682401', 'thats is so true ; you are a wealth of information ; can we pleas have 24x7 access to these slides', '2022-01-23 20:28:47', '1', 0, 0, 1, 0, 0, 0, 0, 0, NULL),
(160, 'batch65', 'Batch71', 'Anuradha Patange', '09036645931', 'Can we have sattu protein in smoothie', '2022-01-23 20:28:51', '', 0, 0, 1, 0, 0, 0, 0, 0, NULL),
(161, 'batch65', 'Batch71', 'Anuradha Patange', '09036645931', 'Can we have sattu protein in smoothie', '2022-01-23 20:28:52', '', 0, 0, 1, 0, 0, 0, 0, 0, NULL),
(162, 'batch65', 'Batch71', 'Anuradha Patange', '09036645931', 'Can we have sattu protein in smoothie', '2022-01-23 20:28:56', '', 0, 0, 1, 0, 0, 0, 0, 0, NULL),
(163, 'batch65', 'Batch67', 'Venkatadri', '9821943210', 'Interesting. How does one identify the PPH ?', '2022-01-23 20:33:06', '', 0, 0, 1, 0, 0, 0, 0, 0, NULL),
(164, 'batch65', 'Batch67', 'Venkatadri', '9821943210', 'One of the best sessions that i have attended. Thanks', '2022-01-23 20:35:00', '', 0, 0, 1, 0, 0, 0, 0, 0, NULL),
(165, 'batch65', 'Batch65', 'Josephena ', '5479278980', 'Thank you for your inputs', '2022-01-23 20:36:09', '1', 0, 0, 0, 0, 0, 0, 0, 0, NULL),
(166, 'batch65', 'Batch73', 'Vijayshree Jorapur', '9422084568', 'Attended learner optimism, still following meditations on that', '2022-01-23 20:36:14', '', 0, 0, 0, 0, 0, 0, 0, 0, NULL),
(167, 'batch65', 'Batch70', 'Vandana Vora', '4035104869', 'I have', '2022-01-23 20:36:20', '1', 0, 0, 0, 0, 0, 0, 0, 0, NULL),
(168, 'batch65', 'Batch73', 'Nandita Jain', '0633320306', 'About half hour after the morning smoothie, if I do 15-20 minutes of cardio, is it normal to feel a bit of nausea for just a few minutes? What could be the reason, please?', '2022-01-23 20:36:24', '33', 0, 0, 0, 0, 0, 0, 0, 0, NULL),
(169, 'batch65', 'Batch69', 'sanjaya', '9900098324', '4 to 6 pm when very hungry, what do you have like a full meal?', '2022-01-23 20:36:29', '', 0, 0, 0, 0, 0, 1, 0, 0, NULL),
(170, 'batch65', 'Batch66', 'Lavanya Iyer', '4162682401', 'pediatrict obesity definitely catches my interest and can i ping you on this separately', '2022-01-23 20:36:41', '1', 0, 0, 0, 0, 0, 1, 0, 0, NULL),
(171, 'batch65', 'Batch73', 'Vijayshree Jorapur', '9422084568', 'Very nice session, got lot of knowledge to apply now', '2022-01-23 20:36:53', '', 0, 0, 0, 0, 0, 1, 0, 0, NULL),
(172, 'batch65', 'Batch66', 'Lavanya Iyer', '4162682401', 'we cant hear you we just see some lips and hand movements', '2022-01-23 20:37:21', '1', 0, 0, 1, 0, 0, 0, 0, 0, NULL),
(173, 'batch65', 'Batch67', 'Capt.Swaminath V. Iyer', '9841045861', 'Sir, Can you repeat your definition of DIABETES? You said earlier. Thanks.', '2022-01-23 20:40:59', '', 0, 0, 0, 0, 0, 0, 0, 0, NULL),
(174, 'batch65', 'Batch66', 'Akshay Sawant', '7743613430', 'Great Gyan Sir, thanks', '2022-01-23 20:44:13', '44', 0, 0, 0, 0, 0, 0, 0, 0, NULL),
(175, 'batch65', 'Batch74', 'nandita murty', '9084489076', 'very grounding session-thank you', '2022-01-23 20:44:21', '1', 0, 0, 0, 0, 0, 0, 0, 0, NULL),
(176, 'batch65', 'Batch73', 'Vijayshree Jorapur', '9422084568', 'Good night', '2022-01-23 20:44:37', '', 0, 0, 0, 0, 0, 0, 0, 0, NULL),
(177, 'batch65', 'Batch73', 'Vijayshree Jorapur', '9422084568', 'Medu wada sambar', '2022-01-23 20:45:26', '', 0, 0, 0, 0, 0, 0, 0, 0, NULL),
(178, 'batch65', 'Batch73', 'Sathya Sastry', '2149181854', 'vada at South Indian restaurant', '2022-01-23 20:45:27', '1', 0, 0, 0, 0, 0, 0, 0, 0, NULL),
(179, 'batch65', 'Batch67', 'Bhupendra Sheth ', '9967595915', 'mendu wada  sambhar', '2022-01-23 20:45:29', '', 0, 0, 0, 0, 0, 0, 0, 0, NULL),
(180, 'batch65', 'Batch73', 'Deepa', '9783900900', 'Medu vada', '2022-01-23 20:45:36', '1', 0, 0, 0, 0, 0, 0, 0, 0, NULL),
(181, 'batch65', 'Batch72', 'Dr. Aparna Narasimha', '09632140850', '1) soup\r\n2) masala Puri at kailash\r\n3) salads', '2022-01-23 20:45:38', '', 0, 0, 0, 0, 0, 0, 0, 0, NULL),
(182, 'batch65', 'Batch70', 'Saroj', '75885811111', 'K f c', '2022-01-23 20:45:54', '', 0, 0, 0, 0, 0, 0, 0, 0, NULL),
(183, 'batch65', 'Batch67', 'Venkatadri', '9821943210', 'Great Session. Thanks a lot', '2022-01-23 20:46:09', '', 0, 0, 0, 0, 0, 0, 0, 0, NULL),
(184, 'batch65', 'Batch67', 'Bhagyashri Rao', '9619086665', 'may be a mc egg or a dalwada :)', '2022-01-23 20:46:29', '', 0, 0, 0, 0, 0, 0, 0, 0, NULL),
(185, 'batch65', 'Batch70', 'Vandana Vora', '4035104869', 'South indian with subway salad', '2022-01-23 20:46:40', '1', 0, 0, 0, 0, 0, 0, 0, 0, NULL),
(186, 'batch65', 'Batch70', 'R Srinivasan', '9445019891', 'very good session,thanks Dr.Malhar', '2022-01-23 20:46:41', '', 0, 0, 0, 0, 0, 0, 0, 0, 'It doesnt work \"for me\" Avoid generalization !'),
(187, 'batch65', 'Batch70', 'Kakoli Majumdar', '9850138476', 'Sprout salad', '2022-01-23 20:47:21', '', 0, 0, 0, 0, 0, 0, 0, 0, NULL),
(188, 'batch65', 'Batch73', 'Vijayshree Jorapur', '9422084568', 'Medu wada sambar always works for me, feel good for my hunger and good for sugar also', '2022-01-23 20:48:11', '', 0, 0, 0, 0, 0, 0, 0, 0, NULL),
(189, 'batch65', 'Batch66', 'RSK', '8654560421', 'Great listening to your talk, thank you', '2022-01-23 20:49:03', '1', 0, 0, 0, 0, 0, 0, 0, 0, NULL),
(190, 'batch65', 'Batch69', 'sanjaya', '9900098324', 'I travelled to usa and back to India 3 times in last 6 months. My diet exercise continues, and my energy and BMI  is still maintained very well.', '2022-01-23 20:49:23', '', 0, 0, 0, 0, 0, 0, 0, 0, NULL),
(191, 'batch65', 'Batch67', 'Bhagyashri Rao', '9619086665', 'great session doc..cleared a lot of doubts ..good night. good to see u smiling doc.:)', '2022-01-23 20:51:18', '', 0, 0, 0, 0, 0, 0, 0, 0, NULL),
(192, 'batch65', 'Batch71', 'T V sharma', '08008269270', 'How to reduce LDL', '2022-01-23 20:51:31', '', 0, 0, 0, 0, 0, 0, 0, 0, NULL),
(193, 'batch65', 'Batch72', 'Dr. Aparna Narasimha', '09632140850', 'Run out', '2022-01-23 20:52:52', '', 0, 0, 0, 0, 0, 0, 0, 0, NULL),
(194, 'batch65', 'Batch73', 'Vijayshree Jorapur', '9422084568', 'He will control shock', '2022-01-23 20:52:56', '', 0, 0, 0, 0, 0, 0, 0, 0, NULL),
(195, 'batch65', 'Batch66', 'Akshay Sawant', '7743613430', 'Will control the shock?', '2022-01-23 20:52:56', '44', 0, 0, 0, 0, 0, 0, 0, 0, NULL),
(196, 'batch65', 'Batch67', 'Bhupendra Sheth ', '9967595915', 'runout of cage', '2022-01-23 20:52:58', '', 0, 0, 0, 0, 0, 0, 0, 0, NULL),
(197, 'batch65', 'Batch73', 'Pakaj Ajmera', '4845876751', 'run out of cage', '2022-01-23 20:52:59', '', 0, 0, 0, 0, 0, 0, 0, 0, NULL),
(198, 'batch65', 'Batch74', 'nandita murty', '9084489076', 'control shock', '2022-01-23 20:53:05', '1', 0, 0, 0, 0, 0, 0, 0, 0, NULL),
(199, 'batch65', 'Batch73', 'Saleha', '2014106163', 'What if not all grains suite your body? Where else to get proteins from? I am vegetarian. \r\nRun out of the cage', '2022-01-23 20:53:09', '1', 0, 0, 0, 0, 0, 0, 0, 0, NULL),
(200, 'batch65', 'Batch71', 'Sekhar Chandrasekhar', '9087976290', 'turn off the button , wont run out', '2022-01-23 20:53:12', '1', 0, 0, 0, 0, 0, 0, 0, 0, NULL),
(201, 'batch65', 'Batch67', 'Bhagyashri Rao', '9619086665', 'may b he ll run out', '2022-01-23 20:53:17', '', 0, 0, 0, 0, 0, 0, 0, 0, NULL),
(202, 'batch65', 'Batch73', 'Sathya Sastry', '2149181854', 'My guess is he will sit there absorbing the shock', '2022-01-23 20:53:19', '1', 0, 0, 0, 0, 0, 0, 0, 0, NULL),
(203, 'batch65', 'Batch70', 'R Srinivasan', '9445019891', 'he will press the button and control the shock', '2022-01-23 20:53:20', '', 0, 0, 0, 0, 0, 0, 0, 0, NULL),
(204, 'batch65', 'Batch73', 'Panchalingam ', '9942442662', 'It will switch off the button', '2022-01-23 20:53:30', '', 0, 0, 0, 0, 0, 0, 0, 0, NULL),
(205, 'batch65', 'Batch73', 'Nandita Jain', '0633320306', 'press the button?', '2022-01-23 20:53:31', '33', 0, 0, 0, 0, 0, 0, 0, 0, NULL),
(206, 'batch65', 'Batch67', 'Bhupendra Sheth ', '9967595915', 'runout', '2022-01-23 20:53:31', '', 0, 0, 0, 0, 0, 0, 0, 0, NULL),
(207, 'batch65', 'Batch67', 'Elizabeth Thomas', '09895057856', 'he will control the shock', '2022-01-23 20:53:38', '', 0, 0, 0, 0, 0, 0, 0, 0, NULL),
(208, 'batch65', 'Batch66', 'Hemalathashivakumar', '9972753167', 'Run out', '2022-01-23 20:53:40', '', 0, 0, 0, 0, 0, 0, 0, 0, NULL),
(209, 'batch65', 'Batch67', 'Venkatadri', '9821943210', 'Press the button to reduce shock', '2022-01-23 20:53:43', '', 0, 0, 0, 0, 0, 0, 0, 0, NULL),
(210, 'batch65', 'Batch73', 'Deepa', '9783900900', 'Use button', '2022-01-23 20:53:47', '1', 0, 0, 0, 0, 0, 0, 0, 0, NULL),
(211, 'batch65', 'Batch70', 'Kakoli Majumdar', '9850138476', 'control  the shock', '2022-01-23 20:53:49', '', 0, 0, 0, 0, 0, 0, 0, 0, NULL),
(212, 'batch65', 'Batch74', 'Raju Muthu', '7326475534', 'control shock', '2022-01-23 20:53:51', '1', 0, 0, 0, 0, 0, 0, 0, 0, NULL),
(213, 'batch65', 'Batch67', 'Capt.Swaminath V. Iyer', '9841045861', 'Run Out', '2022-01-23 20:53:51', '', 0, 0, 0, 0, 0, 0, 0, 0, NULL),
(214, 'batch65', 'Batch67', 'Mani Agrawal', '8527057079', 'he will push the button', '2022-01-23 20:54:02', '', 0, 0, 0, 0, 0, 0, 0, 0, NULL),
(215, 'batch65', 'Batch73', 'Saleha', '2014106163', 'One question - What if all daals donâ€™t suite your \r\nbody? Where do you get proteins  from?', '2022-01-23 20:55:07', '1', 0, 0, 0, 0, 0, 0, 0, 0, NULL),
(216, 'batch65', 'Batch71', 'Anuradha Patange', '09036645931', 'Run out', '2022-01-23 20:56:26', '', 0, 0, 0, 0, 0, 0, 0, 0, NULL),
(217, 'batch65', 'Batch67', 'Maria Picardo ', '7404593049', 'Thankyou doc', '2022-01-23 20:58:23', '44', 0, 0, 0, 0, 0, 0, 0, 0, NULL),
(218, 'batch65', 'Batch72', 'Dr. Aparna Narasimha', '09632140850', 'Thanks a lot sirðŸ™', '2022-01-23 20:59:12', '', 0, 0, 0, 0, 0, 0, 0, 0, NULL),
(219, 'batch65', 'Batch73', 'Vijayshree Jorapur', '9422084568', 'See you', '2022-01-23 20:59:17', '', 0, 0, 0, 0, 0, 0, 0, 0, NULL),
(220, 'batch65', 'Batch67', 'Savitri sharma', '3477220612', 'My name is Savitri Sharma I am 81 years had wt . BMI , & med. Reduce. I have gain back due to fasting my Na bs me low I fell  & reached to emergency room nor I gain back every thing back  now what to do?', '2022-01-23 22:06:48', '1', 0, 0, 0, 0, 0, 0, 0, 0, NULL);

-- --------------------------------------------------------

--
-- Table structure for table `tbl_users`
--

CREATE TABLE `tbl_users` (
  `id` int(4) NOT NULL,
  `batch` varchar(7) DEFAULT NULL,
  `name` varchar(50) DEFAULT NULL,
  `cntry_code` varchar(10) DEFAULT NULL,
  `mobile_num` varchar(12) DEFAULT NULL,
  `login_date` datetime DEFAULT NULL,
  `logout_date` datetime DEFAULT NULL,
  `logout_status` int(11) DEFAULT '0',
  `joining_date` datetime DEFAULT NULL
) ENGINE=InnoDB DEFAULT CHARSET=utf8;

--
-- Dumping data for table `tbl_users`
--

INSERT INTO `tbl_users` (`id`, `batch`, `name`, `cntry_code`, `mobile_num`, `login_date`, `logout_date`, `logout_status`, `joining_date`) VALUES
(1, '-1', 'Neelu Sharma', '', '9212417492', '2022-01-19 15:43:27', '2022-01-19 15:43:57', 1, '2022-01-19 15:43:27'),
(2, 'batch65', 'neeraj', '93', '34344', '2022-01-19 15:47:26', '2022-01-19 15:47:56', 1, '2022-01-19 15:47:26'),
(3, 'batch65', 'Neelu Sharma', '', '9212417492', '2022-01-19 15:48:58', '2022-01-19 15:50:29', 1, '2022-01-19 15:48:58'),
(4, 'batch65', 'fgbf', '', '4343', '2022-01-19 16:38:45', '2022-01-19 16:39:50', 1, '2022-01-19 16:38:45'),
(5, 'batch65', 'Ellora', '', '9822336276', '2022-01-23 18:55:24', '2022-01-23 19:55:37', 1, '2022-01-19 17:00:46'),
(6, 'batch65', 'Sujata adarkar', '', '8767101519', '2022-01-19 17:03:33', '2022-01-19 17:04:03', 1, '2022-01-19 17:03:33'),
(7, 'batch65', 'Ashok', '', '9880533696', '2022-01-19 17:10:54', '2022-01-19 17:11:24', 1, '2022-01-19 17:10:54'),
(8, 'batch65', 'Sabitha ', '', '9873421962', '2022-01-19 19:01:33', '2022-01-19 19:02:33', 1, '2022-01-19 19:01:33'),
(9, 'batch65', 'Ashwini Lokhande', '', '9423910647', '2022-01-19 19:14:42', '2022-01-19 19:15:12', 1, '2022-01-19 19:14:42'),
(10, 'batch65', 'Prasankumar Shetty', '', '09820768981', '2022-01-19 19:21:57', '2022-01-19 19:22:27', 1, '2022-01-19 19:21:57'),
(11, 'batch65', 'Komal Mulchandani', '', '9922211232', '2022-01-19 21:26:54', '2022-01-19 22:02:07', 1, '2022-01-19 21:26:54'),
(12, 'batch65', 'asha  pachisia ', '', '9393676699', '2022-01-19 22:06:26', '2022-01-19 22:15:56', 1, '2022-01-19 22:06:26'),
(13, 'batch65', 'Chiranjit Banerjee ', '', '9886006511', '2022-01-19 22:11:01', '2022-01-19 22:12:32', 1, '2022-01-19 22:11:01'),
(14, 'batch65', 'Jayanthi Prasad', '', '9959739866', '2022-01-20 07:50:50', '2022-01-20 07:51:20', 1, '2022-01-20 07:50:50'),
(15, 'batch65', 'Usha Venkatachalam', '', '8754414788', '2022-01-20 07:53:14', '2022-01-20 07:54:33', 1, '2022-01-20 07:53:14'),
(16, 'batch65', 'rumana', '', '43345', '2022-01-20 11:16:00', '2022-01-20 11:30:30', 1, '2022-01-20 11:16:00'),
(17, 'batch65', 'sanjaykale', '', '8975599905', '2022-01-20 11:47:15', '2022-01-20 11:48:17', 1, '2022-01-20 11:47:15'),
(18, 'batch65', 'rumana', '', '566565', '2022-01-20 11:53:58', '2022-01-20 12:11:40', 1, '2022-01-20 11:53:58'),
(19, 'batch65', 'rumana', '', '434343', '2022-01-20 12:19:41', '2022-01-20 12:25:00', 1, '2022-01-20 12:19:41'),
(20, 'batch65', 'rumana', '', '767676', '2022-01-20 12:31:01', '2022-01-20 12:33:01', 1, '2022-01-20 12:31:01'),
(21, 'batch65', 'rumana', '', '65767', '2022-01-20 14:04:37', '2022-01-20 14:10:13', 1, '2022-01-20 14:04:37'),
(22, 'batch65', 'Vaishali wagh', '', '9850500032', '2022-01-20 14:37:44', '2022-01-20 14:38:45', 1, '2022-01-20 14:37:44'),
(23, 'batch65', 'rumana', '', '766767', '2022-01-20 15:57:32', '2022-01-20 15:58:02', 1, '2022-01-20 15:57:32'),
(24, 'batch65', 'Savithri Dhondale', '', '9036612766', '2022-01-20 17:35:19', '2022-01-20 18:05:13', 1, '2022-01-20 17:35:19'),
(25, 'batch65', 'Reshma', '', '8851968108', '2022-01-20 20:30:30', '2022-01-20 20:31:00', 1, '2022-01-20 20:30:30'),
(26, 'batch65', 'Meenaxi', '', '9880756051', '2022-01-21 14:03:47', '2022-01-21 14:04:17', 1, '2022-01-21 14:03:47'),
(27, 'batch65', 'Sojan Easow ', '1', '9728142185', '2022-01-21 20:35:37', '2022-01-21 21:04:13', 1, '2022-01-21 20:35:37'),
(28, 'batch65', 'Lalitha balakrishnan ', '44', '7368909658', '2022-01-22 19:03:18', '2022-01-22 19:08:24', 1, '2022-01-22 16:25:36'),
(29, 'batch65', 'Jayan Chandrasekhar', '966', '0500712497', '2022-01-22 16:37:37', '2022-01-22 16:38:07', 1, '2022-01-22 16:37:37'),
(30, 'batch65', 'Hemalathashivakumar', '', '9972753167', '2022-01-23 20:49:51', '2022-01-23 20:59:22', 1, '2022-01-22 18:29:46'),
(31, 'batch65', 'Nitin', '', '9440685113', '2022-01-23 19:03:12', '2022-01-23 20:59:13', 1, '2022-01-22 19:01:36'),
(32, 'batch65', 'Daphne Britto ', '1', '4166682927', '2022-01-23 18:40:43', '2022-01-23 19:24:12', 1, '2022-01-22 19:22:31'),
(33, 'batch65', 'Uzzal Hazarika', '968', '95225041', '2022-01-22 19:23:17', '2022-01-22 19:31:28', 1, '2022-01-22 19:23:17'),
(34, 'batch65', 'Nimia kalihari', '973', '35491170', '2022-01-23 19:05:12', '2022-01-23 20:59:14', 1, '2022-01-22 19:38:29'),
(35, 'batch65', 'Deepika Khattar', '974', '77897750', '2022-01-22 19:54:03', '2022-01-22 19:54:33', 1, '2022-01-22 19:54:03'),
(36, 'batch65', 'seetha Jayaraman', '1', '4168312080', '2022-01-22 19:57:11', '2022-01-22 19:57:41', 1, '2022-01-22 19:56:34'),
(37, 'batch65', 'Josephena Thomas', '1', '16479278980', '2022-01-22 22:13:46', '2022-01-22 22:15:48', 1, '2022-01-22 22:13:46'),
(38, 'batch65', 'Rajasulochana ', '', '9341626522', '2022-01-23 06:34:16', '2022-01-23 06:34:46', 1, '2022-01-23 06:33:16'),
(39, 'batch65', 'Bijan Sahoo', '', '07008118276', '2022-01-23 07:09:18', '2022-01-23 07:15:25', 1, '2022-01-23 07:09:18'),
(40, 'batch65', 'Vijaya Kumar. B.', '', '7975689339', '2022-01-23 07:18:15', '2022-01-23 07:18:45', 1, '2022-01-23 07:14:47'),
(41, 'batch65', 'Pushpalatha KN', '', '09448129297', '2022-01-23 09:24:59', '2022-01-23 09:30:35', 1, '2022-01-23 09:24:59'),
(42, 'batch65', 'SHANMUGAM R', '', '9742225401', '2022-01-23 19:26:17', '2022-01-23 21:34:44', 1, '2022-01-23 15:37:39'),
(43, 'batch65', 'K Sreenivasa Chakravarthy', '', '09849716763', '2022-01-23 21:14:50', '2022-01-23 21:18:51', 1, '2022-01-23 16:53:52'),
(44, 'batch65', 'coact', '', '1', '2022-01-23 18:26:40', '2022-01-23 21:04:02', 1, '2022-01-23 17:03:00'),
(45, 'batch65', 'Praveen Lal Nigam ', '', '9415476963', '2022-01-23 17:15:59', '2022-01-23 17:21:30', 1, '2022-01-23 17:15:59'),
(46, 'batch65', 'Govinda Sharma', '', '9845286754', '2022-01-23 17:45:08', '2022-01-23 17:45:38', 1, '2022-01-23 17:45:08'),
(47, 'batch65', 'Elizabeth Thomas', '', '09895057856', '2022-01-23 17:53:25', '2022-01-23 20:59:31', 1, '2022-01-23 17:53:25'),
(48, 'batch65', 'Prakash R', '', '9833133309', '2022-01-23 17:56:53', '2022-01-23 20:50:11', 1, '2022-01-23 17:56:53'),
(49, 'batch65', 'Ramamurthy', '', '9925040265', '2022-01-23 17:57:05', '2022-01-23 17:58:05', 1, '2022-01-23 17:57:05'),
(50, 'batch65', 'Niranjan Swain', '', '7506749818', '2022-01-23 18:54:42', '2022-01-23 21:00:21', 1, '2022-01-23 18:10:01'),
(51, 'batch65', 'Ram', '', '9822874687', '2022-01-23 18:54:16', '2022-01-23 20:59:42', 1, '2022-01-23 18:11:54'),
(52, 'batch65', 'Ram', '1', '9163005104', '2022-01-23 18:24:36', '2022-01-23 20:59:38', 1, '2022-01-23 18:24:36'),
(53, 'batch65', 'Latha Venkateswar ', '971', '508680176', '2022-01-23 18:35:43', '2022-01-23 20:47:21', 1, '2022-01-23 18:26:33'),
(54, 'batch65', 'Reena', '1', '9045145740', '2022-01-23 18:59:40', '2022-01-23 20:59:07', 0, '2022-01-23 18:35:59'),
(55, 'batch65', 'Ravindra Ramappa', '', '9819031375', '2022-01-23 18:36:16', '2022-01-23 18:37:42', 1, '2022-01-23 18:36:16'),
(56, 'batch65', 'Vandana Vora', '1', '4035104869', '2022-01-23 18:42:52', '2022-01-23 21:15:08', 0, '2022-01-23 18:42:52'),
(57, 'batch65', 'Raksha Misquitta', '1', '6099037038', '2022-01-23 18:43:37', '2022-01-23 18:45:09', 1, '2022-01-23 18:43:37'),
(58, 'batch65', 'Nandita Jain', '33', '0633320306', '2022-01-23 18:45:54', '2022-01-23 20:59:24', 1, '2022-01-23 18:45:54'),
(59, 'batch65', 'Hema Srinivas', '1', '2402710037', '2022-01-23 18:53:38', '2022-01-23 20:30:53', 1, '2022-01-23 18:46:39'),
(60, 'batch65', 'Leena Patel', '1', '4077334434', '2022-01-23 18:47:51', '2022-01-23 20:58:24', 1, '2022-01-23 18:47:51'),
(61, 'batch65', 'Kakoli Majumdar', '', '9850138476', '2022-01-23 18:47:59', '2022-01-23 20:59:31', 1, '2022-01-23 18:47:59'),
(62, 'batch65', 'Jahnavi Shaikh', '', '9834252442', '2022-01-23 18:54:17', '2022-01-23 20:59:40', 1, '2022-01-23 18:49:00'),
(63, 'batch65', 'Chandrasekhar', '', '9481245906', '2022-01-23 18:49:34', '2022-01-23 19:04:31', 0, '2022-01-23 18:49:34'),
(64, 'batch65', 'sanjaya', '', '9900098324', '2022-01-23 18:50:25', '2022-01-23 20:59:25', 1, '2022-01-23 18:50:25'),
(65, 'batch65', 'Raju Muthu', '1', '7326475534', '2022-01-23 18:50:32', '2022-01-23 20:59:25', 1, '2022-01-23 18:50:32'),
(66, 'batch65', 'Nilesh Sahita', '', '8108779732', '2022-01-23 18:50:46', '2022-01-23 20:21:09', 1, '2022-01-23 18:50:46'),
(67, 'batch65', 'Mani Agrawal', '', '8527057079', '2022-01-23 18:59:07', '2022-01-23 21:00:30', 1, '2022-01-23 18:51:06'),
(68, 'batch65', 'Jayasudha', '65', '91524160', '2022-01-23 18:51:27', '2022-01-23 20:59:28', 1, '2022-01-23 18:51:27'),
(69, 'batch65', 'Bandana', '971', '557579456', '2022-01-23 18:51:39', '2022-01-23 23:02:35', 1, '2022-01-23 18:51:39'),
(70, 'batch65', 'Deepa Kabe', '', '9845073411', '2022-01-23 18:51:44', '2022-01-23 20:59:55', 1, '2022-01-23 18:51:44'),
(71, 'batch65', 'Sita Bhargava ', '', '9530233581', '2022-01-23 18:52:15', '2022-01-23 20:59:15', 1, '2022-01-23 18:52:15'),
(72, 'batch65', 'Ruchee Saxena', '1', '7348193095', '2022-01-23 19:01:20', '2022-01-23 19:41:51', 1, '2022-01-23 18:52:47'),
(73, 'batch65', 'Santosh Nair', '65', '81899909', '2022-01-23 18:53:15', '2022-01-23 20:04:55', 1, '2022-01-23 18:53:15'),
(74, 'batch65', 'Shashi Prabha', '', '9940369362', '2022-01-23 23:17:17', '2022-01-23 23:23:25', 1, '2022-01-23 18:53:30'),
(75, 'batch65', 'Y Naveen Kumar ', '', '9493120107', '2022-01-23 20:35:26', '2022-01-23 21:25:44', 1, '2022-01-23 18:53:34'),
(76, 'batch65', 'Rajkumar', '', '9382299950', '2022-01-23 19:19:02', '2022-01-23 19:23:33', 1, '2022-01-23 18:53:52'),
(77, 'batch65', 'Rajarajeshwari ', '1', '3029839078', '2022-01-23 18:54:30', '2022-01-23 20:59:41', 1, '2022-01-23 18:54:30'),
(78, 'batch65', 'Bhupendra Sheth ', '', '9967595915', '2022-01-23 19:20:44', '2022-01-23 20:59:59', 1, '2022-01-23 18:54:59'),
(79, 'batch65', 'Mithun', '1', '6472986936', '2022-01-23 18:55:23', '2022-01-23 20:59:28', 1, '2022-01-23 18:55:23'),
(80, 'batch65', 'Nutan', '1', '7133808089', '2022-01-23 19:06:51', '2022-01-23 21:00:30', 1, '2022-01-23 18:55:23'),
(81, 'batch65', 'Kala B Pillai', '', '9900096082', '2022-01-23 18:55:41', '2022-01-23 18:57:11', 1, '2022-01-23 18:55:41'),
(82, 'batch65', 'Jatin shah', '', '8805989906', '2022-01-23 19:03:08', '2022-01-23 19:28:09', 1, '2022-01-23 18:55:44'),
(83, 'batch65', 'Neelam Arvind Kumar ', '', '8770481708', '2022-01-23 18:55:51', '2022-01-23 20:59:42', 1, '2022-01-23 18:55:51'),
(84, 'batch65', 'Guruprasad', '', '9420485955', '2022-01-23 19:04:36', '2022-01-23 19:26:14', 0, '2022-01-23 18:55:59'),
(85, 'batch65', 'Vandana S', '', '9833526835', '2022-01-23 18:56:01', '2022-01-23 20:59:32', 1, '2022-01-23 18:56:01'),
(86, 'batch65', 'Dr.Gita Chatterjee', '', '9831057760', '2022-01-23 19:56:27', '2022-01-23 20:59:24', 1, '2022-01-23 18:56:45'),
(87, 'batch65', 'saipriya Sitaraman ', '', '9831639837', '2022-01-23 18:56:53', '2022-01-23 20:07:52', 1, '2022-01-23 18:56:53'),
(88, 'batch65', 'Monika Bhola', '', '9814109129', '2022-01-23 21:47:10', '2022-01-23 21:47:40', 1, '2022-01-23 18:56:56'),
(89, 'batch65', 'Thulasi Rajagopalan ', '', '9324841148', '2022-01-23 19:44:05', '2022-01-23 21:06:06', 1, '2022-01-23 18:57:21'),
(90, 'batch65', 'Narana Kannappan', '1', '4088386290', '2022-01-23 18:57:25', '2022-01-24 02:01:45', 1, '2022-01-23 18:57:25'),
(91, 'batch65', 'Dr.Arunabha Mitra', '', '7001236348', '2022-01-23 18:57:27', '2022-01-23 20:13:28', 1, '2022-01-23 18:57:27'),
(92, 'batch65', 'Mamatha V Gowda', '1', '4084933970', '2022-01-23 19:03:10', '2022-01-23 20:59:42', 1, '2022-01-23 18:57:38'),
(93, 'batch65', 'Anuradha Patange', '', '09036645931', '2022-01-23 20:29:09', '2022-01-23 20:59:17', 1, '2022-01-23 18:57:46'),
(94, 'batch65', 'Shalini ', '91', '9886735952', '2022-01-23 18:57:49', '2022-01-23 19:33:29', 1, '2022-01-23 18:57:49'),
(95, 'batch65', 'Diptimoy Ghosh', '', '9830039145', '2022-01-23 19:23:58', '2022-01-23 20:10:50', 1, '2022-01-23 18:57:56'),
(96, 'batch65', 'Dr. Narayanaswmy T', '', '9481310289', '2022-01-23 20:52:01', '2022-01-23 21:05:31', 1, '2022-01-23 18:58:04'),
(97, 'batch65', 'Chhotalal H Makanji', '44', '7989895113', '2022-01-23 18:58:08', '2022-01-23 21:00:40', 1, '2022-01-23 18:58:08'),
(98, 'batch65', 'G Girish Kumar', '', '9900065300', '2022-01-23 18:58:14', '2022-01-23 19:57:15', 1, '2022-01-23 18:58:14'),
(99, 'batch65', 'Sandeep Kumar Mahapatra', '', '9830038116', '2022-01-23 18:58:28', '2022-01-23 21:05:07', 1, '2022-01-23 18:58:28'),
(100, 'batch65', 'T.GANESAMOORTHY', '968', '92514353', '2022-01-23 19:35:10', '2022-01-23 20:53:11', 1, '2022-01-23 18:58:29'),
(101, 'batch65', 'Pawar sadhana', '', '9845171712', '2022-01-23 18:58:31', '2022-01-23 20:03:02', 1, '2022-01-23 18:58:31'),
(102, 'batch65', 'V Rajagopalan ', '', '9322405315', '2022-01-23 19:01:34', '2022-01-23 21:09:49', 1, '2022-01-23 18:58:31'),
(103, 'batch65', 'Pallavi Mashru', '44', '07969625373', '2022-01-23 18:58:35', '2022-01-23 20:59:29', 1, '2022-01-23 18:58:35'),
(104, 'batch65', 'Piyush Prasad', '', '9039334050', '2022-01-23 18:58:43', '2022-01-23 20:59:48', 1, '2022-01-23 18:58:43'),
(105, 'batch65', 'Bhakta prasad', '', '9448954944', '2022-01-23 18:59:07', '2022-01-23 20:16:04', 1, '2022-01-23 18:59:07'),
(106, 'batch65', 'Sherly Rajan', '968', '92448545', '2022-01-23 18:59:13', '2022-01-23 21:11:16', 1, '2022-01-23 18:59:13'),
(107, 'batch65', 'DrS BMathur', '', '9811634140', '2022-01-23 20:55:09', '2022-01-23 21:00:07', 1, '2022-01-23 18:59:16'),
(108, 'batch65', 'Latha Nagappa', '1', '9724394188', '2022-01-23 18:59:18', '2022-01-23 19:28:32', 1, '2022-01-23 18:59:18'),
(109, 'batch65', 'Vijayshree Jorapur', '', '9422084568', '2022-01-23 19:10:59', '2022-01-23 20:59:30', 1, '2022-01-23 18:59:22'),
(110, 'batch65', 'Mukund', '1', '7702657506', '2022-01-23 20:17:58', '2022-01-23 20:40:28', 1, '2022-01-23 18:59:22'),
(111, 'batch65', 'Luna Bhaskar', '1', '9135687485', '2022-01-23 18:59:35', '2022-01-23 19:19:05', 1, '2022-01-23 18:59:35'),
(112, 'batch65', 'Pratibha Kottapalli', '1', '8064388119', '2022-01-23 20:29:09', '2022-01-23 21:01:10', 1, '2022-01-23 18:59:39'),
(113, 'batch65', 'Bharat', '', '9972416216', '2022-01-23 18:59:54', '2022-01-23 19:14:11', 1, '2022-01-23 18:59:54'),
(114, 'batch65', 'Sekhar Chandrasekhar', '1', '9087976290', '2022-01-23 18:59:54', '2022-01-23 20:59:27', 1, '2022-01-23 18:59:54'),
(115, 'batch65', 'Bellamkonda Sreenivasa Rao', '', '9849309232', '2022-01-23 18:59:57', '2022-01-23 20:35:41', 0, '2022-01-23 18:59:57'),
(116, 'batch65', 'Ashok Rudrapatna ', '1', '9084323445', '2022-01-23 19:00:01', '2022-01-23 20:13:33', 1, '2022-01-23 19:00:01'),
(117, 'batch65', 'Shamaiah L', '', '9449249870', '2022-01-23 19:10:23', '2022-01-23 19:43:25', 1, '2022-01-23 19:00:01'),
(118, 'batch65', 'SEEMA UPADHYE', '971', '551570539', '2022-01-23 19:00:03', '2022-01-23 20:53:29', 1, '2022-01-23 19:00:03'),
(119, 'batch65', 'Aditi Thite', '91', '9833311075', '2022-01-23 20:50:58', '2022-01-23 21:13:24', 1, '2022-01-23 19:00:03'),
(120, 'batch65', 'Saras Shekar', '1', '8483914081', '2022-01-23 19:00:10', '2022-01-23 19:24:48', 1, '2022-01-23 19:00:10'),
(121, 'batch65', 'Venkatesh Suryanarayana', '', '9448275403', '2022-01-23 19:00:14', '2022-01-23 19:32:42', 0, '2022-01-23 19:00:14'),
(122, 'batch65', 'Narasimhan R Gowda', '1', '4077054506', '2022-01-23 19:23:28', '2022-01-23 20:59:32', 1, '2022-01-23 19:00:18'),
(123, 'batch65', 'Capt.Swaminath V. Iyer', '', '9841045861', '2022-01-23 19:00:29', '2022-01-23 20:58:11', 0, '2022-01-23 19:00:29'),
(124, '-1', 'Jisha Balasubramanian', '971', '557526800', '2022-01-23 19:00:32', '2022-01-23 19:01:02', 1, '2022-01-23 19:00:32'),
(125, 'batch65', 'Sangeetha', '', '9845963794', '2022-01-23 19:00:42', '2022-01-23 19:03:12', 1, '2022-01-23 19:00:42'),
(126, 'batch65', 'Kumuda kannan', '', '7483411293', '2022-01-23 19:16:40', '2022-01-23 19:17:10', 1, '2022-01-23 19:00:45'),
(127, 'batch65', 'Jayanthi ', '', '9426749137', '2022-01-23 19:00:46', '2022-01-23 19:04:22', 1, '2022-01-23 19:00:46'),
(128, 'batch65', 'Ragini Sharma', '', '9611336000', '2022-01-23 19:00:50', '2022-01-23 19:54:00', 1, '2022-01-23 19:00:50'),
(129, 'batch65', 'Jisha Balasubramanian', '971', '557526800', '2022-01-23 19:00:51', '2022-01-23 20:39:12', 0, '2022-01-23 19:00:51'),
(130, 'batch65', 'Srikanth P', '', '09845034170', '2022-01-23 19:00:58', '2022-01-23 22:50:30', 1, '2022-01-23 19:00:58'),
(131, 'batch65', 'Ruchee saxena', '1', '7348460324', '2022-01-23 19:01:08', '2022-01-23 20:34:47', 1, '2022-01-23 19:01:08'),
(132, 'batch65', 'Sivakumar R P ', '', '8008522254', '2022-01-23 19:01:08', '2022-01-23 20:59:09', 1, '2022-01-23 19:01:08'),
(133, 'batch65', 'Shylaja ', '1', '9788094789', '2022-01-23 19:01:08', '2022-01-23 20:14:26', 1, '2022-01-23 19:01:08'),
(134, 'batch65', 'Sunayna Nair', '', '7588180568', '2022-01-23 19:01:11', '2022-01-23 20:59:12', 0, '2022-01-23 19:01:11'),
(135, 'batch65', 'Niranjan', '1', '4088968086', '2022-01-23 19:01:51', '2022-01-23 20:07:53', 1, '2022-01-23 19:01:51'),
(136, 'batch65', 'nandita murty', '1', '9084489076', '2022-01-23 19:02:01', '2022-01-23 20:59:44', 1, '2022-01-23 19:02:01'),
(137, 'batch65', 'Jayanthi krishnamurthy', '', '9665059801', '2022-01-23 20:22:13', '2022-01-23 20:59:39', 1, '2022-01-23 19:02:06'),
(138, 'batch65', 'Parikshit Debnath ', '', '9830660192', '2022-01-23 19:02:18', '2022-01-23 19:27:45', 1, '2022-01-23 19:02:18'),
(139, 'batch65', 'Rani Srinivasan', '', '06360490975', '2022-01-23 19:02:30', '2022-01-23 20:46:54', 1, '2022-01-23 19:02:30'),
(140, 'batch65', 'Radha Geetha', '1', '6784809251', '2022-01-23 19:02:40', '2022-01-23 21:08:38', 1, '2022-01-23 19:02:40'),
(141, 'batch65', 'Josephena ', '1', '6479278980', '2022-01-23 19:02:40', '2022-01-23 19:37:20', 1, '2022-01-23 19:02:40'),
(142, 'batch65', 'R Srinivasan', '', '9445019891', '2022-01-23 19:02:48', '2022-01-23 20:59:18', 1, '2022-01-23 19:02:48'),
(143, 'batch65', 'Seema soni', '', '9897263366', '2022-01-23 19:44:51', '2022-01-23 21:44:12', 1, '2022-01-23 19:02:51'),
(144, 'batch65', 'Venkatadri', '', '9821943210', '2022-01-23 19:03:01', '2022-01-23 23:08:03', 1, '2022-01-23 19:03:01'),
(145, 'batch65', 'Raju Lalwani ', '', '9820064562', '2022-01-23 19:19:00', '2022-01-23 20:01:31', 1, '2022-01-23 19:03:02'),
(146, 'batch65', 'T V sharma', '', '08008269270', '2022-01-23 19:03:03', '2022-01-23 21:07:02', 1, '2022-01-23 19:03:03'),
(147, 'batch65', 'Bhagyashri Rao', '', '9619086665', '2022-01-23 19:03:03', '2022-01-23 20:59:08', 0, '2022-01-23 19:03:03'),
(148, 'batch65', 'Deepa', '1', '9783900900', '2022-01-23 19:03:11', '2022-01-23 21:00:47', 1, '2022-01-23 19:03:11'),
(149, 'batch65', 'Sangeetha', '', '9855963794', '2022-01-23 19:03:23', '2022-01-23 20:59:54', 1, '2022-01-23 19:03:23'),
(150, '-1', 'Nagarajan ', '1', '8127976273', '2022-01-23 19:03:23', '2022-01-23 19:03:53', 1, '2022-01-23 19:03:23'),
(151, 'batch65', 'Ismat Jahangir', '1', '7038998389', '2022-01-23 19:03:34', '2022-01-23 21:00:06', 1, '2022-01-23 19:03:34'),
(152, 'batch65', 'Channaveerappa Hippargi', '', '9449853005', '2022-01-23 19:03:43', '2022-01-23 19:24:11', 1, '2022-01-23 19:03:43'),
(153, 'batch65', 'Ranganathan R', '', '09880430766', '2022-01-23 19:03:46', '2022-01-23 20:59:30', 1, '2022-01-23 19:03:46'),
(154, 'batch65', 'Mohan Kumar', '', '9845857856', '2022-01-23 19:03:53', '2022-01-23 20:59:23', 1, '2022-01-23 19:03:53'),
(155, 'batch65', 'Nagarajan ', '1', '8127976273', '2022-01-23 19:04:09', '2022-01-23 19:23:42', 1, '2022-01-23 19:04:09'),
(156, 'batch65', 'Jessie Desouza ', '', '9923049076', '2022-01-23 19:04:10', '2022-01-23 21:00:10', 1, '2022-01-23 19:04:10'),
(157, 'batch65', 'Anjali Deshmukh', '1', '4084258813', '2022-01-23 19:04:17', '2022-01-23 20:59:49', 1, '2022-01-23 19:04:17'),
(158, 'batch65', 'RSK', '1', '8654560421', '2022-01-23 19:04:18', '2022-01-23 20:59:58', 1, '2022-01-23 19:04:18'),
(159, 'batch65', 'Panchalingam ', '', '9942442662', '2022-01-23 20:45:19', '2022-01-23 20:59:19', 1, '2022-01-23 19:04:22'),
(160, 'batch65', 'Mohana A', '', '9611159500', '2022-01-23 19:04:55', '2022-01-23 19:23:27', 1, '2022-01-23 19:04:55'),
(161, 'batch65', 'Neeraja Chalamalasetty ', '1', '6093696908', '2022-01-23 19:23:33', '2022-01-23 20:05:59', 1, '2022-01-23 19:04:57'),
(162, 'batch65', 'Dr. Aparna Narasimha', '', '09632140850', '2022-01-23 19:05:24', '2022-01-23 21:02:12', 0, '2022-01-23 19:05:24'),
(163, 'batch65', 'Vijayshree Jorapur', '', '09422084568', '2022-01-23 19:05:35', '2022-01-23 20:27:30', 1, '2022-01-23 19:05:35'),
(164, 'batch65', 'Sahadeva Yaragoppa', '', '9449966331', '2022-01-23 19:43:31', '2022-01-23 20:59:59', 1, '2022-01-23 19:05:44'),
(165, 'batch65', 'Surekha Hannurkar ', '', '9833223098', '2022-01-23 19:06:08', '2022-01-23 20:59:29', 1, '2022-01-23 19:06:08'),
(166, 'batch65', 'Lavanya Iyer', '1', '4162682401', '2022-01-23 20:39:52', '2022-01-23 21:13:28', 1, '2022-01-23 19:06:16'),
(167, 'batch65', 'Tara Egan', '1', '4088936412', '2022-01-23 19:06:26', '2022-01-23 21:06:57', 1, '2022-01-23 19:06:26'),
(168, 'batch65', 'Pakaj Ajmera', '', '4845876751', '2022-01-23 19:06:35', '2022-01-23 20:59:37', 1, '2022-01-23 19:06:35'),
(169, 'batch65', 'Punit Rajgor', '965', '99874725', '2022-01-23 19:25:19', '2022-01-23 19:48:21', 1, '2022-01-23 19:06:52'),
(170, 'batch65', 'Raghavendra Murthy', '1', '9736102760', '2022-01-23 19:06:52', '2022-01-23 20:53:54', 0, '2022-01-23 19:06:52'),
(171, 'batch65', 'Neelima Baghel', '', '9406728911', '2022-01-23 19:07:07', '2022-01-23 20:59:52', 1, '2022-01-23 19:07:07'),
(172, 'batch65', 'vijay kumar', '', '9820034789', '2022-01-23 19:25:34', '2022-01-23 20:58:04', 1, '2022-01-23 19:07:14'),
(173, 'batch65', 'Pavan kumar Dixit', '', '9620127054', '2022-01-23 19:07:18', '2022-01-23 20:44:14', 1, '2022-01-23 19:07:18'),
(174, 'batch65', 'Sgirija', '', '9110553937', '2022-01-23 19:09:10', '2022-01-23 19:24:11', 1, '2022-01-23 19:07:26'),
(175, 'batch65', 'Meera Sharma', '', '9898565275', '2022-01-23 19:24:53', '2022-01-23 20:17:53', 1, '2022-01-23 19:07:27'),
(176, 'batch65', 'Caroline Cardoz', '', '9922297467', '2022-01-23 19:08:33', '2022-01-23 20:36:09', 0, '2022-01-23 19:08:33'),
(177, 'batch65', 'Ujwala Ramteke', '', '9922411125', '2022-01-23 19:29:57', '2022-01-23 21:06:18', 1, '2022-01-23 19:09:07'),
(178, 'batch65', 'Gayatri', '', '09629438916', '2022-01-23 19:09:07', '2022-01-23 19:23:38', 1, '2022-01-23 19:09:07'),
(179, 'batch65', 'Makrand', '1', '9842385928', '2022-01-23 19:09:10', '2022-01-23 19:51:20', 1, '2022-01-23 19:09:10'),
(180, 'batch65', 'Vishakha patil', '91', '7666058206', '2022-01-23 19:09:47', '2022-01-23 20:24:47', 1, '2022-01-23 19:09:47'),
(181, 'batch65', 'Sandip Das', '966', '59461234', '2022-01-23 19:10:08', '2022-01-23 20:59:27', 1, '2022-01-23 19:10:08'),
(182, 'batch65', 'Nafisa', '880', '1730054444', '2022-01-23 19:10:20', '2022-01-23 19:54:15', 1, '2022-01-23 19:10:20'),
(183, 'batch65', 'Zaina', '1', '7038948966', '2022-01-23 19:10:22', '2022-01-23 19:22:53', 1, '2022-01-23 19:10:22'),
(184, 'batch65', 'Sheela', '', '8073647421', '2022-01-23 19:25:12', '2022-01-23 21:06:42', 1, '2022-01-23 19:10:28'),
(185, 'batch65', 'Mohammed Shareef', '971', '559367222', '2022-01-23 19:10:31', '2022-01-23 21:11:26', 1, '2022-01-23 19:10:31'),
(186, 'batch65', 'Ashok Sood', '', '8368038446', '2022-01-23 19:10:49', '2022-01-23 19:24:51', 1, '2022-01-23 19:10:49'),
(187, 'batch65', 'Sandhya', '1', '9012390905', '2022-01-23 19:11:13', '2022-01-23 20:59:15', 1, '2022-01-23 19:11:13'),
(188, 'batch65', 'Satyendra', '', '9717517488', '2022-01-23 19:11:27', '2022-01-23 20:41:25', 1, '2022-01-23 19:11:27'),
(189, 'batch65', 'Vijay Chauhan', '', '8950256637', '2022-01-23 19:11:29', '2022-01-23 20:59:35', 1, '2022-01-23 19:11:29'),
(190, 'batch65', 'Soma Das Gupta', '965', '66854749', '2022-01-23 19:12:04', '2022-01-23 19:34:06', 1, '2022-01-23 19:11:31'),
(191, 'batch65', 'Madhu Chandrawanshi', '', '9926391572', '2022-01-23 19:11:54', '2022-01-23 20:05:09', 1, '2022-01-23 19:11:54'),
(192, 'batch65', 'Nilaben ', '1', '4699395277', '2022-01-23 19:11:55', '2022-01-23 20:52:15', 1, '2022-01-23 19:11:55'),
(193, 'batch65', 'Mona', '1', '8583369454', '2022-01-23 19:12:21', '2022-01-23 20:39:22', 1, '2022-01-23 19:12:21'),
(194, 'batch65', 'Raju Lalwani ', '', '09820064562', '2022-01-23 19:12:46', '2022-01-23 19:15:46', 1, '2022-01-23 19:12:46'),
(195, '-1', 'Dr kadam', '', '9822637176', '2022-01-23 19:12:58', '2022-01-23 19:13:28', 1, '2022-01-23 19:12:58'),
(196, 'batch65', 'Ashish', '966', '544347542', '2022-01-23 19:13:01', '2022-01-23 19:51:28', 1, '2022-01-23 19:13:01'),
(197, 'batch65', 'Manoj pevekar', '1', '8484593779', '2022-01-23 19:13:05', '2022-01-23 21:22:47', 1, '2022-01-23 19:13:05'),
(198, 'batch65', 'Dr kadam', '', '9822637176', '2022-01-23 19:13:54', '2022-01-23 20:59:25', 1, '2022-01-23 19:13:54'),
(199, 'batch65', 'Bharathi mg ', '', '9739049310', '2022-01-23 19:13:55', '2022-01-23 20:30:30', 1, '2022-01-23 19:13:55'),
(200, 'batch65', 'Iffat Javed', '1', '4439308916', '2022-01-23 19:14:50', '2022-01-23 20:21:25', 1, '2022-01-23 19:14:50'),
(201, 'batch65', 'Santanu Talukdar', '', '9707801158', '2022-01-23 19:15:11', '2022-01-23 20:52:08', 1, '2022-01-23 19:15:11'),
(202, 'batch65', 'Ravi Thawani', '1', '6608882917', '2022-01-23 19:27:53', '2022-01-23 20:03:24', 1, '2022-01-23 19:16:14'),
(203, 'batch65', 'Kamalini', '61', '408320933', '2022-01-23 19:16:38', '2022-01-23 20:59:39', 1, '2022-01-23 19:16:38'),
(204, 'batch65', 'Sumana', '1', '8479423820', '2022-01-23 19:24:36', '2022-01-23 20:39:07', 1, '2022-01-23 19:16:46'),
(205, 'batch65', 'Sarita Chougale', '', '9404401417', '2022-01-23 19:16:48', '2022-01-23 19:21:48', 1, '2022-01-23 19:16:48'),
(206, 'batch65', 'Machindra holkar', '', '8668253140', '2022-01-23 19:25:04', '2022-01-23 19:53:34', 1, '2022-01-23 19:18:00'),
(207, 'batch65', 'Akshay Sawant', '44', '7743613430', '2022-01-23 19:18:34', '2022-01-23 20:59:23', 1, '2022-01-23 19:18:34'),
(208, 'batch65', 'Asha Sood', '', '9315088986', '2022-01-23 19:26:00', '2022-01-23 20:59:31', 1, '2022-01-23 19:18:51'),
(209, 'batch65', 'Anurag Nigam', '1', '7817903698', '2022-01-23 19:18:54', '2022-01-23 20:07:47', 1, '2022-01-23 19:18:54'),
(210, 'batch65', 'Samir', '965', '55175975', '2022-01-23 19:19:11', '2022-01-23 19:49:34', 1, '2022-01-23 19:19:11'),
(211, 'batch65', 'Vidya Mohana Raman ', '', '9444611043', '2022-01-23 19:20:00', '2022-01-23 19:26:01', 1, '2022-01-23 19:20:00'),
(212, 'batch65', 'Shilpa Abhyankar', '973', '39047298', '2022-01-23 19:20:08', '2022-01-23 20:59:10', 1, '2022-01-23 19:20:08'),
(213, 'batch65', 'venkataraman prasanna', '971', '504574364', '2022-01-23 19:22:06', '2022-01-23 20:06:18', 1, '2022-01-23 19:22:06'),
(214, 'batch65', 'Amit ', '971', '556448924', '2022-01-23 19:22:43', '2022-01-23 19:23:45', 1, '2022-01-23 19:22:43'),
(215, 'batch65', 'PAWAN SHILWANT', '', '9545329222', '2022-01-23 19:23:18', '2022-01-23 19:24:57', 1, '2022-01-23 19:23:18'),
(216, 'batch65', 'Jayashree', '', '08463062002', '2022-01-23 20:03:52', '2022-01-23 20:58:26', 1, '2022-01-23 19:23:20'),
(217, '-1', 'Sheila saharajan', '973', '39769060', '2022-01-23 19:25:43', '2022-01-23 19:26:13', 1, '2022-01-23 19:24:29'),
(218, 'batch65', 'PRAMOD SAWANT', '', '9869430132', '2022-01-23 19:24:37', '2022-01-23 21:02:31', 1, '2022-01-23 19:24:37'),
(219, 'batch65', 'Vinay Vasudeva Rao', '', '9448466522', '2022-01-23 19:26:33', '2022-01-23 20:59:32', 1, '2022-01-23 19:26:33'),
(220, 'batch65', 'Sheela saharajan ', '973', '39769060', '2022-01-23 19:44:03', '2022-01-23 19:54:04', 1, '2022-01-23 19:26:54'),
(221, 'batch65', 'Prasad Ganji', '44', '7736797155', '2022-01-23 19:26:57', '2022-01-23 21:00:00', 1, '2022-01-23 19:26:57'),
(222, 'batch65', 'Vidya Mohana Raman ', '91', '9444611043', '2022-01-23 19:27:33', '2022-01-23 20:21:33', 1, '2022-01-23 19:27:33'),
(223, 'batch65', 'Rama Nelluri', '1', '5013669847', '2022-01-23 19:27:37', '2022-01-23 20:49:39', 1, '2022-01-23 19:27:37'),
(224, 'batch65', 'Sapna jain', '', '9560472255', '2022-01-23 20:19:08', '2022-01-23 20:59:55', 1, '2022-01-23 19:27:44'),
(225, 'batch65', 'Sathya Sastry', '1', '2149181854', '2022-01-23 19:28:49', '2022-01-24 09:42:07', 1, '2022-01-23 19:28:49'),
(226, 'batch65', 'Prakash ', '1', '7135048243', '2022-01-23 19:29:14', '2022-01-23 20:53:46', 1, '2022-01-23 19:29:14'),
(227, 'batch65', 'Gita', '', '9945521666', '2022-01-23 19:33:11', '2022-01-23 20:59:27', 1, '2022-01-23 19:33:11'),
(228, 'batch65', 'Sujatha Shet', '', '8454080696', '2022-01-23 19:41:45', '2022-01-23 21:00:17', 1, '2022-01-23 19:34:18'),
(229, 'batch65', 'Sunitha shiv', '1', '6518902349', '2022-01-23 19:34:55', '2022-01-23 20:59:57', 1, '2022-01-23 19:34:55'),
(230, 'batch65', 'Mansing Hembram', '', '7008850679', '2022-01-23 20:11:24', '2022-01-23 20:53:54', 1, '2022-01-23 19:35:12'),
(231, 'batch65', 'sopan shinde', '971', '563988804', '2022-01-23 19:35:33', '2022-01-23 21:06:11', 1, '2022-01-23 19:35:33'),
(232, 'batch65', 'Manju Nagaraju', '', '9036136450', '2022-01-23 19:35:48', '2022-01-23 20:15:48', 1, '2022-01-23 19:35:48'),
(233, 'batch65', 'Josephena ', '1', '5479278980', '2022-01-23 19:37:09', '2022-01-23 20:52:10', 1, '2022-01-23 19:37:09'),
(234, 'batch65', 'Maria Picardo ', '44', '7404593049', '2022-01-23 19:37:18', '2022-01-23 20:59:37', 1, '2022-01-23 19:37:18'),
(235, '-1', 'Sahadeva Yaragoppa', '', '9449966331', '2022-01-23 19:39:45', '2022-01-23 19:43:41', 1, '2022-01-23 19:39:45'),
(236, 'batch65', 'Krishnan Varagur', '1', '7328419378', '2022-01-23 19:41:30', '2022-01-23 20:06:33', 1, '2022-01-23 19:41:30'),
(237, 'batch65', 'shantha Kumari', '', '9448200245', '2022-01-23 19:45:45', '2022-01-23 19:56:06', 1, '2022-01-23 19:45:45'),
(238, 'batch65', 'Saroj', '', '75885811111', '2022-01-23 19:48:18', '2022-01-23 20:59:48', 1, '2022-01-23 19:48:18'),
(239, 'batch65', 'Sree latha', '', '9741988843', '2022-01-23 19:51:43', '2022-01-23 20:08:31', 1, '2022-01-23 19:51:43'),
(240, 'batch65', 'Rupali Gupta ', '965', '60430461', '2022-01-23 19:53:57', '2022-01-23 20:59:33', 1, '2022-01-23 19:53:57'),
(241, 'batch65', 'Saleha', '1', '2014106163', '2022-01-23 19:55:01', '2022-01-23 21:00:05', 1, '2022-01-23 19:55:01'),
(242, 'batch65', 'chetana walvekar', '', '9845546265', '2022-01-23 19:58:13', '2022-01-23 21:13:26', 1, '2022-01-23 19:58:13'),
(243, 'batch65', 'RS Balaji', '', '9686329900', '2022-01-23 19:58:24', '2022-01-23 20:25:00', 1, '2022-01-23 19:58:24'),
(244, 'batch65', 'Srini', '', '9176626575', '2022-01-23 20:01:15', '2022-01-23 20:51:45', 1, '2022-01-23 20:01:15'),
(245, 'batch65', 'Nataraja Doddamani ', '1', '9083051691', '2022-01-23 20:02:17', '2022-01-23 21:01:39', 1, '2022-01-23 20:02:17'),
(246, 'batch65', 'Biju kaimal', '971', '505593010', '2022-01-23 20:03:35', '2022-01-23 20:05:07', 1, '2022-01-23 20:03:35'),
(247, 'batch65', 'Lata', '49', '15202149803', '2022-01-23 20:10:53', '2022-01-23 21:13:58', 1, '2022-01-23 20:10:53'),
(248, 'batch65', 'Ashok J Joshi', '', '9945104570', '2022-01-23 20:13:40', '2022-01-23 20:59:41', 1, '2022-01-23 20:13:40'),
(249, 'batch65', 'Aditi Thite', '91', '983331107', '2022-01-23 20:15:25', '2022-01-23 20:51:26', 1, '2022-01-23 20:15:25'),
(250, '-1', 'Sapna Jain', '', '9560472255', '2022-01-23 20:18:22', '2022-01-23 20:18:52', 1, '2022-01-23 20:18:22'),
(251, 'batch65', 'Shubhangi kulkarni', '', '9492426525', '2022-01-23 20:40:07', '2022-01-23 20:52:07', 1, '2022-01-23 20:20:09'),
(252, 'batch65', 'Nitin ', '', '9922945599', '2022-01-23 20:23:42', '2022-01-23 20:42:17', 1, '2022-01-23 20:23:42'),
(253, 'batch65', 'ramanan', '65', '96683774', '2022-01-23 20:25:34', '2022-01-23 21:52:17', 1, '2022-01-23 20:25:34'),
(254, 'batch65', 'Padma', '65', '96278625', '2022-01-23 20:25:35', '2022-01-23 20:54:27', 1, '2022-01-23 20:25:35'),
(255, 'batch65', 'Prasad', '49', '1727529957', '2022-01-23 20:25:51', '2022-01-23 21:01:23', 1, '2022-01-23 20:25:51'),
(256, 'batch65', 'Jyoti gulati', '1', '6479936090', '2022-01-23 20:33:36', '2022-01-23 21:00:23', 1, '2022-01-23 20:33:36'),
(257, 'batch65', 'Swarna Aiyar ', '44', '7951748587', '2022-01-23 20:45:47', '2022-01-23 20:59:19', 1, '2022-01-23 20:45:47'),
(258, 'batch65', 'Radhika narasimham', '1', '2065503632', '2022-01-23 20:47:39', '2022-01-23 21:05:11', 1, '2022-01-23 20:47:39'),
(259, 'batch65', 'Savitri sharma', '1', '3477220612', '2022-01-23 21:59:32', '2022-01-23 22:07:43', 1, '2022-01-23 21:59:32'),
(260, 'batch65', 'Kavita Dhuri', '974', '70018177', '2022-01-23 22:44:31', '2022-01-23 22:45:33', 1, '2022-01-23 22:44:31'),
(261, 'batch65', 'Pragna Modha ', '1', '3198923020', '2022-01-24 05:13:38', '2022-01-24 05:14:30', 0, '2022-01-24 05:13:38'),
(262, 'batch65', 'sheetal kale', '1', '2146958863', '2022-01-24 05:59:09', '2022-01-24 06:00:11', 1, '2022-01-24 05:59:09'),
(263, 'batch65', 'Mandakini ', '', '7045292545', '2022-01-24 06:25:55', '2022-01-24 06:26:25', 1, '2022-01-24 06:25:55'),
(264, 'batch65', 'rumana', '', '566767', '2022-01-24 09:58:50', '2022-01-24 10:42:09', 1, '2022-01-24 09:58:50'),
(265, 'batch65', 'Hanumanth Rao Bhounsle', '65', '96654803', '2022-01-24 12:32:32', '2022-01-24 14:54:54', 1, '2022-01-24 12:32:32'),
(266, 'batch65', 'Uma', '', '9826128101', '2022-01-24 13:45:44', '2022-01-24 13:46:56', 1, '2022-01-24 13:45:44');

--
-- Indexes for dumped tables
--

--
-- Indexes for table `tbl_questions`
--
ALTER TABLE `tbl_questions`
  ADD PRIMARY KEY (`id`);

--
-- Indexes for table `tbl_users`
--
ALTER TABLE `tbl_users`
  ADD PRIMARY KEY (`id`);

--
-- AUTO_INCREMENT for dumped tables
--

--
-- AUTO_INCREMENT for table `tbl_questions`
--
ALTER TABLE `tbl_questions`
  MODIFY `id` int(11) NOT NULL AUTO_INCREMENT, AUTO_INCREMENT=221;
--
-- AUTO_INCREMENT for table `tbl_users`
--
ALTER TABLE `tbl_users`
  MODIFY `id` int(4) NOT NULL AUTO_INCREMENT, AUTO_INCREMENT=267;
/*!40101 SET CHARACTER_SET_CLIENT=@OLD_CHARACTER_SET_CLIENT */;
/*!40101 SET CHARACTER_SET_RESULTS=@OLD_CHARACTER_SET_RESULTS */;
/*!40101 SET COLLATION_CONNECTION=@OLD_COLLATION_CONNECTION */;
