-- phpMyAdmin SQL Dump
-- version 4.6.6deb5ubuntu0.5
-- https://www.phpmyadmin.net/
--
-- Host: localhost:3306
-- Generation Time: Feb 09, 2022 at 06:52 AM
-- Server version: 5.7.36-0ubuntu0.18.04.1
-- PHP Version: 7.2.24-0ubuntu0.18.04.10

SET SQL_MODE = "NO_AUTO_VALUE_ON_ZERO";
SET time_zone = "+00:00";


/*!40101 SET @OLD_CHARACTER_SET_CLIENT=@@CHARACTER_SET_CLIENT */;
/*!40101 SET @OLD_CHARACTER_SET_RESULTS=@@CHARACTER_SET_RESULTS */;
/*!40101 SET @OLD_COLLATION_CONNECTION=@@COLLATION_CONNECTION */;
/*!40101 SET NAMES utf8mb4 */;

--
-- Database: `coact_ffd190320`
--

-- --------------------------------------------------------

--
-- Table structure for table `tbl_countries`
--

CREATE TABLE `tbl_countries` (
  `country` varchar(43) DEFAULT NULL,
  `cntry_code` varchar(5) DEFAULT NULL
) ENGINE=MyISAM DEFAULT CHARSET=utf8;

--
-- Dumping data for table `tbl_countries`
--

INSERT INTO `tbl_countries` (`country`, `cntry_code`) VALUES
('Afghanistan', '93'),
('Albania', '355'),
('Algeria', '213'),
('American Samoa', '1-684'),
('Andorra', '376'),
('Angola', '244'),
('Anguilla', '1-264'),
('Antarctica', '672'),
('Antigua', '1-268'),
('Argentina', '54'),
('Armenia', '374'),
('Aruba', '297'),
('Ascension', '247'),
('Australia', '61'),
('Australian External Territories', '672'),
('Austria', '43'),
('Azerbaijan', '994'),
('Bahamas', '1-242'),
('Bahrain', '973'),
('Bangladesh', '880'),
('Barbados', '1-246'),
('Barbuda', '1-268'),
('Belarus', '375'),
('Belgium', '32'),
('Belize', '501'),
('Benin', '229'),
('Bermuda', '1-441'),
('Bhutan', '975'),
('Bolivia', '591'),
('Bosnia & Herzegovina', '387'),
('Botswana', '267'),
('Brazil', '55'),
('British Virgin Islands', '1-284'),
('Brunei Darussalam', '673'),
('Bulgaria', '359'),
('Burkina Faso', '226'),
('Burundi', '257'),
('Cambodia', '855'),
('Cameroon', '237'),
('Canada', '1'),
('Cape Verde Islands', '238'),
('Cayman Islands', '1-345'),
('Central African Republic', '236'),
('Chad', '235'),
('Chatham Island (New Zealand)', '64'),
('Chile', '56'),
('China (PRC)', '86'),
('Christmas Island', '61-8'),
('Cocos-Keeling Islands', '61'),
('Colombia', '57'),
('Comoros', '269'),
('Congo', '242'),
('Congo, Dem. Rep. of?', '243'),
('Cook Islands', '682'),
('Costa Rica', '506'),
('C?te d\'Ivoire', '225'),
('Croatia', '385'),
('Cuba', '53'),
('Cuba', '5399'),
('Cura?ao', '599'),
('Cyprus', '357'),
('Czech Republic', '420'),
('Denmark', '45'),
('Diego Garcia', '246'),
('Djibouti', '253'),
('Dominica', '1-767'),
('Dominican Republic', '1-809'),
('East Timor', '670'),
('Easter Island', '56'),
('Ecuador', '593'),
('Egypt', '20'),
('El Salvador', '503'),
('Equatorial Guinea', '240'),
('Eritrea', '291'),
('Estonia', '372'),
('Ethiopia', '251'),
('Falkland Islands', '500'),
('Faroe Islands', '298'),
('Fiji Islands', '679'),
('Finland', '358'),
('France', '33'),
('French Antilles', '596'),
('French Guiana', '594'),
('French Polynesia', '689'),
('Gabonese Republic', '241'),
('Gambia', '220'),
('Georgia', '995'),
('Germany', '49'),
('Ghana', '233'),
('Gibraltar', '350'),
('Greece', '30'),
('Greenland', '299'),
('Grenada', '1-473'),
('Guadeloupe', '590'),
('Guam', '1-671'),
('Guantanamo Bay', '5399'),
('Guatemala', '502'),
('Guinea-Bissau', '245'),
('Guinea', '224'),
('Guyana', '592'),
('Haiti', '509'),
('Honduras', '504'),
('Hong Kong', '852'),
('Hungary', '36'),
('Iceland', '354'),
('India', '91'),
('Indonesia', '62'),
('Inmarsat (Atlantic Ocean - East)', '871'),
('Inmarsat (Atlantic Ocean - West)', '874'),
('Inmarsat (Indian Ocean)', '873'),
('Inmarsat (Pacific Ocean)', '872'),
('International Freephone Service', '800'),
('International Shared Cost Service (ISCS)', '808'),
('Iran', '98'),
('Iraq', '964'),
('Ireland', '353'),
('Iridium', '8816'),
('Israel', '972'),
('Italy', '39'),
('Jamaica', '1-876'),
('Japan', '81'),
('Jordan', '962'),
('Kazakhstan', '7'),
('Kenya', '254'),
('Kiribati', '686'),
('Korea (North)', '850'),
('Korea (South)', '82'),
('Kuwait', '965'),
('Kyrgyz Republic', '996'),
('Laos', '856'),
('Latvia', '371'),
('Lebanon', '961'),
('Lesotho', '266'),
('Liberia', '231'),
('Libya', '218'),
('Liechtenstein', '423'),
('Lithuania', '370'),
('Luxembourg', '352'),
('Macao', '853'),
('Macedonia', '389'),
('Madagascar', '261'),
('Malawi', '265'),
('Malaysia', '60'),
('Maldives', '960'),
('Mali Republic', '223'),
('Malta', '356'),
('Marshall Islands', '692'),
('Martinique', '596'),
('Mauritania', '222'),
('Mauritius', '230'),
('Mayotte Island', '269'),
('Mexico', '52'),
('Micronesia, (Federal States of)', '691'),
('Midway Island', '1-808'),
('Moldova', '373'),
('Monaco', '377'),
('Mongolia', '976'),
('Montenegro', '382'),
('Montserrat', '1-664'),
('Morocco', '212'),
('Mozambique', '258'),
('Myanmar', '95'),
('Namibia', '264'),
('Nauru', '674'),
('Nepal', '977'),
('Netherlands', '31'),
('Netherlands Antilles', '599'),
('Nevis', '1-869'),
('New Caledonia', '687'),
('New Zealand', '64'),
('Nicaragua', '505'),
('Niger', '227'),
('Nigeria', '234'),
('Niue', '683'),
('Norfolk Island', '672'),
('Northern Marianas Islands', '1-670'),
('Norway', '47'),
('Oman', '968'),
('Pakistan', '92'),
('Palau', '680'),
('Palestinian Settlements', '970'),
('Panama', '507'),
('Papua New Guinea', '675'),
('Paraguay', '595'),
('Peru', '51'),
('Philippines', '63'),
('Poland', '48'),
('Portugal', '351'),
('Puerto Rico', '1-787'),
('Qatar', '974'),
('R?union Island', '262'),
('Romania', '40'),
('Russia', '7'),
('Rwandese Republic', '250'),
('St. Helena', '290'),
('St. Kitts/Nevis', '1-869'),
('St. Lucia', '-757'),
('St. Pierre & Miquelon', '508'),
('St. Vincent & Grenadines', '1-784'),
('Samoa', '685'),
('San Marino', '378'),
('S?o Tom? and Principe', '239'),
('Saudi Arabia', '966'),
('Senegal', '221'),
('Serbia', '381'),
('Seychelles Republic', '248'),
('Sierra Leone', '232'),
('Singapore', '65'),
('Slovak Republic', '421'),
('Slovenia', '386'),
('Solomon Islands', '677'),
('Somali Democratic Republic', '252'),
('South Africa', '27'),
('Spain', '34'),
('Sri Lanka', '94'),
('Sudan', '249'),
('Suriname', '597'),
('Swaziland', '268'),
('Sweden', '46'),
('Switzerland', '41'),
('Syria', '963'),
('Taiwan', '886'),
('Tajikistan', '992'),
('Tanzania', '255'),
('Thailand', '66'),
('Thuraya (Mobile Satellite service)', '88216'),
('Timor Leste', '670'),
('Togolese Republic', '228'),
('Tokelau', '690'),
('Tonga Islands', '676'),
('Trinidad & Tobago', '1-868'),
('Tunisia', '216'),
('Turkey', '90'),
('Turkmenistan', '993'),
('Turks and Caicos Islands', '1-649'),
('Tuvalu', '688'),
('Uganda', '256'),
('Ukraine', '380'),
('United Arab Emirates', '971'),
('United Kingdom', '44'),
('United States of America', '1'),
('US Virgin Islands', '1-340'),
('Universal Personal Telecommunications (UPT)', '878'),
('Uruguay', '598'),
('Uzbekistan', '998'),
('Vanuatu', '678'),
('Vatican City', '39'),
('Venezuela', '58'),
('Vietnam', '84'),
('Wake Island', '808');

-- --------------------------------------------------------

--
-- Table structure for table `tbl_questions`
--

CREATE TABLE `tbl_questions` (
  `id` int(11) NOT NULL,
  `user_name` varchar(255) NOT NULL,
  `user_phone` varchar(15) NOT NULL,
  `user_question` varchar(500) NOT NULL,
  `asked_at` datetime NOT NULL,
  `user_code` varchar(10) NOT NULL,
  `speaker` int(11) NOT NULL DEFAULT '0',
  `answered` int(11) NOT NULL DEFAULT '0'
) ENGINE=MyISAM DEFAULT CHARSET=latin1;

--
-- Dumping data for table `tbl_questions`
--

INSERT INTO `tbl_questions` (`id`, `user_name`, `user_phone`, `user_question`, `asked_at`, `user_code`, `speaker`, `answered`) VALUES
(1, 'bhagyamma', '9686546684', 'how to take smootie ,and im taking homoeopatic medicine my sugar is around 250 to330', '2020-03-17 16:49:28', '91', 0, 0),
(2, 'Usha', '9870034335', 'Glycemic index of peas n dragon fruit', '2020-03-17 16:55:20', '91', 0, 0),
(3, 'Usha', '9870034335', 'Gi of peas n dragon fruit', '2020-03-17 16:56:06', '91', 0, 0),
(4, 'Dhiraj kumar', '8670122951', 'I m suffering Dibetes since 9 year from type 2 how it is reverse', '2020-03-18 17:03:45', '91', 0, 0),
(5, 'Bharat Trivedi', '9820858836', 'Please let me know whether this reversal program permanently cures diabetes or it helps controlling the same?\r\nOnce insulin production affected in body, can it be repaired permanently?', '2020-03-18 23:55:44', '91', 0, 0),
(6, 'Shripad vasudeo jog', '9850114586', 'Can I eat pure ghee & buttermilk ?', '2020-03-19 08:06:23', '91', 0, 0),
(7, 'Ashokbhai', '9924384662', 'à¤®à¥ˆ à¤®à¥‡à¤°à¥‡ à¤¸à¤®à¤œà¤¸à¥‡ à¤à¤• à¤®à¤¹à¤¿à¥à¤¨à¥‡à¤¸à¥‡ à¤¡à¤¾à¤¯à¤Ÿ à¤¶à¥à¤° à¤•à¤¿à¤¯à¤¾ à¤¦à¤µà¤¾ à¤¬à¤‚à¤¦ à¤•à¤¿à¤¯à¥€,à¤ªà¥à¤°à¥‡à¤¶à¤° à¤¸à¤¾à¤®à¤¾à¤¨à¥à¤¯, à¤¶à¥à¤—à¤° 250 à¤•à¥‡ à¤†à¤¸à¤ªà¤¾à¤¸. à¤†à¤ªà¤¸à¥‡  à¤®à¤¾à¤°à¥à¤—à¤¦à¤°à¥à¤¶à¤¨', '2020-03-19 09:26:25', '91', 0, 0),
(8, 'Manish Bhagat', '9199826368', 'I want to reverse my diabetes?', '2020-03-19 13:04:06', '91', 0, 0),
(9, 'Kavya', '9460928439', '7 à¤¸à¤¾à¤² à¤•à¥‡ à¤¬à¤šà¥à¤šà¥‹à¤‚ à¤•à¥‡ à¤¡à¤¾à¤‡à¤¬à¤¿à¤Ÿà¥€à¤œ à¤•à¥à¤¯à¥‹ à¤¹à¥‹à¤¤à¤¾ à¤¹à¥ˆ, à¤•à¤¾à¤°à¤£ à¤¬à¤¤à¤¾à¤“ à¤µà¤¾à¤²à¥‡ à¤¸à¤®à¤¾à¤§à¤¾à¤¨ à¤•à¤°à¤¤à¤¾ à¤¹à¥ˆ', '2020-03-19 16:48:18', '91', 0, 0),
(10, 'Shanmuganathan  Murugesa ', '80562 33234', 'I am Diabetic Type 2 from 1990 ( 30 Years), MI  Since April 1988, Hypo Thyroid Since 2001, and other connective problems as Diabetic. But I am keeping up very good health.Age78 years. My Photasium level 5.9, I do hv Pheripheral Neuropathy andI am interested in 1 year programs with you.', '2020-03-19 18:14:50', '1', 0, 0),
(11, 'Shanmuganathan Murugesa ', '80562 33234', 'I am Diabetic type2 Since 1990. MI Since 1988, Other connected problem as Diabetic. My Photasium level is 5.9, GFR 61, Pheripheral Neuropathy, Give your guideline. I am 78 Years old. I am keeping very Good Health.', '2020-03-19 18:25:34', '1', 0, 0),
(12, 'Shanmuganathan Murugesa ', '80562 33234', 'I am Diabetic type2 Since 1990. MI Since 1988, Other connected problem as Diabetic. My Photasium level is 5.9, GFR 61, Pheripheral Neuropathy, Give your guideline. I am 78 Years old. I am keeping very Good Health.', '2020-03-19 18:25:43', '1', 0, 0),
(13, 'Shanmuganathan Murugesa ', '80562 33234', 'I am not able to connect my IPAD. It is coming as error.', '2020-03-19 18:26:40', '1', 0, 0),
(14, 'Dr Ashok Kumar Dhurandhar', '9425212626', 'Hello', '2020-03-19 18:27:10', '91', 0, 0),
(15, 'Shanmuganathan Murugesa ', '80562 33234', 'I hv forwarded my mess. And I am not able to connect myself. It is coming as Error. Pls, Help me.', '2020-03-19 18:29:28', '1', 0, 0),
(16, 'Sudipta choubey', '9977425040', 'What can be done for numbness in hands and legs', '2020-03-19 18:38:59', '91', 0, 0),
(17, 'Pugalenthy', '9080019347', 'sexual dysfunction and diabetes - is any connection', '2020-03-19 18:45:26', '91', 0, 0),
(18, 'Pugalenthy', '9080019347', 'sexual dysfunction and diabetes - is any connection', '2020-03-19 18:45:26', '91', 0, 0),
(19, 'Nayan', '9909011276', 'Pl advise full diet program', '2020-03-19 18:47:28', '91', 0, 0),
(20, 'Parthkumar salunke', '7774066944', 'How to reduce sugar and weight ? What should be the diet ?', '2020-03-19 18:47:35', '91', 0, 0),
(21, 'Nayan', '9909011276', 'May I eat sprouts evening', '2020-03-19 18:48:21', '91', 0, 0),
(22, 'Bhartish Chandra Consul', '9831079119', 'How to control diabetes, High blood pressure & Cholesterol', '2020-03-19 18:48:28', '91', 0, 0),
(23, 'Suman ', '9820972676', 'My job involves travelling through time zones and thus a change in WOCL all the time, will this program give me the benefit with such lifestyle/job', '2020-03-19 18:48:30', '91', 0, 0),
(24, 'Rajalakshmi Sukumar', '9811819452', 'Hi good Dr Pramod ji I am 65yrs lady having Thyroid,Sugar and mild Parkinson problem so while walking stammering is there and also hands and legs trimmer most of the time. My sugar fasting sugar is today I have taken 222 and PP is 276. Kindly help me to come out of this.', '2020-03-19 18:49:06', '91', 0, 0),
(25, 'Parthkumar salunke', '7774066944', 'Which exercises to be done regularly ?', '2020-03-19 18:50:07', '91', 0, 0),
(26, 'rajan', '8870106110', 'i would like to reduce my sugar level', '2020-03-19 18:50:08', '91', 0, 0),
(27, 'Manish Bhagat', '9199826368', 'I want to reverse my diabetes', '2020-03-19 18:50:35', '91', 0, 0),
(28, 'Laxmi Chand', '8898340190', 'what time are u starting the video', '2020-03-19 18:50:39', '91', 0, 0),
(29, 'Usha Suri', '+919870034335', 'Peas beetroot r good 4 diabetics???', '2020-03-19 18:50:53', '91', 0, 0),
(30, 'Padmini Nair', '8454845570', 'This is the webinar?', '2020-03-19 18:52:02', '91', 0, 0),
(31, 'ROZINA ', '9765065066', 'I AM DIABETIC SINCE 10 YEARS ,I AM TAKING AYUVEDIC MEDICINE ,LAST TWO OR THREE MONTHS MY FASTING IS UP LIKE 270', '2020-03-19 18:52:12', '91', 0, 0),
(32, 'Bhupinder singh67722', '09815466267', 'I am 62 years  old  n diabetic since 1987 with hypertension n ckd problem.crea creatinine is 4.2 n also overweight with belly fat \r\nMy height  is 5feet 9 inch and wt is 85 kg', '2020-03-19 18:52:27', '91', 0, 0),
(33, 'Kovid sharma', '9560967009', 'I am having istamet 1000mg twice per day since last 7-8 years . What should I do . My hieght is 170cm and wt is 86 kg', '2020-03-19 18:52:53', '91', 0, 0),
(34, 'M Purushotham Reddy', '9394764835', 'All are very recent diabetics', '2020-03-19 18:52:59', '91', 0, 0),
(35, 'Lakshmi ', '9922994389', 'Is it required to stop eating rice and wheat in diabetics \r\nMy H1bvc level is 6.6 am I required to take medicine', '2020-03-19 18:53:17', '91', 0, 0),
(36, 'rajan', '8870106110', 'my goal is to reduce tablets', '2020-03-19 18:53:24', '91', 0, 0),
(37, 'Rajalakshmi Sukumar', '09811819452', 'My sugar level is fasting 222 kindly help me', '2020-03-19 18:53:26', '91', 0, 0),
(38, 'Qurath Ul Ain', '9901157537', 'Diabetes', '2020-03-19 18:53:29', '91', 0, 0),
(39, 'rajan', '8870106110', 'i speak only english', '2020-03-19 18:53:51', '91', 0, 0),
(40, 'VASANTI', '8978385771', 'MY DIABETIC TABLET CONTAINS METFORMIN HYDROCHLORIDE 500 MG.  WE HEARD THAT METFORMIN LEADS TO KIDNEY PROBLEMS.  PLEASE CLARIFY.', '2020-03-19 18:53:53', '91', 0, 0),
(41, 'Nayan', '9909011276', 'How much takes time for diabetes free for nivasi shibir', '2020-03-19 18:54:08', '91', 0, 0),
(42, 'Saibal Das', '9830297844', 'Good evening Dr Promod Tripathi. I am suffering from Diabetese for last around 17 years. I am insulin dependent along with Metphormine & Sitagliptin tablet.  My Insulin resistance is going up & up and increasing Insulin dosage. I am fade up with injection, do you think I will be able get rid off these horrible medicines?', '2020-03-19 18:54:21', '91', 0, 0),
(43, 'Thtothadri', '8939161805', 'I am having diabetes for more than 30 yearsuncontrolled inspire drugs and insulin. Guide me', '2020-03-19 18:55:10', '91', 0, 0),
(44, 'Preethi katariya ', '7406695293', 'Insulin depended diabetes patients n type 1 patients inspite of not eating anything for long hours their sugar levels hike why so', '2020-03-19 18:55:37', '91', 0, 0),
(45, 'Dr kanta Aggarwal ', '9868156430', 'My fasting sugar lever is high and p p is naormal', '2020-03-19 18:56:21', '91', 0, 0),
(46, 'Bhartish Chandra Consul', '9831079119', 'How to Reverse diabetes, high blood pressure & cholesterol,', '2020-03-19 18:57:20', '91', 0, 0),
(47, 'Deepali shirgave', '9850965709', 'whether this reversible program permanently cures diabetics...whether Life long we have to follow your  diet plan', '2020-03-19 18:57:26', '91', 0, 0),
(48, 'Deepak Parab', '7066531782', 'I am 46 years (male) have BP for 22 yes, diabetes for 8 years and had angioplasty 6 months ago. Will any special review of my case be required?', '2020-03-19 18:57:49', '91', 0, 0),
(49, 'Padma Pai', '93246281', 'In case family function can we eat party food or not?', '2020-03-19 18:58:40', '91', 0, 0),
(50, 'Dr kanta Aggarwal ', '9868156430', 'My fasting sugar is high and pp is normal', '2020-03-19 18:58:46', '91', 0, 0),
(51, 'Qurath Ul Ain', '9901157537', 'I have seen this video before', '2020-03-19 18:58:58', '91', 0, 0),
(52, 'Parthkumar salunke', '7774066944', 'When can I get appointment of Dr. Tripathi sir after attending this session ?', '2020-03-19 18:59:07', '91', 0, 0),
(53, 'Prakash Somani', '9880081043', 'Your Network is a problem.... It keeps buffeing', '2020-03-19 18:59:18', '91', 0, 0),
(54, 'Prakash Somani', '9880081043', 'Your Network is a problem.... It keeps buffeing', '2020-03-19 18:59:25', '91', 0, 0),
(55, 'Qurath Ul Ain', '9901157537', 'Is this todays', '2020-03-19 18:59:31', '91', 0, 0),
(56, 'Prakash Somani', '9880081043', 'Your Network is a problem.... It keeps buffeing', '2020-03-19 18:59:39', '91', 0, 0),
(57, 'Prakash Somani', '9880081043', 'Your Network is a problem.... It keeps buffeing', '2020-03-19 18:59:40', '91', 0, 0),
(58, 'Hemanth kumar', '8019669286', 'When will the session go live', '2020-03-19 18:59:46', '91', 0, 0),
(59, 'Prakash Somani', '9880081043', 'Your Network is a problem.... It keeps buffeing', '2020-03-19 18:59:46', '91', 0, 0),
(60, 'Prakash Somani', '9880081043', 'Network speed is a problem', '2020-03-19 18:59:56', '91', 0, 0),
(61, 'TEJAL DESAI', '9619197174', 'what is the replacement of Roti', '2020-03-19 19:00:04', '91', 0, 0),
(62, 'Lamaan Sami', '09837095609', 'i am on insuline type 2 .', '2020-03-19 19:00:09', '91', 0, 0),
(63, 'Thtothadri', '8939161805', 'It is only streaming', '2020-03-19 19:00:27', '91', 0, 0),
(64, 'Parthkumar salunke', '7774066944', 'I have to loose atleast 20 kg weight ? Can I ? How ?', '2020-03-19 19:01:04', '91', 0, 0),
(65, 'Pushpalata ', '9987099073', 'Poor network  connections', '2020-03-19 19:02:54', '91', 0, 0),
(66, 'Pushpalata ', '9987099073', 'Is there poor network  connections? We are facing problems', '2020-03-19 19:03:48', '91', 0, 0),
(67, 'Yogesh Khadilkar', '9867301492', 'I just logged in. When did the webinar start', '2020-03-19 19:04:31', '91', 0, 0),
(68, 'Yogesh Khadilkar', '9867301492', 'i miss anything important', '2020-03-19 19:04:38', '91', 0, 0),
(69, 'Golla Showry', '9912129412', 'sir kindly speak in english', '2020-03-19 19:05:23', '91', 0, 0),
(70, 'Poonam Verma', '9930092173', 'Which one to watch first, primary or secondary', '2020-03-19 19:06:12', '91', 0, 0),
(71, 'Abhisshek Jaywant', '09320326841', 'Does homeopathy medicine work for diabetis', '2020-03-19 19:06:32', '91', 0, 0),
(72, 'Suman ', '9820972676', 'I turned vegan for 2yrs n it really helped me drop my medicines but not totally cured as i reached a plateau n ws told to quit my job which ws not possible. I hav tried intermittent which hs really helped in a great way . How diffirent is ur prog?', '2020-03-19 19:06:51', '91', 0, 0),
(73, 'Rajeshree', '8322534774', 'I want to know about rheumatoid arthritis. I have rheumatoid arthritis please', '2020-03-19 19:07:19', '1', 0, 0),
(74, 'Sachin Patil', '9545051444', 'My name Is Sachin I am 43yrs. of age. I have Detected Diabetes for 2 yrs ago. My Sugar Level Is Now Fasting Plasma Glucose Is 87 Mg/dl and PP Plasma Glucose Is 143 Mg /dl . But Its Fluctuating every month.. My Tablet is now stopped by my doctor.. but I wants to know Now How I maintain My Sugar Level. So I can Enjoy My life.', '2020-03-19 19:07:35', '91', 0, 0),
(75, 'Ankita rathi', '9730018479', 'My daughter is a 3 year old type1 diabetic she was diagnosed 2 years back. How can this program help her', '2020-03-19 19:07:55', '91', 0, 0),
(76, 'Rajalakshmi Sukumar', '09811819452', 'I have already started taking smoothe and I would like to have your diet chart. I am already watch youtube.', '2020-03-19 19:08:37', '91', 0, 0),
(77, 'Satish Kumar ', '8596987435', 'I have been diagnosed with AMD AND DIABETIC RETINOPATHY PLEASE HELP TO REVERSE IT', '2020-03-19 19:08:41', '91', 0, 0),
(78, 'Kavya', '9460928439', 'à¤¬à¤šà¥à¤šà¥‹à¤‚ à¤•à¥‹ à¤•à¥à¤¯à¥‹ à¤¹à¥‹à¤¤à¤¾ à¤¹à¥ˆ, à¤¸à¤®à¤¾à¤§à¤¾à¤¨ à¤¬à¤¤à¤¾à¤à¤‚, à¤¸à¤¾à¤¤ à¤¸à¤¾à¤² à¤‰à¤®à¥à¤° à¤¹à¥ˆ à¤‡à¤‚à¤¸à¥à¤²à¤¿à¤¨ à¤›à¥à¤Ÿ à¤¸à¤•à¤¤à¥€ à¤¹à¥ˆà¤‚ à¤•à¥à¤¯à¤¾', '2020-03-19 19:10:52', '91', 0, 0),
(79, 'Rohitkumar ', '9913933043', 'Diabetes can be cure or not', '2020-03-19 19:11:49', '91', 0, 0),
(80, 'GIRIJA SRINIVASAN', '9890713217', 'I travel almost 15 days a month. Will I be able to follow the processes of the programme.', '2020-03-19 19:13:40', '91', 0, 0),
(81, 'Yogesh Khadilkar', '9867301492', 'is body building allowed for diabetics', '2020-03-19 19:13:49', '91', 0, 0),
(82, 'Leela Shaju', '9388472487', 'I was diagnosed with diabetes in 2003 ...Hb1AC was 10.2...Insulin 90 units....In 2015,I underwent bariatric surgery...Am off insulin now but Hb1 Ac is 8.2 and I have been putting on weight ...I lost 40 kgs after the surgery and now in the last 5 years after my bariatric surgery ,I have gained 10 kgs. Can you help me?', '2020-03-19 19:14:46', '91', 0, 0),
(83, 'Hiral Gangani', '09099101144', 'Sir since 3 generation diabetesh is heriditory....fasting remains 182 and Hb1AC 8.5 since 15 years   . IS it reveraible if i follow what ever you tell ??age is 50 years', '2020-03-19 19:15:13', '91', 0, 0),
(84, 'Pushpalata Yande', '9987099071', 'It is buffering a lot, this session is recorded for later reference?', '2020-03-19 19:15:18', '91', 0, 0),
(85, 'Anuradha Kher', '8982021002', 'I am severe obese with hypothyroidism since 2012. I have irregular periods with very less blood flow since the onset. I dont have PCOD. I suffered from gestational diabetes in first pregnancy and recently diagnosed as prediabetic with 6.4 Hb1AC. My age is 37. I really need to reduce weight which I feel will resolve most of the problems.', '2020-03-19 19:15:19', '91', 0, 0),
(86, 'Anand Kumar Singh', '9532355555', 'Mai apna sugar kaise kam kar sakta hu ,mera wait 67 kg hai,pair me jalan rahta hai ,pair patla ho gaya acidity rahta hai mai kya karu', '2020-03-19 19:15:52', '91', 0, 0),
(87, 'Kavya', '9460928439', 'à¤Ÿà¤¾à¤ˆà¤ª à¤µà¤¨ , à¤¬à¤šà¥à¤šà¥‹à¤‚ à¤•à¥‡ à¤¬à¤¾à¤°à¥‡ à¤®à¥‡à¤‚ à¤œà¥à¤¯à¤¾à¤¦à¤¾ à¤œà¤¾à¤¨à¤•à¤¾à¤°à¥€ à¤¦à¥‡à¤µà¥‡à¤‚', '2020-03-19 19:16:51', '91', 0, 0),
(88, 'Sowmya Uday ', '7899912834', 'Is diabetes is reversible at any age', '2020-03-19 19:17:22', '91', 0, 0),
(89, 'Preethi katariya ', '7406695293', 'When we take medicine for diabetes where does the glucose go from blood', '2020-03-19 19:19:07', '91', 0, 0),
(90, 'S S Prasad', '7091686669', 'Fasting and PP mein min. 100 ka difference hits hai !', '2020-03-19 19:20:31', '91', 0, 0),
(91, 'Valerian deSouza', '9881245612', 'would eggs for breakfast be better than cereals?', '2020-03-19 19:20:57', '91', 0, 0),
(92, 'Abhisshek Jaywant', '09320326841', 'Is jowar roti a better substitute for wheat roti', '2020-03-19 19:21:41', '91', 0, 0),
(93, 'Hiral Gangani', '09099101144', 'Good evening sir...since 3 generation diabetesh and high blood presuree is hereditory...my age 50 years ...fasting reading of sugar 185  nd Hba1c 8.5..blood pressure remains at 150/90 ..for both disease medications since 7 years taking ..if I follow all u tell can it possible to become normal sugar ?.', '2020-03-19 19:23:32', '91', 0, 0),
(94, ' JAYANT', '9490168575', 'WHAT ABOUT BUTTER AND GHEE', '2020-03-19 19:27:45', '91', 0, 0),
(95, 'Deepak Parab', '7066531782', 'Curd and buttermilk is considered very good for health. Should these also be stopped?', '2020-03-19 19:28:06', '91', 0, 0),
(96, 'NILESH DUBEY', '9825041041', 'I  joined late by 20 minutes. can I listen it again', '2020-03-19 19:29:56', '91', 0, 0),
(97, 'Ashish Adeshara', '9825283525', 'Does Kangen Water helps in Diabetics ??', '2020-03-19 19:30:44', '91', 0, 0),
(98, 'Yasaswi Amit bhongade', '9637593675', 'Repeit 5 s formula', '2020-03-19 19:32:41', '91', 0, 0),
(99, 'Kavya', '9460928439', 'à¤µà¤¿à¤¡à¤¿à¤¯à¥‹ à¤¬à¥€à¤š à¤¬à¥€à¤š à¤®à¥‡à¤‚ à¤•à¤Ÿ à¤°à¤¹à¤¾ à¤¹à¥ˆ', '2020-03-19 19:32:42', '91', 0, 0),
(100, 'Sowmya Uday ', '7899912834', 'Do they have to take medicines when they are following you sir', '2020-03-19 19:33:56', '91', 0, 0),
(101, 'Balwant Singh Bhatia', '9418041334', 'I am diabetic since 2010 and 61 years in age.I am on medication Amaryl forte M2& M3 od & trajenta 5mg Meganeuron of plus, Roseday10 & telista AM . My wt is 87kg & No heart problem.Will be able lp lreverse my diabetes\r\nBalwant Singh Bhatia Chandigarh', '2020-03-19 19:40:24', '91', 0, 0),
(102, 'Sowmya Uday ', '7899912834', 'Sir  due network issues some information.   Can you please share the video if possible.', '2020-03-19 19:41:21', '91', 0, 0),
(103, 'Ramakanta Dutta', '9437075990', 'Sir i am advised to take insulin But now I want to give it up  So how will I  reduce my diabetes', '2020-03-19 19:42:15', '91', 0, 0),
(104, 'Yogesh Khadilkar', '9867301492', 'I generally walk for 1 hr. I want to continue this. I also do weights and body building. I want to continue this. What changes do i do in my exercise', '2020-03-19 19:44:56', '91', 0, 0),
(105, 'Tanvee', '08130655459', 'How do we know when to stop or decrease the medicine?', '2020-03-19 19:49:38', '91', 0, 0),
(106, 'Deepak', '9686434404', 'Is fasting for a day suggested for diabetic?', '2020-03-19 19:50:15', '91', 0, 0),
(107, 'Kavya', '9460928439', 'à¤µà¤¿à¤¡à¤¿à¤¯à¥‹ à¤¬à¤¾à¤° à¤•à¤Ÿ à¤¹à¥‹à¤¨à¥‡ à¤¸à¥‡ à¤ªà¥à¤°à¥€ à¤œà¤¾à¤¨à¤•à¤¾à¤°à¥€ à¤¨à¤¹à¥€à¤‚ à¤®à¤¿à¤² à¤°à¤¹à¥€ à¤¹à¥ˆà¤‚, à¤µà¤¾à¤Ÿà¥à¤¸à¤à¤ª à¤ªà¤° à¤ªà¥à¤°à¥‹à¤—à¥à¤°à¤¾à¤® à¤•à¥‡ à¤¬à¤¾à¤¦ à¤­à¥‡à¤œà¤¨à¤¾', '2020-03-19 19:50:16', '91', 0, 0),
(108, 'Lakshmi G', '9945466836', 'I have only thyroid please tell some exercise and diet also', '2020-03-19 19:50:37', '91', 0, 0),
(109, 'Tanvee', '08130655459', 'what are the side effects of metformin?', '2020-03-19 19:51:29', '91', 0, 0),
(110, 'Pannalal Ujjainwal', '9923286606', 'I joined just now missed almost 50 mins as the link was sent too late', '2020-03-19 19:51:45', '91', 0, 0),
(111, 'Kavya', '9460928439', 'à¤‰à¤®à¥à¤° 7à¤¸à¤¾à¤² à¤¹à¥ˆà¤‚, à¤‰à¤¸à¤•à¥‡ à¤¹à¤¿à¤¸à¤¾à¤¬ à¤¸à¥‡ à¤œà¤¾à¤¨à¤•à¤¾à¤°à¥€, à¤µà¤¾à¤Ÿà¥à¤¸à¤à¤ª à¤ªà¤° à¤ªà¥à¤°à¥‹à¤—à¥à¤°à¤¾à¤® à¤•à¥‡ à¤¬à¤¾à¤¦ à¤­à¥‡à¤œà¤¨à¤¾', '2020-03-19 19:51:46', '91', 0, 0),
(112, 'Adil Mistry', '9820320018', 'What are Best sources for Plant based proteins to get at least 80gms of protein / day, Thankyou Adil', '2020-03-19 19:51:52', '91', 0, 0),
(113, 'Adil Mistry', '9820320018', 'Taking Milk based Protein Powder currently, should that be stopped', '2020-03-19 19:52:23', '91', 0, 0),
(114, 'Chakradhar', '8121799575', 'Can we get pdf of above notes?', '2020-03-19 19:54:02', '91', 0, 0),
(115, 'Yogesh Khadilkar', '9867301492', 'is bajra bhakri allowed for breakfast', '2020-03-19 19:54:20', '91', 0, 0),
(116, 'Anuradha Kher', '8982021002', 'Can milk powder replace milk in tea?', '2020-03-19 19:57:55', '91', 0, 0),
(117, 'Pushpalata Yande', '9987099071', 'how diabetic affecting imbalance and giddiness?', '2020-03-19 19:57:56', '91', 0, 0),
(118, 'Tanvee', '08130655459', 'coconut is sweet so can we have coconut milk?', '2020-03-19 19:57:57', '91', 0, 0),
(119, 'Yogesh Khadilkar', '9867301492', 'my sugar was going above 250. i stopped milk completely. it now does not go beyond 180', '2020-03-19 19:57:58', '91', 0, 0),
(120, 'Pon Aananth ', '7200010023', 'When I try to cut Carbs in the morning and when my blood sugar drops for 100mg/dl , I used to develop headache and giddiness and find it it difficult to Manage.  Your suggestion pls', '2020-03-19 19:59:56', '91', 0, 0),
(121, 'Manoj Kumar', '9847531850', 'what about curd..even if you stop milk can we take curd?', '2020-03-19 20:01:33', '91', 0, 0),
(122, 'Manoj Kumar', '9847531850', 'i have  kidney stones, can i use the raw green leaf every day? for smoothie', '2020-03-19 20:03:15', '91', 0, 0),
(123, 'Mahesh Durga', '07382648546', 'Creatine is lo can we use the smoothie???', '2020-03-19 20:04:15', '91', 0, 0),
(124, 'Yogesh Khadilkar', '9867301492', 'i eat 12 soaked almonds every morning. I dont want to stop that practice', '2020-03-19 20:06:41', '91', 0, 0),
(125, 'Lakshmi G', '9945466836', 'Sir advise me what r test need to be done', '2020-03-19 20:06:52', '91', 0, 0),
(126, 'Priya Anand', '09840970223', 'Kerala red rice is it ok?', '2020-03-19 20:07:43', '91', 0, 0),
(127, 'Ushadevi', '9740529498', 'How about Millet rice', '2020-03-19 20:08:09', '91', 0, 0),
(128, 'keswani khushi g', '7499642220', 'mera link karane me 40 mlnt. tak nahi dekh paya', '2020-03-19 20:08:27', '91', 0, 0),
(129, 'Shoaib Ahmad ', '7903684228', 'Maize or corn ?', '2020-03-19 20:09:52', '91', 0, 0),
(130, 'Ushadevi', '9740529498', 'What about Millet rice', '2020-03-19 20:10:42', '91', 0, 0),
(131, 'Rajeshree', '8322534774', 'I really want if you can advise please for my diet', '2020-03-19 20:10:53', '1', 0, 0),
(132, 'Yogesh Khadilkar', '9867301492', 'who will adjust diabetes medicines during this phase. My current doctor is not ready to support any such program. what do i do.', '2020-03-19 20:11:13', '91', 0, 0),
(133, 'Pushpalata Yande', '9987099071', 'Fasting is recommended for lean diabetic person?', '2020-03-19 20:11:45', '91', 0, 0),
(134, 'Yogesh Khadilkar', '9867301492', 'will we go into hypoglycemia with this as tablets will also continue, right?', '2020-03-19 20:13:10', '91', 0, 0),
(135, 'Yogesh Khadilkar', '9867301492', 'I am already doing art of living sudarshan kriya and body building and 1 hr walk. I dont want to stop any of these.', '2020-03-19 20:16:15', '91', 0, 0),
(136, 'Kavya', '9460928439', 'à¤¨à¥‡à¤Ÿà¤µà¤°à¥à¤• à¤•à¥€ à¤¸à¤®à¤¸à¥à¤¯à¤¾ à¤¹à¥ˆ, à¤ªà¥à¤°à¤¾ à¤µà¤¿à¤¡à¤¿à¤¯à¥‹ à¤µà¤¾à¤Ÿà¥à¤¸à¤à¤ª à¤ªà¤° à¤¡à¤¾à¤²à¤¨à¤¾ à¤ªà¥à¤²à¥€à¤œ, à¤ªà¥à¤°à¥‹à¤—à¥à¤°à¤¾à¤® à¤¦à¥‡à¤– à¤¨à¤¹à¥€à¤‚ à¤ªà¤¾ à¤°à¤¹à¥‡ à¤¹à¥ˆà¤‚', '2020-03-19 20:16:32', '91', 0, 0),
(137, 'Harish', '9820819895', '1. I have been having 300-500 ml pepsi or cokd daily since 15 yr n sugar now diabetic. I quit colas. Will diabetes go? I cycle 709 km.a year and walk 300 km a year. Do not have much discipline for diet but can cycle 1000 km a year rough roads. Also a smoker', '2020-03-19 20:17:06', '91', 0, 0),
(138, 'Priya Anand', '09840970223', 'With knee issues how to climbup & down?', '2020-03-19 20:17:45', '91', 0, 0),
(139, 'Harish', '9820819895', 'Is costus plant good for sugar level reduction?', '2020-03-19 20:18:35', '91', 0, 0),
(140, 'swamy', '9535096436', 'after excise again if we feel hunger, what we have to do', '2020-03-19 20:19:06', '91', 0, 0),
(141, 'Anuradha Kher', '8982021002', 'It seems to be very difficult right now.', '2020-03-19 20:19:51', '91', 0, 0),
(142, 'Lakshmi G', '9945466836', 'Sir Same exercise and diet for thyroid also', '2020-03-19 20:19:54', '91', 0, 0),
(143, 'Harish', '9820819895', 'Does raw food reduce diabetes? Also very high insoluble fibre reduce it? Does neem leaf raw help?', '2020-03-19 20:20:09', '91', 0, 0),
(144, 'Yogesh Khadilkar', '9867301492', 'I am doing weights for last 1 year and want to continue while following this FFD process', '2020-03-19 20:20:57', '91', 0, 0),
(145, 'Shoaib Ahmad ', '7903684228', 'Pls. Booklet for entire instructions n suggestions', '2020-03-19 20:22:36', '91', 0, 0),
(146, 'Kavya', '9460928439', 'Video not sported', '2020-03-19 20:22:42', '91', 0, 0),
(147, 'Yogesh Khadilkar', '9867301492', 'stress kills. Dr Hegde says- its not what you eat kills you but what eats you kills you...', '2020-03-19 20:23:07', '91', 0, 0),
(148, 'Harshad Pathak', '4695567998', 'Is this session being recorded? Will I have access to the recording? There is a lot of important and useful information and it will be great to have access to see it again. Thanks.', '2020-03-19 20:24:01', '1', 0, 0),
(149, 'K L R Babu', '7506368998', 'When could we eat non-veg ?\r\nWhat variety of  non-veg  could we eat ?', '2020-03-19 20:24:33', '91', 0, 0),
(150, 'Harish', '9820819895', 'Is diabetes due to malfunction of pancreas ?', '2020-03-19 20:25:00', '91', 0, 0),
(151, 'Neeta Mundkur', '7350066266', 'can you  please tell us about quantity of oil to be used in the sabjis and dal per day.', '2020-03-19 20:25:52', '91', 0, 0),
(152, 'Harpiner kaur gill', '9920010755', 'my husband has undergone bypass surgery.....he is taking medicin for high blood pressure,sugar,blood thinner and for parkinsons.... can he be benifited with this program???', '2020-03-19 20:25:55', '91', 0, 0),
(153, 'PS', '992062882', 'HOW CAN WE JOIN THIS PROGRAMME. What are the charges?', '2020-03-19 20:26:19', '91', 0, 0),
(154, 'Kavya', '9460928439', 'à¤•à¥à¤› à¤­à¥€ à¤¨à¤¹à¥€à¤‚ à¤† à¤°à¤¹à¤¾ à¤¹à¥ˆ, à¤¨à¥‡à¤Ÿà¤µà¤°à¥à¤• à¤¸à¤®à¤¸à¥à¤¯à¤¾ à¤† à¤°à¤¹à¥€ à¤¹à¥ˆ', '2020-03-19 20:27:03', '91', 0, 0),
(155, 'Yogesh Khadilkar', '9867301492', 'I think what you said is easy to implement but my doctor is not supporting this. I wanted to do dixit diet but he did not support. I am taking same medicine doses (metformin)', '2020-03-19 20:27:25', '91', 0, 0),
(156, 'Jacob vinoth ', '0769351947', 'Is fat base diet(fat,protein.carbs(veg)) good for the insulin balance?', '2020-03-19 20:27:26', '46', 0, 0),
(157, 'Yogesh Khadilkar', '9867301492', 'I also take whey protein for body building', '2020-03-19 20:28:27', '91', 0, 0),
(158, 'Lakshmi G', '9945466836', 'Is thyroid also reversible', '2020-03-19 20:28:44', '91', 0, 0),
(159, 'gajanan pai', '9322275159', 'Doctor,  If i am doing the residential program , how do you teach us the Inner Transfortaion, Different levels of Excercises, Yogaasans etc at different times as per the schedule you mentioned now in different months? Gajanan Pai , Mumbai', '2020-03-19 20:29:29', '91', 0, 0),
(160, 'Bhartish Chandra Consul', '9831079119', 'Duevto signal problem, I was automatically logged out at 8.15 pm. Please advice', '2020-03-19 20:30:13', '91', 0, 0),
(161, 'Ashish Adeshara', '9825283525', 'My Hba1c has been reduced from 9.9 to 5.5 by exercise and medicine (In over 9 months period). I am taking 1 tablet everyday. Can I stop that ??', '2020-03-19 20:30:32', '91', 0, 0),
(162, 'Jignesh shah', '9510474404', 'My life valve has replaced before 11 years\r\nI am taking ward every day\r\nCan I do this diet program', '2020-03-19 20:32:04', '91', 0, 0),
(163, 'Hemanth kumar', '8019669286', 'Can we take protein powder for building muscle if we have diabetes', '2020-03-19 20:32:17', '91', 0, 0),
(164, 'HEM RAJ MAHAVAR ', '9994116348', 'GTT Paas karne ke baad bhi diet follow karna hai kya?', '2020-03-19 20:32:32', '91', 0, 0),
(165, 'Hemanth kumar', '8019669286', 'I am a diabetic and I am losing weight ...can I take protein powder for building muscle', '2020-03-19 20:32:58', '91', 0, 0),
(166, 'Nimisha Shah', '9088128768', 'how much is a katori? In ounces? Thank you\r\nwill you be medicine free for life', '2020-03-19 20:32:59', '1', 0, 0),
(167, 'Sanjay', '9441055208', 'Is this possible for type1', '2020-03-19 20:32:59', '91', 0, 0),
(168, 'Darshana', '9833205873', 'Beetroot daliya??', '2020-03-19 20:33:22', '91', 0, 0),
(169, 'Lakshmi Balaganesh', '9940678054', 'hi, i am diabetic for almost 22 years [ detected a17 yrs, now 39 yrs]. doctor informed its a MODY type.\r\ni am under medication - glycotmet tri 2/0.3   istamet 50/500\r\ncan i have the reversal treatment for such prolonged condition', '2020-03-19 20:34:24', '91', 0, 0),
(170, 'Kavya', '9460928439', '07 à¤¸à¤¾à¤² à¤‰à¤®à¥à¤° à¤¹à¥ˆ, à¤Ÿà¤¾à¤ˆà¤ª à¤µà¤¨ à¤¡à¤¾à¤‡à¤¬à¤¿à¤Ÿà¥€à¤œ à¤¹à¥ˆà¤‚, à¤‡à¤‚à¤¸à¥à¤²à¤¿à¤¨ à¤²à¤— à¤°à¤¹à¥‡à¤‚ à¤¹à¥ˆà¤‚, à¤‡à¤¸ à¤¬à¤¾à¤°à¥‡ à¤®à¥‡à¤‚ à¤¸à¤®à¤¸à¥à¤¤ à¤œà¤¾à¤¨à¤•à¤¾à¤°à¥€, à¤µà¤¾à¤Ÿà¥à¤¸à¤à¤ª à¤—à¥à¤°à¥à¤ª à¤ªà¤° à¤¡à¤¾à¤²à¤¨à¤¾,  à¤¸à¤° à¤¹à¤® à¤¨à¥‡à¤Ÿà¤µà¤°à¥à¤• à¤¸à¤®à¤¸à¥à¤¯à¤¾ à¤•à¥‡ à¤•à¤¾à¤°à¤£ à¤ªà¥à¤°à¥‹à¤—à¥à¤°à¤¾à¤® à¤¦à¥‡à¤– à¤¨à¤¹à¥€à¤‚ à¤ªà¤¾ à¤°à¤¹à¥‡à¤‚ à¤¹à¥ˆà¤‚', '2020-03-19 20:36:24', '91', 0, 0),
(171, 'Jacob vinoth ', '0769351947', 'What is best way to do high fat diet? My environment is different to India and I live in Sweden', '2020-03-19 20:36:33', '46', 0, 0),
(172, 'Shrenik Shah ', '9821123397', 'I am on Insulin and tablets. If I start this who will \r\nLook after the hypeoglasamia?', '2020-03-19 20:36:49', '91', 0, 0),
(173, 'Suman ', '9820972676', 'What if i enrol for t 1 year prog n am not able to attend t daily or monthly online sessions at your specified time?', '2020-03-19 20:38:00', '91', 0, 0),
(174, 'N Guruprasad', '9341949209', 'I am diabetic from 8 years. I have heart blocks 80%-3 and bypass is advised 4 years back. Can You guide if I can work with this.', '2020-03-19 20:38:22', '91', 0, 0),
(175, 'Yasaswi Amit bhongade', '9637593675', 'Please guide type 1 dibities', '2020-03-19 20:38:30', '91', 0, 0),
(176, 'Dr Tejas Dadhaniya', '9427955877', 'My nephew just detected with type 1 and started support with insulin for her I joined this course what should I do', '2020-03-19 20:38:39', '91', 0, 0),
(177, 'Parthkumar salunke', '7774066944', 'I always been away from home due to business tour so what can I used to instead of smoothy ?', '2020-03-19 20:38:50', '91', 0, 0),
(178, 'Shrenik Shah ', '9821123397', 'How can we listen to this conversation again', '2020-03-19 20:38:57', '91', 0, 0),
(179, 'Manish Kumar Saraf', '9333565544', 'Can anyone participate in the Diabetes Reversal? Is there any medical condition in diabetes after which someone cannot participate?', '2020-03-19 20:39:00', '91', 0, 0),
(180, 'Yogesh Khadilkar', '9867301492', 'what is the cost of this program', '2020-03-19 20:39:34', '91', 0, 0),
(181, 'Mahesh Dharmatti', '9028099225', 'Should we need to stop consultation with our existing Doctor', '2020-03-19 20:40:23', '91', 0, 0),
(182, 'K L R Babu', '07506368988', 'Missed  parts of presentation due to failure of link. How to hear this again ?', '2020-03-19 20:40:26', '91', 0, 0),
(183, 'Dr Madhu Krishan', '9962092985', 'Name : Dr. Madhu Krishan , I am Liver Transplant patient . Got my Liver  Transplant done in the Year 2015 October  & after that I became Diabetic Insulin dependent  . Need your help,. My phone No is 9962092985 & email id is madhujesus@hotmail.com, Whats app Number s +44 7552 452 989 . Kindly help . I need your help & mentor', '2020-03-19 20:40:36', '91', 0, 0),
(184, 'Manish Kumar Saraf', '9333565544', 'Should children also not be given milk or milk products?', '2020-03-19 20:41:18', '91', 0, 0),
(185, 'M P Keshava', '9920845116', 'I was on prednisolone from 1998 to 2009. In March 2009 I lost my wife and in October 2009 I underwent colectomy. At that time, my sugars had gone up and I was on medication and came off it subsequently. But after this, my exercise generally came down and sedentary work increased. From past 3 years, every annual check up, the sugars are FBS - around 130-150, PPBS - 170-270. About 2 years ago I had Hba1c 6.5. Is there a possibility of reversal?', '2020-03-19 20:41:38', '91', 0, 0),
(186, 'Anand Kumar Singh', '9532355555', 'How can I start', '2020-03-19 20:42:08', '91', 0, 0),
(187, 'Yogesh Khadilkar', '9867301492', 'Trust your team is as good as you are.', '2020-03-19 20:42:29', '91', 0, 0),
(188, 'M P Keshava', '9920845116', 'I decided to stop grains altogether and do only with pulses and legumes. I am comfortable with it. Is that OK?', '2020-03-19 20:43:22', '91', 0, 0),
(189, 'Manish Kumar Saraf', '9333565544', 'Can anyone join anytime during the year if they do not join today', '2020-03-19 20:44:00', '91', 0, 0),
(190, 'Mukesh', '8239827875', 'Sir you are not taking about type 1', '2020-03-19 20:44:28', '91', 0, 0),
(191, 'Yogesh Khadilkar', '9867301492', 'I have many questions. want to chat with you before enrolling for this program', '2020-03-19 20:44:32', '91', 0, 0),
(192, 'Shahnawaz alam', '7903666938', 'What to do if you know glucose found hi just 4 days agao', '2020-03-19 20:44:34', '91', 0, 0),
(193, 'Mahesh Dharmatti', '9028099225', 'My relative is on Insulin for last 15 years . Can she will also get benefited by this program', '2020-03-19 20:44:37', '91', 0, 0),
(194, 'Mukesh', '8239827875', 'I am type 1 patient but you takling about type 2 as i understand', '2020-03-19 20:45:30', '91', 0, 0),
(195, 'Shahnawaz alam', '7903666938', 'You have mentor in Saudi Arabia', '2020-03-19 20:45:31', '91', 0, 0),
(196, 'Kavya', '9460928439', 'à¤¡à¤¾à¤‡à¤¬à¤¿à¤Ÿà¥€à¤œ à¤®à¥‡à¤°à¥‡ à¤¹à¥ˆà¤‚, à¤œà¤¨à¥à¤® à¤²à¥‡à¤¨à¥‡ à¤µà¤¾à¤²à¥‡ à¤¬à¤šà¥à¤šà¥‹à¤‚ à¤®à¥‡à¤‚ à¤¹à¥‹à¤¨à¥‡ à¤•à¥‡ à¤•à¤¿à¤¤à¤¨à¥‡ à¤ªà¥à¤°à¤¤à¤¿à¤¶à¤¤ à¤šà¤¾à¤‚à¤¸ à¤¹à¥ˆà¤‚', '2020-03-19 20:45:37', '91', 0, 0),
(197, 'Priya', '9818866184', 'I am not dibetic. I am with Hypothyroid. \r\nWill it get cured ? Do I have to follow the same diet as diabetic ?', '2020-03-19 20:46:09', '91', 0, 0),
(198, 'Yogesh Khadilkar', '9867301492', 'I am ok to enroll but i have some questions which have to be answered before i pay', '2020-03-19 20:46:10', '91', 0, 0),
(199, 'Manish Kumar Saraf', '9333565544', 'Can payment be made one time or on monthly basis?', '2020-03-19 20:46:18', '91', 0, 0),
(200, 'Yogesh Khadilkar', '9867301492', 'do you have a monthly payment option or emi option', '2020-03-19 20:46:35', '91', 0, 0),
(201, 'Sripriya Venkataraman', '9994055055', 'It was a very informative session doctor,thank you so much.I feel motivated and willing to work  towards the goal of freedom from diabetes.I would like to know if there are specific exercises for lymphodema', '2020-03-19 20:47:10', '91', 0, 0),
(202, 'Kavya', '9460928439', 'à¤¬à¤šà¥à¤šà¥‹à¤‚ à¤•à¥€ à¤¡à¤¾à¤‡à¤¬à¤¿à¤Ÿà¥€à¤œ à¤•à¤¾ à¤­à¤µà¤¿à¤·à¥à¤¯ à¤®à¥‡à¤‚ à¤•à¥‹à¤ˆ à¤¸à¥à¤¥à¤¾à¤ˆ à¤‡à¤²à¤¾à¤œ à¤¹à¥‹ à¤¸à¤•à¤¤à¤¾ à¤¹à¥ˆ à¤•à¥à¤¯à¤¾', '2020-03-19 20:47:36', '91', 0, 0),
(203, 'Samir Patel', '9825057792', 'how much is normal max sugar level to be non diabetic', '2020-03-19 20:47:43', '91', 0, 0),
(204, 'Geetha R Bhat', '9449860185', 'Whether we can occasionally attend thefunctions with outside food without sweets.', '2020-03-19 20:47:50', '91', 0, 0),
(205, 'amol rode', '9130054855', 'afternoon sleep is good or bad for diabetic petiont', '2020-03-19 20:48:31', '91', 0, 0),
(206, 'Chandrakant', '9958444295', 'I got the log in details late , will I get a second chance or can I get a ppt or write up', '2020-03-19 20:48:34', '91', 0, 0),
(207, 'Kavya', '9460928439', 'à¤ªà¥‡à¤¨à¥à¤•à¥à¤°à¤¿à¤¯à¤¾à¤œ à¤¸à¤•à¥à¤°à¤¿à¤¯ à¤¹à¥‹ à¤¸à¤•à¤¤à¥€ à¤¹à¥ˆ à¤•à¥à¤¯à¤¾', '2020-03-19 20:48:36', '91', 0, 0),
(208, 'Yogesh Khadilkar', '9867301492', 'can i pay on monthly basis', '2020-03-19 20:49:18', '91', 0, 0),
(209, 'Kavya', '9460928439', 'à¤•à¥‹à¤ˆ à¤•à¥ˆà¤®à¥‹ à¤¥à¥‡à¤°à¤¿à¤ªà¥€ à¤¹à¥ˆà¤‚ à¤¯à¤¾ à¤¨à¤¹à¥€à¤‚', '2020-03-19 20:49:25', '91', 0, 0),
(210, 'Unnikrishnan S', '9540265445', 'is bitter gourd juice good to take in the morning?', '2020-03-19 20:50:09', '91', 0, 0),
(211, 'Kavya', '9460928439', 'à¤•à¤­à¥€ à¤•à¤­à¤¾à¤° à¤¤à¥à¤¯à¥Œà¤¹à¤¾à¤°à¥‹à¤‚ à¤µ à¤¶à¤¾à¤¦à¥€ à¤®à¥‡à¤‚ à¤®à¤¿à¤ à¤¾à¤ˆ à¤–à¤¾à¤¨à¥‡ à¤ªà¤° à¤•à¤°à¤¤à¤¾ à¤•à¤°à¤¨à¤¾ à¤¹à¥ˆ', '2020-03-19 20:50:39', '91', 0, 0),
(212, 'PS', '992062882', 'why milk should be avoided', '2020-03-19 20:50:46', '91', 0, 0),
(213, 'gajanan pai', '9322275159', 'Doctor, As I and my wife have already registered for Residential Program, we will be followed up like in this year long program? Gajanan Pai, Mumbai', '2020-03-19 20:50:46', '91', 0, 0),
(214, 'G.S.Rao', '9491680970', 'Ni', '2020-03-19 20:51:21', '91', 0, 0),
(215, 'Mahesh Dharmatti', '9028099225', 'is this fees of 30000 inckudes all medical tests & doctor fees of FFD', '2020-03-19 20:51:21', '91', 0, 0),
(216, 'Unnikrishnan S', '9540265445', 'if we join, the entire fee has to be paid in the beginning or is there any eMI option?', '2020-03-19 20:51:31', '91', 0, 0),
(217, 'Kavya', '9460928439', '05 à¤®à¤¾à¤¹ à¤¸à¥‡ à¤ªà¤¤à¤¾ à¤šà¤²à¤¾ à¤¹à¥ˆ, à¤®à¤§à¥à¤®à¥‡à¤¹ à¤•à¤°à¥à¤®à¥‹à¤‚ à¤¹à¥à¤† à¤¹à¥ˆ', '2020-03-19 20:51:49', '91', 0, 0),
(218, 'Samir Patel', '9825057792', 'can  fruits increase sugar', '2020-03-19 20:52:01', '91', 0, 0),
(219, 'Nimisha Shah', '9088128768', 'I did my blood work a month ago can I just send you that', '2020-03-19 20:52:53', '1', 0, 0),
(220, 'Anand Kumar Singh', '9532355555', 'Kya paisa ek sath hi jama karna hoga', '2020-03-19 20:53:06', '91', 0, 0),
(221, 'Sanjay', '9441055208', 'What is the success rate of type1', '2020-03-19 20:53:16', '91', 0, 0),
(222, 'Rajalakshmi', '9845362142', 'Pranams Doctor, I have been consuming green smoothie from past 10 days, prepared as per your recipe.  I get a bloating sensation in the stomach by evening.  Any particular reason for it.', '2020-03-19 20:53:39', '91', 0, 0),
(223, 'Nimisha Shah', '9088128768', 'what is the whatsapp group number?', '2020-03-19 20:53:51', '1', 0, 0),
(224, 'Nirav Shah', '9870837970', 'What role does heredity have?', '2020-03-19 20:54:06', '91', 0, 0),
(225, 'Deepak', '9686434404', 'How many batches a year?', '2020-03-19 20:54:09', '91', 0, 0),
(226, 'Ashish Ranjan ', '9893101046', 'We take 2 peg of liquor every day.  How we can manage it?', '2020-03-19 20:54:10', '91', 0, 0),
(227, 'Niranjan', '9867264942', '100 percent reversal is  not assured, them I can be assured that it will be reversed in my case.', '2020-03-19 20:54:17', '91', 0, 0),
(228, 'Nayan', '9909011276', 'What is the time of smoothi at evening', '2020-03-19 20:54:23', '91', 0, 0),
(229, 'Rima Khandekar', '9967621400', 'I am not diebetic, my goal is fat loss. If I am planning pregnancy, will the program handle that case too?', '2020-03-19 20:54:25', '91', 0, 0),
(230, 'Shilpa Varadharajan', '9177019498', 'I have been doing IF on and off for 3 years. I am not used to breakfast. Can I skip it and just drink smoothie?\r\n-Shilpa\r\nDiabetic Since: 2007\r\nDT2', '2020-03-19 20:54:26', '91', 0, 0),
(231, 'Haseen Taj', '9945701415', 'Is the fee of 30000 rupees 1 time payment. or can we pay in installment ?', '2020-03-19 20:54:27', '91', 0, 0),
(232, 'Meghana Patil', '8888899123', 'Does Diabetes cause hair loss', '2020-03-19 20:54:29', '91', 0, 0),
(233, 'YUVARAJ A S ', '7708929491', 'i am a post kidney transplant patient for a period of 6 years and i am diabetic for past 2 years. i am under immuno suppresants should i take this program??', '2020-03-19 20:54:29', '91', 0, 0),
(234, 'HI This is Vishal, Email : vishal.swami@gmail.com', '9900038024', 'That was a really inspiring session, I have few questions : \r\n1. I was told that my diabetes is hereditary (both my parents are and grandparents (paternal and maternal side) were diabetic), will this program still benefit me ?', '2020-03-19 20:54:35', '91', 0, 0),
(235, 'Pravin Naik', '8007925777', 'If diabetes is due pancreatitis it is reversed', '2020-03-19 20:54:36', '91', 0, 0),
(236, 'Rajeshree', '8322534774', 'Very nice information. Thank you very much', '2020-03-19 20:54:36', '1', 0, 0),
(237, 'Shobha K', '09833260257', 'If i take ffd program for one year n be free..how long will i be free from diabetes.', '2020-03-19 20:54:37', '91', 0, 0),
(238, 'HI This is Vishal, Email : vishal.swami@gmail.com', '9900038024', '2. I travel a lot and how feasible it is to stick to this diet, in case of any emergency do we have any alternate diet that can be readily available in market ?\r\n3. I donâ€™t have too much weight, but yes belly fat is more, also diagnosed with kidney stone , is it still recommended to go ahead with smoothie like diet  ?', '2020-03-19 20:54:41', '91', 0, 0),
(239, 'Prachi Mor', '9423681041', 'can we take ghee and milk from desi cow ?', '2020-03-19 20:54:45', '91', 0, 0),
(240, 'Kavya', '9460928439', 'à¤¶à¥à¤—à¤° à¤²à¥‡à¤µà¤² à¤•à¤® à¤œà¥à¤¯à¤¾à¤¦à¤¾ à¤•à¥à¤¯à¥‹ à¤¹à¥‹à¤¤à¥€ à¤°à¤¹à¤¾ à¤¹à¥ˆ, à¤¡à¤¾à¤‡à¤Ÿ à¤ªà¥à¤²à¤¾à¤¨ à¤•à¥‡ à¤…à¤¨à¥à¤¸à¤¾à¤° à¤–à¤¾à¤¨à¤¾ à¤–à¤¾ à¤°à¤¹à¥‡ à¤¹à¥ˆà¤‚, à¤¸à¤®à¤¯ à¤ªà¤° à¤‡à¤‚à¤¸à¥à¤²à¤¿à¤¨ à¤²à¥‡ à¤°à¤¹à¥‡ à¤¹à¥ˆà¤‚', '2020-03-19 20:54:47', '91', 0, 0),
(241, 'Raman Mehra', '7696546370', 'I have diabetics from last 8 year, my age is 39, will it help to revers..', '2020-03-19 20:54:48', '91', 0, 0),
(242, 'Binod', '09431992338', 'Please provide Whatshapps No', '2020-03-19 20:54:49', '91', 0, 0),
(243, 'aditi verma ', '9501902000', 'I will be off to college after June. How can I continue then?', '2020-03-19 20:54:49', '91', 0, 0),
(244, 'Jyotsna Dsouza', '9819831406', 'Can we add salt in the smoothie if we are having BP', '2020-03-19 20:54:54', '91', 0, 0),
(245, 'Prakash Somani', '9880081043', 'So what about the long term diet?> Are we going to have said diet for ever?', '2020-03-19 20:54:56', '91', 0, 0),
(246, 'Shahnawaz alam', '7903666938', 'WhatsApp group please', '2020-03-19 20:54:57', '91', 0, 0),
(247, 'RAKESH RANJAN TRIPATHI', '9370502915', 'sir our fasting sugar 78 and three month average is 6 what i do', '2020-03-19 20:54:57', '91', 0, 0),
(248, 'Nishant Bansal', '09371021850', 'thank you for your webinar sir. whats your opinion on higher protein and good fat content in major meals and also on soy?', '2020-03-19 20:55:08', '91', 0, 0),
(249, 'JAIRAM RAJU ', '9900094686', 'List of tests will be emailed?', '2020-03-19 20:55:09', '91', 0, 0),
(250, 'Amandeep Singh Sachdeva', '9815138956', 'why not to consume methi in smoothie', '2020-03-19 20:55:13', '91', 0, 0),
(251, 'Pravin Naik', '8007925777', 'What Evening snacks can take', '2020-03-19 20:55:20', '91', 0, 0),
(252, 'Shefali', '92776200', 'I think I can do the health check only after 2 weeks here in Singapore. Would that be okay?', '2020-03-19 20:55:21', '65', 0, 0),
(253, 'Dr Tejas Dadhaniya', '9427955877', 'My nephew found with Juvenal  diabetes is it help full for that', '2020-03-19 20:55:22', '91', 0, 0),
(254, 'Dr. veda Patil ', '9823096926', 'Do we have to skip all themilk products o r only milk', '2020-03-19 20:55:23', '91', 0, 0),
(255, 'Dr Tejas Dadhaniya', '9427955877', 'My nephew found with Juvenal  diabetes is it help full for that', '2020-03-19 20:55:23', '91', 0, 0),
(256, 'Tharakesh Guptha', '9880173330', 'I am really convinced by your method, because the way you are explaining suggests the depth of understanding on the diabetes. \r\nI just have one question, do you have any EMI options?', '2020-03-19 20:55:27', '91', 0, 0),
(257, 'Hoshang Vajifdar', '9821089438', 'Will you be able to include non veg food in the overall diet?', '2020-03-19 20:55:49', '91', 0, 0),
(258, 'Nayan', '9909011276', 'Juice menu in phase 2', '2020-03-19 20:55:49', '91', 0, 0),
(259, 'Nishant Bansal', '09371021850', 'dear sir, how do we know with progress that its right time to stop the medication?', '2020-03-19 20:55:52', '91', 0, 0),
(260, 'srinivas', '9986386228', 'i am not a diabetic but i am having piles and constipation and varicose veins shall i take this diet', '2020-03-19 20:56:00', '91', 0, 0),
(261, 'Sucheta  Kulkarni', '09742690459', 'GREAT JOB  DR. HEARTY CONGRATULATE U 1ST....NOW school  holidays  r there so is it in Month of JUNE IN MARATHI', '2020-03-19 20:56:03', '91', 0, 0),
(262, 'Nitin Hule', '9870665068', 'I had angioplasty in December. I have follow up with Doctor on 8th April. Can I start FFD program ?.', '2020-03-19 20:56:07', '91', 0, 0),
(263, 'JP Shahal', '8652477712', 'I have acid reflux and the doctor has advised not to eat raw. So in this case what should I do?', '2020-03-19 20:56:08', '91', 0, 0),
(264, 'Poonam Verma', '9930092173', 'My mother is diabetic since 25 years but now dementia/OCD. Will she be able to take up the program', '2020-03-19 20:56:12', '91', 0, 0),
(265, 'ATUL BHOPE', '9821361440', 'I JOINED  LATE CAN I GET THE RECORDING OF THE TODAYS SESSION', '2020-03-19 20:56:13', '91', 0, 0),
(266, 'Shantha', '09199001173', 'I did not follow the diet  it is too fast to follow', '2020-03-19 20:56:14', '91', 0, 0),
(267, 'Raman Mehra', '7696546370', 'will we get all details like breakfast/lunch/dineer after registration', '2020-03-19 20:56:14', '91', 0, 0),
(268, 'Venkatesh ', '8172850900', 'Thanks a lot for your great work. I am trusting you more than my confidence on the reversal.  I am interested in joining.', '2020-03-19 20:56:22', '91', 0, 0),
(269, 'janhavi', '6144996564', 'i live in usa, so i cant say how long will it take to do the test. will it be ok ?', '2020-03-19 20:56:25', '1', 0, 0),
(270, 'Violet Dcosta', '09821440228', 'how does one reduce the fasting sugar levels ?', '2020-03-19 20:56:25', '91', 0, 0),
(271, 'RAKESH RANJAN TRIPATHI', '9370502915', 'sir age 49 fasting sugar 78 three month average 6 what i do', '2020-03-19 20:56:25', '91', 0, 0),
(272, 'Nayan', '9909011276', 'Please send this vdo', '2020-03-19 20:56:40', '91', 0, 0),
(273, 'Ram Dhan Bunkar', '07568553009', 'i am insulin dependent from last 20 years.can i benefitted.', '2020-03-19 20:56:41', '91', 0, 0),
(274, 'Ram Dhan Bunkar', '07568553009', 'i am insulin dependent from last 20 years.can i benefitted.', '2020-03-19 20:56:42', '91', 0, 0),
(275, 'Ram Dhan Bunkar', '07568553009', 'i am insulin dependent from last 20 years.can i benefitted.', '2020-03-19 20:56:42', '91', 0, 0),
(276, 'Ram Dhan Bunkar', '07568553009', 'i am insulin dependent from last 20 years.can i benefitted.', '2020-03-19 20:56:42', '91', 0, 0),
(277, 'Ram Dhan Bunkar', '07568553009', 'i am insulin dependent from last 20 years.can i benefitted.', '2020-03-19 20:56:42', '91', 0, 0),
(278, 'Ram Dhan Bunkar', '07568553009', 'i am insulin dependent from last 20 years.can i benefitted.', '2020-03-19 20:56:42', '91', 0, 0),
(279, 'Ram Dhan Bunkar', '07568553009', 'i am insulin dependent from last 20 years.can i benefitted.', '2020-03-19 20:56:42', '91', 0, 0),
(280, 'Ram Dhan Bunkar', '07568553009', 'i am insulin dependent from last 20 years.can i benefitted.', '2020-03-19 20:56:42', '91', 0, 0),
(281, 'Meghana Patil', '8888899123', 'instead of chair suryanamaskar normal suryanamskar will help?', '2020-03-19 20:56:42', '91', 0, 0),
(282, 'Kalidoss', '9962078965', '20 years I am under medication.\r\nAge 75.  I am hopeful of reversing the diabetes,\r\nfollowing your guidelines.', '2020-03-19 20:56:47', '91', 0, 0),
(283, 'TUHIN JANA', '9733820831', 'Hi , this Tuhin at west bengal , age 39 . my  HBA1C NOW 5.8 BUT INSULIN Resistance 8.9 . I Use metformin 250. I close the medicine', '2020-03-19 20:56:53', '91', 0, 0),
(284, 'Natwer das', '8978143747', 'Can diabetes reversal happen for 70 yr old with angioplasty and stent history and having diabetes from 20yrs', '2020-03-19 20:56:53', '91', 0, 0),
(285, 'Raman Mehra', '7696546370', 'still not get any message 7696546370', '2020-03-19 20:56:56', '91', 0, 0),
(286, 'skand', '9990476919', 'What to use instead of Dark Greens for 60 yr old diabetic woman with Kidney Stone & Joint Pain Issues? (Alternate vegetable should be available in Bangalore). Thanks :)', '2020-03-19 20:57:06', '91', 0, 0),
(287, 'amol rode', '9130054855', 'afternoon slip is good or bad', '2020-03-19 20:57:08', '91', 0, 0),
(288, 'Sripriya Venkataraman', '9994055055', 'Could you please repeat major and minor greens ? thank you', '2020-03-19 20:57:13', '91', 0, 0),
(289, 'Dr. veda Patil ', '9823096926', 'Exercise after food should be done after how much time', '2020-03-19 20:57:15', '91', 0, 0),
(290, 'Nayan', '9909011276', 'Please publish a book about diet', '2020-03-19 20:57:15', '91', 0, 0),
(291, 'Nitin Hule', '9870665068', 'Why Methi leaves is not used in smoothi ?', '2020-03-19 20:57:15', '91', 0, 0),
(292, 'MURTHY K V S', '9980406884', 'Iâ€™m 86 yr old Iâ€™m diabetic for 33yrs Iâ€™m on insulin for past 9yrs Iâ€™m kidney patient stage 1 whether I can join this program ? I have knee problem', '2020-03-19 20:57:19', '91', 0, 0),
(293, 'Mukesh', '8740980185', 'Sir mere type 1 h to reversal ho skta h', '2020-03-19 20:57:19', '91', 0, 0),
(294, 'Lakshmi Mohan', '9789522759', 'Can we drink Soya milk?\r\nShould we need to filter the smoothie\r\nCan we use moringa in smoothie\r\nWill stress eating be reduced?\r\nHairfall problem will be addressed\r\nMy bladder is weak\r\nCan we eat outside\r\nIn business n travel a lot, how to handle food?\r\nHow to fight laziness?\r\nI have diabetes, thyroid & pcos will be addressed', '2020-03-19 20:57:28', '91', 0, 0),
(295, 'swamy', '9535096436', 'You have told after dinner we have to do steps for 1 hours, but after steps again we feel hungry what to do in that case', '2020-03-19 20:57:28', '91', 0, 0),
(296, 'Raju Bhoite', '9890038255', 'I am not diabetic. But I want to avoid diebatic in future. How your program can help me?????', '2020-03-19 20:57:32', '91', 0, 0),
(297, 'susamma saldanha', '09923452423', 'After one year diabetes will never occur again?', '2020-03-19 20:57:32', '91', 0, 0),
(298, 'Bharat Chaudhary', '9099029418', 'Apo protein test???', '2020-03-19 20:57:33', '91', 0, 0),
(299, 'NAMDEO karemore', '9822703734', 'Hi, Sir,  Is  the  natural Cannabis medicine  if already taking by the patient  will such patient can join this program.  ?', '2020-03-19 20:57:38', '91', 0, 0),
(300, 'Ravi Kumar', '9234511396', 'can i submit my mdical report of last year. I am type 2 since 2006. Ravi', '2020-03-19 20:57:52', '91', 0, 0),
(301, 'Sneha Samant', '9967671510', 'Ha e aleadyvtried smoothly as mu mother is associated with FFD. when I tried I experienced blotting. Very heavy.  Any alternative?', '2020-03-19 20:57:56', '98', 0, 0),
(302, 'Karthikeyan ', '4087484086', 'In US if we need to get our blood tested lab technician needs doctors prescription', '2020-03-19 20:58:02', '1', 0, 0),
(303, 'ROZINA ', '9765065066', 'I AM DIABETIC LAST 10 YEARS ,I AM TAKING AYURVEDIC MEDICINE', '2020-03-19 20:58:03', '91', 0, 0),
(304, 'Sushil Mantri', '9331101121', 'Are eggs advisable for diabetics', '2020-03-19 20:58:07', '91', 0, 0),
(305, 'Ram Dhan Bunkar', '07568553009', 'whether side effects so far occured be reversed.', '2020-03-19 20:58:15', '91', 0, 0),
(306, 'Ram Dhan Bunkar', '07568553009', 'whether side effects so far occured be reversed.', '2020-03-19 20:58:15', '91', 0, 0),
(307, 'Ram Dhan Bunkar', '07568553009', 'whether side effects so far occured be reversed.', '2020-03-19 20:58:15', '91', 0, 0),
(308, 'tamanna sharma', '565047904', 'pls add me on the whatsapp group', '2020-03-19 20:58:18', '971', 0, 0),
(309, 'vishnuvardhan', '9840867791', 'i have been having frequent kidney stones. But my Hb1c I s6.2 . My doctor told it can it be because of sugar .', '2020-03-19 20:58:21', '91', 0, 0),
(310, 'Binod', '09431992338', 'Please provide A/c No with IFSC code for remitting og fee', '2020-03-19 20:58:22', '91', 0, 0);
INSERT INTO `tbl_questions` (`id`, `user_name`, `user_phone`, `user_question`, `asked_at`, `user_code`, `speaker`, `answered`) VALUES
(311, 'Dr M P mishra', '9839400788', 'I AM suffering type 2diabetes from 30year 100unit insulÃ¬n Äaily plus oh a fad help me', '2020-03-19 20:58:24', '91', 0, 0),
(312, 'YP RAO', '9818815084', 'what is the substitute for smoothie in cases of kidney patients', '2020-03-19 20:58:25', '91', 0, 0),
(313, 'Valerian deSouza', '9881245612', 'are egg white omlettes an acceptable option for breakfast', '2020-03-19 20:58:29', '91', 0, 0),
(314, 'M P Keshava', '9920845116', 'Is Orange increasing sugar?', '2020-03-19 20:58:30', '91', 0, 0),
(315, 'AJAY AGRAWAL', '9958988002', 'can herbs like paneer dhodha help in reducing sugar', '2020-03-19 20:58:38', '91', 0, 0),
(316, 'ROZINA ', '9765065066', 'CAN I CONTINU AYURVEDIC MEDICINE', '2020-03-19 20:58:41', '91', 0, 0),
(317, 'Nimisha Shah', '9088128768', 'I have been following the smoothie for 5 months and have brought the HbAIC from 7 to 6.5  Also doing nitric oxide exercises It has helped', '2020-03-19 20:58:50', '1', 0, 0),
(318, 'Archana', '716-213-7024', 'Please add me to Whatsapp group', '2020-03-19 20:58:53', '1', 0, 0),
(319, 'Yash Anand', '07738355687', 'Should non veg item also avoided?', '2020-03-19 20:58:53', '91', 0, 0),
(320, 'Mukesh', '8740980185', 'Type 1 me insuline injection bnd ho skta h kya', '2020-03-19 20:58:58', '91', 0, 0),
(321, 'Saikat Pandit', '9980699772', 'Is Glucometer required at home', '2020-03-19 20:59:01', '91', 0, 0),
(322, 'Rajul Mehta', '9822027832', 'how to join online?', '2020-03-19 20:59:01', '91', 0, 0),
(323, 'skand', '9990476919', 'Should we continue with Apple Cider Vinegar before meals?', '2020-03-19 20:59:04', '91', 0, 0),
(324, 'P V RAMA GOPAL', '9849382807', 'Is mentulu powder good for diabetes', '2020-03-19 20:59:08', '91', 0, 0),
(325, 'Santanu Saikia', '9707581511', 'I have pacemaker. Can I join. Will it affect my pacemaker?', '2020-03-19 20:59:15', '91', 0, 0),
(326, 'Suman ', '9820972676', 'I suffer from neuropathy in my legs n lot of back ache n so always low on energy to exercise, how do i solve this?', '2020-03-19 20:59:17', '91', 0, 0),
(327, 'Jagannathan R', '8825456106', 'I have creatinine level 1.04 and uric acid 6.3, urine creatinine 28.1, microalbumin 1.0, microalbumin/creatine ratio 4 but the taken labs range says is well within range and normal ( max range for creatinine 1.3 and uric acid 7.2 as per lab which is NABL certified), in that case should I take kidney and uric acid related tablet to reduce both or can I follow the diet plan? Pls answer.\r\n\r\nAlso my amylase level 135.2 and lipase 26.1, is it normal? Pls help sir.', '2020-03-19 20:59:22', '91', 0, 0),
(328, 'Satyanarayan Bhat', '4439397685', 'I am taking 112 mg of levothyroxine. Is there limitation to use smoothie? Creatinine levels are around 1.2. What is your advise.', '2020-03-19 20:59:23', '1', 0, 0),
(329, 'aditi verma ', '9501902000', 'Are there periods of breaks in between the programme itself', '2020-03-19 20:59:45', '91', 0, 0),
(330, 'Vinod Kumar Konne', '9553483562', 'When I get more hunger', '2020-03-19 20:59:48', '91', 0, 0),
(331, 'Vadla Baskara Chary', '9989340562', 'i am having the diabatic problem for 22 years, having diabetic retinopathy - left eye have bleeding and bee operated, right eye is having swelling and cataract. so the doctor advised to go for operation in right eye for cataract along with injection in the month of March. Please advise on this situation.', '2020-03-19 20:59:52', '91', 0, 0),
(332, 'L madhusudhanarao', '9347508300', 'I am madhu from Hyderabad I suffering from diabetes last 10 years some time its low some time high due to sress', '2020-03-19 20:59:54', '91', 0, 0),
(333, 'Jai Kankaria', '8949672383', 'Mithaiyon mein to kaafi ghee hota he, to wese kese khayenge ?', '2020-03-19 21:00:00', '91', 0, 0),
(334, 'Siva Kumar', '9164750063', 'I am diabetic since 5 years.. I am suffering with heart palpitations since 5 months. I have consulted Cardiologist,, They advised metoprolol 25.. It seems some better and I have consulted Physcologist and I am in medication. Daxid 50, Migrabeta 20 and Ativan 1gm.. I am not able to understand my health situation currently. My Lipid profile is little low and Sugar levels 150 - Pasting and 200 - PP.. Please help...', '2020-03-19 21:00:08', '91', 0, 0),
(335, 'Mukesh', '8740980185', 'Is Î² cells will able to secrate insuline again', '2020-03-19 21:00:09', '91', 0, 0),
(336, 'vishnuvardhan', '9840867791', 'Is microalbumanaria  bacause of Bp or Diabetes. what is the correct bp value for 39 year old', '2020-03-19 21:00:12', '91', 0, 0),
(337, 'tamanna sharma', '565047904', 'can we deposit the money first week of april plss', '2020-03-19 21:00:14', '971', 0, 0),
(338, 'Andal', '9603888456', 'Leafy vegetables are full of pesticides sprayed on them how do i use them', '2020-03-19 21:00:14', '91', 0, 0),
(339, 'P V RAMA GOPAL', '9849382807', 'is fenugreek powder good for diabetes', '2020-03-19 21:00:14', '91', 0, 0),
(340, 'Kavya', '9460928439', 'à¤¨à¥‡à¤Ÿà¤µà¤°à¥à¤• à¤•à¥€ à¤¸à¤®à¤¸à¥à¤¯à¤¾ à¤•à¥‡ à¤•à¤¾à¤°à¤£ à¤ªà¥à¤°à¥‹à¤—à¥à¤°à¤¾à¤® à¤¨à¤¹à¥€à¤‚ à¤¦à¥‡à¤– à¤¸à¤•à¥‡, à¤ªà¥à¤°à¤¾ à¤µà¤¿à¤¡à¤¿à¤¯à¥‹ à¤ˆà¤®à¥‡à¤² à¤ªà¤° à¤­à¥‡à¤œà¤¨à¤¾ à¤ªà¥à¤²à¥€à¤œà¤¼', '2020-03-19 21:00:14', '91', 0, 0),
(341, 'suresh Gonuguntla', '7337502872', 'Sir..can we drink green tea or black coffee?', '2020-03-19 21:00:22', '91', 0, 0),
(342, 'Dr Ashok Kumar Dhurandhar', '9425212626', 'thax for very information', '2020-03-19 21:00:23', '91', 0, 0),
(343, 'swaraj', '7219136463', 'My sugar is high for a longtime now, i have nt taken any medicines, am i at any immediate risk?', '2020-03-19 21:00:27', '91', 0, 0),
(344, 'VARIDHISH GUPTA', '8318066382', 'Why did you exclude fenugreek in smoothie, which is  otherwise beneficial.', '2020-03-19 21:00:28', '91', 0, 0),
(345, 'Bina Agarwal', '9958993517', 'I get infections in my kidney after drinking your smoothies. Any suggestions?', '2020-03-19 21:00:32', '91', 0, 0),
(346, 'Bhupinder singh67722', '09815466267', 'What a out ckd patient', '2020-03-19 21:00:37', '91', 0, 0),
(347, 'Kavya', '9460928439', 'à¤¯à¤¾ à¤µà¤¾à¤Ÿà¥à¤¸à¤à¤ª à¤ªà¤° à¤­à¥‡à¤œà¤¨à¤¾', '2020-03-19 21:00:37', '91', 0, 0),
(348, 'Venkatraman', '9820316256', 'Can I have black coffee', '2020-03-19 21:00:41', '91', 0, 0),
(349, 'JAIRAM RAJU ', '9900094686', 'Sir, will you be emailing the list of tests required?', '2020-03-19 21:00:48', '91', 0, 0),
(350, 'ajesh anand', '+919451947877', 'Could you tell me the tests which I must take before this program', '2020-03-19 21:00:52', '91', 0, 0),
(351, 'aditi verma ', '9501902000', 'If you miss out on some days of  everyday diet and exercise what are the repercussions', '2020-03-19 21:00:53', '91', 0, 0),
(352, 'GIRIJA SRINIVASAN', '9890713217', 'I travel 15 days in a month. That too in rural areas. Will I be able to follow the processes that are outlined?', '2020-03-19 21:01:04', '91', 0, 0),
(353, 'Mahmoona Tabassum', '9652034891', 'dibetes shuru hoker 1 mahina ho chuka hai toh kya usske tablets chod sakte hain?', '2020-03-19 21:01:08', '91', 0, 0),
(354, 'Venkatesh ', '8172850900', 'Do have this program for my father also who speaks only Tamil.', '2020-03-19 21:01:09', '91', 0, 0),
(355, 'Chakradhar', '8121799575', 'Group chat whatsapp num please', '2020-03-19 21:01:11', '91', 0, 0),
(356, 'Priyanka mallick ', '7450093422', 'Hiii Sir my name Priyanka I am 23 years a student  having diabetes', '2020-03-19 21:01:30', '91', 0, 0),
(357, 'Shahnawaz alam', '7903666938', 'How to know i have Diebetec type 1 or type 2', '2020-03-19 21:01:39', '91', 0, 0),
(358, 'Lakshmi ', '9922994389', 'Do I need to take medics at 6.6 hib per is 112 and post is 153 fasting', '2020-03-19 21:01:52', '91', 0, 0),
(359, 'Tanvee', '08130655459', 'I have a dif whatsapp no. can u pls join me my no.is 8377025235', '2020-03-19 21:02:06', '91', 0, 0),
(360, 'Lakshmi Mohan', '9789522759', 'I want to enroll, but have questions?', '2020-03-19 21:02:08', '91', 0, 0),
(361, 'swamy', '9535096436', 'acid reflex also leads the diabetes', '2020-03-19 21:02:12', '91', 0, 0),
(362, 'Priyanka mallick ', '7450093422', 'Sir how could I know that I am 2 or 1 how could I know', '2020-03-19 21:02:23', '91', 0, 0),
(363, 'Lakshmi G', '9945466836', 'I am taking 150 mg of thyronom is it possible to reduce, I am taking this medication for past 15 yr', '2020-03-19 21:02:29', '91', 0, 0),
(364, 'Mahmoona Tabassum', '9652034891', 'Ive been taking diabetic tablets since one month, can I leave them?', '2020-03-19 21:02:35', '91', 0, 0),
(365, 'Sangeeta Kukreja', '09811611456', 'How Long is the weight loss program for.', '2020-03-19 21:02:41', '91', 0, 0),
(366, 'Nayan', '9909011276', 'Thanks', '2020-03-19 21:02:41', '91', 0, 0),
(367, 'VARIDHISH GUPTA', '8318066382', 'Is your programme beneficial for heart problem (blockage) patients.', '2020-03-19 21:02:46', '91', 0, 0),
(368, 'Tharakesh Guptha', '9880173330', 'Is curd/yogurt also not allowed?', '2020-03-19 21:02:53', '91', 0, 0),
(369, 'ATUL BHOPE', '9821361440', 'HARBALLIFE SHAKE IS GOOD TO REDUCE THE SUGAR LEVEL?', '2020-03-19 21:02:59', '91', 0, 0),
(370, 'Nitin Hule', '9870665068', 'I had angioplasty in December Can I join FFD? Why Methi is not used in Smoothi', '2020-03-19 21:02:59', '91', 0, 0),
(371, 'vishnuvardhan', '9840867791', 'What is the value of sugar just after eating?', '2020-03-19 21:03:01', '91', 0, 0),
(372, 'Sashi Bhushan', '9101845453', 'For joining what should I do? Please explain the process..', '2020-03-19 21:03:04', '91', 0, 0),
(373, 'Nimisha Shah', '9088128768', 'Where do we sign up for this session?', '2020-03-19 21:03:08', '1', 0, 0),
(374, 'Sanjay', '9441055208', 'Just want to know about the honeymoon phase in type 1', '2020-03-19 21:03:08', '91', 0, 0),
(375, 'Sucheta  Kulkarni', '09742690459', 'How to see this video  again', '2020-03-19 21:03:11', '91', 0, 0),
(376, 'Nayan', '9909011276', 'Can I pass gtt after phase 1', '2020-03-19 21:03:16', '91', 0, 0),
(377, 'Mahmoona Tabassum', '9652034891', 'I HAVE TAKING DIABETIC TABLETS, CAN I LEAVE IT NOW?', '2020-03-19 21:03:19', '91', 0, 0),
(378, 'Vithabai Laxman Bais', '9762136327', 'I am a diabetic and I have a problem of too frequent urinations which creates utter discomfort. Can this problem too be addressed', '2020-03-19 21:03:22', '91', 0, 0),
(379, 'Sashi Bhushan', '9101845453', 'For joining what should I do? Please explain the process..', '2020-03-19 21:03:23', '91', 0, 0),
(380, 'Shridevi Shetty', '08779616378', 'Thanks a lot for the wonderful session...', '2020-03-19 21:03:33', '91', 0, 0),
(381, 'sanjay agrawal ', '9821053230', 'very informative session. am convinced to join the programme', '2020-03-19 21:03:42', '91', 0, 0),
(382, 'Dhiraj kumar', '8670122951', 'I m suffering from Dibetes 8 year take insullim is reverse it', '2020-03-19 21:03:45', '91', 0, 0),
(383, 'Priyanka mallick ', '7450093422', 'Hii Sir please help me', '2020-03-19 21:03:50', '91', 0, 0),
(384, 'Mahmoona Tabassum', '9652034891', 'CAN I LEAVE THE DIABETIC TABLETS THAT I HAVE BEEN TAKING SINCE 1 MONTH', '2020-03-19 21:04:08', '91', 0, 0),
(385, 'vishnuvardhan', '9840867791', 'What intervals should we check the values', '2020-03-19 21:04:44', '91', 0, 0),
(386, 'Archana', '716-213-7024', 'Do we register for - 55th Batch (For Diabetics--Pending Payment)', '2020-03-19 21:04:47', '1', 0, 0),
(387, 'janhavi', '6144996564', 'will also join', '2020-03-19 21:04:50', '1', 0, 0),
(388, 'Mahmoona Tabassum', '9652034891', 'HAVE BEEN TAKING DIABETIC TABLETS SINCE ONE MONTH NOW CAN I LEAVE THEM????????????', '2020-03-19 21:04:53', '91', 0, 0),
(389, 'Pradip Kumar Das', '08670704755', 'I want to meet you. I am an Associate Professor in History. Very recently, after 28th Dec. 2019 we knew that my sugar level is high. After PP and farting report came to me that pp was 182/304 after that I started walking and freehand exercise after one month that result came to me on 31/01/2020 that 112/115 and HB1c 6.4 then after one month on 09/03/2020 now I tested my sugar result came to me that the result was 122/192. Now I was mentally healthy felt quite week. Now I want to join with you.', '2020-03-19 21:04:58', '91', 0, 0),
(390, 'sanjay agrawal ', '9821053230', 'what does the 6000/- for the family member include?', '2020-03-19 21:05:02', '91', 0, 0),
(391, 'Nishant Bansal', '09371021850', 'Thank you again sir, I was lucky to attend your lecture in our club AYC and 3 weeks back i was diagnosed with 260 fasting sugar and 300 pp but after implementing your concepts plus having two meals a day i have reduced my oral medication to half i.e. metformin 500 once a day and now my fasting is 93-98 and pp is 120-130. can intensive program help me?', '2020-03-19 21:05:05', '91', 0, 0),
(392, 'Priyanka mallick ', '7450093422', 'My family is not financially strong', '2020-03-19 21:05:10', '91', 0, 0),
(393, 'Parthkumar salunke', '7774066944', 'I am joining the programme.', '2020-03-19 21:05:18', '91', 0, 0),
(394, 'Karthikeyan ', '4087484086', 'Thanks Doctor. Very good presentation. Really motivated and I will join tonight.', '2020-03-19 21:05:28', '1', 0, 0),
(395, 'Mahmoona Tabassum', '9652034891', '????CAN I LEAVE THE DIABETIC TABLETS THAT I HAVE BEEN TAKING SINCE 1 MONTH???????????????', '2020-03-19 21:05:41', '91', 0, 0),
(396, 'Priyanka mallick ', '7450093422', 'Sir network chala gaya ap jaise mera naam liye', '2020-03-19 21:05:46', '91', 0, 0),
(397, 'piyush dubey', '09826737884', 'can I join in another batch?', '2020-03-19 21:05:59', '91', 0, 0),
(398, 'Aarti Jain', '9404233686', 'WHICH OIL CAN WE USE  FOR COOKING  .', '2020-03-19 21:06:01', '91', 0, 0),
(399, 'TAHIR SHAH', '8606322123', 'I follow your plan,taking smoothie,Millet\r\n from past 2 weeks and reduced level from 250 to 135', '2020-03-19 21:06:03', '91', 0, 0),
(400, 'Mahmoona Tabassum', '9652034891', 'CAN I LEAVE THE DIABETIC TABLETS THAT I HAVE BEEN TAKING SINCE 1 MONTH???????????????', '2020-03-19 21:06:14', '91', 0, 0),
(401, 'Mahmoona Tabassum', '9652034891', 'CAN I LEAVE THE DIABETIC TABLETS THAT I HAVE BEEN TAKING SINCE 1 MONTH???????????????', '2020-03-19 21:06:34', '91', 0, 0),
(402, 'Priyanka mallick ', '7450093422', 'Sir please help me please', '2020-03-19 21:06:42', '91', 0, 0),
(403, 'Sucheta  Kulkarni', '09742690459', 'Is it  in month  of June bcz of vacation  school  so not  regularly  done', '2020-03-19 21:06:53', '91', 0, 0),
(404, 'Subhashini', '9841334549', 'Am so happy to join the program and become free from diabetes', '2020-03-19 21:07:01', '91', 0, 0),
(405, 'Niranjan', '9867264942', 'is this 100 percent diabetic reversal program', '2020-03-19 21:07:04', '91', 0, 0),
(406, 'M P Keshava', '9920845116', 'Not received link either in SMS or whatsapp', '2020-03-19 21:07:11', '91', 0, 0),
(407, 'Lakshmi ', '9922994389', 'Cannot hear u', '2020-03-19 21:07:21', '91', 0, 0),
(408, 'piyush dubey', '09826737884', 'any aggravation occurred during  process?', '2020-03-19 21:07:46', '91', 0, 0),
(409, 'Rajeshree', '8322534774', 'Can I join to you I have rheumatoid arthritis', '2020-03-19 21:08:07', '1', 0, 0),
(410, 'Priyanka mallick ', '7450093422', 'Mujhe bahut dar lag rha financially itna strong nhi hu aur apka program YouTube m dekhtey h', '2020-03-19 21:08:08', '91', 0, 0),
(411, 'Hiral Gangani', '09099101144', 'Sir pls guide.age 50 years..hba1c 8.5 and fasting sugar 185...medication since 7 year...if i join prog.can it cure ??. Diabetesh is hereditory.to me..', '2020-03-19 21:08:09', '91', 0, 0),
(412, 'Sanjay', '9441055208', 'Can there be weight gain for type 1', '2020-03-19 21:08:30', '91', 0, 0),
(413, 'sanjay agrawal ', '9821053230', 'what does 6000/- for family member include', '2020-03-19 21:08:37', '91', 0, 0),
(414, 'Priyanka mallick ', '7450093422', 'Thank you sir', '2020-03-19 21:08:39', '91', 0, 0),
(415, 'Yash Anand', '07738355687', 'Should non veg be avoided', '2020-03-19 21:08:51', '91', 0, 0),
(416, 'Saibal Das', '9830297844', 'Do I have to pay the registration fee by tonight or I can wait two more days?', '2020-03-19 21:08:55', '91', 0, 0),
(417, 'Satyanarayan Bhat', '4439397685', 'hi. Does session ended?', '2020-03-19 21:09:02', '1', 0, 0),
(418, 'vinayak naidu', '9689917842', 'sir, thanks for wonderful session, I am from Pune and would like to enroll my mother who has recently diagnosed with diabetes', '2020-03-19 21:09:07', '91', 0, 0),
(419, 'irshad ahmed', '9739633004', 'how about the people who are staying in Middle east, dubai, oman, qatar, saudi', '2020-03-19 21:09:31', '91', 0, 0),
(420, 'Pradip Kumar Das', '08670704755', 'Now loss my weight 76 to 68 after two month. So I want to know Is possible to me control my mental health and Diabetes easily?', '2020-03-19 21:09:37', '91', 0, 0),
(421, 'Sankara Shyam Sundar', '9441067713', 'if only fruits are consumed will the glucose levels rise', '2020-03-19 21:09:38', '91', 0, 0),
(422, 'Ganesan Rengasamy', '9443100479', 'To reduce creatinine level what food i should have ?', '2020-03-19 21:09:39', '91', 0, 0),
(423, 'aditi verma ', '9501902000', 'will there be any repurcussions to missing out on regular diet and exercises in between', '2020-03-19 21:10:17', '91', 0, 0),
(424, 'Yasaswi Amit bhongade', '9637593675', 'My daughter 5 years old & c PEPTIDE is 0.12', '2020-03-19 21:10:23', '91', 0, 0),
(425, 'Jacob vinoth ', '0769351947', 'Iâ€™m a pre diabetes my habits and eating is different for last 4 months but still I want to follow a short reversal program a for about 6 months.. Have u got any? Jacob from Sweden', '2020-03-19 21:10:39', '46', 0, 0),
(426, 'Priyanka mallick ', '7450093422', 'Hiiii Sir please help me', '2020-03-19 21:11:17', '91', 0, 0),
(427, 'Chakradhar', '8121799575', 'Please add my number to whatsapp group 8121799575', '2020-03-19 21:11:32', '91', 0, 0),
(428, 'Vikash Choudhary ', '9437045101', 'I have CKD, creatinine is 2.17. Can I join your program  ?', '2020-03-19 21:12:15', '91', 0, 0),
(429, 'Raju Bhoite', '9890038255', 'I dont have diabetic. But I want to prevent diabetic. How your program will help it', '2020-03-19 21:12:15', '91', 0, 0),
(430, 'Pon Aananth ', '7200010023', 'This session is very helpful and hopeful of joining soon! Great Work Dr!', '2020-03-19 21:12:20', '91', 0, 0),
(431, 'Sanjay', '9441055208', 'C peptide- 0.667 - 11years is it type 1 or 2', '2020-03-19 21:12:25', '91', 0, 0),
(432, 'Nirav Shah', '9870837970', 'My grandmother is 78 years old. Can diabetes be reversed?', '2020-03-19 21:12:32', '91', 0, 0),
(433, 'Ashok kumar singh', '7003378115', 'Blood sugar, since 7 yrsI,BS(mucus in laterine),minor blocage in  heart ,Alergic cough and cold', '2020-03-19 21:12:34', '91', 0, 0),
(434, 'Raju Bhoite', '9890038255', 'is curd ok as you say avoid milk product', '2020-03-19 21:12:48', '91', 0, 0),
(435, 'Priyanka mallick ', '7450093422', 'Sir Please help me', '2020-03-19 21:13:14', '91', 0, 0),
(436, 'aditi verma ', '9501902000', 'Due to the coronavirus outbreak, it is tough to reach out to markets and vegetable shops. What to do then for fresh veggies and materials?', '2020-03-19 21:13:20', '91', 0, 0),
(437, 'Bhavani Murty', '8788946021', 'Could not follow effectively due to buffering. Please suggest', '2020-03-19 21:13:24', '91', 0, 0),
(438, 'Sucheta  Kulkarni', '09742690459', 'GREAT JOB DR. HEARTY  CONGRATS', '2020-03-19 21:13:39', '91', 0, 0),
(439, 'Hiral Gangani', '09099101144', 'Sir pls answer ...HbA1c 8.5  .fasting 182 mg age 50 year.on medication by 7 years....its hereditary can it resolve ??...', '2020-03-19 21:14:08', '91', 0, 0),
(440, 'Natwer das', '8978143747', 'Not able to watch it has stopped suddenly', '2020-03-19 21:14:11', '91', 0, 0),
(441, 'Ashish Adeshara', '9825283525', 'My Hba1c has been reduced from 9.9 to 5.5 by exercise and medicine (In over 9 months period). I am taking 1 tablet everyday. Can I stop that ??', '2020-03-19 21:14:23', '91', 0, 0),
(442, 'Yash Anand', '07738355687', 'should i stop non veg item?', '2020-03-19 21:14:38', '91', 0, 0),
(443, 'Ashish Adeshara', '9825283525', 'Kangen Water Helps in Diabetics ??', '2020-03-19 21:14:41', '91', 0, 0),
(444, 'HI This is Vishal, Email : vishal.swami@gmail.com', '9900038024', 'I was told that my diabetes is hereditary (both my parents and grandparents were diabetic), will this program still benefit me', '2020-03-19 21:14:46', '91', 0, 0),
(445, 'Srinivas m', '8466007676', 'Sir you said one thing that 45% people on tablets can be reversed it is in three months or that is total reverse rate?', '2020-03-19 21:14:54', '91', 0, 0),
(446, 'HI This is Vishal, Email : vishal.swami@gmail.com', '9900038024', 'I donâ€™t have too much weight, but yes belly fat is more, also diagnosed with kidney stone , should I go ahead with smoothie like diet  ?', '2020-03-19 21:15:05', '91', 0, 0),
(447, 'VASANTI', '8978385771', 'I AM USING A TABLET WHICH CONTAINS METFORMIN.  IS IT DAMAGE THE KIDNEYS.', '2020-03-19 21:15:09', '91', 0, 0),
(448, 'Hoshang Vajifdar', '9821089438', 'You missed my question Doc... Can i continue to have non veg food and still do the programme ??', '2020-03-19 21:15:22', '91', 0, 0),
(449, 'Bhavya Desai', '9638321110', 'If im join this programme and again wants to join recident program due to not getting result than what would be charges?', '2020-03-19 21:15:39', '91', 0, 0),
(450, 'Sucheta  Kulkarni', '09742690459', 'What  is the substitute  to milk or tea', '2020-03-19 21:15:40', '91', 0, 0),
(451, 'Ashok kumar singh', '7003378115', 'Start à¤•à¥ˆà¤¸à¥‡ à¤•à¤°à¤¨à¤¾ à¤¹à¥ˆà¥¤à¤œà¥‹ smothie à¤¬à¤¤à¤¾à¤¯à¤¾ à¤—à¤¯à¤¾ à¤µà¤¹ à¤¤à¥‹ à¤­à¥‚à¤² à¤šà¥à¤•à¤¾ à¤¹à¥‚à¤‚à¥¤à¤—à¤¾à¤‡à¤¡ à¤•à¤°à¥‡à¤‚', '2020-03-19 21:16:08', '91', 0, 0),
(452, 'Mukesh', '8740980185', 'Sir please tell me that in type 1 is it possible to stop insuline injection and will natural insuline secrate naturally', '2020-03-19 21:16:09', '91', 0, 0),
(453, 'Vikash Choudhary ', '9437045101', 'Due to P.M. speech on TV, I could not see your session after 8 pm. Please help.', '2020-03-19 21:16:14', '91', 0, 0),
(454, 'Siva Kumar', '9164750063', 'Thanks for the Awesome Webinar.. Will join you soon for sure!!', '2020-03-19 21:16:41', '91', 0, 0),
(455, 'aditi verma ', '9501902000', 'Without immediately submitting a new report of my medical condition, can I start the programme? I have kidney stone problems and type-2 diabetes', '2020-03-19 21:16:51', '91', 0, 0),
(456, 'Nirav Shah', '9870837970', 'My grand mother has lung fibrosis, is on steroids, kidney nephropathy, creatinin 5.6, retinopathy. Will she be able to follow the diet?', '2020-03-19 21:16:54', '91', 0, 0),
(457, 'Leela Shaju', '9388472487', 'My question...I need an answer to join the program', '2020-03-19 21:16:59', '91', 0, 0),
(458, 'aditi verma ', '9501902000', 'What is the relation between fructose and diabetes', '2020-03-19 21:18:11', '91', 0, 0),
(459, 'YUVARAJ A S ', '7708929491', 'i am on immunosuppresents post kidney transplantation with steriods. i lost 6 kgs of weight for last year with diabetes and i am on diabetic drugs. kindly inform how could i get this program efficient without affecting my post kidney transplant journey.? please suggest.???', '2020-03-19 21:18:15', '91', 0, 0),
(460, 'ROZINA ', '9765065066', 'I AM DIABETIC LAST 10 YEARS TAKING AYURVEDIC MED IS IT OK', '2020-03-19 21:18:17', '91', 0, 0),
(461, 'P.radha', '9438622850', 'i am type 2 since last 12 years. on insulin since last 2 years. can i stop taking insulin. i am 55 years old', '2020-03-19 21:18:46', '91', 0, 0),
(462, 'Sangeeta Kukreja', '09811611456', 'I need the link to the weight loss program & also the what app grp.', '2020-03-19 21:19:00', '91', 0, 0),
(463, 'Jagannathan R', '8825456106', 'I have creatinine level 1.04 and uric acid 6.3, urine creatinine 28.1, microalbumin 1.0, microalbumin/creatine ratio 4 but the taken labs range says is well within range and normal ( max range for creatinine 1.3 and uric acid 7.2 as per lab which is NABL certified), in that case should I take kidney and uric acid related tablet to reduce both or thru diet plan? Pls answer.\r\n\r\nAlso my amylase level 135.2 and lipase 26.1, is it normal? Pls help sir.', '2020-03-19 21:19:41', '91', 0, 0),
(464, 'Hiral Gangani', '09099101144', 'If u answer my que.i really want to join the prog.', '2020-03-19 21:19:44', '91', 0, 0),
(465, 'Chakradhar', '8121799575', 'I am diabetic since 20 years on tablets. Dr. recently diagnosed Vertigo for me and retina deterioration, suggest chance of reversal please...', '2020-03-19 21:20:05', '91', 0, 0),
(466, 'Sucheta  Kulkarni', '09742690459', 'For 30000 is it EMI', '2020-03-19 21:20:54', '91', 0, 0),
(467, 'Sanjay', '9441055208', 'Thank you dr for this webnair.will surely join for the long,happy and healthy life of my child', '2020-03-19 21:20:55', '91', 0, 0),
(468, 'janhavi', '6144996564', 'please give me whattsapp group', '2020-03-19 21:21:34', '1', 0, 0),
(469, 'Sujatha Garapaty', '9849552888', 'can we have only coriander leaves smoothie with pepper, cinnamon juice in the morning ?', '2020-03-19 21:22:50', '91', 0, 0),
(470, 'Rajender Goud ', '8096617799', 'Diabetes since2013, Hba1c 8, under gone angiogram Sept2019, diagnosed with 30% block can be it reversed and it can be helpful.', '2020-03-19 21:23:03', '91', 0, 0),
(471, 'HEM RAJ MAHAVAR ', '9994116348', 'Whether after GTT pass normal diet we can take or continue same diet as per your diet plan', '2020-03-19 21:23:47', '91', 0, 0),
(472, 'Lakshmi Pillai', '9922994389', 'My levels before fast is 113 and post is 153 am I dibetif or predisbrtic Iâ€™m not taking medicine is it correct', '2020-03-19 21:23:51', '91', 0, 0),
(473, 'Mukesh', '8740980185', 'My c paptyde is 1.59 with type 1 will my insuline stop?', '2020-03-19 21:24:22', '91', 0, 0),
(474, 'YP RAO', '9818815084', 'why fluctuation in sugar levels during different times of the day', '2020-03-19 21:24:49', '91', 0, 0),
(475, 'Sangeeta Kukreja', '09811611456', 'Can I have white Petra juice instead of green smoothies in the morning', '2020-03-19 21:25:19', '91', 0, 0),
(476, 'Hiral Gangani', '09099101144', 'Sir is diabetesh is hereditary...can it cure ????.', '2020-03-19 21:25:20', '91', 0, 0),
(477, 'Jagannathan R', '8825456106', 'I have creatinine level 1.04 and uric acid 6.3, urine creatinine 28.1, microalbumin 1.0, microalbumin/creatine ratio 4 but the taken labs range says is well within range and normal ( max range for creatinine 1.3 and uric acid 7.2 as per lab which is NABL certified), in that case should I take kidney and uric acid related tablet to reduce both or thru diet protocol? Pls answer.\r\n\r\nAlso my amylase level 135.2 and lipase 26.1, is it normal? Pls help sir.', '2020-03-19 21:25:22', '91', 0, 0),
(478, 'Natwer das', '8978143747', 'Is reversal possible  for 70 yr old diabetic for past 20 yrs with stent angioplasty', '2020-03-19 21:25:32', '91', 0, 0),
(479, 'Lakshmi Pillai', '9922994389', 'Not taking medicine my ore fa st is 113 and post fast is 153 is it correct average h1 bc is 6.6', '2020-03-19 21:25:48', '91', 0, 0),
(480, 'Lakshmi Pillai', '9922994389', 'Please answer Not taking medicine my ore fa st is 113 and post fast is 153 is it correct average h1 bc is 6.6 is is correct', '2020-03-19 21:26:08', '91', 0, 0),
(481, 'Leela Shaju', '9388472487', 'Bariatric surgery in 2015....Lost 40 kgs...Diagnosed with Diabetes in 2003 with HB1 AC 10.8.....90  units insulin..After BS ,I lost 40 kgs but in the last 5 years ,I have put on 10 kgs and hb1ac has become 8.2\r\nCan you help me?', '2020-03-19 21:26:43', '91', 0, 0),
(482, 'Sangeeta Kukreja', '09811611456', 'Can we  have coconut water & white petha juice . No diabetes.', '2020-03-19 21:26:55', '91', 0, 0),
(483, 'Sangeeta Kukreja', '09811611456', 'Can we eat only eggs.?', '2020-03-19 21:27:56', '91', 0, 0),
(484, 'Aarti Jain', '9404233686', 'DR. I HAVE CENTRAL SERIOUS RETINOPATHY IN RIGHT EYE. CAN IT BE REVERSED.', '2020-03-19 21:28:35', '91', 0, 0),
(485, 'Tharakesh Guptha', '9880173330', 'I have not received any whatsapp number yet.', '2020-03-19 21:28:43', '91', 0, 0),
(486, 'ROZINA ', '9765065066', 'I AM TAKING  AYURVEDIC TABLETS ,SHOULD I CHANGE IN ALLOPATHY', '2020-03-19 21:29:47', '91', 0, 0),
(487, 'Raman Mehra', '7696546370', 'difference between type 1 and typ2 diabetics', '2020-03-19 21:30:08', '91', 0, 0),
(488, 'Bhavani Murty', '8788946021', 'My HPLC: 8,6\r\nTriglycerides :215\r\nHDL:44\r\nFasting sugar: 182\r\nHaving medicine since 7 years', '2020-03-19 21:30:35', '91', 0, 0),
(489, 'Sashi Bhushan', '9101845453', 'May I get your WA no', '2020-03-19 21:30:46', '91', 0, 0),
(490, 'Srinivas M', '8466007676', 'Very fentasic session sir i want to join direct program when will be starts please reply me sir', '2020-03-19 21:31:03', '91', 0, 0),
(491, 'Aarti Jain', '9404233686', 'IS HOMEMADE PEANUT MILK CURD OK   , NOT DAILY THOUGH', '2020-03-19 21:32:04', '91', 0, 0),
(492, 'Uma deaver', '8059930284', 'I am sorry , I did not attend the session .', '2020-03-19 21:32:15', '91', 0, 0),
(493, 'Uma deaver', '8059930284', 'I am sorry , I did not attend the session .', '2020-03-19 21:32:18', '91', 0, 0),
(494, 'Jagannathan R', '8825456106', 'I already sent my full blood test report. my amylase level 135.2 and lipase 26.1, is it normal? Pls help sir.', '2020-03-19 21:32:47', '91', 0, 0),
(495, 'Tharakesh Guptha', '9880173330', 'What is the last date to join for the program?', '2020-03-19 21:33:17', '91', 0, 0),
(496, 'VASANTI', '8978385771', 'VASANTI :  MY TABLET CONTAINS METFORMIN.  IS IT DAMAGE THE KIDNEY.', '2020-03-19 21:33:27', '91', 0, 0),
(497, 'Raman Mehra', '7696546370', 'I am travelling for next week still can I enroll this month', '2020-03-19 21:33:31', '91', 0, 0),
(498, 'Raman Mehra', '7696546370', 'I am travelling for next week still can I enroll this month', '2020-03-19 21:33:31', '91', 0, 0),
(499, 'Shanmuganathan Murugesa ', '80562 33234', 'Photasium Reading5.9, Diabetic for 30 Years, MI Since 1988, HypoTyroid, CKD 2nd stage, Phyripharal Neuropathy, I wanted to join . Pls suggest on my Photasium level.', '2020-03-19 21:33:55', '1', 0, 0),
(500, 'Nishant Bansal', '09371021850', 'sir what do you think of soy role in FFD', '2020-03-19 21:34:27', '91', 0, 0),
(501, 'Dr. veda Patil ', '9823096926', 'Agter how much time of meals exerciae should be dome', '2020-03-19 21:34:30', '91', 0, 0),
(502, 'Aarti Jain', '9404233686', 'IS A BREAKFAST OF FRUITS AND SPROUTS , AFTER AN HR OF SMOOTHIE FINE', '2020-03-19 21:34:33', '91', 0, 0),
(503, 'VASANTI', '8978385771', 'VASANTI, SRINIVASAN  :  IS METFORMIN TABLETS ARE  DAMAGE KEDNEY.', '2020-03-19 21:34:34', '91', 0, 0),
(504, 'Ashish Ranjan ', '9893101046', 'Talk something about taking liquor', '2020-03-19 21:34:39', '91', 0, 0),
(505, 'YP RAO', '9818815084', 'what is the substitute for smoothie in cases of kidney patients', '2020-03-19 21:34:47', '91', 0, 0),
(506, 'Hoshang Vajifdar', '9821089438', 'MRI shows i have a prolapsed disc and advised rest, should i join now or wait>', '2020-03-19 21:35:02', '91', 0, 0),
(507, 'HEM RAJ MAHAVAR ', '9994116348', 'Can I take 1 cup milk tea in evening in this program', '2020-03-19 21:35:03', '91', 0, 0),
(508, 'Siva Kumar', '9164750063', 'I have seen many of the diabetics are lean only.. Even I am. How this can be differentiate? Please.. Thanks for your patience and answers!!', '2020-03-19 21:35:03', '91', 0, 0),
(509, 'Aarti Jain', '9404233686', 'IS RED POHA OK IN SMALL QTY', '2020-03-19 21:35:13', '91', 0, 0),
(510, 'Raman Mehra', '7696546370', 'I am travelling from tomorrow for 1 week still join this batch', '2020-03-19 21:35:27', '91', 0, 0),
(511, 'Raman Mehra', '7696546370', 'I want to join same to free from diabetics', '2020-03-19 21:36:00', '91', 0, 0),
(512, 'Nishant Bansal', '09371021850', 'casein powder?', '2020-03-19 21:36:08', '91', 0, 0),
(513, 'Uma deaver', '8059930284', 'Is it important to check hb1ac or fbs is enough', '2020-03-19 21:36:09', '91', 0, 0),
(514, 'YUVARAJ A S ', '7708929491', 'can brown or coconut sugar be added in green tea or black cofee ???', '2020-03-19 21:37:04', '91', 0, 0),
(515, 'Nishant Bansal', '09371021850', 'sir what about whey?', '2020-03-19 21:37:10', '91', 0, 0),
(516, 'Jagannathan R', '8825456106', 'You are doing great help to humanity sir, GOD BLESS YOU', '2020-03-19 21:37:46', '91', 0, 0),
(517, 'HEM RAJ MAHAVAR ', '9994116348', 'Which type of wheat we take in lunch and dinner', '2020-03-19 21:38:07', '91', 0, 0),
(518, 'ROZINA ', '9765065066', 'AM TAKING AYURVEDIC BUT MY SUGER IS VERY HIGH IN BEFORE THREE MONTHS AND IT CONTENUE HIGH  WITH 250 FASTING ,SHOULD I TAKE ALLOPATHY IF YES PLEASE GIVE TABLETS NAME', '2020-03-19 21:40:04', '91', 0, 0),
(519, 'Siva Kumar', '9164750063', 'My friend is Diabetic since 6 years.. Every day she is suffering with motions in the morning. Is this due to Diabeties or any other health issues..', '2020-03-19 21:40:22', '91', 0, 0),
(520, 'Chakradhar', '8121799575', 'On tablets diabetic since 20 yrs, 7.9 HBA1C, want to gain muscle and weight, is it possible?', '2020-03-19 21:40:24', '91', 0, 0),
(521, 'VASANTI', '8978385771', 'VASANTI :  IF METFORMIN CAN DAMAGE THE KIDNEY, WHAT  TABLET I HAVE TO GO TILL I WITHDRAW TABLETS TOTALLY.', '2020-03-19 21:40:35', '91', 0, 0),
(522, 'Sangeeta Kukreja', '09811611456', 'Is raw organic whey protein good. A combination of only whey ,vanilla .', '2020-03-19 21:40:47', '91', 0, 0),
(523, 'Mukesh', '8740980185', 'After reversal can i able to take milk product', '2020-03-19 21:42:11', '91', 0, 0),
(524, 'Aarti Jain', '9404233686', 'ARE ROLLED OATS OK COOKED IN WATER.', '2020-03-19 21:42:21', '91', 0, 0),
(525, 'Shanmuganathan Murugesa ', '80562 33234', 'If Metformin is bad for Kidney then what I shod do? I hv started yr programs fm Jan2020 and reduced 10 lbs weight. I am connected with yr Ms. Reshma and do hv yr suggestion.', '2020-03-19 21:43:37', '1', 0, 0),
(526, 'Nishant Bansal', '09371021850', 'thank you sir for your patience and time', '2020-03-19 21:43:54', '91', 0, 0),
(527, 'VASANTI', '8978385771', 'VASANTI :  pLEASE SUGGEST AN ALTERNATE TABLET FOR METFORMIN TILL I STOP MEDICINES TOTALLY.', '2020-03-19 21:44:18', '91', 0, 0),
(528, 'Srinivas M', '8466007676', 'Thank you sor', '2020-03-19 21:44:52', '91', 0, 0),
(529, 'Sangeeta Kukreja', '09811611456', 'My thyroid profile is fine but I have little high anti thyroid antibodies...will I be able to take this weight loss prog', '2020-03-19 21:44:54', '91', 0, 0),
(530, 'Sangeeta Kukreja', '09811611456', 'Pls answer', '2020-03-19 21:45:10', '91', 0, 0),
(531, 'Chakradhar', '8121799575', 'Video stopped', '2020-03-19 21:45:34', '91', 0, 0),
(532, 'P srinivas', '9490193566', 'I am interested but I could not submit payment due to Debit card issue. Please register my name and my wife. My mobile no. 9490193566, mail id......ptam1985@gmail.com', '2020-03-19 21:45:54', '91', 0, 0),
(533, 'Sowmya Uday ', '7899912834', 'what are the side effects of voglibose and glimeripide and metformin', '2020-03-19 21:48:59', '91', 0, 0),
(534, 'Rohan Karnataki', '09922972086', 'What types of tests should we do before starting the diet or exercise?', '2020-03-20 01:21:16', '91', 0, 0),
(535, 'Ivy Prasad', '07821721230', 'I m type 2diabetic. Taking 5 tabs of metformin a day , sitaglyptin tab once a day . Also i m hyper tensive . I take Irbasartin 300 mg a day and amelodepine 5 mg once a day .ny latest HBA1C is 8.20. My Insulin is 5.0. My B12 is 356.0. My HB is 11.0 . Done in February. I feel sugar carving .please help me to reverse my diabetes. Thanks and God bless.', '2020-03-20 06:25:09', '44', 0, 0),
(536, 'Ivy Prasad', '07821721230', 'Dr Pramood! Do i have to take my medication with your diet plan or not ? Please explain', '2020-03-20 06:35:01', '44', 0, 0),
(537, 'Anand Arer', '9845594815', 'I am diabetics!   Frequently  I have very painfull frozen shoulder etc.. like the link below. Kindly advise me how to come out ! \r\nhttps://www.diabetes.co.uk/diabetes-complications/frozen-shoulder.html', '2020-03-20 12:07:09', '91', 0, 0),
(538, 'Priyanka mallick ', '7450093422', 'Sir I am non vegetarian what to do sir mera whats ap no h 9831188444 Sir please help I am financially weak', '2020-03-20 16:37:18', '91', 0, 0),
(539, 'Usha Suri', '+919870034335', 'Can I eat one piece of beetroot daily', '2020-03-20 16:47:01', '91', 0, 0),
(540, 'Uma Deaver', '8059930284', 'My WhatsApp number is 8684930260, its different from the number I gave. 8059930284', '2020-03-20 18:37:02', '91', 0, 0),
(541, 'Rajeshree', '8322534774', 'Hello I watched video. I have Rheumatoid arthritis. Can I joint this session.can I talk to Dr. Pramod Tripathi', '2020-03-20 19:04:29', '1', 0, 0),
(542, 'Raghu bm', '8970659580', 'Sir I m eating finger millet is it ok', '2020-03-20 20:41:00', '91', 0, 0),
(543, 'Bhagyamma ', '9686546684', 'I need to join to cure diabetic', '2020-03-20 21:12:16', '91', 0, 0),
(544, 'M.V.RAVINDRA', '09845431906', 'sir iamm.v. creatine1.01is ok,or shall i have to reduce it . my sugar level 190  A/F B/F  126 one month back i come to know that iam diabetic . Hab1c was 10.6  toi allready  ght it done month  i brou', '2020-03-20 22:59:28', '91', 0, 0),
(545, 'K.V.S.Murthy', '9980406895', 'I am 86.', '2020-03-21 17:23:39', '91', 0, 0),
(546, 'KK KHAN', '9923610024', 'I am 59. three months ago detected sugar.  lost around 9 kgs weight, now its retained at 59 kgs.  How can I increase my weight ?', '2020-03-21 22:04:41', '91', 0, 0),
(547, 'surjit shroff', '9861148810', 'I am also having psoriasis since last 20 years. Will it help?', '2020-03-21 22:12:40', '91', 0, 0),
(548, 'RAJDEEP CHAKRAVORTY', '8080161547', 'It is not supported in any browser', '2020-03-23 18:56:24', '91', 0, 0),
(549, 'Danesh Irani', '9820055975', 'I am unable to replay. could you pls resend another link thank you', '2020-03-29 11:56:03', '91', 0, 0),
(550, 'Saidulu Jetti ', '9885246313', 'Video is not playing, saying that, ur browser does not support. Pl help us', '2020-03-29 16:42:34', '91', 0, 0),
(551, 'Sarita', '8053755779', 'How to control diabetes', '2020-03-30 20:01:59', '91', 0, 0);

-- --------------------------------------------------------

--
-- Table structure for table `tbl_users`
--

CREATE TABLE `tbl_users` (
  `id` int(3) NOT NULL,
  `name` varchar(100) NOT NULL,
  `reg_date` datetime NOT NULL,
  `mobile_num` varchar(20) NOT NULL,
  `login_date` datetime DEFAULT NULL,
  `logout_date` datetime DEFAULT NULL,
  `logout_status` int(11) DEFAULT '0',
  `cntry_code` varchar(12) DEFAULT NULL
) ENGINE=MyISAM DEFAULT CHARSET=utf8;

--
-- Dumping data for table `tbl_users`
--

INSERT INTO `tbl_users` (`id`, `name`, `reg_date`, `mobile_num`, `login_date`, `logout_date`, `logout_status`, `cntry_code`) VALUES
(1, 'Kalyani', '2020-03-13 16:40:32', '7276818211', '2020-03-20 21:20:11', '2020-03-20 21:26:17', 1, '91'),
(2, 'Tharakesh', '2020-03-14 19:25:22', '9880173330', '2020-03-19 18:43:34', '2020-03-19 23:46:19', 1, '91'),
(3, 'Pooja', '2020-03-14 19:56:24', '9768161921', '2020-03-21 15:21:26', '2020-03-21 15:58:27', 1, '93'),
(4, 'Amol', '2020-03-16 14:34:58', '9130054855', '2020-03-20 13:58:58', '2020-03-20 14:15:02', 1, '91'),
(5, 'HEM RAJ MAHAVAR ', '2020-03-16 16:54:31', '9994116348', '2020-03-20 15:54:02', '2020-03-20 17:05:42', 1, '91'),
(6, 'Bhavya desai', '2020-03-16 20:10:22', '9638321110', '2020-03-19 21:15:22', '2020-03-19 21:19:44', 1, '91'),
(7, 'Rajni Singh', '2020-03-17 14:42:35', '8452955;85', '2020-03-17 14:42:35', '2020-03-17 14:42:47', 0, '91'),
(8, 'Pampanath CV', '2020-03-17 14:52:21', '9844120802', '2020-03-17 14:52:21', '2020-03-17 14:52:39', 0, '91'),
(9, 'Bhagyamma ', '2020-03-17 16:05:31', '9686546684', '2020-03-21 00:22:10', '2020-03-21 00:22:40', 1, '91'),
(10, 'Avinash upadhyay', '2020-03-17 16:36:36', '9931817162', '2020-03-20 11:33:12', '2020-03-20 11:33:42', 1, '91'),
(11, 'Annasaheb Marathe ', '2020-03-17 16:38:11', '8999938119', '2020-03-19 19:06:27', '2020-03-19 21:12:58', 1, '91'),
(12, 'Usha', '2020-03-17 16:54:43', '9870034335', '2020-03-21 08:23:15', '2020-03-21 08:48:46', 1, '91'),
(13, 'Ritwik Ranjan ', '2020-03-17 17:38:19', '7397963068', '2020-03-19 19:01:52', '2020-03-19 21:27:35', 1, '91'),
(14, 'Abhijit', '2020-03-17 17:50:46', '9975565386', '2020-03-19 20:36:22', '2020-03-19 20:57:48', 1, '91'),
(15, 'Yash Anand', '2020-03-17 18:26:10', '7738355687', '2020-03-17 18:26:10', '2020-03-17 18:30:39', 1, '91'),
(16, 'FaridulHaq ', '2020-03-18 08:12:50', '7378456194', '2020-03-19 18:48:35', '2020-03-19 19:43:30', 1, '91'),
(17, 'A Radhakrishnan', '2020-03-18 09:57:54', '9819195392', '2020-03-18 09:57:54', '2020-03-18 09:59:25', 1, '91'),
(18, 'p.radha', '2020-03-18 10:12:17', '9438622850', '2020-03-19 22:47:34', '2020-03-19 22:48:04', 1, '91'),
(19, 'Sankara Shyam Sundar', '2020-03-18 11:49:07', '9441067713', '2020-03-19 18:41:43', '2020-03-19 21:10:35', 0, '91'),
(20, 'irshad ahmed', '2020-03-18 11:49:49', '9739633004', '2020-03-19 18:52:40', '2020-03-19 21:10:40', 1, '91'),
(21, 'Nirav Shah', '2020-03-18 12:39:14', '9870837970', '2020-03-19 21:08:16', '2020-03-19 21:32:17', 1, '91'),
(22, 'Varsha Wagh, Uday wagh', '2020-03-18 12:46:46', '8806663100', '2020-03-19 18:58:05', '2020-03-19 21:07:41', 1, '91'),
(23, 'ANANDA ARJUN KHALANE', '2020-03-18 13:12:15', '9850252952', '2020-03-22 11:56:39', '2020-03-22 12:57:14', 0, '91'),
(24, 'Kishor Pednekar ', '2020-03-18 14:12:24', '9004191234', '2020-03-19 18:43:09', '2020-03-19 18:43:40', 0, '91'),
(25, 'Rohan Karnataki', '2020-03-18 15:02:15', '9922972086', '2020-06-13 01:23:00', '2020-06-13 01:23:30', 1, '91'),
(26, 'SUSHIL KUMAR PUROHIT', '2020-03-18 15:25:31', '9439213398', '2020-03-19 21:14:12', '2020-03-19 21:17:44', 1, '91'),
(27, 'Bhupinder singh67722', '2020-03-18 16:31:55', '09815466267', '2020-03-20 09:33:49', '2020-03-20 09:51:50', 1, '91'),
(28, 'Asha Rani', '2020-03-18 16:42:21', '9417910938', '2020-03-20 14:19:08', '2020-03-20 16:06:47', 0, '91'),
(29, 'Dhiraj kumar', '2020-03-18 17:02:16', '8670122951', '2020-03-20 17:10:21', '2020-03-20 18:44:22', 1, '91'),
(30, 'Raj Kumari', '2020-03-18 17:15:36', '9896201750', '2020-03-21 16:37:15', '2020-03-21 17:15:29', 1, '91'),
(31, 'Rajul Mehta', '2020-03-18 18:28:17', '9822027832', '2020-03-21 21:38:02', '2020-03-21 21:39:33', 1, '91'),
(32, 'madhuvanthi', '2020-03-18 18:45:45', '7299141340', '2020-03-19 18:55:33', '2020-03-19 21:07:17', 1, '91'),
(33, 'BHARATHI R ', '2020-03-18 18:46:06', '9901399550', '2020-03-19 18:46:29', '2020-03-19 21:03:29', 1, '91'),
(34, 'Sureshchandra', '2020-03-18 21:01:43', '9924713240', '2020-03-19 19:03:38', '2020-03-19 21:21:49', 1, '91'),
(35, 'ATHISIVAM PRABHU', '2020-03-18 21:14:14', '7598134220', '2020-03-18 21:14:14', '2020-03-18 21:15:45', 0, '91'),
(36, 'sanjay agrawal', '2020-03-18 21:22:50', '0921053230', '2020-03-18 21:22:50', '2020-03-18 21:23:40', 0, '91'),
(37, 'VINOD J PATEL', '2020-03-18 21:37:48', '9552508077', '2020-03-19 18:52:02', '2020-03-19 20:52:35', 1, '91'),
(38, 'PAWAN Shilwant', '2020-03-18 23:26:27', '112345667', '2020-03-18 23:26:27', '2020-03-18 23:40:29', 1, '93'),
(39, 'PAWAN Shilwant', '2020-03-18 23:40:11', '22345677788', '2020-03-18 23:40:11', '2020-03-18 23:40:41', 1, '93'),
(40, 'Bharat Trivedi', '2020-03-18 23:53:15', '9820858836', '2020-03-19 18:52:23', '2020-03-19 23:21:59', 1, '91'),
(41, 'Amandeep Singh Sachdeva', '2020-03-19 06:55:13', '9815138956', '2020-03-19 18:51:02', '2020-03-19 21:36:02', 1, '91'),
(42, 'Kanaka Raju Palika', '2020-03-19 07:03:40', '9908061045', '2020-03-20 14:25:11', '2020-03-20 14:27:40', 1, '91'),
(43, 'Navneet sharma', '2020-03-19 07:50:49', '9218615250', '2020-03-19 07:50:49', '2020-03-19 07:51:49', 1, '91'),
(44, 'Shripad vasudeo jog', '2020-03-19 08:03:59', '9850114586', '2020-03-20 09:51:49', '2020-03-20 09:52:19', 1, '91'),
(45, 'Vithabai Laxman Bais', '2020-03-19 08:33:20', '9762136327', '2020-03-19 18:49:25', '2020-03-19 21:19:22', 1, '91'),
(46, 'Dr Ashok Kumar Dhurandhar', '2020-03-19 08:40:55', '9425212626', '2020-03-20 12:40:15', '2020-03-20 12:41:53', 1, '91'),
(47, 'Ashokbhai', '2020-03-19 09:15:41', '9924384662', '2020-03-20 19:27:31', '2020-03-20 19:40:32', 1, '91'),
(48, 'PALAK NAIK', '2020-03-19 10:49:19', '09537220210', '2020-03-19 10:49:19', '2020-03-19 10:58:06', 1, '91'),
(49, 'Pampanath CV', '2020-03-19 10:50:55', '09844120802', '2020-03-19 18:27:54', '2020-03-19 21:07:22', 0, '91'),
(50, 'SushmaKhanna', '2020-03-19 10:59:50', '9896444777', '2020-03-20 12:02:51', '2020-03-20 12:18:22', 1, '91'),
(51, 'Murtaza Burhanpurwala', '2020-03-19 11:00:22', '9769245971', '2020-03-19 18:56:22', '2020-03-19 20:56:52', 1, '91'),
(52, 'SANJEEV KUMAR GARG', '2020-03-19 11:26:46', '9417605616', '2020-03-20 14:01:46', '2020-03-20 15:54:59', 0, '91'),
(53, 'Darshana', '2020-03-19 12:06:03', '9833205873', '2020-03-20 13:13:31', '2020-03-20 13:25:32', 1, '91'),
(54, 'Jignesh shah', '2020-03-19 12:20:36', '9510474404', '2020-03-19 18:58:41', '2020-03-19 21:05:41', 1, '91'),
(55, 'Jethalal Tekwani', '2020-03-19 12:37:06', '8780313233', '2020-03-19 18:54:20', '2020-03-19 21:26:05', 1, '91'),
(56, 'Vinayak Gorade', '2020-03-19 12:45:48', '9765569765', '2020-03-19 18:58:52', '2020-03-19 21:07:54', 1, '91'),
(57, 'Manish Bhagat', '2020-03-19 13:02:57', '9199826368', '2020-03-19 18:47:09', '2020-03-19 20:53:36', 1, '91'),
(58, 'pawan', '2020-03-19 13:23:28', '9545329222', '2020-03-20 12:48:00', '2020-03-20 12:48:30', 1, '91'),
(59, 'Rajiv Kubal', '2020-03-19 13:40:46', '9920145193', '2020-03-19 13:40:46', '2020-03-19 13:58:31', 1, '91'),
(60, 'Anand Kumar Singh', '2020-03-19 13:49:42', '9532355555', '2020-03-19 19:11:46', '2020-03-19 21:02:15', 1, '91'),
(61, 'Ekta ', '2020-03-19 14:26:10', '8407920044', '2020-03-19 18:43:30', '2020-03-19 20:51:36', 0, '91'),
(62, 'Ankita rathi', '2020-03-19 14:31:09', '9730018479', '2020-03-19 18:49:51', '2020-03-19 21:16:00', 1, '91'),
(63, 'Jayaprakash ', '2020-03-19 14:57:42', '9370304423', '2020-03-19 18:40:16', '2020-03-19 18:48:08', 1, '91'),
(64, 'gajanan Pai', '2020-03-19 15:06:00', '9322375159', '2020-03-19 15:06:00', '2020-03-19 15:35:04', 1, '91'),
(65, 'Parveen Kumar Langer', '2020-03-19 15:06:03', '09988424855', '2020-03-19 19:57:23', '2020-03-19 20:38:24', 1, '91'),
(66, 'Rupali', '2020-03-19 15:12:41', '9881146894', '2020-03-19 18:45:39', '2020-03-19 21:07:42', 1, '91'),
(67, 'Aarti Jain', '2020-03-19 15:37:00', '9404233686', '2020-03-21 21:38:24', '2020-03-22 00:49:27', 1, '91'),
(68, 'Roshan', '2020-03-19 16:20:34', '9909952759', '2020-03-19 18:53:50', '2020-03-19 22:29:50', 1, '91'),
(69, 'Padma Pai', '2020-03-19 16:21:56', '9324628381', '2020-03-19 19:18:11', '2020-03-19 21:09:42', 1, '91'),
(70, 'Mayur Gujarathi', '2020-03-19 16:24:43', '9819949193', '2020-03-20 21:26:57', '2020-03-20 21:33:04', 1, '91'),
(71, 'SATYENDRA KUMAR SINHA', '2020-03-19 16:26:25', '9771460674', '2020-03-19 19:00:24', '2020-03-19 19:08:50', 0, '91'),
(72, 'Saravanamoorthy M', '2020-03-19 16:31:08', '9789329208', '2020-03-20 21:44:23', '2020-03-20 21:56:53', 1, '91'),
(73, 'Dr kanta Aggarwal ', '2020-03-19 16:35:53', '9868156430', '2020-03-19 18:54:15', '2020-03-19 19:04:55', 1, '91'),
(74, 'V V Pratap Reddy', '2020-03-19 16:36:48', '9490105385', '2020-03-19 18:23:48', '2020-03-19 21:11:49', 1, '91'),
(75, 'dr kanta aggarwal', '2020-03-19 16:39:21', '+919868156430', '2020-03-19 18:42:15', '2020-03-19 21:05:18', 1, '91'),
(76, 'Kavya', '2020-03-19 16:45:17', '9460928439', '2020-03-21 11:47:47', '2020-03-21 12:55:48', 1, '91'),
(77, 'hema murali', '2020-03-19 16:50:37', '7738364970', '2020-03-19 18:29:33', '2020-03-19 21:09:05', 1, '91'),
(78, 'rajan', '2020-03-19 16:53:14', '8870106110', '2020-03-21 11:23:36', '2020-03-21 12:12:11', 1, '91'),
(79, 'D V Ramana Murthy', '2020-03-19 16:56:12', '9440428546', '2020-03-20 15:15:52', '2020-03-20 15:16:52', 1, '91'),
(80, 'Sujatha ', '2020-03-19 17:07:34', '9845563760', '2020-03-20 08:20:22', '2020-03-20 08:21:15', 0, '91'),
(81, 'Govinda Kubal', '2020-03-19 17:07:54', '9821949887', '2020-03-20 17:54:04', '2020-03-20 17:55:36', 1, '91'),
(82, 'Jagdish kori', '2020-03-19 17:10:05', '7977611017', '2020-03-19 19:00:41', '2020-03-19 20:33:20', 1, '91'),
(83, 'Geetha R Bhat', '2020-03-19 17:21:30', '9449860185', '2020-03-19 21:05:28', '2020-03-19 21:13:29', 1, '91'),
(84, 'p srinivas', '2020-03-19 17:24:06', '9490193566', '2020-03-19 18:48:40', '2020-03-19 21:46:16', 0, '91'),
(85, 'L Ramu ', '2020-03-19 17:29:13', '9542023322', '2020-03-21 08:21:53', '2020-03-21 10:32:05', 0, '91'),
(86, 'Aditi Verma', '2020-03-19 17:30:04', '9501902000', '2020-03-19 18:47:26', '2020-03-19 21:33:27', 1, '91'),
(87, 'Dr.Veda patil', '2020-03-19 17:30:57', '9823096926', '2020-03-21 15:13:26', '2020-03-21 18:34:30', 1, '91'),
(88, 'Pradeep Gangurde', '2020-03-19 17:31:01', '9833990444', '2020-03-19 17:31:01', '2020-03-19 17:37:09', 1, '91'),
(89, 'Apurv jain', '2020-03-19 17:31:54', '9810445608', '2020-03-19 17:31:54', '2020-03-19 17:32:55', 1, '91'),
(90, 'Chetan', '2020-03-19 17:32:29', '9766106096', '2020-03-20 11:20:25', '2020-03-20 11:21:55', 0, '91'),
(91, 'Mohan Das N', '2020-03-19 17:38:16', '9845088966', '2020-03-20 18:34:12', '2020-03-21 02:12:22', 1, '91'),
(92, 'RAJNI SINGH', '2020-03-19 17:41:05', '8452955485', '2020-03-19 17:41:05', '2020-03-19 21:07:25', 1, '91'),
(93, 'Kapil Chawla', '2020-03-19 17:41:55', '9899662425', '2020-03-19 19:43:45', '2020-03-19 19:45:46', 1, '91'),
(94, 'Yuvaraj a s', '2020-03-19 17:43:29', '7708929491', '2020-03-19 18:43:23', '2020-03-19 22:07:24', 1, '91'),
(95, 'Shanmuganathan  Murugesa ', '2020-03-19 17:44:00', '80562 33234', '2020-03-20 23:22:22', '2020-03-21 02:07:58', 0, '1'),
(96, 'L madhusudhanarao', '2020-03-19 17:44:32', '9347508300', '2020-03-20 08:38:14', '2020-03-20 08:38:44', 1, '91'),
(97, 'Avinash Warke', '2020-03-19 17:44:52', '09987774315', '2020-03-19 18:53:32', '2020-03-19 21:07:32', 1, '91'),
(98, 'Pradeep T. Pawar', '2020-03-19 17:44:54', '9820186121', '2020-03-19 17:44:54', '2020-03-19 21:22:35', 1, '91'),
(99, 'Charu chawla', '2020-03-19 17:45:17', '8010311822', '2020-03-19 17:45:17', '2020-03-19 17:46:17', 1, '91'),
(100, 'Deepali Shirgave', '2020-03-19 17:48:54', '9850965709', '2020-03-19 18:55:13', '2020-03-19 21:11:44', 1, '91'),
(101, 'Dipti', '2020-03-19 17:49:01', '9582220958', '2020-03-19 18:58:02', '2020-03-19 19:57:54', 1, '91'),
(102, 'TAHIR SHAH', '2020-03-19 18:00:56', '8606322123', '2020-03-20 11:32:02', '2020-03-20 11:33:02', 1, '91'),
(103, 'Vivek khatri', '2020-03-19 18:02:04', '9820232925', '2020-03-20 14:27:21', '2020-03-20 15:22:28', 1, '91'),
(104, 'Mohamad sofik islam', '2020-03-19 18:09:29', '01713116780', '2020-03-20 15:46:51', '2020-03-20 20:01:03', 1, '880'),
(105, 'Shailesh jha', '2020-03-19 18:10:05', '9892842995', '2020-03-19 18:49:48', '2020-03-19 21:06:44', 1, '91'),
(106, 'Thothadri', '2020-03-19 18:11:22', '8939161805', '2020-03-19 18:52:15', '2020-03-19 21:05:10', 0, '91'),
(107, 'Mallikarjun', '2020-03-19 18:15:47', '9535100444', '2020-03-19 18:56:03', '2020-03-19 21:10:29', 1, '91'),
(108, 'Nimisha Shah', '2020-03-19 18:16:51', '9088128768', '2020-03-21 21:19:16', '2020-03-22 01:22:33', 1, '1'),
(109, 'Prakash Ganpat Mehta', '2020-03-19 18:16:53', '9892887921', '2020-03-19 18:46:19', '2020-03-19 21:06:49', 1, '91'),
(110, 'PAWAN Shilwant', '2020-03-19 18:17:31', '9545320222', '2020-03-19 18:17:31', '2020-03-19 18:18:01', 1, '93'),
(111, 'Nirmallya Kar', '2020-03-19 18:19:49', '9810937547', '2020-03-19 18:19:49', '2020-03-19 21:08:49', 1, '91'),
(112, 'Lakshmi Balaganesh', '2020-03-19 18:21:20', '9940678054', '2020-03-19 18:36:09', '2020-03-19 21:24:09', 1, '91'),
(113, 'Pooja Marathe', '2020-03-19 18:24:05', '9970720924', '2020-03-20 20:22:56', '2020-03-20 22:09:24', 1, '91'),
(114, 'Rajalakshmi', '2020-03-19 18:24:38', '9845362142', '2020-03-19 18:24:38', '2020-03-19 21:15:32', 1, '91'),
(115, 'Ravi Diwakar', '2020-03-19 18:25:33', '9818917111', '2020-03-19 21:11:38', '2020-03-19 21:11:46', 0, '91'),
(116, 'James Samuel ', '2020-03-19 18:26:11', '9909008982', '2020-03-19 19:20:22', '2020-03-19 20:51:28', 1, '91'),
(117, 'Rima Khandekar', '2020-03-19 18:27:31', '9967621400', '2020-03-19 18:27:31', '2020-03-19 21:40:51', 1, '91'),
(118, 'Manish shah', '2020-03-19 18:28:05', '9833177646', '2020-03-19 18:28:05', '2020-03-19 18:28:11', 0, '91'),
(119, 'Rajeshree', '2020-03-19 18:28:11', '8322534774', '2020-03-22 17:56:56', '2020-03-22 18:08:57', 1, '1'),
(120, 'Manish shah', '2020-03-19 18:28:57', '9833177616', '2020-03-19 18:52:28', '2020-03-19 21:07:59', 1, '91'),
(121, 'PARTHKUMAR SALUNKE', '2020-03-19 18:29:29', '7774066944', '2020-03-19 20:03:14', '2020-03-19 21:06:15', 1, '91'),
(122, 'Hiral Gangani', '2020-03-19 18:29:45', '09099101144', '2020-03-21 20:42:19', '2020-03-21 21:29:44', 1, '91'),
(123, 'Gurunatha Rao', '2020-03-19 18:29:50', '9820135539', '2020-03-19 18:59:57', '2020-03-19 19:07:23', 0, '91'),
(124, 'Aarti', '2020-03-19 18:29:50', '9820923549', '2020-03-19 19:09:11', '2020-03-19 21:00:58', 0, '91'),
(125, 'MURTHY K V S', '2020-03-19 18:30:11', '9980406884', '2020-03-19 18:46:56', '2020-03-19 21:08:23', 0, '91'),
(126, 'Milind Huparikar', '2020-03-19 18:30:13', '9850366314', '2020-03-20 11:00:30', '2020-03-20 13:11:23', 1, '91'),
(127, 'Shridevi Shetty', '2020-03-19 18:31:39', '08779616378', '2020-03-19 21:15:36', '2020-03-19 21:16:37', 1, '91'),
(128, 'Nishant Bansal', '2020-03-19 18:31:55', '9371021850', '2020-03-20 21:32:06', '2020-03-21 00:30:28', 1, '91'),
(129, 'Laxmi Chand', '2020-03-19 18:32:09', '8898340190', '2020-03-19 19:05:16', '2020-03-19 21:08:17', 0, '91'),
(130, 'Mahesh Bhavsar', '2020-03-19 18:32:11', '9822073653', '2020-03-19 18:47:34', '2020-03-19 21:14:04', 1, '91'),
(131, ' Muruganantham', '2020-03-19 18:32:14', '9840487057', '2020-03-19 19:28:16', '2020-03-19 21:09:43', 1, '91'),
(132, 'SURENDRA KUMAR SHAW', '2020-03-19 18:32:51', '8100242100', '2020-03-19 18:48:02', '2020-03-19 21:13:33', 1, '91'),
(133, 'Rajeev Jagtap ', '2020-03-19 18:32:59', '9822026707', '2020-03-19 19:27:53', '2020-03-19 21:09:05', 1, '91'),
(134, 'Feena Lazar', '2020-03-19 18:33:31', '9535201693', '2020-03-19 19:24:12', '2020-03-19 21:08:43', 1, '91'),
(135, 'Er SAUJANYA GUPTA', '2020-03-19 18:33:35', '9826267010', '2020-03-21 10:07:55', '2020-03-22 20:53:27', 1, '91'),
(136, 'udaykumar', '2020-03-19 18:33:42', '09820449779', '2020-03-19 21:13:34', '2020-03-19 21:32:06', 0, '91'),
(137, 'janhavi', '2020-03-19 18:33:50', '6144996564', '2020-03-19 21:20:56', '2020-03-19 21:46:28', 1, '1'),
(138, 'Hansa Advani ', '2020-03-19 18:34:38', '9820210907', '2020-03-19 18:34:38', '2020-03-19 18:43:27', 1, '91'),
(139, 'RAVINDRANATH MENKAR', '2020-03-19 18:34:47', '9822951470', '2020-03-19 18:34:47', '2020-03-19 21:08:18', 1, '91'),
(140, 'Kumuda Kannan', '2020-03-19 18:34:50', '7483411293', '2020-03-19 18:34:50', '2020-03-19 21:07:16', 0, '91'),
(141, 'Mahesh Dharmatti', '2020-03-19 18:35:18', '9028099225', '2020-03-19 18:35:18', '2020-03-19 21:07:04', 1, '91'),
(142, 'mohan', '2020-03-19 18:35:23', '9818851126', '2020-03-19 18:52:02', '2020-03-19 21:12:04', 1, '91'),
(143, 'Sudipta choubey', '2020-03-19 18:35:29', '9977425040', '2020-03-19 18:35:29', '2020-03-19 21:07:28', 0, '91'),
(144, 'Samir Patel', '2020-03-19 18:35:39', '9825057792', '2020-03-19 18:35:39', '2020-03-19 21:06:10', 1, '91'),
(145, 'Saibal Das', '2020-03-19 18:35:56', '9830297844', '2020-03-19 18:46:23', '2020-03-19 21:24:53', 1, '91'),
(146, 'Avinash Pawar', '2020-03-19 18:36:01', '9879508922', '2020-03-19 18:51:23', '2020-03-19 21:20:24', 1, '91'),
(147, 'Leela Shaju', '2020-03-19 18:36:14', '9388472487', '2020-03-19 18:36:14', '2020-03-19 21:56:48', 1, '91'),
(148, 'Sujatha Garapaty', '2020-03-19 18:36:14', '9849552888', '2020-03-19 18:41:38', '2020-03-19 21:45:00', 0, '91'),
(149, 'V.Kalidoss', '2020-03-19 18:36:40', '9962078965', '2020-03-20 08:50:36', '2020-03-20 08:51:06', 1, '91'),
(150, 'Sanjay Mahensaria ', '2020-03-19 18:36:49', '9811706483', '2020-03-19 18:45:32', '2020-03-19 21:11:33', 1, '91'),
(151, 'Urmila', '2020-03-19 18:37:09', '7720023722', '2020-03-20 17:54:02', '2020-03-20 18:59:03', 1, '91'),
(152, 'Samir Patel', '2020-03-19 18:37:40', '+919825057792', '2020-03-19 18:37:40', '2020-03-19 19:03:22', 1, '91'),
(153, 'HARISH KUMAR', '2020-03-19 18:37:53', '9888043395', '2020-03-21 21:50:53', '2020-03-21 22:26:23', 1, '91'),
(154, 'Priya Patil', '2020-03-19 18:38:10', '9971183019', '2020-03-19 18:57:24', '2020-03-19 19:34:02', 1, '91'),
(155, 'Violet Dcosta', '2020-03-19 18:38:31', '09821440228', '2020-03-19 18:38:31', '2020-03-19 21:07:02', 1, '91'),
(156, 'Sudhir Mundkur', '2020-03-19 18:38:37', '7387250999', '2020-03-19 18:59:02', '2020-03-19 20:58:32', 1, '91'),
(157, 'Satish Kumar ', '2020-03-19 18:38:40', '8596987435', '2020-03-20 22:24:43', '2020-03-20 22:48:13', 1, '91'),
(158, 'Rushil Sarang', '2020-03-19 18:38:49', '919819553321', '2020-03-19 18:38:49', '2020-03-19 21:36:38', 1, '91'),
(159, 'Indranil Guha', '2020-03-19 18:39:57', '9167099390', '2020-03-19 18:39:57', '2020-03-19 22:44:39', 1, '91'),
(160, 'Sachin Patil', '2020-03-19 18:40:36', '9545051444', '2020-03-19 18:40:36', '2020-03-19 21:08:47', 1, '91'),
(161, 'Suryakanthamma', '2020-03-19 18:40:47', '9986999665', '2020-03-19 18:40:47', '2020-03-19 20:55:27', 1, '91'),
(162, 'Rakesh Kumar', '2020-03-19 18:40:48', '8133818254', '2020-03-20 10:24:05', '2020-03-20 10:41:29', 1, '91'),
(163, 'Yeshogandha Prabhakar Sant', '2020-03-19 18:41:09', '+919821285702', '2020-03-19 18:41:09', '2020-03-19 21:10:21', 1, '91'),
(164, 'Sucheta Kulkarni', '2020-03-19 18:41:14', '9742690459', '2020-03-20 00:13:57', '2020-03-20 00:25:28', 1, '91'),
(165, 'KISHORE PRABHU', '2020-03-19 18:41:15', '9029000747', '2020-03-19 18:41:15', '2020-03-19 20:51:15', 1, '91'),
(166, 'Prabhu', '2020-03-19 18:41:16', '9295042235', '2020-03-19 18:41:16', '2020-03-19 21:08:17', 1, '91'),
(167, 'Shilpa Varadharajan', '2020-03-19 18:41:34', '9177019498', '2020-03-19 18:46:33', '2020-03-19 21:11:11', 1, '91'),
(168, 'Bharati mehta', '2020-03-19 18:41:40', '9867779479', '2020-03-19 19:23:45', '2020-03-19 21:13:16', 1, '91'),
(169, 'Hira Oswal', '2020-03-19 18:41:50', '9372072490', '2020-03-19 18:45:02', '2020-03-19 21:35:35', 1, '91'),
(170, 'Meghana Patil', '2020-03-19 18:42:38', '8888899123', '2020-03-19 18:46:22', '2020-03-19 21:12:24', 0, '91'),
(171, 'Manoj Kumar', '2020-03-19 18:42:41', '9847531850', '2020-03-19 18:42:41', '2020-03-19 21:11:21', 0, '91'),
(172, 'Shobha K', '2020-03-19 18:42:45', '09833260257', '2020-03-19 18:46:41', '2020-03-19 21:14:13', 0, '91'),
(173, 'GIRIJA SRINIVASAN', '2020-03-19 18:42:45', '9890713217', '2020-03-19 18:42:45', '2020-03-19 21:18:50', 0, '91'),
(174, 'Dhawale', '2020-03-19 18:42:51', '9819121500', '2020-03-19 18:55:53', '2020-03-19 21:13:48', 1, '91'),
(175, 'P V RAMA GOPAL', '2020-03-19 18:42:51', '9849382807', '2020-03-19 18:42:51', '2020-03-19 22:41:28', 1, '91'),
(176, 'Sharad Vaidya', '2020-03-19 18:42:56', '9833388512', '2020-03-19 18:42:56', '2020-03-19 20:57:57', 1, '91'),
(177, 'sheela gowda', '2020-03-19 18:43:03', '9892280173', '2020-03-21 16:37:05', '2020-03-21 16:38:36', 1, '91'),
(178, 'Navneet sharma', '2020-03-19 18:43:24', '9218615350', '2020-03-19 18:43:24', '2020-03-19 21:04:42', 1, '91'),
(179, 'Pugalenthy', '2020-03-19 18:43:42', '9080019347', '2020-03-31 13:22:39', '2020-03-31 13:26:11', 1, '91'),
(180, 'Pushpalata ', '2020-03-19 18:43:43', '9987099073', '2020-03-22 10:42:09', '2020-03-22 11:31:41', 1, '91'),
(181, 'Ganesan Rengasamy', '2020-03-19 18:43:50', '9443100479', '2020-03-20 12:20:21', '2020-03-20 12:21:22', 1, '91'),
(182, 'Rajendra Bhagwat', '2020-03-19 18:43:52', '9370626812', '2020-03-19 20:59:01', '2020-03-19 21:01:05', 1, '91'),
(183, 'shailendra singh', '2020-03-19 18:43:55', '7020858812', '2020-03-19 18:46:59', '2020-03-19 21:01:29', 1, '91'),
(184, 'Rajalakshmi Sukumar', '2020-03-19 18:44:02', '9811819452', '2020-03-19 20:01:19', '2020-03-19 21:10:50', 1, '91'),
(185, 'saikat pandit', '2020-03-19 18:44:05', '9980699772', '2020-03-19 18:46:53', '2020-03-20 09:35:11', 1, '91'),
(186, 'HI This is Vishal, Email : vishal.swami@gmail.com', '2020-03-19 18:44:18', '9900038024', '2020-03-19 18:47:25', '2020-03-19 21:30:40', 0, '91'),
(187, 'R C Ramani', '2020-03-19 18:44:23', '9850818843', '2020-03-19 18:44:23', '2020-03-19 21:08:59', 0, '91'),
(188, 'Balwant Singh Bhatia', '2020-03-19 18:44:25', '9418041334', '2020-03-19 18:44:25', '2020-03-19 21:16:35', 1, '91'),
(189, 'sushil khot', '2020-03-19 18:44:37', '9152805660', '2020-03-19 18:44:37', '2020-03-19 20:47:15', 0, '91'),
(190, 'S Radha', '2020-03-19 18:44:38', '8618187500', '2020-03-19 18:44:38', '2020-03-19 21:24:08', 1, '91'),
(191, 'Jai Kankaria', '2020-03-19 18:44:45', '8949672383', '2020-03-19 18:44:45', '2020-03-19 21:48:17', 1, '91'),
(192, 'Geetanjali Saxena', '2020-03-19 18:44:49', '09322127722', '2020-03-19 18:44:49', '2020-03-19 20:54:54', 1, '91'),
(193, 'Suman ', '2020-03-19 18:44:52', '9820972676', '2020-03-19 21:10:56', '2020-03-19 22:05:10', 1, '91'),
(194, 'Hoshang Vajifdar', '2020-03-19 18:45:03', '9821089438', '2020-03-20 21:31:59', '2020-03-20 21:33:29', 1, '91'),
(195, 'Vijaysinh Patil', '2020-03-19 18:45:07', '09867004912', '2020-03-19 18:47:16', '2020-03-19 21:08:54', 1, '91'),
(196, 'Vinod Kumar Konne', '2020-03-19 18:45:09', '9553483562', '2020-03-19 18:45:09', '2020-03-19 21:07:34', 1, '91'),
(197, 'YP RAO', '2020-03-19 18:45:19', '9818815084', '2020-03-19 18:45:19', '2020-03-19 21:45:20', 1, '91'),
(198, 'Raju Bhoite', '2020-03-19 18:45:22', '9890038255', '2020-03-19 18:45:22', '2020-03-19 21:45:22', 1, '91'),
(199, 'Hansa Advani', '2020-03-19 18:45:22', '+919820210907', '2020-03-19 18:45:22', '2020-03-19 21:10:26', 1, '91'),
(200, 'Sanjeev Kumar Garg', '2020-03-19 18:45:25', '9427605616', '2020-03-19 18:45:25', '2020-03-19 20:09:45', 1, '91'),
(201, 'Ram Dhan Bunkar', '2020-03-19 18:45:25', '07568553009', '2020-03-19 18:45:25', '2020-03-19 21:06:14', 1, '91'),
(202, 'Yash Motwani ', '2020-03-19 18:45:26', '8005946083', '2020-04-28 10:14:16', '2020-04-28 10:14:46', 1, '91'),
(203, 'Sangita Agarwalla', '2020-03-19 18:45:31', '9711468879', '2020-03-19 18:45:31', '2020-03-19 20:55:02', 1, '91'),
(204, 'MV Subhalakshmi', '2020-03-19 18:45:33', '9820045579', '2020-03-19 18:47:54', '2020-03-19 20:56:59', 0, '91'),
(205, 'Akanksha', '2020-03-19 18:45:36', '9404309485', '2020-03-19 19:30:54', '2020-03-19 22:02:25', 1, '91'),
(206, 'A RAVI KUMAR', '2020-03-19 18:45:37', '9381726617', '2020-03-19 18:45:37', '2020-03-19 20:28:08', 0, '91'),
(207, 'Lakshmi G', '2020-03-19 18:45:39', '9945466836', '2020-03-20 10:05:26', '2020-03-20 10:33:51', 1, '91'),
(208, 'SUNDARARAJA RAO', '2020-03-19 18:45:44', '934383082', '2020-03-19 18:45:44', '2020-03-19 20:59:04', 0, '91'),
(209, 'Ashwini kurle', '2020-03-19 18:45:44', '09920955842', '2020-03-19 18:45:44', '2020-03-19 21:02:21', 0, '91'),
(210, 'Vikash Choudhary ', '2020-03-19 18:45:44', '9437045101', '2020-03-20 11:16:59', '2020-03-20 12:14:50', 1, '91'),
(211, 'Karthikeyan ', '2020-03-19 18:45:46', '4087484086', '2020-03-21 21:54:35', '2020-03-22 09:09:33', 1, '1'),
(212, 'Vadla Baskara Chary', '2020-03-19 18:45:53', '9989340562', '2020-03-19 18:45:53', '2020-03-19 21:41:24', 1, '91'),
(213, 'Srimoy behera', '2020-03-19 18:45:56', '8861865971', '2020-03-19 20:55:40', '2020-03-19 21:20:00', 1, '91'),
(214, 'N Guruprasad', '2020-03-19 18:46:06', '9341949209', '2020-03-19 18:46:06', '2020-03-19 21:04:39', 0, '91'),
(215, 'Valerian deSouza', '2020-03-19 18:46:07', '9881245612', '2020-03-19 19:43:50', '2020-03-19 21:24:20', 1, '91'),
(216, 'Suchit', '2020-03-19 18:46:11', '9879165714', '2020-03-21 23:19:47', '2020-03-21 23:54:17', 1, '91'),
(217, 'Venkatraman', '2020-03-19 18:46:12', '9820316256', '2020-03-19 18:46:12', '2020-03-19 21:08:41', 1, '91'),
(218, 'Vinayak Pawar ', '2020-03-19 18:46:19', '9922333007 ', '2020-03-19 18:55:50', '2020-03-19 21:11:20', 1, '91'),
(219, 'Nayan', '2020-03-19 18:46:22', '9909011276', '2020-03-19 19:51:25', '2020-03-19 21:11:25', 1, '91'),
(220, 'Raghu Nekkanti', '2020-03-19 18:46:28', '9921050079', '2020-03-24 10:22:04', '2020-03-24 10:23:05', 1, '91'),
(221, 'Vinay Kumar Saxena ', '2020-03-19 18:46:31', '9871829992', '2020-03-21 17:55:58', '2020-03-21 20:00:55', 1, '91'),
(222, 'Kavita Thaware', '2020-03-19 18:46:31', '9422539485', '2020-03-19 18:46:31', '2020-03-19 21:19:58', 1, '91'),
(223, 'Bhartish Chandra Consul', '2020-03-19 18:46:31', '9831079119', '2020-03-22 13:12:41', '2020-03-22 13:16:12', 1, '91'),
(224, 'sujata sanyal', '2020-03-19 18:46:32', '9820148114', '2020-03-19 18:46:32', '2020-03-19 20:14:15', 0, '91'),
(225, 'G.S.Rao', '2020-03-19 18:46:35', '9491680970', '2020-03-19 18:46:35', '2020-03-19 21:09:05', 1, '91'),
(226, 'M Purushotham Reddy', '2020-03-19 18:46:55', '9394764835', '2020-03-19 18:46:55', '2020-03-19 20:12:38', 1, '91'),
(227, 'SUHAS BABURAO KULKARNI', '2020-03-19 18:46:58', '8499964347', '2020-03-19 18:46:58', '2020-03-19 20:52:58', 1, '91'),
(228, 'Pon Aananth ', '2020-03-19 18:47:00', '7200010023', '2020-03-19 21:14:32', '2020-03-19 21:23:02', 1, '91'),
(229, 'Sripriya Venkataraman', '2020-03-19 18:47:09', '9994055055', '2020-03-19 18:47:09', '2020-03-19 21:15:24', 1, '91'),
(230, 'Priyanka', '2020-03-19 18:47:10', '7757045213', '2020-03-20 21:10:55', '2020-03-20 21:11:25', 1, '91'),
(231, 'Neela shah', '2020-03-19 18:47:15', '9822650011', '2020-03-19 21:06:36', '2020-03-19 21:08:37', 1, '91'),
(232, 'R Jagannathan', '2020-03-19 18:47:17', '8825456106', '2020-03-19 19:50:01', '2020-03-19 21:47:48', 1, '91'),
(233, 'JASBIR SINGH', '2020-03-19 18:47:22', '8799492398', '2020-03-19 18:47:22', '2020-03-19 21:34:23', 1, '91'),
(234, 'Deepak Parab', '2020-03-19 18:47:27', '7066531782', '2020-03-20 18:01:43', '2020-03-20 18:08:48', 1, '91'),
(235, 'Sadanand', '2020-03-19 18:47:32', '7379139777', '2020-03-19 18:47:32', '2020-03-19 21:00:59', 1, '91'),
(236, 'Ashok Somami', '2020-03-19 18:47:45', '9922909011', '2020-03-19 18:47:45', '2020-03-19 19:28:46', 1, '91'),
(237, 'A C Shrivastava', '2020-03-19 18:47:56', '9407982106', '2020-03-19 20:28:13', '2020-03-19 21:08:44', 1, '91'),
(238, 'VASANTHARAJAN R', '2020-03-19 18:47:56', '8939130395', '2020-03-19 18:47:56', '2020-03-20 00:35:57', 1, '91'),
(239, 'Binod', '2020-03-19 18:48:05', '09431992338', '2020-03-19 18:48:05', '2020-03-19 21:07:12', 0, '91'),
(240, 'PS', '2020-03-19 18:48:17', '992062882', '2020-03-19 18:48:17', '2020-03-19 21:22:48', 1, '91'),
(241, 'Kishor Pednekar ', '2020-03-19 18:48:19', '09004191234', '2020-03-22 12:34:57', '2020-03-22 13:28:22', 1, '91'),
(242, 'S S Prasad', '2020-03-19 18:48:21', '7091686669', '2020-03-21 17:32:42', '2020-03-21 17:55:33', 0, '91'),
(243, 'Ghanshyam Lakhani', '2020-03-19 18:48:25', '09825896155', '2020-03-19 18:54:26', '2020-03-19 19:02:35', 0, '91'),
(244, 'Nandakumar Menon', '2020-03-19 18:48:31', '9867019320', '2020-03-19 18:48:31', '2020-03-19 21:36:01', 1, '91'),
(245, 'Unnikrishnan S', '2020-03-19 18:48:31', '9540265445', '2020-03-19 18:53:31', '2020-03-19 21:09:14', 0, '91'),
(246, 'Yash Anand', '2020-03-19 18:48:38', '07738355687', '2020-03-20 11:43:22', '2020-03-20 12:30:09', 1, '91'),
(247, 'ATHISIVAM PRABHU', '2020-03-19 18:48:39', '07598134220', '2020-03-19 18:48:39', '2020-03-19 21:09:09', 1, '91'),
(248, 'VARIDHISH GUPTA', '2020-03-19 18:48:40', '8318066382', '2020-05-06 20:07:30', '2020-05-06 20:08:00', 1, '91'),
(249, 'Mrs Kamal Dhabadge', '2020-03-19 18:48:44', '9860763953', '2020-03-19 18:48:44', '2020-03-19 21:17:46', 1, '91'),
(250, 'TARUN', '2020-03-19 18:48:50', '758149148', '2020-03-19 18:48:50', '2020-03-19 20:55:33', 0, '254'),
(251, 'Manju Pande', '2020-03-19 18:49:00', '7771096066', '2020-03-19 18:49:00', '2020-03-19 20:47:01', 1, '91'),
(252, 'Sangeeta Kukreja', '2020-03-19 18:49:01', '09811611456', '2020-03-19 18:49:01', '2020-03-19 21:53:39', 1, '91'),
(253, 'ROZINA ', '2020-03-19 18:49:06', '9765065066', '2020-03-20 16:58:05', '2020-03-20 17:00:35', 1, '91'),
(254, 'Raman Mehra', '2020-03-19 18:49:06', '7696546370', '2020-03-19 18:49:06', '2020-03-19 21:45:39', 1, '91'),
(255, 'SHRIKANT KULKARNI', '2020-03-19 18:49:11', '9425682088', '2020-03-21 22:54:21', '2020-03-21 22:56:52', 1, '91'),
(256, 'Nivedita Mohanty', '2020-03-19 18:49:13', '9892802258', '2020-03-19 18:49:13', '2020-03-19 21:21:14', 1, '91'),
(257, 'Monika Ahlawat ', '2020-03-19 18:49:17', '9311610897', '2020-03-19 20:40:07', '2020-03-19 21:08:38', 1, '91'),
(258, 'SANJIVANI INAMDAR', '2020-03-19 18:49:21', '9822032353', '2020-03-19 18:49:21', '2020-03-19 21:06:22', 1, '91'),
(259, 'Andal', '2020-03-19 18:49:24', '9603888456', '2020-03-21 21:22:41', '2020-03-21 21:50:54', 1, '91'),
(260, 'sanjay agrawal ', '2020-03-19 18:49:26', '9821053230', '2020-03-19 21:14:40', '2020-03-19 22:08:53', 1, '91'),
(261, 'daksha mashruwala', '2020-03-19 18:49:27', '9821043290', '2020-03-19 18:49:27', '2020-03-19 21:00:58', 1, '91'),
(262, 'D P Srivastava', '2020-03-19 18:49:31', '9450529391', '2020-03-19 18:49:31', '2020-03-19 23:58:33', 1, '91'),
(263, 'Nikhil Kumar Vanjari', '2020-03-19 18:49:38', '7893453432', '2020-03-20 22:49:39', '2020-03-20 23:22:02', 1, '91'),
(264, 'Kovid sharma', '2020-03-19 18:49:43', '9560967009', '2020-03-19 18:49:43', '2020-03-19 20:52:43', 1, '91'),
(265, 'Padmini Nair', '2020-03-19 18:49:47', '8454845570', '2020-03-19 19:10:17', '2020-03-19 20:50:25', 1, '91'),
(266, 'prashant patankar', '2020-03-19 18:49:49', '7045041712', '2020-03-19 18:49:49', '2020-03-19 21:07:39', 0, '91'),
(267, 'Sushil Mantri', '2020-03-19 18:49:53', '9331101121', '2020-03-19 18:49:53', '2020-03-19 21:31:54', 1, '91'),
(268, 'Usha Suri', '2020-03-19 18:49:58', '+919870034335', '2020-03-21 17:35:51', '2020-03-21 17:44:24', 1, '91'),
(269, 'Haseen Taj', '2020-03-19 18:50:05', '9945701415', '2020-03-20 16:03:06', '2020-03-20 16:15:57', 1, '91'),
(270, 'Lakshmi ', '2020-03-19 18:50:09', '9922994389', '2020-03-22 21:11:19', '2020-03-22 21:11:49', 1, '91'),
(271, 'Nipa Desai', '2020-03-19 18:50:12', '9892102312', '2020-03-19 18:50:12', '2020-03-19 21:10:16', 1, '91'),
(272, 'Priya Anand', '2020-03-19 18:50:20', '09840970223', '2020-03-19 20:12:56', '2020-03-19 21:01:26', 1, '91'),
(273, 'JAIRAM RAJU ', '2020-03-19 18:50:21', '9900094686', '2020-03-19 21:19:05', '2020-03-19 21:21:06', 1, '91'),
(274, 'Mohan Urs', '2020-03-19 18:50:26', '09880506770', '2020-03-19 18:50:26', '2020-03-19 19:00:57', 1, '91'),
(275, 'Jayaprakash', '2020-03-19 18:50:29', '9370007620', '2020-03-19 18:50:29', '2020-03-19 21:06:33', 1, '91'),
(276, 'vamsi', '2020-03-19 18:50:32', '9618016363', '2020-03-19 19:56:10', '2020-03-19 21:01:10', 1, '91'),
(277, 'VASANTI', '2020-03-19 18:50:34', '8978385771', '2020-03-19 20:23:59', '2020-03-19 22:24:34', 1, '91'),
(278, 'Praveen Hegde', '2020-03-19 18:50:34', '9341212656', '2020-03-19 18:50:34', '2020-03-19 21:08:34', 1, '91'),
(279, 'AJAY AGRAWAL', '2020-03-19 18:50:45', '9958988002', '2020-03-20 10:34:24', '2020-03-20 13:15:35', 1, '91'),
(280, 'Kalpana Ashok', '2020-03-19 18:50:49', '7338866839', '2020-03-21 15:19:14', '2020-03-21 16:51:51', 0, '91'),
(281, 'Archana', '2020-03-19 18:50:51', '716-213-7024', '2020-03-21 08:14:49', '2020-03-22 00:17:55', 1, '1'),
(282, 'Eshita  Doshi', '2020-03-19 18:50:55', '09920387925', '2020-03-19 18:50:55', '2020-03-19 21:02:27', 1, '91'),
(283, 'Priyanka mallick ', '2020-03-19 18:50:59', '7450093422', '2020-03-20 15:57:05', '2020-03-20 16:51:18', 1, '91'),
(284, 'Mahmoona Tabassum', '2020-03-19 18:51:06', '9652034891', '2020-03-19 18:51:06', '2020-03-19 21:25:07', 1, '91'),
(285, 'TEJAL DESAI', '2020-03-19 18:51:08', '9619197174', '2020-03-19 18:51:08', '2020-03-19 22:43:44', 1, '91'),
(286, 'Rajashree Menon', '2020-03-19 18:51:15', '9833865842', '2020-03-19 18:51:15', '2020-03-19 20:41:16', 1, '91'),
(287, 'Sophia Philip', '2020-03-19 18:51:16', '9422548789', '2020-03-20 09:36:57', '2020-03-20 09:37:41', 0, '91'),
(288, 'Adil Mistry', '2020-03-19 18:51:18', '9820320018', '2020-03-19 18:51:18', '2020-03-19 21:15:18', 1, '91'),
(289, 'Qurath Ul Ain', '2020-03-19 18:51:23', '9901157537', '2020-03-19 19:27:27', '2020-03-19 21:06:28', 1, '91'),
(290, 'Bina Agarwal', '2020-03-19 18:51:31', '9958993517', '2020-03-20 13:16:11', '2020-03-20 13:50:45', 1, '91'),
(291, 'Prachi Rege', '2020-03-19 18:51:32', '9923697402', '2020-03-19 18:51:32', '2020-03-19 20:54:45', 1, '91'),
(292, 'Harpiner kaur gill', '2020-03-19 18:51:38', '9920010755', '2020-03-19 18:51:38', '2020-03-19 21:16:12', 1, '91'),
(293, 'K L R BABU', '2020-03-19 18:51:38', '7506368998', '2020-03-19 19:35:01', '2020-03-19 20:31:07', 1, '91'),
(294, 'Himanshu bagariya', '2020-03-19 18:51:48', '9694193728', '2020-03-23 15:23:22', '2020-03-23 15:29:38', 1, '91'),
(295, 'Rajalakshmi Sukumar', '2020-03-19 18:52:06', '09811819452', '2020-03-19 18:52:06', '2020-03-19 19:51:08', 1, '91'),
(296, 'Z', '2020-03-19 18:52:07', '1234', '2020-03-20 00:01:03', '2020-03-20 00:01:09', 0, '91'),
(297, 'Ashish Ranjan ', '2020-03-19 18:52:11', '9893101046', '2020-03-19 20:50:35', '2020-03-19 22:05:53', 1, '91'),
(298, 'Prachi Mor', '2020-03-19 18:52:12', '9423681041', '2020-03-19 18:52:12', '2020-03-19 21:10:49', 1, '91'),
(299, 'Santanu Saikia', '2020-03-19 18:52:14', '9707581511', '2020-03-19 18:52:14', '2020-03-19 21:30:16', 1, '91'),
(300, 'Vivek kumar', '2020-03-19 18:52:14', '7248136245', '2020-03-19 19:01:45', '2020-03-19 20:56:16', 1, '91'),
(301, 'Savio Pinto', '2020-03-19 18:52:22', '9820362089', '2020-03-19 18:52:22', '2020-03-19 21:04:47', 0, '91'),
(302, 'Javed  Mulla', '2020-03-19 18:52:22', '9820189866', '2020-03-19 19:09:19', '2020-03-19 21:08:20', 1, '91'),
(303, 'Rakesh Roshan Soreng', '2020-03-19 18:52:33', '9810620473', '2020-03-19 18:52:33', '2020-03-19 20:53:04', 1, '91'),
(304, 'Safikul Islam', '2020-03-19 18:52:35', '01303260769', '2020-03-19 18:52:35', '2020-03-19 18:55:08', 1, '880'),
(305, 'Abhishek kubal', '2020-03-19 18:52:38', '7045942870', '2020-03-19 18:52:38', '2020-03-19 18:53:08', 1, '91'),
(306, 'JP Shahal', '2020-03-19 18:52:39', '8652477712', '2020-03-20 09:26:04', '2020-03-20 09:34:43', 1, '91'),
(307, 'Sudhan Deo', '2020-03-19 18:52:43', '9820857560', '2020-03-19 18:52:43', '2020-03-19 22:06:38', 1, '91'),
(308, 'Preethi katariya ', '2020-03-19 18:52:43', '7406695293', '2020-03-20 15:08:20', '2020-03-20 15:14:50', 1, '91'),
(309, 'Ravindra sant', '2020-03-19 18:52:44', '7506808785', '2020-03-19 18:52:44', '2020-03-19 20:48:14', 1, '91'),
(310, 'Vinod Kumar', '2020-03-19 18:52:50', '984909335', '2020-03-19 18:57:40', '2020-03-19 21:06:11', 1, '91'),
(311, 'Tanvee', '2020-03-19 18:52:50', '08130655459', '2020-03-19 18:52:50', '2020-03-19 22:44:04', 1, '91'),
(312, 'Subhashini', '2020-03-19 18:52:53', '9841334549', '2020-03-19 18:52:53', '2020-03-19 21:07:23', 1, '91'),
(313, 'Senthil Nathan', '2020-03-19 18:52:53', '7338794859', '2020-03-19 18:52:53', '2020-03-19 21:18:24', 1, '91'),
(314, 'ARJUN R', '2020-03-19 18:52:58', '9611136096', '2020-03-19 18:52:58', '2020-03-19 20:48:59', 1, '91'),
(315, 'Manish kumar jain', '2020-03-19 18:53:01', '9413551495', '2020-03-19 18:53:01', '2020-03-19 20:07:33', 1, '91'),
(316, 'PRAKASH HONGAL', '2020-03-19 18:53:05', '9886640999', '2020-03-19 19:04:32', '2020-03-19 21:30:36', 0, '91'),
(317, 'skand', '2020-03-19 18:53:08', '9990476919', '2020-03-19 18:53:08', '2020-03-19 21:10:39', 1, '91'),
(318, ' JAYANT', '2020-03-19 18:53:09', '9490168575', '2020-03-19 18:53:09', '2020-03-20 19:21:40', 1, '91'),
(319, 'Shailesh khare', '2020-03-19 18:53:10', '9764004531', '2020-03-19 18:56:17', '2020-03-19 21:20:47', 1, '91'),
(320, 'Nuzhath unnisa', '2020-03-19 18:53:19', '9700202776', '2020-03-20 22:20:39', '2020-03-20 22:21:39', 1, '91'),
(321, 'Pravin Naik', '2020-03-19 18:53:23', '8007925777', '2020-03-19 18:53:23', '2020-03-19 21:08:27', 1, '91'),
(322, 'K L R Babu', '2020-03-19 18:53:25', '07506368988', '2020-03-19 21:22:13', '2020-03-19 21:29:44', 1, '91'),
(323, 'vinayak naidu', '2020-03-19 18:53:25', '9689917842', '2020-03-19 19:48:18', '2020-03-19 21:11:18', 0, '91'),
(324, 'Niranjan', '2020-03-19 18:53:26', '9867264942', '2020-03-19 18:53:26', '2020-03-19 21:09:37', 1, '91'),
(325, 'Ganesh kulkarni', '2020-03-19 18:53:30', '7387931060', '2020-03-19 18:55:38', '2020-03-19 19:11:38', 1, '91'),
(326, 'Naresh Pattanaik', '2020-03-19 18:53:44', '9439363580', '2020-03-21 06:41:20', '2020-03-21 07:02:21', 1, '91'),
(327, 'Shashank', '2020-03-19 18:53:45', '9895933433', '2020-03-19 18:53:45', '2020-03-19 21:44:38', 1, '91'),
(328, 'Prathima', '2020-03-19 18:53:46', '9448880407', '2020-03-19 18:53:46', '2020-03-19 19:58:18', 1, '91'),
(329, 'Mani Chand ', '2020-03-19 18:53:47', '9930315921', '2020-03-19 19:19:06', '2020-03-19 20:10:19', 1, '91'),
(330, 'Madhavilatha Jayanthi', '2020-03-19 18:53:48', '9848640044', '2020-03-20 18:19:54', '2020-03-20 20:20:36', 1, '91'),
(331, 'Shakeel', '2020-03-19 18:53:53', '8885782788', '2020-03-19 19:09:06', '2020-03-19 20:10:53', 1, '91'),
(332, 'Shoaib Ahmad ', '2020-03-19 18:54:03', '7903684228', '2020-03-21 03:25:35', '2020-03-21 04:08:07', 1, '91'),
(333, 'piyush dubey', '2020-03-19 18:54:06', '09826737884', '2020-03-19 18:54:06', '2020-03-19 21:45:37', 1, '91'),
(334, 'Natwer das', '2020-03-19 18:54:14', '8978143747', '2020-03-19 21:14:40', '2020-03-19 21:35:33', 0, '91'),
(335, 'Dr Tejas Dadhaniya', '2020-03-19 18:54:23', '9427955877', '2020-03-22 14:50:49', '2020-03-22 17:07:57', 1, '91'),
(336, 'Prakash Somani', '2020-03-19 18:54:37', '9880081043', '2020-03-19 19:05:58', '2020-03-19 21:08:50', 0, '91'),
(337, 'sashanka dasaka', '2020-03-19 18:54:37', '9324612870', '2020-03-19 19:07:05', '2020-03-19 21:07:06', 1, '91'),
(338, 'Raghu Dwarakanath', '2020-03-19 18:54:45', '9740029905', '2020-03-19 18:54:45', '2020-03-19 20:45:46', 1, '91'),
(339, 'Sanjay', '2020-03-19 18:54:51', '9441055208', '2020-03-21 16:06:43', '2020-03-21 19:30:14', 1, '91'),
(340, 'Shefali', '2020-03-19 18:54:52', '92776200', '2020-03-22 16:03:40', '2020-03-22 16:22:11', 1, '65'),
(341, 'Vishnu Vardhan Reddy', '2020-03-19 18:54:59', '9177357766', '2020-03-19 19:38:31', '2020-03-19 20:57:44', 1, '91'),
(342, 'r a bhattacha', '2020-03-19 18:55:09', '9823166505', '2020-03-19 18:55:09', '2020-03-19 21:06:10', 1, '91'),
(343, 'PAWAN Shilwant', '2020-03-19 18:55:09', '1234668899', '2020-03-19 18:55:09', '2020-03-19 19:26:25', 1, '93'),
(344, 'zarina', '2020-03-19 18:55:17', '8054414098', '2020-03-19 18:55:17', '2020-03-19 21:27:19', 1, '91'),
(345, 'Rajula', '2020-03-19 18:55:26', '9446574442', '2020-03-19 18:55:26', '2020-03-19 19:02:56', 1, '91'),
(346, 'Rajeshwari', '2020-03-19 18:55:27', '9880396246', '2020-03-19 18:55:27', '2020-03-19 21:06:23', 0, '91'),
(347, 'sarmistha ghoshal', '2020-03-19 18:55:45', '9820333366', '2020-03-19 18:55:45', '2020-03-19 21:35:48', 1, '91'),
(348, 'ajit kar', '2020-03-19 18:55:46', '9234511281', '2020-03-19 18:55:46', '2020-03-19 20:51:17', 1, '91'),
(349, 'Kanaka raju palika', '2020-03-19 18:56:00', '9908061046', '2020-03-19 18:56:00', '2020-03-19 19:13:15', 1, '91'),
(350, 'Deepak Sahu', '2020-03-19 18:56:09', '9686434404', '2020-03-19 19:25:41', '2020-03-19 20:59:13', 1, '91'),
(351, 'ANIL RACHAPPA CHUNAMARI', '2020-03-19 18:56:13', '9420528299', '2020-03-19 18:56:13', '2020-03-19 20:52:16', 1, '91'),
(352, 'REKHA ghadge', '2020-03-19 18:56:13', '9769765245', '2020-03-19 18:56:13', '2020-03-19 21:26:13', 1, '91'),
(353, 'Ashish Adeshara', '2020-03-19 18:56:14', '9825283525', '2020-03-19 18:56:14', '2020-03-19 21:45:14', 1, '91'),
(354, 'Ashok kumar singh', '2020-03-19 18:56:16', '7003378115', '2020-03-21 23:39:05', '2020-03-22 02:03:28', 1, '91'),
(355, 'RAJENDRAD', '2020-03-19 18:56:23', '8971869000', '2020-03-21 12:34:06', '2020-03-21 13:21:38', 1, '91'),
(356, 'TUHIN JANA', '2020-03-19 18:56:31', '9733820831', '2020-03-19 18:56:31', '2020-03-19 22:47:31', 1, '91'),
(357, 'Nitin Hule', '2020-03-19 18:56:43', '9870665068', '2020-03-19 19:08:35', '2020-03-19 21:08:36', 1, '91'),
(358, 'Satyanarayan Bhat', '2020-03-19 18:56:52', '4439397685', '2020-03-21 06:07:25', '2020-03-21 21:46:58', 1, '1'),
(359, 'Sneha Samant', '2020-03-19 18:56:53', '9967671510', '2020-03-19 18:56:53', '2020-03-19 21:07:47', 1, '98'),
(360, 'Ritu Mishra', '2020-03-19 18:56:56', '9028005551', '2020-03-19 18:56:56', '2020-03-19 21:51:59', 1, '91'),
(361, 'Shantha', '2020-03-19 18:56:56', '09199001173', '2020-03-19 18:56:56', '2020-03-19 21:05:47', 0, '91'),
(362, 'Bhavani Murty', '2020-03-19 18:57:08', '8788946021', '2020-03-19 20:31:49', '2020-03-19 21:51:59', 1, '91'),
(363, 'Siva Kumar', '2020-03-19 18:57:12', '9164750063', '2020-03-19 18:57:12', '2020-03-19 21:45:23', 0, '91'),
(364, 'Padma Pai', '2020-03-19 18:57:12', '93246281', '2020-03-19 19:51:45', '2020-03-19 20:16:16', 1, '91'),
(365, 'tamanna sharma', '2020-03-19 18:57:15', '565047904', '2020-03-19 18:57:15', '2020-03-19 21:20:46', 1, '971'),
(366, 'Ganesh Kumar Bukka', '2020-03-19 18:57:19', '9663611557', '2020-03-19 20:32:39', '2020-03-19 21:13:55', 1, '91'),
(367, 'Gurunath', '2020-03-19 18:57:20', '9341040121', '2020-03-19 18:57:20', '2020-03-19 21:00:19', 0, '91'),
(368, 'Harshika', '2020-03-19 18:57:23', '9928072590', '2020-03-19 19:04:24', '2020-03-19 20:26:33', 1, '91'),
(369, 'khushbu joshi', '2020-03-19 18:57:24', '9426022554', '2020-03-19 18:57:24', '2020-03-19 21:12:25', 1, '91'),
(370, 'Sucheta  Kulkarni', '2020-03-19 18:57:30', '09742690459', '2020-03-19 18:57:30', '2020-03-19 21:31:45', 1, '91'),
(371, 'pandurang sangelkar', '2020-03-19 18:57:30', '9867501641', '2020-03-19 18:57:30', '2020-03-19 21:10:34', 1, '91'),
(372, 'Santosh Bharmal', '2020-03-19 18:57:33', '8308807662', '2020-03-19 18:57:33', '2020-03-19 21:03:07', 0, '91'),
(373, 'Anuradha Kher', '2020-03-19 18:57:34', '8982021002', '2020-03-19 18:57:34', '2020-03-19 20:52:59', 0, '91'),
(374, 'Adithy', '2020-03-19 18:57:40', '9823245095', '2020-03-19 18:57:40', '2020-03-19 21:06:17', 0, '91'),
(375, 'Ravi Kumar', '2020-03-19 18:57:45', '9234511396', '2020-03-19 19:06:53', '2020-03-19 21:36:24', 1, '91'),
(376, 'vishnuvardhan', '2020-03-19 18:57:53', '9840867791', '2020-03-19 18:57:53', '2020-03-19 22:40:23', 1, '91'),
(377, 'Udhay shankar', '2020-03-19 18:58:04', '9848120673', '2020-03-19 18:58:04', '2020-03-19 20:58:35', 1, '91'),
(378, 'Abhishek Porwal', '2020-03-19 18:58:14', '70073031l99', '2020-03-19 18:58:14', '2020-03-19 21:09:50', 1, '91'),
(379, 'Lamaan Sami', '2020-03-19 18:58:47', '09837095609', '2020-03-20 11:50:44', '2020-03-20 12:03:27', 1, '91'),
(380, 'Hemanth kumar', '2020-03-19 18:58:48', '8019669286', '2020-03-19 18:58:48', '2020-03-19 20:50:51', 1, '91'),
(381, 'sudhakara dhanireddy', '2020-03-19 18:58:48', '9172153204', '2020-03-19 18:58:48', '2020-03-19 21:05:20', 1, '1'),
(382, 'Mahesh Durga', '2020-03-19 18:58:56', '07382648546', '2020-03-19 18:58:56', '2020-03-19 21:04:56', 1, '91'),
(383, 'Deeksha Agarwal', '2020-03-19 18:59:08', '9820559851', '2020-03-19 18:59:08', '2020-03-19 19:18:25', 1, '91'),
(384, 'nandkumar', '2020-03-19 18:59:14', '9623442472', '2020-03-19 18:59:14', '2020-03-19 21:35:47', 1, '91'),
(385, 'Dilip Bakliwal', '2020-03-19 18:59:17', '9893563104', '2020-03-19 18:59:17', '2020-03-19 21:12:47', 1, '91'),
(386, 'Ushadevi', '2020-03-19 18:59:51', '9740529498', '2020-03-19 20:58:34', '2020-03-19 21:03:34', 1, '91'),
(387, 'Suresh Gonuguntla', '2020-03-19 18:59:54', '07337502872', '2020-03-19 20:25:45', '2020-03-19 20:45:31', 1, '91'),
(388, 'Lakshmi Mohan', '2020-03-19 18:59:57', '9789522759', '2020-03-19 18:59:57', '2020-03-19 21:13:30', 1, '91'),
(389, 'Jyotsna Dsouza', '2020-03-19 19:00:22', '9819831406', '2020-03-19 19:00:22', '2020-03-19 21:05:19', 1, '91'),
(390, 'Manish Kumar Saraf', '2020-03-19 19:00:49', '9333565544', '2020-03-19 20:10:08', '2020-03-19 21:28:35', 0, '91'),
(391, 'MOHAN RAO', '2020-03-19 19:00:53', '8971006820', '2020-03-19 19:00:53', '2020-03-20 12:23:53', 1, '91'),
(392, 'Leena kubal', '2020-03-19 19:00:53', '9820611457', '2020-03-19 19:00:53', '2020-03-19 21:08:24', 1, '91'),
(393, 'Anita Borulkar', '2020-03-19 19:00:53', '9822967301', '2020-03-19 19:19:31', '2020-03-19 20:45:33', 1, '91'),
(394, 'Mqnju', '2020-03-19 19:01:04', '9820750937', '2020-03-19 19:01:04', '2020-03-19 20:53:34', 1, '91'),
(395, 'swaraj', '2020-03-19 19:01:09', '7219136463', '2020-03-19 19:01:09', '2020-03-19 21:21:09', 1, '91'),
(396, 'RAJESH SHARMA', '2020-03-19 19:01:25', '8605776699', '2020-03-19 19:01:25', '2020-03-19 20:53:35', 1, '91'),
(397, 'Savithri Rao', '2020-03-19 19:01:39', '9900099299', '2020-03-21 17:53:50', '2020-03-21 18:50:29', 1, '91'),
(398, 'Ritesh rathore', '2020-03-19 19:01:45', '8390422333', '2020-03-19 19:01:45', '2020-03-19 19:01:48', 0, '91'),
(399, 'Sangeeta Sayaji', '2020-03-19 19:01:55', '9769712536', '2020-03-19 19:01:55', '2020-03-19 20:47:27', 1, '91'),
(400, 'Hem Kant Joshi', '2020-03-19 19:01:57', '9810108540', '2020-03-19 19:01:57', '2020-03-19 21:23:58', 1, '91'),
(401, 'M P Keshava', '2020-03-19 19:02:00', '9920845116', '2020-03-19 19:02:00', '2020-03-19 21:16:02', 1, '91'),
(402, 'Ritesh rathore', '2020-03-19 19:02:13', '8390422334', '2020-03-19 19:02:13', '2020-03-19 21:16:20', 1, '91'),
(403, 'Dr M P mishra', '2020-03-19 19:02:18', '9839400788', '2020-03-19 19:05:20', '2020-03-19 20:59:27', 0, '91'),
(404, 'Harpiner kaur gill', '2020-03-19 19:02:33', '09920010755', '2020-03-19 19:02:33', '2020-03-19 19:04:33', 1, '91'),
(405, 'Poonam Verma', '2020-03-19 19:02:36', '9930092173', '2020-03-21 01:21:55', '2020-03-21 04:18:41', 1, '91'),
(406, 'Mohan Urs', '2020-03-19 19:02:43', '9880506770', '2020-03-19 19:09:17', '2020-03-19 20:04:17', 1, '91'),
(407, 'Rajender Goud ', '2020-03-19 19:02:50', '8096617799', '2020-03-21 14:48:33', '2020-03-21 22:32:58', 0, '91'),
(408, 'Raghavendra', '2020-03-19 19:02:51', '9611873912', '2020-03-19 19:02:51', '2020-03-19 20:57:51', 1, '91'),
(409, 'Parinita ', '2020-03-19 19:02:56', '9869031703', '2020-03-19 20:51:03', '2020-03-19 20:52:03', 1, '91'),
(410, 'Shankar Nikalje', '2020-03-19 19:02:56', '9404790114', '2020-03-20 12:03:06', '2020-03-20 12:08:13', 1, '91'),
(411, 'Vinay Oza', '2020-03-19 19:03:21', '9967667304', '2020-03-19 19:03:21', '2020-03-19 21:06:52', 1, '91'),
(412, 'Priya', '2020-03-19 19:03:29', '9818866184', '2020-03-19 19:03:29', '2020-03-19 21:06:09', 1, '91'),
(413, 'Yogesh Khadilkar', '2020-03-19 19:03:32', '9867301492', '2020-03-19 19:03:32', '2020-03-19 21:06:36', 1, '91'),
(414, 'Sundaresan Tiruchy Ramamoorthy', '2020-03-19 19:03:40', '9324608080', '2020-03-21 21:54:27', '2020-03-21 21:56:28', 1, '91'),
(415, 'Golla Showry', '2020-03-19 19:03:50', '9912129412', '2020-03-19 19:03:50', '2020-03-19 20:46:51', 1, '91'),
(416, 'Surendra K Agarwall', '2020-03-19 19:04:05', '9820202135', '2020-03-21 17:20:19', '2020-03-21 18:08:20', 1, '91'),
(417, 'Ankit singh', '2020-03-19 19:04:26', '8104944417', '2020-03-19 19:04:26', '2020-03-19 21:11:06', 1, '91'),
(418, 'Sunil Kulkarni', '2020-03-19 19:04:29', '9372619209', '2020-03-19 19:04:29', '2020-03-19 22:02:28', 1, '91'),
(419, 'Ajay Ekambikar ', '2020-03-19 19:04:32', '7738088584', '2020-03-19 19:04:32', '2020-03-19 20:39:16', 0, '91'),
(420, 'MURTHY K V S', '2020-03-19 19:04:45', '9902389852', '2020-03-19 19:10:48', '2020-03-19 21:13:51', 0, '91'),
(421, 'Satendra chaubey ', '2020-03-19 19:05:09', '9826156243', '2020-03-20 08:39:24', '2020-03-20 10:20:46', 1, '91'),
(422, 'Abhisshek Jaywant', '2020-03-19 19:05:23', '09320326841', '2020-03-19 19:05:23', '2020-03-19 20:48:43', 1, '91'),
(423, 'Pradip Kumar Das ', '2020-03-19 19:05:37', '8670704755', '2020-03-19 19:05:37', '2020-03-19 19:28:38', 1, '91'),
(424, 'UDAY RAMNATHJI WAGH', '2020-03-19 19:05:45', '8806661008', '2020-03-19 19:33:56', '2020-03-19 19:35:26', 1, '91'),
(425, 'gajanan pai', '2020-03-19 19:05:52', '9322275159', '2020-03-19 19:05:52', '2020-03-19 21:18:53', 1, '91'),
(426, 'kailash gupta', '2020-03-19 19:06:00', '9323950989', '2020-03-19 19:06:00', '2020-03-19 20:53:52', 1, '91'),
(427, 'KISHOR N DHOLE', '2020-03-19 19:06:20', '09082811996', '2020-03-19 19:06:20', '2020-03-19 19:06:50', 1, '91'),
(428, 'susamma saldanha', '2020-03-19 19:06:22', '09923452423', '2020-03-19 21:13:26', '2020-03-19 21:33:51', 0, '91'),
(429, 'Neeta Mundkur', '2020-03-19 19:06:25', '7350066266', '2020-03-19 19:06:25', '2020-03-19 21:08:08', 1, '91'),
(430, 'JAYASHREE R', '2020-03-19 19:06:36', '09677728145', '2020-03-19 19:06:36', '2020-03-19 21:12:37', 1, '91'),
(431, 'Bansidhar', '2020-03-19 19:06:40', '9986838796', '2020-03-19 20:19:44', '2020-03-19 20:48:14', 1, '91'),
(432, 'Pushpalata Yande', '2020-03-19 19:06:41', '9987099071', '2020-03-19 19:06:41', '2020-03-19 21:09:43', 1, '91'),
(433, 'sirish', '2020-03-19 19:06:42', '9573627039', '2020-03-19 19:06:42', '2020-03-19 21:16:43', 1, '91'),
(434, 'Chandan Chowdhury', '2020-03-19 19:06:45', '4165771736', '2020-03-21 23:09:27', '2020-03-21 23:21:38', 0, '1'),
(435, 'KISHOR N DHOLE', '2020-03-19 19:06:56', '9082811996', '2020-03-19 19:09:58', '2020-03-19 21:16:03', 0, '91'),
(436, 'Prathamesh Thombare', '2020-03-19 19:07:02', '8149759541', '2020-03-19 19:07:02', '2020-03-19 20:15:02', 1, '91'),
(437, 'Muruganantam Ganesan', '2020-03-19 19:07:26', '09840487057', '2020-03-19 20:10:49', '2020-03-19 20:11:59', 0, '91'),
(438, 'Gurunatha Rao', '2020-03-19 19:07:35', '09820135539', '2020-03-19 19:07:35', '2020-03-19 21:21:05', 1, '91');
INSERT INTO `tbl_users` (`id`, `name`, `reg_date`, `mobile_num`, `login_date`, `logout_date`, `logout_status`, `cntry_code`) VALUES
(439, 'RadheShyam Yadav', '2020-03-19 19:07:39', '07875237677', '2020-03-19 19:07:39', '2020-03-19 21:15:25', 1, '91'),
(440, 'KAILAS ZAWARE', '2020-03-19 19:07:51', '9421555631', '2020-03-19 19:07:51', '2020-03-19 20:53:52', 1, '91'),
(441, 'saagarika', '2020-03-19 19:09:03', '9686669000', '2020-03-19 19:09:03', '2020-03-19 21:03:14', 0, '91'),
(442, 'Ajesh Anand', '2020-03-19 19:09:17', '+919451947877', '2020-03-19 20:59:42', '2020-03-19 21:38:30', 1, '91'),
(443, 'Venkatesh ', '2020-03-19 19:09:23', '8172850900', '2020-03-19 19:09:23', '2020-03-19 21:11:26', 1, '91'),
(444, 'Shridhar Kulkarni ', '2020-03-19 19:09:26', '9881257590', '2020-03-19 19:55:19', '2020-03-19 21:06:34', 0, '91'),
(445, 'NAMDEO karemore', '2020-03-19 19:09:49', '9822703734', '2020-03-24 09:30:17', '2020-03-24 09:30:47', 1, '91'),
(446, 'Rohitkumar ', '2020-03-19 19:10:05', '9913933043', '2020-03-19 19:10:05', '2020-03-19 20:17:54', 1, '91'),
(447, 'srinivas', '2020-03-19 19:10:32', '9986386228', '2020-03-23 08:25:11', '2020-03-23 08:25:41', 1, '91'),
(448, 'Ahmed', '2020-03-19 19:11:21', '7738089908', '2020-03-19 19:11:21', '2020-03-19 21:13:56', 1, '91'),
(449, 'Anand Ramaswamy', '2020-03-19 19:11:26', '90177850', '2020-03-19 19:11:26', '2020-03-19 19:46:57', 1, '65'),
(450, 'Balaji Naikwade', '2020-03-19 19:12:11', '9850823333', '2020-03-29 09:11:04', '2020-03-29 09:12:05', 1, '91'),
(451, 'Mukesh', '2020-03-19 19:12:30', '8239827875', '2020-03-19 20:55:27', '2020-03-19 20:55:57', 0, '91'),
(452, 'Ritu', '2020-03-19 19:12:47', '9881912049', '2020-03-19 20:42:39', '2020-03-19 20:57:49', 1, '91'),
(453, 'Bhaskar Chakravorti', '2020-03-19 19:12:57', '9731728686', '2020-03-19 19:12:57', '2020-03-19 21:10:28', 1, '91'),
(454, 'Yasaswi Amit bhongade', '2020-03-19 19:13:14', '9637593675', '2020-03-19 20:17:58', '2020-03-19 21:13:59', 1, '91'),
(455, 'Shrenik Shah ', '2020-03-19 19:14:25', '9821123397', '2020-03-19 20:40:00', '2020-03-19 21:07:31', 1, '91'),
(456, 'Sowmya Uday ', '2020-03-19 19:14:29', '7899912834', '2020-03-19 20:00:55', '2020-03-19 21:49:51', 0, '91'),
(457, 'RAKESH RANJAN TRIPATHI', '2020-03-19 19:14:30', '9370502915', '2020-03-19 19:14:30', '2020-03-19 21:44:01', 1, '91'),
(458, 'Ganesh kulkarni', '2020-03-19 19:14:41', '7387931960', '2020-03-19 19:14:41', '2020-03-19 21:02:03', 0, '91'),
(459, 'Chakradhar', '2020-03-19 19:14:52', '8121799575', '2020-03-19 19:14:52', '2020-03-19 21:51:23', 1, '91'),
(460, 'Varun Nandakumar Menon', '2020-03-19 19:14:55', '7208698973', '2020-03-19 19:14:55', '2020-03-19 21:34:56', 1, '91'),
(461, 'Shahnawaz alam', '2020-03-19 19:15:00', '7903666938', '2020-03-20 12:12:01', '2020-03-20 12:27:32', 1, '91'),
(462, 'Muruganantham', '2020-03-19 19:15:41', '07299042211', '2020-03-19 19:17:00', '2020-03-19 19:19:00', 1, '91'),
(463, 'Gangadhar Gowda', '2020-03-19 19:17:39', '9820277317', '2020-03-19 19:17:39', '2020-03-19 20:47:40', 1, '91'),
(464, 'Nivrutti', '2020-03-19 19:19:00', '9405845325', '2020-03-22 15:39:01', '2020-03-22 16:19:04', 1, '91'),
(465, 'Pallavi vyas', '2020-03-19 19:21:20', '9323874390', '2020-03-19 19:21:20', '2020-03-19 21:06:26', 1, '91'),
(466, 'NILESH DUBEY', '2020-03-19 19:22:56', '9825041041', '2020-03-20 16:38:28', '2020-03-20 17:50:32', 1, '91'),
(467, 'Shyam Sharma', '2020-03-19 19:24:24', '9334838349', '2020-03-20 11:00:52', '2020-03-20 11:26:39', 1, '91'),
(468, 'Prakash ', '2020-03-19 19:28:00', '9270251855', '2020-03-19 19:28:00', '2020-03-19 19:37:02', 1, '91'),
(469, 'Srinivasamurthy', '2020-03-19 19:28:03', '9448412316', '2020-03-19 19:32:18', '2020-03-19 21:18:20', 1, '91'),
(470, 'Snehal Mendule', '2020-03-19 19:29:22', '9970063885', '2020-05-06 18:17:05', '2020-05-06 18:17:35', 1, '91'),
(471, 'Srinivas m', '2020-03-19 19:31:22', '8466007676', '2020-03-28 13:16:28', '2020-03-28 13:16:58', 1, '91'),
(472, 'Pradip Kumar Das', '2020-03-19 19:31:50', '08670704755', '2020-03-19 19:31:50', '2020-03-19 21:12:52', 1, '91'),
(473, 'Sanjay godbole', '2020-03-19 19:34:21', '9822393542', '2020-03-19 19:34:21', '2020-03-19 20:18:17', 1, '91'),
(474, 'Sashi Bhushan', '2020-03-19 19:34:44', '9101845453', '2020-03-20 06:51:41', '2020-03-20 08:17:12', 1, '91'),
(475, 'Ramakanta Dutta', '2020-03-19 19:35:34', '9437075990', '2020-03-19 19:35:34', '2020-03-19 21:08:16', 1, '91'),
(476, 'Bharat Chaudhary', '2020-03-19 19:35:54', '9099029418', '2020-03-21 18:32:05', '2020-03-21 19:16:36', 1, '91'),
(477, 'Rakesh Roshan Soreng', '2020-03-19 19:36:27', '09810620473', '2020-03-21 07:31:45', '2020-03-21 08:14:01', 1, '91'),
(478, 'Rupan Jaswal ', '2020-03-19 19:37:01', '9910954773', '2020-03-19 19:59:21', '2020-03-19 20:02:22', 1, '91'),
(479, 'Sanjiv', '2020-03-19 19:37:42', '09812302541', '2020-03-19 19:37:42', '2020-03-19 21:11:25', 1, '91'),
(480, 'Manodeep sen', '2020-03-19 19:37:53', '09839446858', '2020-03-20 22:44:09', '2020-03-20 22:46:09', 1, '91'),
(481, 'Nishant Bansal', '2020-03-19 19:39:37', '09371021850', '2020-03-19 19:39:37', '2020-03-19 22:07:38', 1, '91'),
(482, 'Vijay V', '2020-03-19 19:41:06', '8277476273', '2020-03-19 19:41:06', '2020-03-19 21:10:45', 0, '91'),
(483, 'Dr Madhu Krishan', '2020-03-19 19:42:21', '9962092985', '2020-03-20 17:04:15', '2020-03-20 19:02:15', 1, '91'),
(484, 'Sundar', '2020-03-19 19:43:28', '9820539703', '2020-03-20 12:04:23', '2020-03-20 13:06:17', 1, '91'),
(485, 'Ashok Somani', '2020-03-19 19:43:47', '09922909011', '2020-03-19 20:14:30', '2020-03-19 20:46:01', 1, '91'),
(486, 'Viraj', '2020-03-19 19:44:16', '9765875732', '2020-03-19 19:44:16', '2020-03-19 19:47:47', 1, '91'),
(487, 'Manisha', '2020-03-19 19:45:28', '9810598506', '2020-03-19 19:45:28', '2020-03-19 20:15:28', 1, '91'),
(488, 'karan', '2020-03-19 19:46:26', '9819758589', '2020-03-19 19:46:26', '2020-03-19 19:49:58', 1, '91'),
(489, 'keswani khushi g', '2020-03-19 19:48:02', '7499642220', '2020-03-21 23:16:34', '2020-03-21 23:20:05', 1, '91'),
(490, 'Viraj', '2020-03-19 19:49:22', '9765875731', '2020-03-20 08:09:27', '2020-03-20 08:10:22', 0, '91'),
(491, 'Shiva Sunder Mahapatra', '2020-03-19 19:49:26', '9439706456', '2020-03-19 19:49:26', '2020-03-19 20:14:06', 1, '91'),
(492, 'Pannalal Ujjainwal', '2020-03-19 19:49:31', '9923286606', '2020-03-19 19:49:31', '2020-03-19 21:45:08', 0, '91'),
(493, 'Anand A', '2020-03-19 19:51:18', '9845594815', '2020-03-20 12:02:38', '2020-03-20 12:08:08', 1, '91'),
(494, 'swamy', '2020-03-19 19:55:56', '9535096436', '2020-03-19 19:55:56', '2020-03-19 21:06:57', 1, '91'),
(495, 'DV Ramana murthy', '2020-03-19 19:57:39', '9440420546', '2020-03-19 19:57:39', '2020-03-19 20:19:40', 1, '91'),
(496, 'Deepak Sharma', '2020-03-19 20:00:06', '9870966737', '2020-03-19 20:00:06', '2020-03-19 21:01:46', 1, '91'),
(497, 'raghu J', '2020-03-19 20:01:12', '7975922386', '2020-03-19 20:01:12', '2020-03-19 20:04:13', 1, '91'),
(498, 'Rakesh Kumar', '2020-03-19 20:02:31', '9968302347', '2020-03-22 18:14:08', '2020-03-22 18:15:14', 1, '91'),
(499, 'Bhavani murty', '2020-03-19 20:08:40', '8088946021', '2020-03-20 05:21:26', '2020-03-20 06:34:27', 1, '91'),
(500, 'Pankaj', '2020-03-19 20:09:52', '07042336664', '2020-03-24 11:52:21', '2020-03-24 11:52:51', 1, '91'),
(501, 'Sujay', '2020-03-19 20:11:06', '4803703590', '2020-03-19 20:11:06', '2020-03-19 20:14:38', 1, '1'),
(502, 'Harish', '2020-03-19 20:11:20', '9820819895', '2020-03-19 20:58:28', '2020-03-19 21:40:37', 1, '91'),
(503, 'Deeksha Agarwal', '2020-03-19 20:12:03', '9820559861', '2020-03-21 16:03:44', '2020-03-21 16:24:16', 1, '91'),
(504, 'jeyanthi', '2020-03-19 20:12:49', '7299042211', '2020-03-19 20:12:49', '2020-03-19 21:09:50', 1, '91'),
(505, 'suresh Gonuguntla', '2020-03-19 20:14:42', '7337502872', '2020-03-19 20:14:42', '2020-03-19 21:16:55', 1, '91'),
(506, 'Harshad Pathak', '2020-03-19 20:18:07', '4695567998', '2020-03-21 08:39:22', '2020-03-21 09:05:53', 0, '1'),
(507, 'Jacob vinoth ', '2020-03-19 20:24:38', '0769351947', '2020-03-19 20:24:38', '2020-03-19 21:11:42', 1, '46'),
(508, 'Atul Bhope', '2020-03-19 20:32:01', '9821361440', '2020-04-08 09:06:27', '2020-04-08 09:06:57', 1, '91'),
(509, 'Virendra Kumar Sharma', '2020-03-19 20:34:40', '9598955166', '2020-03-19 21:01:08', '2020-03-19 21:43:12', 0, '91'),
(510, 'Chandrakant', '2020-03-19 20:46:59', '9958444295', '2020-03-20 13:30:12', '2020-03-20 13:30:42', 1, '91'),
(511, 'Mukesh', '2020-03-19 20:56:07', '8740980185', '2020-03-19 20:56:07', '2020-03-19 22:06:28', 1, '91'),
(512, 'Ritwik Ranjan ', '2020-03-19 21:05:57', '8340482947', '2020-03-19 21:05:57', '2020-03-19 21:06:58', 1, '91'),
(513, 'Binesh Jacob', '2020-03-19 21:09:09', '9809809088', '2020-03-21 21:27:56', '2020-03-21 21:49:28', 1, '91'),
(514, 'Uma deaver', '2020-03-19 21:24:17', '8059930284', '2020-03-20 23:39:02', '2020-03-20 23:39:34', 0, '91'),
(515, 'Pradeep Gangurde', '2020-03-19 21:43:55', '09833990444', '2020-03-20 19:34:20', '2020-03-20 19:59:57', 1, '91'),
(516, 'Sk jain', '2020-03-19 23:31:24', '9530207700', '2020-03-19 23:31:24', '2020-03-19 23:32:34', 1, '91'),
(517, 'Rohan Karnataki', '2020-03-20 00:06:18', '09922972086', '2020-06-13 01:21:51', '2020-06-13 01:27:52', 1, '91'),
(518, 'Sabira', '2020-03-20 04:21:59', '8197524972', '2020-03-20 04:21:59', '2020-03-20 04:24:30', 1, '91'),
(519, 'Ivy Prasad', '2020-03-20 05:21:28', '07821721230', '2020-03-20 05:31:15', '2020-03-20 07:22:19', 1, '44'),
(520, 'Sagar', '2020-03-20 07:47:19', '9970103330', '2020-03-20 12:15:09', '2020-03-20 12:27:08', 1, '91'),
(521, 'Naresh Sajwani', '2020-03-20 08:31:15', '7972717611', '2020-03-21 19:33:22', '2020-03-21 20:59:37', 1, '91'),
(522, 'Ami Gavali', '2020-03-20 08:36:23', '9727459261', '2020-03-20 08:36:23', '2020-03-20 11:28:37', 0, '1'),
(523, 'Pramod Tripathi', '2020-03-20 09:06:04', '9881912050', '2020-03-20 09:06:04', '2020-03-20 09:07:35', 1, '91'),
(524, 'Renuka gowda', '2020-03-20 09:11:35', '9769768229', '2020-03-21 18:49:26', '2020-03-21 18:51:27', 1, '91'),
(525, 'Faisal mujeeb', '2020-03-20 09:58:48', '9990153530', '2020-03-20 09:58:48', '2020-03-20 10:37:37', 1, '91'),
(526, 'Sneha Samant', '2020-03-20 10:18:51', '9967671510', '2020-03-20 10:18:51', '2020-03-20 10:40:52', 1, '91'),
(527, 'Ruma Maulik ', '2020-03-20 10:48:28', '9820858837', '2020-03-20 14:37:02', '2020-03-20 15:09:33', 1, '91'),
(528, 'Anagha Mokhariwale', '2020-03-20 11:04:37', '09826085557', '2020-04-04 05:06:31', '2020-04-04 05:07:01', 1, '91'),
(529, 'Padma Pai', '2020-03-20 11:11:31', '09324628381', '2020-03-20 11:11:31', '2020-03-20 11:12:01', 1, '91'),
(530, 'PANKAJ', '2020-03-20 11:32:04', '7042336664', '2020-03-20 11:32:04', '2020-03-20 15:25:04', 1, '91'),
(531, 'SushmaKhanna', '2020-03-20 11:34:39', '989644477', '2020-03-20 11:34:39', '2020-03-20 11:43:16', 1, '91'),
(532, 'Ashokbhai', '2020-03-20 11:39:52', '9925384662', '2020-03-20 11:41:08', '2020-03-20 11:41:38', 1, '91'),
(533, 'Avinash upadhyay ', '2020-03-20 11:40:57', '9931817162', '2020-03-20 11:40:57', '2020-03-20 11:41:27', 1, '98'),
(534, 'Balu', '2020-03-20 11:55:43', '09486918205', '2020-03-21 05:53:55', '2020-03-21 06:16:25', 1, '91'),
(535, 'Vijay Verma', '2020-03-20 11:55:44', '9823704023', '2020-03-20 11:55:44', '2020-03-21 23:03:46', 1, '91'),
(536, 'shahnawaz alam', '2020-03-20 12:24:32', '7903666438', '2020-03-20 12:49:19', '2020-03-20 16:34:21', 1, '91'),
(537, 'Riju', '2020-03-20 12:32:04', '8050099222', '2020-03-21 17:00:43', '2020-03-21 22:45:51', 0, '91'),
(538, 'Manali', '2020-03-20 13:00:08', '8805659111', '2020-03-20 13:07:13', '2020-03-20 13:15:19', 1, '91'),
(539, 'Rudrali', '2020-03-20 13:02:32', '8796255990', '2020-03-20 13:02:32', '2020-03-20 13:03:02', 1, '91'),
(540, 'Uday', '2020-03-20 13:03:06', '8806967232', '2020-03-28 09:37:33', '2020-03-28 09:38:03', 1, '91'),
(541, 'S Karpagam', '2020-03-20 13:26:07', '8105612984', '2020-03-20 13:26:07', '2020-03-20 13:33:37', 1, '91'),
(542, 'swati Mohite', '2020-03-20 13:47:22', '9920321262', '2020-03-22 21:02:06', '2020-03-22 21:02:25', 0, '91'),
(543, 'Surekha Dange ', '2020-03-20 14:22:31', '9663149387', '2020-03-20 15:55:50', '2020-03-20 16:48:21', 1, '91'),
(544, 'M.V.RAVINDRA', '2020-03-20 14:32:52', '09845431906', '2020-03-20 21:21:11', '2020-03-20 22:59:42', 1, '91'),
(545, 'jagdish uba', '2020-03-20 14:54:13', '6909586710', '2020-03-20 14:54:13', '2020-03-20 14:54:43', 1, '91'),
(546, 'Mitesh', '2020-03-20 15:14:57', '9907774001', '2020-03-20 15:14:57', '2020-03-20 15:15:58', 1, '91'),
(547, 'sandhya ', '2020-03-20 15:43:10', '9820286900', '2020-03-20 15:43:10', '2020-03-20 18:02:31', 0, '91'),
(548, 'MOHAN RAO', '2020-03-20 15:45:25', '08971006820', '2020-03-20 15:45:25', '2020-03-20 15:46:56', 1, '91'),
(549, 'Sanjeev Chowdhury', '2020-03-20 15:56:01', '9930602179', '2020-03-20 15:56:01', '2020-03-20 16:12:42', 1, '91'),
(550, 'Sarita goel', '2020-03-20 16:08:04', '9996649538', '2020-03-30 20:12:11', '2020-03-30 20:12:41', 1, '91'),
(551, 'Balaji N.', '2020-03-20 16:17:01', '8080832333', '2020-04-20 22:52:41', '2020-04-20 23:00:11', 1, '91'),
(552, 'Dharitri Moharatha', '2020-03-20 16:21:56', '9040250415', '2020-03-20 20:25:51', '2020-03-20 21:47:31', 1, '91'),
(553, 'Varun', '2020-03-20 17:20:44', '9225112015', '2020-03-26 08:48:48', '2020-03-26 08:49:18', 1, '91'),
(554, 'D SATHYA NARAYANA', '2020-03-20 17:39:15', '9840609306', '2020-05-08 18:27:05', '2020-05-08 18:27:35', 1, '91'),
(555, 'Ashima Whorra', '2020-03-20 18:08:59', '9810066461', '2020-03-20 21:06:15', '2020-03-21 00:33:41', 1, '91'),
(556, 'Sadruddin', '2020-03-20 18:18:09', '9833202542', '2020-03-21 22:22:21', '2020-03-22 00:27:21', 1, '91'),
(557, 'Sangeeta ', '2020-03-20 18:28:08', '9811611456', '2020-03-20 18:28:08', '2020-03-20 18:40:09', 1, '91'),
(558, 'Monikka Bhatnagar', '2020-03-20 18:56:34', '9910606795', '2020-03-20 18:56:34', '2020-03-20 20:50:34', 1, '91'),
(559, 'Geetha R bhat', '2020-03-20 18:57:35', '94498 60185', '2020-03-20 18:57:35', '2020-03-20 18:59:16', 1, '91'),
(560, 'Usha Suri', '2020-03-20 18:59:28', '+649870034335', '2020-03-20 18:59:28', '2020-03-20 19:00:28', 1, '91'),
(561, 'Bhavani Murty', '2020-03-20 19:06:46', '8788946201', '2020-03-20 19:06:46', '2020-03-20 19:24:24', 1, '91'),
(562, 'Raghu bm', '2020-03-20 19:31:05', '8970659580', '2020-03-22 12:06:54', '2020-03-22 13:18:51', 1, '91'),
(563, 'Dipit', '2020-03-20 19:51:38', '9818360038', '2020-03-21 21:35:55', '2020-03-21 23:38:25', 1, '91'),
(564, 'RAJKUNWAR GAIKWAD ', '2020-03-20 19:59:30', '7016226303', '2020-03-21 12:37:22', '2020-03-21 13:13:35', 1, '91'),
(565, 'Debasish Das', '2020-03-20 20:08:24', '09338961372', '2020-03-20 20:08:24', '2020-03-20 20:19:55', 1, '91'),
(566, 'Ghanshyam Lakhani', '2020-03-20 20:14:03', '9825896155', '2020-03-27 04:23:01', '2020-03-27 04:24:03', 1, '91'),
(567, 'Suman', '2020-03-20 20:28:55', '9820967726', '2020-03-20 23:03:44', '2020-03-20 23:07:18', 1, '91'),
(568, 'Sanjiv Sharma ', '2020-03-20 20:31:46', '9812302541', '2020-03-25 21:39:59', '2020-03-25 21:40:29', 1, '91'),
(569, 'Unnikrishnan S', '2020-03-20 20:49:41', '9540265446', '2020-03-20 20:49:41', '2020-03-20 22:16:31', 1, '91'),
(570, 'GANGADHAR GOWDA', '2020-03-20 20:50:21', '09820277317', '2020-03-21 17:55:11', '2020-03-21 18:53:50', 0, '91'),
(571, 'Unnikrishnan.K', '2020-03-20 20:57:43', '9443053440', '2020-03-21 06:08:26', '2020-03-21 07:40:02', 1, '91'),
(572, 'Ramesh Jagtap', '2020-03-20 21:18:56', '9373097046', '2020-03-22 12:56:59', '2020-03-22 13:56:29', 1, '91'),
(573, 'Sk jain', '2020-03-20 21:29:34', '09530207700', '2020-03-20 21:29:34', '2020-03-20 22:26:06', 1, '91'),
(574, 'Ganesh', '2020-03-20 21:45:43', '9451132149', '2020-03-20 21:45:43', '2020-03-20 21:46:13', 1, '91'),
(575, 'Shalini', '2020-03-20 22:26:11', '9663372665', '2020-04-04 15:30:51', '2020-04-04 15:31:21', 1, '91'),
(576, 'naresh pattanaik', '2020-03-20 22:53:53', '9439363573', '2020-03-20 22:53:53', '2020-03-21 00:02:01', 1, '91'),
(577, 'Subhash Randive', '2020-03-20 22:55:31', '9011088411', '2020-03-21 08:47:13', '2020-03-21 10:17:14', 1, '91'),
(578, 'Niranjan Shah', '2020-03-21 00:16:37', '09867264942', '2020-03-21 00:16:37', '2020-03-21 00:23:38', 1, '91'),
(579, 'Shanmuganathan murugesa', '2020-03-21 04:32:18', '8056233234', '2020-03-26 21:15:24', '2020-03-26 21:15:37', 0, '1'),
(580, 'Samir Patel', '2020-03-21 07:54:43', '09825057792', '2020-03-21 07:54:43', '2020-03-21 11:16:43', 1, '91'),
(581, 'Bhartish Chandra Consul', '2020-03-21 08:00:17', '9830084233', '2020-03-21 23:14:38', '2020-03-22 00:05:09', 1, '91'),
(582, 'Prabhakar reddy. S', '2020-03-21 08:08:34', '9392408383', '2020-03-21 16:03:36', '2020-03-21 16:27:22', 1, '91'),
(583, 'bhagyamma', '2020-03-21 08:23:40', '09686546684', '2020-03-21 08:23:40', '2020-03-21 11:21:40', 1, '91'),
(584, 'Mr. Prabhakar Reddy.s', '2020-03-21 08:57:12', '9392508383', '2020-03-21 08:57:12', '2020-03-21 10:31:22', 1, '91'),
(585, 'Bhartish Chandra Consul', '2020-03-21 09:20:19', '9038001338', '2020-03-21 09:20:19', '2020-03-21 09:21:20', 1, '91'),
(586, 'Neerwj', '2020-03-21 10:58:34', '9322640641', '2020-03-21 10:58:34', '2020-03-21 12:37:38', 1, '91'),
(587, 'Sreekala', '2020-03-21 11:38:09', '8589032182', '2020-03-21 21:31:08', '2020-03-21 22:48:37', 1, '91'),
(588, 'Namita', '2020-03-21 11:43:49', '9351343626', '2020-03-21 15:05:34', '2020-03-21 16:21:41', 1, '91'),
(589, 'Mahesh rane', '2020-03-21 11:49:13', '9503051069', '2020-03-21 13:19:27', '2020-03-21 14:20:58', 1, '91'),
(590, 'Gregory Saldanha', '2020-03-21 11:54:02', '7042267711', '2020-03-22 00:00:28', '2020-03-22 01:30:00', 1, '91'),
(591, 'Jitendrakumar ', '2020-03-21 13:27:55', '9825374175', '2020-03-23 14:09:03', '2020-03-23 14:09:33', 1, '91'),
(592, 'Raul mehta', '2020-03-21 14:32:35', '9833227832', '2020-03-21 14:32:35', '2020-03-21 16:33:36', 1, '91'),
(593, 'Raj', '2020-03-21 14:58:03', '9988776655', '2020-06-17 23:56:24', '2020-06-17 23:56:54', 1, '91'),
(594, 'Raj', '2020-03-21 15:33:20', '9970601155', '2020-03-21 15:33:20', '2020-03-21 15:41:55', 1, '91'),
(595, 'Sachin', '2020-03-21 16:21:22', '7798982359', '2020-03-21 16:49:39', '2020-03-21 18:59:10', 1, '91'),
(596, 'Veena Shetty', '2020-03-21 16:31:53', '9167766761', '2020-03-21 16:34:42', '2020-03-21 22:42:25', 1, '91'),
(597, 'Maryann Pereira', '2020-03-21 17:00:03', '9822052520', '2020-03-21 21:22:21', '2020-03-21 21:22:51', 1, '91'),
(598, 'Atul Bhope', '2020-03-21 17:09:18', '9821341440', '2020-03-21 17:09:18', '2020-03-21 17:19:07', 1, '91'),
(599, 'Jayaraman S Iyer', '2020-03-21 17:12:56', '8692917171', '2020-03-21 20:39:28', '2020-03-21 21:50:06', 1, '91'),
(600, 'K.V.S.Murthy', '2020-03-21 17:19:35', '9980406895', '2020-03-21 17:19:35', '2020-03-21 17:25:38', 1, '91'),
(601, 'Vijaysinh patil', '2020-03-21 17:31:58', '9867004912', '2020-03-21 17:31:58', '2020-03-21 17:47:30', 1, '91'),
(602, 'Swati mohite ', '2020-03-21 18:20:46', '09920321262', '2020-03-22 17:56:56', '2020-03-22 18:12:56', 1, '91'),
(603, 'Vasudha Chavan', '2020-03-21 18:30:45', '9822295524', '2020-03-21 18:30:45', '2020-03-21 18:32:45', 1, '91'),
(604, 'Renuka Gowda', '2020-03-21 18:51:01', '9820372160', '2020-03-21 18:51:01', '2020-03-21 19:09:32', 1, '91'),
(605, 'Michelle', '2020-03-21 18:53:10', '0982 329 5928', '2020-03-21 19:22:40', '2020-03-21 19:49:41', 1, '91'),
(606, 'Surjit shroff', '2020-03-21 19:17:40', '9861148810', '2020-03-21 19:26:37', '2020-03-21 22:17:27', 0, '91'),
(607, 'Gorakhnath', '2020-03-21 19:18:41', '9518777436', '2020-03-21 19:26:48', '2020-03-21 19:27:18', 1, '91'),
(608, 'Sunil', '2020-03-21 19:37:00', '9004074276', '2020-03-21 19:37:00', '2020-03-21 19:53:32', 1, '91'),
(609, 'Kailash Daluka', '2020-03-21 19:43:28', '9830024405', '2020-03-21 19:43:28', '2020-03-21 20:07:24', 1, '91'),
(610, 'KK KHAN', '2020-03-21 19:59:41', '9923610024', '2020-03-21 21:57:44', '2020-03-21 23:02:43', 1, '91'),
(611, 'Nandakishore', '2020-03-21 20:27:37', '9342160528', '2020-03-21 20:53:18', '2020-03-21 21:54:18', 1, '91'),
(612, 'R C sahu', '2020-03-21 20:42:52', '8260162713', '2020-03-21 20:42:52', '2020-03-21 23:46:28', 1, '91'),
(613, 'debasish das', '2020-03-21 20:48:31', '9338961372', '2020-03-21 20:48:31', '2020-03-21 21:25:32', 1, '91'),
(614, 'Bhuvaneshwari J Iyer', '2020-03-21 21:14:58', '9920772553', '2020-03-21 21:14:58', '2020-03-21 22:27:45', 1, '91'),
(615, 'Jaya raman s', '2020-03-21 21:50:38', '18692917171', '2020-03-21 21:50:38', '2020-03-21 23:07:39', 1, '91'),
(616, 'Mangesh', '2020-03-21 21:52:37', '09970601155', '2020-03-21 21:52:37', '2020-03-21 21:54:38', 1, '91'),
(617, 'Andal', '2020-03-21 22:30:44', '9912131388', '2020-03-21 23:24:25', '2020-03-22 00:04:28', 0, '91'),
(618, 'Andal', '2020-03-21 22:32:58', '9912131388', '2020-03-21 22:32:58', '2020-03-22 00:04:28', 0, '1'),
(619, 'Shilpa daluka', '2020-03-21 22:38:38', '9831003890', '2020-03-21 22:59:46', '2020-03-21 23:10:10', 1, '91'),
(620, 'Neeraj', '2020-03-21 23:25:25', '9422640651', '2020-03-21 23:25:25', '2020-03-22 03:07:56', 1, '91'),
(621, 'Neeraj', '2020-03-22 03:07:52', '9322640651', '2020-03-22 19:35:21', '2020-03-22 19:35:23', 0, '91'),
(622, 'Archana Bhatt', '2020-03-22 03:28:18', '7162237024', '2020-03-22 03:28:18', '2020-03-22 05:28:27', 1, '1'),
(623, 'Padma', '2020-03-22 07:18:53', '9773235090', '2020-03-22 07:18:53', '2020-03-22 08:16:24', 1, '91'),
(624, 'Rita Kamdar', '2020-03-22 10:37:45', '9820052262', '2020-03-22 10:37:45', '2020-03-22 10:39:47', 1, '8816'),
(625, 'Indira kurane', '2020-03-22 11:29:06', '9823926854', '2020-03-22 15:53:39', '2020-03-22 16:58:09', 1, '91'),
(626, 'RadheShyam', '2020-03-23 13:47:10', '7875237677', '2020-03-23 13:49:22', '2020-03-23 13:49:52', 1, '91'),
(627, 'Raj', '2020-03-23 17:33:08', '8080161547', '2020-03-23 18:56:04', '2020-03-23 18:57:05', 1, '91'),
(628, 'Madhumita', '2020-03-23 17:35:13', '7738685092', '2020-03-23 18:50:33', '2020-03-23 18:51:03', 1, '91'),
(629, 'Saidulu Jetti ', '2020-03-28 23:32:50', '9885246313', '2020-03-29 17:08:09', '2020-03-29 17:08:39', 1, '91'),
(630, 'Ashish Gupta', '2020-03-29 01:11:49', '9811166811', '2020-03-29 01:13:40', '2020-03-29 01:14:10', 1, '91'),
(631, 'Ramgopal', '2020-03-29 07:36:43', '9087715555', '2020-03-29 07:36:43', '2020-03-29 07:37:13', 1, '91'),
(632, 'PREETHA K G', '2020-03-29 08:00:56', '9446324370', '2020-03-29 08:00:56', '2020-03-29 08:01:26', 1, '91'),
(633, 'Hitesh', '2020-03-29 08:08:00', '9714733114', '2020-03-29 09:41:02', '2020-03-29 09:41:35', 0, '91'),
(634, 'K R Srinivasa Raju', '2020-03-29 08:12:07', '09393770004', '2020-03-29 08:12:46', '2020-03-29 08:13:16', 1, '91'),
(635, 'kundlikrao pawar', '2020-03-29 08:23:55', '9850026333', '2020-03-29 08:23:55', '2020-03-29 08:25:29', 1, '91'),
(636, 'murari verma', '2020-03-29 08:41:47', '9415214017', '2020-03-29 08:41:47', '2020-03-29 08:42:17', 1, '91'),
(637, 'Ashok R Bhagwat', '2020-03-29 08:53:27', '9930737498', '2020-03-29 08:53:27', '2020-03-29 08:53:50', 0, '91'),
(638, 'Minnie Carri', '2020-03-29 09:06:50', '9711264765', '2020-03-29 17:02:45', '2020-03-29 17:03:01', 0, '91'),
(639, 'VANITA GONSALVES', '2020-03-29 09:40:26', '09022366420', '2020-03-29 09:40:26', '2020-03-29 09:41:26', 1, '91'),
(640, 'DANESH IRANI', '2020-03-29 10:24:56', '09820055975', '2020-03-29 10:24:56', '2020-03-29 10:25:26', 1, '91'),
(641, 'S VISALATCHY', '2020-03-29 10:43:27', '7838993564', '2020-03-29 10:47:52', '2020-03-29 10:48:22', 1, '91'),
(642, 'NAGANATHAN A H', '2020-03-29 10:50:23', '9486483834', '2020-03-29 17:33:27', '2020-03-29 17:35:33', 1, '91'),
(643, 'Ajay Gadade', '2020-03-29 11:09:00', '09967676676', '2020-03-29 11:21:03', '2020-03-29 11:21:33', 1, '91'),
(644, 'a rengaraj', '2020-03-29 11:40:04', '09908788874', '2020-03-29 11:40:04', '2020-03-29 11:41:37', 1, '91'),
(645, 'Danesh Irani', '2020-03-29 11:52:45', '9820055975', '2020-03-29 12:02:14', '2020-03-29 12:02:44', 1, '91'),
(646, 'Dr Ratan Kumar Das', '2020-03-29 12:15:08', '8763422499', '2020-03-29 12:15:08', '2020-03-29 12:17:39', 1, '91'),
(647, 'Rajesh Sharma', '2020-03-29 12:21:39', '9873552228', '2020-03-29 12:21:39', '2020-03-29 12:50:40', 1, '91'),
(648, 'Suresh', '2020-03-29 13:26:34', '9047097788', '2020-03-29 15:05:17', '2020-03-29 15:06:50', 1, '91'),
(649, 'Manivasagam', '2020-03-29 20:15:22', '9941243244', '2020-03-29 20:15:22', '2020-03-29 20:15:52', 1, '91'),
(650, 'Vijendra Verma', '2020-03-29 21:15:13', '9810017669', '2020-03-29 21:16:10', '2020-03-29 21:16:40', 1, '91'),
(651, 'Karthik', '2020-03-29 22:44:04', '8073488982', '2020-03-29 22:44:40', '2020-03-29 22:45:34', 0, '91'),
(652, 'Srinivas', '2020-03-29 22:46:01', '8074545555', '2020-03-29 22:46:01', '2020-03-29 22:46:15', 0, '91'),
(653, 'Sarita', '2020-03-30 20:01:24', '8053755779', '2020-03-30 20:01:24', '2020-03-30 20:05:58', 1, '91'),
(654, 'V Narendra tiwari ', '2020-03-30 20:14:19', '9951665999', '2020-03-30 20:14:19', '2020-03-30 20:14:49', 1, '91'),
(655, 'MANGESH NARAYAN PARADKAR', '2020-04-02 10:48:03', '09821643609', '2020-04-02 10:48:03', '2020-04-02 10:48:33', 1, '91'),
(656, 'Selvakumar', '2020-04-14 18:11:25', '9341365558', '2020-04-14 18:11:25', '2020-04-14 18:11:55', 1, '91'),
(657, 'Vinod Kumar Shukla', '2020-04-16 21:28:00', '9807838222', '2020-04-16 21:47:54', '2020-04-16 21:48:04', 0, '91'),
(658, 'Siva Rama Krishna Mada', '2020-04-26 15:12:01', '9948068881', '2020-04-26 15:18:08', '2020-04-26 15:37:38', 1, '91'),
(659, 'SivaRamaKrishna Mada', '2020-04-26 15:12:56', '9948068881', '2020-04-26 15:12:56', '2020-04-26 15:17:50', 0, '354');

--
-- Indexes for dumped tables
--

--
-- Indexes for table `tbl_questions`
--
ALTER TABLE `tbl_questions`
  ADD PRIMARY KEY (`id`);

--
-- Indexes for table `tbl_users`
--
ALTER TABLE `tbl_users`
  ADD PRIMARY KEY (`id`);

--
-- AUTO_INCREMENT for dumped tables
--

--
-- AUTO_INCREMENT for table `tbl_questions`
--
ALTER TABLE `tbl_questions`
  MODIFY `id` int(11) NOT NULL AUTO_INCREMENT, AUTO_INCREMENT=552;
--
-- AUTO_INCREMENT for table `tbl_users`
--
ALTER TABLE `tbl_users`
  MODIFY `id` int(3) NOT NULL AUTO_INCREMENT, AUTO_INCREMENT=660;
/*!40101 SET CHARACTER_SET_CLIENT=@OLD_CHARACTER_SET_CLIENT */;
/*!40101 SET CHARACTER_SET_RESULTS=@OLD_CHARACTER_SET_RESULTS */;
/*!40101 SET COLLATION_CONNECTION=@OLD_COLLATION_CONNECTION */;
