-- phpMyAdmin SQL Dump
-- version 4.6.6deb5ubuntu0.5
-- https://www.phpmyadmin.net/
--
-- Host: localhost:3306
-- Generation Time: Feb 09, 2022 at 06:53 AM
-- Server version: 5.7.36-0ubuntu0.18.04.1
-- PHP Version: 7.2.24-0ubuntu0.18.04.10

SET SQL_MODE = "NO_AUTO_VALUE_ON_ZERO";
SET time_zone = "+00:00";


/*!40101 SET @OLD_CHARACTER_SET_CLIENT=@@CHARACTER_SET_CLIENT */;
/*!40101 SET @OLD_CHARACTER_SET_RESULTS=@@CHARACTER_SET_RESULTS */;
/*!40101 SET @OLD_COLLATION_CONNECTION=@@COLLATION_CONNECTION */;
/*!40101 SET NAMES utf8mb4 */;

--
-- Database: `coacteh9_ffd140220`
--

-- --------------------------------------------------------

--
-- Table structure for table `tbl_countries`
--

CREATE TABLE `tbl_countries` (
  `country` varchar(43) DEFAULT NULL,
  `cntry_code` varchar(5) DEFAULT NULL
) ENGINE=MyISAM DEFAULT CHARSET=utf8;

--
-- Dumping data for table `tbl_countries`
--

INSERT INTO `tbl_countries` (`country`, `cntry_code`) VALUES
('Afghanistan', '93'),
('Albania', '355'),
('Algeria', '213'),
('American Samoa', '1-684'),
('Andorra', '376'),
('Angola', '244'),
('Anguilla', '1-264'),
('Antarctica', '672'),
('Antigua', '1-268'),
('Argentina', '54'),
('Armenia', '374'),
('Aruba', '297'),
('Ascension', '247'),
('Australia', '61'),
('Australian External Territories', '672'),
('Austria', '43'),
('Azerbaijan', '994'),
('Bahamas', '1-242'),
('Bahrain', '973'),
('Bangladesh', '880'),
('Barbados', '1-246'),
('Barbuda', '1-268'),
('Belarus', '375'),
('Belgium', '32'),
('Belize', '501'),
('Benin', '229'),
('Bermuda', '1-441'),
('Bhutan', '975'),
('Bolivia', '591'),
('Bosnia & Herzegovina', '387'),
('Botswana', '267'),
('Brazil', '55'),
('British Virgin Islands', '1-284'),
('Brunei Darussalam', '673'),
('Bulgaria', '359'),
('Burkina Faso', '226'),
('Burundi', '257'),
('Cambodia', '855'),
('Cameroon', '237'),
('Canada', '1'),
('Cape Verde Islands', '238'),
('Cayman Islands', '1-345'),
('Central African Republic', '236'),
('Chad', '235'),
('Chatham Island (New Zealand)', '64'),
('Chile', '56'),
('China (PRC)', '86'),
('Christmas Island', '61-8'),
('Cocos-Keeling Islands', '61'),
('Colombia', '57'),
('Comoros', '269'),
('Congo', '242'),
('Congo, Dem. Rep. of?', '243'),
('Cook Islands', '682'),
('Costa Rica', '506'),
('C?te d\'Ivoire', '225'),
('Croatia', '385'),
('Cuba', '53'),
('Cuba', '5399'),
('Cura?ao', '599'),
('Cyprus', '357'),
('Czech Republic', '420'),
('Denmark', '45'),
('Diego Garcia', '246'),
('Djibouti', '253'),
('Dominica', '1-767'),
('Dominican Republic', '1-809'),
('East Timor', '670'),
('Easter Island', '56'),
('Ecuador', '593'),
('Egypt', '20'),
('El Salvador', '503'),
('Equatorial Guinea', '240'),
('Eritrea', '291'),
('Estonia', '372'),
('Ethiopia', '251'),
('Falkland Islands', '500'),
('Faroe Islands', '298'),
('Fiji Islands', '679'),
('Finland', '358'),
('France', '33'),
('French Antilles', '596'),
('French Guiana', '594'),
('French Polynesia', '689'),
('Gabonese Republic', '241'),
('Gambia', '220'),
('Georgia', '995'),
('Germany', '49'),
('Ghana', '233'),
('Gibraltar', '350'),
('Greece', '30'),
('Greenland', '299'),
('Grenada', '1-473'),
('Guadeloupe', '590'),
('Guam', '1-671'),
('Guantanamo Bay', '5399'),
('Guatemala', '502'),
('Guinea-Bissau', '245'),
('Guinea', '224'),
('Guyana', '592'),
('Haiti', '509'),
('Honduras', '504'),
('Hong Kong', '852'),
('Hungary', '36'),
('Iceland', '354'),
('India', '91'),
('Indonesia', '62'),
('Inmarsat (Atlantic Ocean - East)', '871'),
('Inmarsat (Atlantic Ocean - West)', '874'),
('Inmarsat (Indian Ocean)', '873'),
('Inmarsat (Pacific Ocean)', '872'),
('International Freephone Service', '800'),
('International Shared Cost Service (ISCS)', '808'),
('Iran', '98'),
('Iraq', '964'),
('Ireland', '353'),
('Iridium', '8816'),
('Israel', '972'),
('Italy', '39'),
('Jamaica', '1-876'),
('Japan', '81'),
('Jordan', '962'),
('Kazakhstan', '7'),
('Kenya', '254'),
('Kiribati', '686'),
('Korea (North)', '850'),
('Korea (South)', '82'),
('Kuwait', '965'),
('Kyrgyz Republic', '996'),
('Laos', '856'),
('Latvia', '371'),
('Lebanon', '961'),
('Lesotho', '266'),
('Liberia', '231'),
('Libya', '218'),
('Liechtenstein', '423'),
('Lithuania', '370'),
('Luxembourg', '352'),
('Macao', '853'),
('Macedonia', '389'),
('Madagascar', '261'),
('Malawi', '265'),
('Malaysia', '60'),
('Maldives', '960'),
('Mali Republic', '223'),
('Malta', '356'),
('Marshall Islands', '692'),
('Martinique', '596'),
('Mauritania', '222'),
('Mauritius', '230'),
('Mayotte Island', '269'),
('Mexico', '52'),
('Micronesia, (Federal States of)', '691'),
('Midway Island', '1-808'),
('Moldova', '373'),
('Monaco', '377'),
('Mongolia', '976'),
('Montenegro', '382'),
('Montserrat', '1-664'),
('Morocco', '212'),
('Mozambique', '258'),
('Myanmar', '95'),
('Namibia', '264'),
('Nauru', '674'),
('Nepal', '977'),
('Netherlands', '31'),
('Netherlands Antilles', '599'),
('Nevis', '1-869'),
('New Caledonia', '687'),
('New Zealand', '64'),
('Nicaragua', '505'),
('Niger', '227'),
('Nigeria', '234'),
('Niue', '683'),
('Norfolk Island', '672'),
('Northern Marianas Islands', '1-670'),
('Norway', '47'),
('Oman', '968'),
('Pakistan', '92'),
('Palau', '680'),
('Palestinian Settlements', '970'),
('Panama', '507'),
('Papua New Guinea', '675'),
('Paraguay', '595'),
('Peru', '51'),
('Philippines', '63'),
('Poland', '48'),
('Portugal', '351'),
('Puerto Rico', '1-787'),
('Qatar', '974'),
('R?union Island', '262'),
('Romania', '40'),
('Russia', '7'),
('Rwandese Republic', '250'),
('St. Helena', '290'),
('St. Kitts/Nevis', '1-869'),
('St. Lucia', '-757'),
('St. Pierre & Miquelon', '508'),
('St. Vincent & Grenadines', '1-784'),
('Samoa', '685'),
('San Marino', '378'),
('S?o Tom? and Principe', '239'),
('Saudi Arabia', '966'),
('Senegal', '221'),
('Serbia', '381'),
('Seychelles Republic', '248'),
('Sierra Leone', '232'),
('Singapore', '65'),
('Slovak Republic', '421'),
('Slovenia', '386'),
('Solomon Islands', '677'),
('Somali Democratic Republic', '252'),
('South Africa', '27'),
('Spain', '34'),
('Sri Lanka', '94'),
('Sudan', '249'),
('Suriname', '597'),
('Swaziland', '268'),
('Sweden', '46'),
('Switzerland', '41'),
('Syria', '963'),
('Taiwan', '886'),
('Tajikistan', '992'),
('Tanzania', '255'),
('Thailand', '66'),
('Thuraya (Mobile Satellite service)', '88216'),
('Timor Leste', '670'),
('Togolese Republic', '228'),
('Tokelau', '690'),
('Tonga Islands', '676'),
('Trinidad & Tobago', '1-868'),
('Tunisia', '216'),
('Turkey', '90'),
('Turkmenistan', '993'),
('Turks and Caicos Islands', '1-649'),
('Tuvalu', '688'),
('Uganda', '256'),
('Ukraine', '380'),
('United Arab Emirates', '971'),
('United Kingdom', '44'),
('United States of America', '1'),
('US Virgin Islands', '1-340'),
('Universal Personal Telecommunications (UPT)', '878'),
('Uruguay', '598'),
('Uzbekistan', '998'),
('Vanuatu', '678'),
('Vatican City', '39'),
('Venezuela', '58'),
('Vietnam', '84'),
('Wake Island', '808');

-- --------------------------------------------------------

--
-- Table structure for table `tbl_questions`
--

CREATE TABLE `tbl_questions` (
  `id` int(11) NOT NULL,
  `user_name` varchar(255) NOT NULL,
  `user_phone` varchar(15) NOT NULL,
  `user_question` varchar(500) NOT NULL,
  `asked_at` datetime NOT NULL,
  `user_code` varchar(10) NOT NULL
) ENGINE=MyISAM DEFAULT CHARSET=latin1;

--
-- Dumping data for table `tbl_questions`
--

INSERT INTO `tbl_questions` (`id`, `user_name`, `user_phone`, `user_question`, `asked_at`, `user_code`) VALUES
(1, 'B V Prasad Rao', '9490101127', 'To reverse the diabatic, required HbA1C', '2020-02-11 18:11:04', '91'),
(2, 'Sanjiv Sharma ', '9812302541', 'Suffering from diabetes', '2020-02-12 09:27:28', '91'),
(3, 'Sanjiv Sharma ', '9812302541', 'Relief from diabetes', '2020-02-12 16:36:11', '91'),
(4, 'Prakash H ', '9449250075', 'I am suffering from Pre-diabetes for last one year, Asthma and Allergies from last 20 years.', '2020-02-12 16:36:39', '91'),
(5, 'Sanjiv Sharma ', '7015442541', 'Suffering from diabetes', '2020-02-13 18:32:20', '91'),
(6, 'Anusuya', '9980263047', 'Which questions', '2020-02-13 18:45:42', '91'),
(7, 'B V Prasad Rao', '9490101127', 'For reversal of diabatic what is HbA1c to be maintained', '2020-02-13 20:44:46', '91'),
(8, 'RAJIV KAPOOR', '9216519317', 'WHAT IS THE RIHHT TIME TO DRINK SAMUTHI BEFOR OR AFTER MEAL & HOW MAANY TIMES IT IS TO BE TAKEN PER DAY', '2020-02-14 12:21:42', '91'),
(9, 'Mohankumar c', '9448296135', 'Can it cureable', '2020-02-14 14:44:43', '91'),
(10, 'Usha K Bissesar', '842345629', 'What time is it in India now', '2020-02-14 17:58:41', '27'),
(11, 'Aarti Manglani ', '9158048777', 'So many questions! Want to come to Pune for residential treatment course', '2020-02-14 18:21:28', '91'),
(12, 'Aarti Manglani ', '9158048777', 'Can we use honey with lemon water?', '2020-02-14 18:22:03', '91'),
(13, 'Aarti Manglani ', '9158048777', 'Can we use honey with lemon water?', '2020-02-14 18:22:03', '91'),
(14, 'Veerisetty. VenkataRamanaiah ', '8639405900', 'Good evening Sir, I have type 1 diabetics and I had been taking insulin (and gluconorm g-3 and 4 tablet also) past one year. So I would like to know that, how can I  get rid of from this difficulty. \r\nWith warm regards \r\nMr.VenkataRamanaiah.', '2020-02-14 18:34:30', '91'),
(15, 'Anish  Bansal', '09815620159', '05-02-2020 first i know iam diabtic  fasting 260 after just breakfast390', '2020-02-14 18:37:52', '91'),
(16, 'Anish  Bansal', '09815620159', 'How to reverse diabtic', '2020-02-14 18:39:07', '91'),
(17, 'Anish  Bansal', '09815620159', 'Give diet plan', '2020-02-14 18:39:41', '91'),
(18, 'Varsha Bhadey', '9689312954', 'Can diabetic patients choose the option of multifocal lense after catract surgery?', '2020-02-14 18:40:33', '91'),
(19, 'Anish  Bansal', '09815620159', 'Please give me exersise to reverse diabties', '2020-02-14 18:42:29', '91'),
(20, 'Maulik patel', '8160157489', 'I am a hyper acidity and gastro patient plus hypertension patient and 5 year diabitic  my age 34 what should I do', '2020-02-14 18:43:12', '91'),
(21, 'Anish  Bansal', '09815620159', 'I am 45 years old', '2020-02-14 18:43:24', '91'),
(22, 'Parag patil', '09324155381', 'I have dibeties from last 8 months but i never get medicine and i have liver fibrosis please guide for that now a days i have 170 pp sugar', '2020-02-14 18:44:09', '91'),
(23, 'Anusuys Shetty', '09980263047', 'Is it started', '2020-02-14 18:44:47', '91'),
(24, 'Anish  Bansal', '09815620159', 'I reduce my muscle mass can l built', '2020-02-14 18:45:00', '91'),
(25, 'Sanjay Kothari', '9977244444', 'à¤•à¥à¤¯à¤¾ à¤¯à¤¹ à¤µà¥€à¤¡à¤¿à¤¯à¥‹ à¤®à¥ˆà¤‚ à¤¬à¤¾à¤¦ à¤®à¥‡à¤‚ à¤­à¥€ à¤¦à¥‡à¤– à¤¸à¤•à¤¤à¤¾ à¤¹à¥‚à¤‚?', '2020-02-14 18:45:24', '91'),
(26, 'Arif Khan', '07891030782', 'Sir merey daibets 2 h kya wo riversel ho sakta h kya', '2020-02-14 18:45:49', '91'),
(27, 'Sanjiv Sharma ', '7015442541', 'Suffering from diabetes', '2020-02-14 18:45:50', '91'),
(28, 'Anish  Bansal', '09815620159', 'What is kali miri    punjab', '2020-02-14 18:46:07', '91'),
(29, 'Sanjiv Sharma ', '7015442541', 'Suffering from diabetes', '2020-02-14 18:46:20', '91'),
(30, 'Deepak Sudame', '09168545020', 'Can Diabetes be really reversed or it is a myth', '2020-02-14 18:46:29', '91'),
(31, 'Arif Khan', '07891030782', 'Sir mera b.p.90 160 rhta h', '2020-02-14 18:47:11', '91'),
(32, 'Indira Sitaraman', '7326665613', 'Can people who have diabetes for nearly 25 years, can they reverse it?', '2020-02-14 18:49:14', '1'),
(33, 'Indira Sitaraman', '7326665613', 'Can people who have diabetes for nearly 25 years, can they reverse it?', '2020-02-14 18:49:14', '1'),
(34, 'kishor suri', '09873129998', 'sir awaz fat rahi hay', '2020-02-14 18:49:18', '91'),
(35, 'Sanjay Gupta', '09845046716', 'too much of echo and lag', '2020-02-14 18:49:35', '91'),
(36, 'Deepak jha', '8876148531', 'Hi sir', '2020-02-14 18:49:47', '91'),
(37, 'Deepak jha', '8876148531', 'How I connect', '2020-02-14 18:50:27', '91'),
(38, 'Varadharajan', '9885013440', 'Please confirm connection', '2020-02-14 18:51:17', '91'),
(39, 'Rohan Ooken', '798871471', 'I am mother of type 1 Diabetes child. Does your system work with Type 1 Diabetes too?', '2020-02-14 18:53:47', '44'),
(40, 'Rama mohan', '9848378794', 'Diabetic is curable', '2020-02-14 18:53:51', '91'),
(41, 'Neeta khullar', '9871241668', 'FFD kaise help karta hai', '2020-02-14 18:54:26', '91'),
(42, 'Vijai Shankar Srivastava', '9454325509', 'Do we require things to be purchased in form of food medicines or other equipment to be purchased from ur links?', '2020-02-14 18:55:09', '91'),
(43, 'Praveen ', '8056253489', 'Can i complete get of medication', '2020-02-14 18:55:15', '91'),
(44, 'Rama mohan', '9848378794', 'How many days will take to normal results?', '2020-02-14 18:55:28', '91'),
(45, 'Brajesh singh', '9528424991', 'I am feeling numbness and tingling in my lower legs whole day. Mostly after getting up in the morning', '2020-02-14 18:56:54', '91'),
(46, 'Ashis Kumar sur', '8732652054', 'How to control the diabetic without medicine?', '2020-02-14 18:56:57', '91'),
(47, 'Neeta khullar', '9871241668', 'aap hamen online kaise guide large ha in\r\nKya aap daily diet BTate hain', '2020-02-14 18:57:37', '91'),
(48, 'Kamal Gaba', '9971100782', 'hi Is the session started', '2020-02-14 18:58:55', '91'),
(49, 'Pavan soni', '8619987824', 'Mom', '2020-02-14 18:59:15', '91'),
(50, 'Bhupendra Bikram Gurung', '9845547297', 'Hello what is this primary n secoundary tab', '2020-02-14 18:59:44', '91'),
(51, 'Rajendra Pisolkar', '95273606', 'How to control Hba1c?', '2020-02-14 18:59:57', '968'),
(52, 'kashinath sutar', '9916500098', 'can it be revered ?', '2020-02-14 19:00:21', '91'),
(53, 'Ramchandra Rao ', '9440386446', 'I am type 2 diabetic can it be reversed', '2020-02-14 19:01:21', '91'),
(54, 'S Raamakrushnan', '9380294343', 'I am only able to hear one side', '2020-02-14 19:01:38', '91'),
(55, 'A Ratna prabha', '9849455606', 'Hi sir', '2020-02-14 19:01:43', '91'),
(56, 'Purushottam', '9969377584', 'sound coming from one speaker only.', '2020-02-14 19:02:12', '91'),
(57, 'Ramakrishna', '7447098993', 'Okay', '2020-02-14 19:02:17', '91'),
(58, 'A Ratna prabha', '9849455606', 'Yes', '2020-02-14 19:02:18', '91'),
(59, 'Shivani', '9979765066', 'yes can hear clearly', '2020-02-14 19:02:40', '91'),
(60, 'ALAN SUNIL DEEPAK MATHIAS', '+971506994095', 'Good', '2020-02-14 19:02:44', '971'),
(61, 'Gopal K', '09701088172', 'Hi', '2020-02-14 19:03:34', '91'),
(62, 'Laxmiputra Kallurmath', '9818030178 ', 'smoothy is consumed empty stomach but some times feel weak and some times feel giddinesd', '2020-02-14 19:03:49', '91'),
(63, 'Gopal K', '09701088172', 'English language please', '2020-02-14 19:03:53', '91'),
(64, 'Bharat Murugan', '9894394038', 'Volume good', '2020-02-14 19:04:17', '91'),
(65, 'Indira Sitaraman', '7326665613', 'How many people so far have had their diabetes reversed?', '2020-02-14 19:04:25', '1'),
(66, 'Indira Sitaraman', '7326665613', 'How many people so far have had their diabetes reversed?', '2020-02-14 19:04:26', '1'),
(67, 'Laxmiputra Kallurmath', '9818030178 ', 'no question', '2020-02-14 19:04:49', '91'),
(68, 'A Ratna prabha', '9849455606', 'I am diabetic since past 2 years. I am not on medication. Trying to control with exercise and diet. Am i doing the correct thing', '2020-02-14 19:05:08', '91'),
(69, ' Neelam jaggi', '9910863188', 'Reg diabetes', '2020-02-14 19:06:22', '91'),
(70, 'Ankur TALEPA ', '9301904930', 'Error aara hai', '2020-02-14 19:06:50', '91'),
(71, 'A Ratna prabha', '9849455606', 'I am travelling now. So sometimes due network issue missing the session.', '2020-02-14 19:07:58', '91'),
(72, 'Waseem Ahmed ', '8870412658', 'Are you love now', '2020-02-14 19:09:29', '91'),
(73, 'Bundi Srinivas', '8074518919', 'How to prepare', '2020-02-14 19:13:55', '91'),
(74, 'A Ratna prabha', '9849455606', 'How do i know which type of diabetic i am', '2020-02-14 19:17:41', '91'),
(75, 'Savita kumari', '7903136727', 'I am taking insulin last two year', '2020-02-14 19:19:15', '91'),
(76, 'Shriniwas', '9623317171', 'Hello M SHRINIWAS my weight is 150kg , m not \r\nhaving suger , but father is having . i need help to do weight loss ,', '2020-02-14 19:19:23', '91'),
(77, 'Shriniwas', '9623317171', 'Hello M SHRINIWAS my weight is 150kg , m not \r\nhaving suger , but father is having . i need help to do weight loss ,', '2020-02-14 19:19:23', '91'),
(78, 'kishor suri', '09873129998', 'maney green tea piya hay', '2020-02-14 19:20:42', '91'),
(79, 'A Ratna prabha', '9849455606', 'As i became diabetic at age of 48. I have type 2 diabetes', '2020-02-14 19:20:48', '91'),
(80, 'Savita kumari', '7903136727', 'I am diabetic  I take insulin last two year and I am suffering with diabetes last 14 years', '2020-02-14 19:20:58', '91'),
(81, 'A Ratna prabha', '9849455606', 'I had sambar rice', '2020-02-14 19:21:00', '91'),
(82, 'Pooja', '9449927066', 'My video is getting pause', '2020-02-14 19:22:05', '91'),
(83, 'Aikta tomar', '7080900708', 'My Son is 13 yrs with Type 1. He was diagnosed diabetic just 7 months back. I took some initiative and his c peptide level improved. Can i have a hope of reversal. I want to discuss his case personally.', '2020-02-14 19:23:43', '91'),
(84, 'Shriniwas', '9623317171', 'Kindly suggest me diet for wightloss.', '2020-02-14 19:23:45', '91'),
(85, 'Shriniwas', '9623317171', 'Kindly suggest me diet for wightloss.', '2020-02-14 19:23:45', '91'),
(86, 'Sridhar Kempiah', '9844372155', 'connection lost', '2020-02-14 19:25:34', '91'),
(87, 'Savita kumari', '7903136727', 'How I control my diabetes', '2020-02-14 19:26:13', '91'),
(88, 'Anusuys Shetty', '09980263047', 'Video is pause', '2020-02-14 19:28:58', '91'),
(89, 'Anusuys Shetty', '09980263047', 'Video bandh hua hai', '2020-02-14 19:29:31', '91'),
(90, 'Varadharajan ', '9885013440', 'Stopped', '2020-02-14 19:30:35', '91'),
(91, 'Manthan Asalmol', '9146568836', 'Sound problem', '2020-02-14 19:33:38', '91'),
(92, 'Anil Bajaj', '9782829924', 'Please tell morning to night diet time by time', '2020-02-14 19:44:39', '91'),
(93, 'Vimmy Jain', '09888709222', 'Can I do intermittent fasting', '2020-02-14 19:45:13', '91'),
(94, 'kishor suri', '09873129998', 'sir one more time exercise', '2020-02-14 19:46:41', '91'),
(95, 'Sanjiv Sharma ', '7015442541', 'Suffering from diabetes', '2020-02-14 19:47:08', '91'),
(96, 'A Ratna prabha', '9849455606', 'Do i need to take more calories if i m on more of workout', '2020-02-14 19:48:22', '91'),
(97, 'A Ratna prabha', '9849455606', 'No connectivity', '2020-02-14 19:51:45', '91'),
(98, 'kishor suri', '09873129998', 'sir bufring ho raha hay jayda', '2020-02-14 19:53:54', '91'),
(99, 'kishor suri', '09873129998', 'sir where are you', '2020-02-14 19:54:33', '91'),
(100, 'kishor suri', '09873129998', 'your net issue', '2020-02-14 19:54:58', '91'),
(101, 'kishor suri', '09873129998', 'hello sir', '2020-02-14 19:55:56', '91'),
(102, 'Bharat Murugan', '9894394038', 'Which fruits to be eaten', '2020-02-14 19:57:22', '91'),
(103, 'Anusuys Shetty', '09980263047', 'Video bandh hua hai', '2020-02-14 20:01:38', '91'),
(104, 'Ajit Thakore', '551-587-9153', 'It is buffering, with my internet speed is 960 mbps?', '2020-02-14 20:02:12', '1'),
(105, 'Anusuys Shetty', '09980263047', 'Video is off', '2020-02-14 20:03:09', '91'),
(106, 'kishor suri', '09873129998', 'sir where are you', '2020-02-14 20:04:36', '91'),
(107, 'Anusuys Shetty', '09980263047', 'Video is not correct', '2020-02-14 20:06:44', '91'),
(108, 'Gopal K', '9701088172', 'After exercise, my Sugar level has been increased', '2020-02-14 20:13:54', '91'),
(109, 'Neeraj Wadhwa ', '09311223334', 'Can we add salt to the snoothee', '2020-02-14 20:17:23', '91'),
(110, 'Neeraj Wadhwa ', '09311223334', 'Why not use methi and dill in smoothee', '2020-02-14 20:17:43', '91'),
(111, 'Neeraj Wadhwa ', '09311223334', 'Can we also jiuce instead of smoothee', '2020-02-14 20:18:01', '91'),
(112, 'Indira Sitaraman', '7326665613', 'I have many tabs, with this diet, if I donâ€™t decrease tablets, I may get hypoglycaemia. So how to reduce tabs.', '2020-02-14 20:23:33', '1'),
(113, 'Indira Sitaraman', '7326665613', 'I have many tabs, with this diet, if I donâ€™t decrease tablets, I may get hypoglycaemia. So how to reduce tabs.', '2020-02-14 20:23:33', '1'),
(114, 'Eshwaraprakash', '9741128277', 'Intermittent fasting, one meal a day and ketodiet how far these help in reversing diabetes?', '2020-02-14 20:27:29', '91'),
(115, 'A Ratna prabha', '9849455606', 'I heard what all you said but not able to remember everything you advised. How do I get all that information?', '2020-02-14 20:36:58', '91'),
(116, 'Indira Sitaraman', '7326665613', 'What about RA?', '2020-02-14 20:38:24', '1'),
(117, 'Indira Sitaraman', '7326665613', 'What about RA?', '2020-02-14 20:38:24', '1'),
(118, 'Purushottam', '9969377584', '5 S diet is allowed now when on medication. wont it make sugar level very low with medication', '2020-02-14 20:39:31', '91'),
(119, 'A Ratna prabha', '9849455606', 'My fasting sugar is 176 and post pradenial is 233 and hb1ac is 203 a week ago. I am not on medication from the beginning of being diabetic phase. Please help me with medication part', '2020-02-14 20:40:13', '91'),
(120, 'A Ratna prabha', '9849455606', 'How do i become part of whatsapp group', '2020-02-14 20:40:57', '91'),
(121, 'Anish  Bansal', '09815620159', 'What is red juice green white also', '2020-02-14 20:41:32', '91'),
(122, ' Neelam jaggi', '9910863188', 'If we want to visit you when can come', '2020-02-14 20:41:48', '91'),
(123, 'Anish  Bansal', '09815620159', 'We can use coconut milk in tea', '2020-02-14 20:42:54', '91'),
(124, 'Jainendra Pant', '9717971871', 'im born 1963\r\nim diabitic since 2010 and BP since 2005\r\ni suffered a brain stroke in 2016, left upper and lower limbs have different degree of mobility challange\r\nmy hb1ac 2 weeks ago was 9.3, 1 year ago it was 6', '2020-02-14 20:43:00', '91'),
(125, 'Neeraj', '9961940200', 'Hello Doctor, \r\nMy name is Neeraj and age 46 yrs and weight 45 kg. I am diabetic from last 5+ years and last year have undergone heart stent fixes.\r\n\r\nI have seen the webinar and now would like to know how i can proceed(I am already on mediation for diabetic & heart/stent) since I am staying in Bangalore would be difficult to come to Pune. Please suggest?\r\n\r\nQuestions for myself and for my family members:\r\n1. Can we take dry dates, eat little sugar with home made snacks, home made juices.\r\n2. Wh', '2020-02-14 20:43:21', '91'),
(126, 'sangeeta', '2016204257', 'Hi ,I am from USA and OTP on app does not  came for FFD App,so how I can register in the program?', '2020-02-14 20:43:26', '1'),
(127, 'tarun kumar', '565016277', 'I am working in shift duties. How can i manage the diets and exercise timings? Do i need to continue these one year program diets, exercises and life style always to be free from diabetes?', '2020-02-14 20:43:45', '971'),
(128, 'Anish  Bansal', '09815620159', 'Coconut watercan be take', '2020-02-14 20:43:48', '91'),
(129, 'sangeeta', '2016204257', 'My both parents are Diabetics and in pune I want them to register for the program please help', '2020-02-14 20:44:38', '1'),
(130, 'Krishnaswami', '7019234843', 'Due to buffering issue, could not see DIET. Kindly arrange to provide this info.\r\nBreakfast, Lunch, Dinner timing\r\nBreakfast menu', '2020-02-14 20:46:11', '91'),
(131, 'A Ratna prabha', '9849455606', 'Can i get rid of thyroid also', '2020-02-14 20:46:38', '91'),
(132, 'Anish  Bansal', '09815620159', 'What is one year program fee and how can i start from punjab', '2020-02-14 20:48:19', '91'),
(133, 'Alok Kumar ojha', '9096871796', 'Can I pay in installments?', '2020-02-14 20:50:24', '91'),
(134, 'Pranav G', '6673525581', 'Can you please post the Vegetables and fruits you mentioned for people in USA on whatsapp or msg them personally please??', '2020-02-14 20:50:36', '1'),
(135, 'Aikta tomar', '7080900708', 'My son got c peptide test i june 2019 at the of diagnosis it was .27\r\nBut after 3 month it was .54\r\nHba1c in June it was 15.8\r\nBut after 3 month it was 6.8\r\nCan I have a hope of reversal for my 13 yrs child', '2020-02-14 20:50:53', '91'),
(136, 'Bitty Varghese', '7760004831', 'Thanks You are great', '2020-02-14 20:50:56', '91'),
(137, 'GV Surya Narayana', '9849572651', 'My c peptide is within limit0.8 mg/ml.my a1c is 7.5..i am in ideal weight..60 kg..5.11 inches..any test for insulin resistance', '2020-02-14 20:51:08', '91'),
(138, 'Pranav G', '6673525581', 'Can you please explain how your team will answer us who are in USA if we post them live food pictures for review', '2020-02-14 20:51:14', '1'),
(139, 'Karan', '7014980119', 'Mai kafi dubka patla hu ... mai kese thik karu', '2020-02-14 20:51:46', '91'),
(140, 'Ankur TALEPA ', '9301904930', 'Type 1 muscle gain diet', '2020-02-14 20:51:48', '91'),
(141, 'Aikta tomar', '7080900708', 'Plz  sir \r\nAnswer......', '2020-02-14 20:51:49', '91'),
(142, 'Anish  Bansal', '09815620159', 'How can we chat withyou', '2020-02-14 20:52:52', '91'),
(143, 'Indira Sitaraman', '7326665613', 'Are the online sessions, group therapy etc. are around this same time frame? This time works for me, I am from USA.', '2020-02-14 20:53:04', '1'),
(144, 'Indira Sitaraman', '7326665613', 'Are the online sessions, group therapy etc. are around this same time frame? This time works for me, I am from USA.', '2020-02-14 20:53:04', '1'),
(145, 'Mukesh Kumar Nayak', '8050672657', 'I am diabetes  n working on night shift and rotation, can it be managed with this protocol', '2020-02-14 20:53:41', '91'),
(146, 'Gopal K', '9701088172', 'What is the reason to increased my sugar level after Zym', '2020-02-14 20:54:17', '91'),
(147, 'Indira Sitaraman', '7326665613', 'I cannot get tests done in USA, I need doctors prescription', '2020-02-14 20:54:31', '1'),
(148, 'Pratiksha singh', '08005669470', 'I am a mbbs medico,  diagnosed type 2 in jan 2020; till now I have not started medicines  , should I start , medication, in morning time i feel little current like sensation in fingers of hand, till now I have consulted no doctor', '2020-02-14 20:54:40', '91'),
(149, 'sangeeta', '2016204257', 'How I can get the test done here in USA  without having reference from Doctor', '2020-02-14 20:54:48', '1'),
(150, 'Pranav G', '6673525581', 'If i am in USA , these tests are very expensive, any lab you wanna suggest ?', '2020-02-14 20:55:55', '1'),
(151, 'SRIRAM SUBRAMANIAN', '9567118368', 'Please comment on how to prevent Prediabetes from becoming Diabetes. Also how to reverse Reactive Hypoglycemia ??', '2020-02-14 20:56:03', '91'),
(152, 'Col Vijay S kalange', '09449013970', 'what all fruits should one eat?', '2020-02-14 20:56:19', '91'),
(153, 'SHABNAM KOTHARE', '6464962099', 'Can I send you the tests done within the last 2 months?', '2020-02-14 20:56:31', '1'),
(154, 'Heena Naaz', '8961861415', 'Sir I need help and ur guidance for my son who is 2yrs 9months has type 1diabetes.can it be reversed is there any way I loved ur program.', '2020-02-14 20:56:32', '91'),
(155, 'Rajnish Kumar', '9740800440', 'how many times to eat?\r\nFruits between meals?\r\nPeanuts are good for us?', '2020-02-14 20:56:37', '91'),
(156, 'kishor suri', '09873129998', 'sir i am 44 year i am diabete last 8 year', '2020-02-14 20:57:20', '91'),
(157, 'Manish Kumar Agarwal', '9831084440', 'Are there mentors in kolkata', '2020-02-14 20:57:21', '91'),
(158, 'raja ranganathan', '7037860323', 'can i consume alcohol during this period?', '2020-02-14 20:57:26', '1'),
(159, 'Sridhar Kempiah', '9844372155', 'is it ok to eat eggs?', '2020-02-14 20:57:28', '91'),
(160, 'Neelima bahri', '9871298411', 'I have been on a gluten free and lactose free since 9 moths but sugar fluctuates a lot if I hve even a little bit of gluten or a bit of milk.', '2020-02-14 20:57:34', '91'),
(161, 'Anil joshi', '6787615020', 'I travel and socialize with business people \r\nIs small quantity of alcohol allowed', '2020-02-14 20:57:36', '1'),
(162, 'Anish  Bansal', '09815620159', 'Is group discusion will other paitent', '2020-02-14 20:57:47', '91'),
(163, 'Swati Mishra', '07828799856', 'artificial sweeteners ...are they any good or we should avoid it completely.', '2020-02-14 20:57:51', '44'),
(164, 'nilima', '8980041104', 'I am 27, diagnosed with type 1 diabetes recently with GAD antibody 1.26. Can reversal work for me', '2020-02-14 20:57:57', '91'),
(165, 'Sanjay', '9731246600', 'can we start drinking smoothie ( 250ml  - 4times a day )from tomorrow onwards or we need to start gradually', '2020-02-14 20:58:02', '91'),
(166, 'Ankur TALEPA ', '9301904930', 'Type 1 gain diet', '2020-02-14 20:58:02', '91'),
(167, 'Shiv', '9538392607', 'You suggested an option for knee pain people \r\nCould you please repeat . \r\nCongrats sir .\r\nLove you and your work', '2020-02-14 20:58:03', '91'),
(168, 'Indira Sitaraman', '7326665613', 'I have RA too! Taking Enbrel & Methotrexate. Can that also be reversed?', '2020-02-14 20:58:06', '1'),
(169, 'Indira Sitaraman', '7326665613', 'I have RA too! Taking Enbrel & Methotrexate. Can that also be reversed?', '2020-02-14 20:58:06', '1'),
(170, 'Indira Sitaraman', '7326665613', 'I have RA too! Taking Enbrel & Methotrexate. Can that also be reversed?', '2020-02-14 20:58:06', '1'),
(171, 'Indira Sitaraman', '7326665613', 'I have RA too! Taking Enbrel & Methotrexate. Can that also be reversed?', '2020-02-14 20:58:06', '1'),
(172, 'Rajnish Kumar', '9740800440', 'how many times to eat?\r\nFruits between meals?\r\nPeanuts are good for us?', '2020-02-14 20:58:10', '91'),
(173, 'Chekuri Swarochish', '9632705666', 'Can we join by next week for this group or  is it another group?', '2020-02-14 20:58:13', '91'),
(174, 'Kamal Gaba', '9971100782', 'is it possible to pay in installments', '2020-02-14 20:58:18', '91'),
(175, 'kishor suri', '09873129998', 'sir my wet 130', '2020-02-14 20:58:23', '91'),
(176, 'Veerisetty. VenkataRamanaiah ', '8639405900', 'How can i follow diet without knowing my test results?', '2020-02-14 20:58:31', '91'),
(177, 'S Raamakrushnan', '9380294343', 'When we are talking about Fasting sugar less than 100 and PP less that 140 how will HBA1C be around 6 or less, kindly help to understand', '2020-02-14 20:58:36', '91'),
(178, 'prashant kumar shrivastava', '9407982004', 'age 52, weight 63  undergone to Angioplasty done on sept 2019, dibetic 220 med metformin and 1 mg glimpride    what precatution to be taken', '2020-02-14 20:58:37', '91'),
(179, 'Preeti singh', '8437962600', 'Does diet  has to be at the same time everyday or will it affect the process', '2020-02-14 20:58:41', '91'),
(180, 'Simerdeep Singh', '9814376565', 'I have type 1 diabetes, which tests i need to get done ?', '2020-02-14 20:58:43', '91'),
(181, 'Manish Kumar Agarwal', '9831084440', 'After meals i feel discomfort.', '2020-02-14 20:58:52', '91'),
(182, 'Col Vijay S kalange', '09449013970', 'my present PP fasting is 120164', '2020-02-14 20:58:58', '91'),
(183, 'anju mutreja', '9923230302', 'i have got done my tests last month do i need to repeat now', '2020-02-14 20:59:00', '91'),
(184, 'Tharunika Padigatte karke Jayananda', '9342240967', 'Type 1 of 3 year kids how make them excrise?', '2020-02-14 20:59:03', '91'),
(185, 'Shivani', '9979765066', 'instead of supplements is it possible to have vitamins & minerals through natural food?', '2020-02-14 20:59:14', '91'),
(186, 'S Raamakrushnan', '9380294343', 'Lots of International travel hence following diet will be challenge, will your team be supporting', '2020-02-14 20:59:24', '91'),
(187, 'Manthan Asalmol', '9146568836', 'Why insulin secrition stop?', '2020-02-14 20:59:30', '91'),
(188, 'Usha K Bissesar', '842345629', 'Breakfast - what if we do not eat dhall, roti and vegetables, can we eat any other meals like mushroon, egg etc, or fruit like berries etc.', '2020-02-14 20:59:36', '27'),
(189, 'Sanjay', '9731246600', 'How much time it will to take normally to change acidic to alkaline , if we start having smoothie?', '2020-02-14 20:59:37', '91'),
(190, 'Pushpa Motghare', '7020154739', 'How many days stay required for residential programme and where??', '2020-02-14 20:59:38', '91'),
(191, 'Simerdeep Singh', '9814376565', 'My diabetes started with wrong lab report and I was put to insulin so eventually pancreas stopped making insulin, can I get benefit from this ?', '2020-02-14 20:59:39', '91'),
(192, 'anand chaturvedi', '9414272168', 'i am diabitic for last two years few month back my ecg shows left anterior fascicular blocck abnormal ecg is it due to diabities, i did this since im feeling tingling sensation in left ches', '2020-02-14 20:59:43', '91'),
(193, 'Padma Joshi', '9907585477', 'Sir diabetic patient ko kitna pay karna padega ?', '2020-02-14 20:59:43', '91'),
(194, 'Avinash Salunkhe', '9405132914', 'butter milk or curd are milk product , these also should be avoided', '2020-02-14 20:59:44', '91'),
(195, 'Manish', '9845229922', 'Will the protocol help in reducing calcification on the heart ?', '2020-02-14 20:59:46', '91'),
(196, 'raja ranganathan', '7037860323', 'impressive, thanks for your great work.', '2020-02-14 20:59:48', '1'),
(197, 'SHABNAM KOTHARE', '6464962099', 'Do you have any instalment plans?', '2020-02-14 20:59:49', '1'),
(198, 'SHABNAM KOTHARE', '6464962099', 'Do you have any instalment plans?', '2020-02-14 20:59:49', '1'),
(199, 'Pooja', '9449927066', 'Will this state will be for whole life..or will it be only for few years it self', '2020-02-14 20:59:58', '91'),
(200, 'N Vijay Mohan Rao', '7036000079', 'Hi sir IAM Vijay Mohan I have diabetics since four years,and my hba1c is 11.2 and fasting is 159,post lunch is 230,and taking one tablet right now shall  I  reverse my diabetics?', '2020-02-14 20:59:58', '91'),
(201, 'Pranav G', '6673525581', 'Can I manage alone all the program alone living here in USA as a Masters student ? if i join? do you have such examples ?', '2020-02-14 21:00:01', '1'),
(202, 'Kiruthiga Subramanian ', '4256578833', 'Hi sir, right now feeding one year baby..daily sleeps pattern changing since baby sometimes sleeps late...still is it possible for me to reverse diabetes.', '2020-02-14 21:00:11', '1'),
(203, 'Neelima bahri', '9871298411', 'Been following u since a mnth. I am 61 . Still not able to stop my medicines even after going in with gluten free and lactose free diet. Does the sugar go up even if u deviate just a bit.', '2020-02-14 21:00:19', '91'),
(204, 'Heena Naaz', '8961861415', 'My son cpeptide test result 0.3 type 1 diabetes di I hav any hope', '2020-02-14 21:00:19', '91'),
(205, 'Gopal K', '9701088172', 'what is the reason my sugar level has been increased after Zym', '2020-02-14 21:00:23', '91'),
(206, 'Akhilesh kumar singh', '09051618347', 'Although i am diabitic but controlled with Ayurvedic teblets,  but since 3 months its above level.  No alopathic yet started.  Pl suggest', '2020-02-14 21:00:37', '91'),
(207, 'prashant kumar shrivastava', '9407982004', 'bp medicine assomax2.5 cardec - 1.25 mg', '2020-02-14 21:00:38', '91'),
(208, 'Anish  Bansal', '09815620159', 'My fasting 260 in 502 20', '2020-02-14 21:00:45', '91'),
(209, 'raja ranganathan', '7037860323', 'is it safe it have raw spinach? MAny times ecoli issue realted to raw spinach', '2020-02-14 21:00:48', '1'),
(210, 'Rohan Ooken', '7958871471', 'My son has been diagnosed now with Type 1 Diabetes, will he benefit?', '2020-02-14 21:00:52', '44'),
(211, 'Amita P Samant', '9284662328', 'will i get this recorded session as in between i cant get thru due to internet problem as i am travelling fr some urgent work', '2020-02-14 21:00:53', '91'),
(212, 'Sridhar Kempiah', '9844372155', 'I  am 66 . I have stopped medicines.  my fasting glucose is 123.', '2020-02-14 21:00:54', '91'),
(213, 'leena', '9535290522', 'Hello doctor i want to lose weight quickly\r\nleena niranjan', '2020-02-14 21:00:58', '91'),
(214, 'rakesh sethi', '99887319', 'My mother is 78 years old and diabetic, she is on dialysis also, can she also join and what type of treatment she can have from your side.', '2020-02-14 21:01:04', '968'),
(215, 'N Vijay Mohan Rao', '7036000079', 'My age is 40,now', '2020-02-14 21:01:06', '91'),
(216, 'Manish', '9845229922', 'Can we drink coconut water everyday ?', '2020-02-14 21:01:09', '91'),
(217, 'Prashant', '9740333155', 'I noticed random sugar level at 360 and fasting 230 about 15 days ago. I have started IF ever since and the fasting sugar has reduced to 160. I am not sure if I am diabetic or not. I need guidance for weight reduction.\r\n\r\nFather (also diabetic) has End stage CKD and is on dialysis. We are under stress due to his health. My mother is 65 and is suffering from many complications of diabetes. Can she join if she is not very mobile, cant climb stairs etc', '2020-02-14 21:01:13', '91'),
(218, 'Aikta tomar', '7080900708', 'Sir\r\nHow to contact I missed  some of the part of the session due to poor network\r\nAikta Tomar', '2020-02-14 21:01:18', '91'),
(219, 'Jagdish Kalyandurgmath', '9326203858', 'Thank you for introduction of IRP.   Sugar level is over 15 Fasting and 200 sometimes postmeal .   should I start medicine . Joining IRP.', '2020-02-14 21:01:30', '91'),
(220, 'Pranav G', '6673525581', 'Hello, I want my parents to listen to the same program as today , but in MARATHI , when is your marathi online or session in pune ?', '2020-02-14 21:01:32', '1'),
(221, 'A Ratna prabha', '9849455606', 'Can millets be used and stop medicine', '2020-02-14 21:01:39', '91'),
(222, 'Faiyaz Ahmad', '501076606', 'howlong we should wait after getting smoothie for breakfast?', '2020-02-14 21:01:42', '971'),
(223, 'Swati Mishra', '07828799856', 'I live in the UK. I have other diseases too like hypertension, TIA,, chronic anaemia, acute back pain and hypothyroidism. How will it affect my treatment? Also want to thank you for this educational session.', '2020-02-14 21:01:45', '44'),
(224, 'SRIRAM SUBRAMANIAN', '9567118368', 'How to resolve Reactive Hypoglycemia ?? Worse from rice - better with wheat. Doctor diagnosed as Prediabetes.', '2020-02-14 21:01:47', '91'),
(225, 'Prabhu S', '9884048722', 'Can i enrol this program from Australia? Any partners available for Health test etc', '2020-02-14 21:01:58', '91'),
(226, 'Uma', '99018196', 'Are sleep problems because of diabetes', '2020-02-14 21:02:08', '965'),
(227, 'raja ranganathan', '7037860323', 'Can I register my mother in law for the proagram even though she has not registered for this webinar?', '2020-02-14 21:02:23', '1'),
(228, 'Nagendra Kumar KS ', '9845192772 ', '1 week old diagonised of diabetics, BP, cholesterol, will I be cured of all', '2020-02-14 21:02:25', '91'),
(229, 'Praveen ', '8056253489', 'I am on glimer 1mg  from past 4 years . I am on thyroid medication also. Can i be cured.. My father passed way due to diabetic complications', '2020-02-14 21:02:28', '91'),
(230, 'Om hari', '9329101920', 'The kid is suffering from type 1 DM ... wanna know about that ...', '2020-02-14 21:02:30', '91'),
(231, 'Veerisetty. VenkataRamanaiah ', '8639405900', 'If I want to stay in your hospital for one year.', '2020-02-14 21:02:33', '91'),
(232, 'Sowmya Vikram', '9902005708', 'Should we have smothee for whole life. Or stop after GTT lessens', '2020-02-14 21:02:40', '91'),
(233, 'Shivani', '9979765066', 'i have no such health problem other than obesity...so will this program help?', '2020-02-14 21:02:52', '91'),
(234, 'Arun Kulkarni', '9980041727', 'What are 4 types of Juices to be taken on weekly basis', '2020-02-14 21:03:00', '91'),
(235, 'Anish  Bansal', '09815620159', 'What is kali miri', '2020-02-14 21:03:11', '91'),
(236, 'Amita P Samant', '9284662328', 'i am attending this session for my Mum,68yrs old,obese,diabetic for last35yrs,hb1ac mre than 12,will she be benefitted', '2020-02-14 21:03:11', '91'),
(237, 'Amita P Samant', '9284662328', 'i am attending this session for my Mum,68yrs old,obese,diabetic for last35yrs,hb1ac mre than 12,will she be benefitted', '2020-02-14 21:03:11', '91'),
(238, 'Amita P Samant', '9284662328', 'i am attending this session for my Mum,68yrs old,obese,diabetic for last35yrs,hb1ac mre than 12,will she be benefitted', '2020-02-14 21:03:11', '91'),
(239, 'Amita P Samant', '9284662328', 'i am attending this session for my Mum,68yrs old,obese,diabetic for last35yrs,hb1ac mre than 12,will she be benefitted', '2020-02-14 21:03:11', '91'),
(240, 'Renu Agrawal', '7974632186', 'Kal se start karne ke liye mujhe kya karna chahiye', '2020-02-14 21:03:13', '91'),
(241, 'Prashant Kumar', '9871710537', 'Prashant 35 yrs from Noida, 170 cm, 75Kgs, Type 2 diabetic on diabetic medicines and also on Prednisone due to a lung condition called ABPA. will this program help me?', '2020-02-14 21:03:15', '91'),
(242, 'Ramakrishna', '7447098993', 'My hbalc 7.8\r\nCan I Start the program', '2020-02-14 21:03:35', '91'),
(243, 'Om hari', '9329101920', 'The insulin u are taking about id of type 2 or type 1 .... ???? plz replyyyyyyy', '2020-02-14 21:03:41', '91'),
(244, 'nilima', '8980041104', 'Hi Nilima from Ahmedabad, my Hb A1C is 6.9, Gad antibody is 1.26 & C Peptide is 1.46 with this can reversal is possible in type 1 diabetes, my age is 27 years', '2020-02-14 21:03:50', '91'),
(245, 'Suma K S ', '9972304426', 'My mother is 62 yrs old wt 80 kg ht 5ft had total knee replacement for both knees is there any chance she can join to reduce wt  She is on one meal to 2 meal a day now', '2020-02-14 21:03:56', '91'),
(246, 'SHABNAM KOTHARE', '6464962099', 'Are your docs in the USA?\r\nWhat abt our day time support?', '2020-02-14 21:04:04', '1'),
(247, 'Manish', '9845229922', 'Can the karela with amla is added to the smoothie ?', '2020-02-14 21:04:18', '91'),
(248, 'Sumeet Bhatia', '6154829437', 'If i enroll in 1 yr program, will i receive 1:1 consultation?', '2020-02-14 21:04:21', '1'),
(249, 'Tanvi Sinkar', '8576155758', 'Can I join now and start the program in a week? Travelling for work whole of next week. Thanks Tanvi.', '2020-02-14 21:04:31', '1'),
(250, 'Arun Kumar', '7046921338', 'yes it was close', '2020-02-14 21:04:38', '1'),
(251, 'Renu Agrawal', '7974632186', 'Mujhe tin teblet morning or do teblet sam ko khani padti hai mujhe breakfast chodna padega', '2020-02-14 21:05:02', '91'),
(252, 'Gopal K', '9701088172', 'Need clarity about sugar level has been increased after Zym', '2020-02-14 21:05:02', '91'),
(253, 'Pooja', '9449927066', 'Will the state stay whole life ..or for few years', '2020-02-14 21:05:22', '91'),
(254, 'rakesh sethi', '99887319', 'I want to join, please send me payment link', '2020-02-14 21:05:25', '968'),
(255, 'Arun Kumar', '7046921338', 'can i watch again', '2020-02-14 21:05:57', '1'),
(256, 'Indira Sitaraman', '7326665613', 'How about using Coffeemate, non dairy product?  For coffee or tea? I have already joined and v impressed by your program!', '2020-02-14 21:06:15', '1'),
(257, 'Indira Sitaraman', '7326665613', 'How about using Coffeemate, non dairy product?  For coffee or tea? I have already joined and v impressed by your program!', '2020-02-14 21:06:16', '1'),
(258, 'leena', '9535290522', 'hello doctor. i want to reduce weight', '2020-02-14 21:06:41', '91'),
(259, 'Anish  Bansal', '09815620159', 'Is apple put in smoothy in first', '2020-02-14 21:06:46', '91'),
(260, 'SONU M K', '9426333508', 'VERY BUSY SCHEDULE IN OFFICE, CANNOT DO CLIMBING STAIRS DURING OFFICE HOURS, ANY OTHER OPTION ?', '2020-02-14 21:07:19', '91'),
(261, 'SHABNAM KOTHARE', '6464962099', 'Instalments?', '2020-02-14 21:07:41', '1'),
(262, 'Preeti singh', '8437962600', 'My hb1ac is 4.6 from past 6 months but triglyceride are higher 256', '2020-02-14 21:07:52', '91'),
(263, 'Renu Agrawal', '7974632186', 'Mujhe kaisa patachalega ki mujhe meri medicine  adjust karna hai', '2020-02-14 21:07:53', '91'),
(264, 'A Ratna prabha', '9849455606', 'Do i have to eat more if i m doing vigorous exercise', '2020-02-14 21:08:10', '91'),
(265, 'kishor suri', '09873129998', 'this session pls provide link', '2020-02-14 21:08:17', '91'),
(266, 'Mrs. Rahila Abid', '0508454630', 'I am joining 1 year program for diabetic reversal.\r\nMy mother in law is 70yrs old and  high BP patient and many health issues. Can she join?', '2020-02-14 21:08:17', '971'),
(267, 'Rajesh Prabhakar', '565037099', 'After reversal can I drink coffer and eat normally', '2020-02-14 21:09:01', '1'),
(268, 'Usha K Bissesar', '842345629', 'Can you have roti with multigrain flour', '2020-02-14 21:09:03', '27'),
(269, 'Sumeet Bhatia', '6154829437', 'What is the impact of Red wine on blood sugar level?', '2020-02-14 21:09:09', '1'),
(270, 'Manthan Asalmol', '9146568836', 'How to join?', '2020-02-14 21:09:13', '91'),
(271, 'Purushottam', '9969377584', 'can fructose be taken as a sugar substitute?', '2020-02-14 21:09:16', '91'),
(272, 'Renu Agrawal', '7974632186', 'Papaya khana chahiye', '2020-02-14 21:09:56', '91'),
(273, 'Varadharajan ', '9885013440', 'Sir is buttermilk curd ok. Palm sugar', '2020-02-14 21:10:14', '91'),
(274, 'Veerisetty. VenkataRamanaiah ', '8639405900', 'Thank you Sir for your valuable comment on this. May God bless you with good health and wealth.', '2020-02-14 21:10:48', '91'),
(275, 'Neeraj Wadhwa', '09311223334', 'Papaya in fruits??', '2020-02-14 21:10:49', '91'),
(276, 'Maulik Patel', '8160157489', 'My age 34 last 5 years taking made hyper acidity and hyper tentuon tablet taking', '2020-02-14 21:11:50', '91'),
(277, 'B V Prasad Rao', '9490101127', 'At Reversal stage what is HbA1C', '2020-02-14 21:11:59', '91'),
(278, 'Durga N B Dara', '09347171502', 'can we use soya milk also', '2020-02-14 21:12:05', '91'),
(279, 'SHYAMAL DAS', '09856322104', 'EMI scope to join Reversal programme ?', '2020-02-14 21:12:06', '91'),
(280, 'Nagendra Kumar KS ', '9845192772 ', 'I am diagonised 3 weeks back with BP, high cholesterol can I reverse all', '2020-02-14 21:12:19', '91'),
(281, 'Rajesh Prabhakar', '565037099', 'I will travelling a lot, following diet may be difficult, ho can you support', '2020-02-14 21:12:30', '1'),
(282, 'S k shantagiri', '8123001600', 'WHEN IS THE NEXT ONE YEAR PROGRAMME STARING SINCE i AM TRAVELLING FOR THE NEXT 20 DAYS', '2020-02-14 21:12:39', '91'),
(283, 'Om hari', '9329101920', 'diagonised on 9 jan now in control with help of insulin how will be insulin removed', '2020-02-14 21:12:39', '91'),
(284, 'SUDHIR MOHAN GUPTA', '09810089604', 'I have directly joined the residential Prog starting 29th April. Your presentation suggests that was a mistake. Is it so ? Is the Intensive Prog better ? Should I shift ?', '2020-02-14 21:13:01', '91'),
(285, 'Vijayalakshmi Subramanian', '8208863746', 'what to do if  i feel like eating something sweet', '2020-02-14 21:13:04', '91'),
(286, 'Durga N B Dara', '09347171502', 'I am 76 years old and Is it necessary to do exercise and build muscle.', '2020-02-14 21:13:19', '91'),
(287, 'Shiva Kumar Karai', '9848415698', 'My fasting blood sugar is today 114 after starting for the past two weeks after starting at 285(25 days back) after smooties,no milk and Milk products,gymexercise and good sleep and seeing your 30 days challenge.\r\nShould I stop medicines', '2020-02-14 21:13:32', '91'),
(288, 'Kasim Ali ', '9431283817', 'Sir,Meri maa ko kal hi pata chala ke 400sugar lebal hai kaise kam kiya jaye weit 80kg hai sujan bhi hai kya kare joro me kafi dard rahta hai dard ki dawa bahut khai par kutch fark nahi please help me ham LIVE dekh rahe hai', '2020-02-14 21:13:54', '91'),
(289, 'T  Murali', '09949870812', 'Hello Sir,.\r\nPrediabetic', '2020-02-14 21:14:06', '91'),
(290, 'shyam verra', '9030095528', 'can u send me link for payment pls', '2020-02-14 21:14:09', '91'),
(291, 'Renu Agrawal', '7974632186', '24 000abhi dena hoga mujhe samajh me nahi aya', '2020-02-14 21:14:14', '91'),
(292, 'Vijayalakshmi Subramanian', '8208863746', 'would like to join.', '2020-02-14 21:14:44', '91'),
(293, 'Om hari', '9329101920', 'type 1 sir', '2020-02-14 21:15:19', '91'),
(294, 'Parag Patil', '09324155381', 'I am hepatitis B positive and also hv diabetes but for diabetes i did not take any medicines also my father in law is also doctor and follow whatever he instructed and now a days I have liver fibrosis on sathe three and taking allopathy medicine. Please tell me is it possible to reverse all these by joining this program', '2020-02-14 21:15:25', '91'),
(295, 'Durga N B Dara', '09347171502', 'Is it possible to pay in two or three instalments.', '2020-02-14 21:15:27', '91'),
(296, 'Anish  Bansal', '09815620159', 'Can we eat sprouts in night only', '2020-02-14 21:15:31', '91'),
(297, 'SANJAY KUMAR', '9308042277', 'IS THERE  LITERATURE IN HINDI FOR REV. OF DIABETES AND IF IT IS THERE HOW MUCH  IT WILL COST.', '2020-02-14 21:15:58', '91'),
(298, 'Suman yadav', '9412556766', 'Hi sir how to cure my knee pain swollen my daibtes fasting is 130 after taking medication  this week  before was 180 .I am taking two tablets 1000 mg', '2020-02-14 21:16:05', '91'),
(299, 'Yogesh Kumar Srivastav', '09140096188', 'Fasting sr insulin 5.7,C-Peptide1.59,Hba1c 5.7,Homa ir .80,Insulin sensitivity 127.50 yogesh kumar srivastava from ayodhya can i joi.', '2020-02-14 21:16:25', '91'),
(300, 'Aikta tomar', '7080900708', '.pls sir\r\nTell\r\nMe how to proceed I missed due to poor network \r\nAikta tomar', '2020-02-14 21:17:42', '91'),
(301, 'Vidya srinivasan', '97261728', 'How do we sign up for the programme ... I am not in any Whatsapp\r\nGroup ?', '2020-02-14 21:17:51', '65'),
(302, 'Manish', '9845229921', 'Should the soaked nuts be peeled or eaten with skin ?', '2020-02-14 21:18:07', '91'),
(303, 'Rajesh kumar', '9113698469', 'I have diabetes for 2 years but not taking medicine. I am 5.4  and wieght is 62 kg . \r\nAfter one year we are on the same diet or I can go with normal food.', '2020-02-14 21:19:26', '91'),
(304, 'Col Vijay S kalange', '09449013970', 'can we take carrot,cucumber smoothy and how much eggs and meat can we eat', '2020-02-14 21:19:37', '91'),
(305, 'Chekuri Swarochish', '9632705666', 'This has been very helpful, thanks a lot', '2020-02-14 21:19:59', '91'),
(306, 'Manish', '9845229921', 'Should we eat 3 meals in a day or do 5-6 meals in a day in this program ?', '2020-02-14 21:20:07', '91'),
(307, 'Renu Agrawal', '7974632186', 'Sir sorry mujhe samajh me nahi aya kya  me direct free hoker apke clinic me bat karugi monday me hamare aha sadi hai', '2020-02-14 21:20:37', '91'),
(308, 'Om hari', '9329101920', 'what the crp levels should be to have a hope in reversal of type 1 DM ..... PLZ REPLYYYYYY', '2020-02-14 21:21:06', '91'),
(309, 'Nagendra Kumar KS ', '9845192772 ', 'Can alpha cells be regrown', '2020-02-14 21:21:47', '91'),
(310, 'Neelima bahri', '9871298411', 'Do we hve to join today itself or we can take a day or two?', '2020-02-14 21:22:10', '91'),
(311, 'Manish', '9845229921', 'Shall I go for Angiography for slightly positive TMT or should I wait for few months into the program ?', '2020-02-14 21:22:24', '91'),
(312, 'N Vijay Mohan Rao', '7036000079', 'How can I pay the amount now ,Vijay mohan.', '2020-02-14 21:22:38', '91'),
(313, 'Aikta tomar', '7080900708', 'Pls ask your team to send me the link.sir you would be an angle for me if you could help my child In reversal of type 1.\r\nAikta tomar', '2020-02-14 21:22:50', '91'),
(314, 'Shiva Kumar Karai', '9848415698', 'can you please answer the question again as I missed the answer', '2020-02-14 21:24:19', '91'),
(315, 'raja ranganathan', '7037860323', 'where is the link to join the year program? not received the email with the link.', '2020-02-14 21:24:47', '1'),
(316, 'Anish  Bansal', '09815620159', 'What is smoothy material in morning in starting  my weight is 95kg and height is 6feet 2  inch how can loose weight in kilo', '2020-02-14 21:25:31', '91'),
(317, 'Shiva Kumar Karai', '9848415698', 'my fasting reduced from 285(25 days back) to 114 after 15 days of starting 30 days challenges. can I stop metformin. Sorry I missed your answer', '2020-02-14 21:25:33', '91'),
(318, 'Tanvi Sinkar', '8576155758', 'This is the first time I have felt hopeful of a reversal, since being diagnosed 4 years ago.  Please send me a link for registration on my email, unable to log in through the app.', '2020-02-14 21:25:50', '1'),
(319, 'Puja Doshi', '9769733229', 'Hi...my name is Puja\r\nand I have severe acidity and reflux and have gained 20 kg over 2 years. I feel nauseated all the time and throw up.', '2020-02-14 21:25:53', '91'),
(320, 'Sanjay Gupta', '09845046716', 'Pl send the sms and email to register.', '2020-02-14 21:26:02', '91'),
(321, 'Vijayalakshmi Subramanian', '8208863746', 'Is honey ok', '2020-02-14 21:26:11', '91'),
(322, 'Renu Agrawal', '7974632186', 'Kya me tin din ke bad join kar sakti hu', '2020-02-14 21:26:40', '91'),
(323, 'Vijayalakshmi Subramanian', '8208863746', 'is Coconut good in food', '2020-02-14 21:27:28', '91'),
(324, 'A Ratna prabha', '9849455606', 'Can tinitus be relieved in this programme', '2020-02-14 21:27:32', '91'),
(325, 'A Ratna prabha', '9849455606', 'Can tinitus be relieved in this programme', '2020-02-14 21:27:32', '91'),
(326, 'Renu Agrawal', '7974632186', 'Ok thanks for information', '2020-02-14 21:27:33', '91'),
(327, 'Ashok chettri', '09002943421', 'What is this?', '2020-02-14 21:28:51', '91'),
(328, 'Maulik Patel', '8160157489', 'Sir please answer', '2020-02-14 21:29:06', '91'),
(329, 'Maulik Patel', '8160157489', 'I ah e questions 4 times', '2020-02-14 21:29:18', '91'),
(330, 'Ashok chettri', '09002943421', 'It looks like I am in a recorded session', '2020-02-14 21:29:31', '91'),
(331, 'N Vijay Mohan Rao', '7036000079', 'Please send me the link for the payment, vijaymohan,', '2020-02-14 21:29:31', '91'),
(332, 'Kamal Gaba', '9971100782', 'can i join after 10 days', '2020-02-14 21:31:11', '91'),
(333, 'Manish', '9845229921', 'Which atta is recommended for chapatis ?', '2020-02-14 21:31:40', '91'),
(334, 'Tharunika Padigatte karke Jayananda', '9342240967', 'One C-peptide report is 0.06 and another shows 0.78, when we did FDD panel test in tyrocare. Can we try for reversal of type 1 of my daughter', '2020-02-14 21:31:55', '91'),
(335, 'Ramakrishna', '7447098993', 'Promo grant is OK', '2020-02-14 21:32:01', '91'),
(336, 'Ashok chettri', '09002943421', 'In the first session, some labs have been suggested but none of the labs are available at my place . What should I do?', '2020-02-14 21:32:21', '91'),
(337, 'Maulik Patel', '8160157489', 'Hyper tension hypo diabitic \r\nHypo acidic and gastro age 34 last', '2020-02-14 21:32:21', '91'),
(338, 'G.R.Pragathi', '09940623679', 'Ian sufferings from sugar more than 20 years but it is not under control can be reversed Gn is 13.2', '2020-02-14 21:32:24', '91'),
(339, 'Zuber Ahmad ', '9129161114', 'Nonbeg kha sakte hai kya', '2020-02-14 21:32:38', '91'),
(340, 'SHABNAM KOTHARE', '6464962099', 'So someone will contact me regarding instalments ?', '2020-02-14 21:32:41', '1'),
(341, 'SHABNAM KOTHARE', '6464962099', 'Can i hv apple cider vinegar?', '2020-02-14 21:33:00', '1'),
(342, 'Maulik Patel', '8160157489', 'Sir my question is I am 34 last 4 years diabitic and bp patient can I survive to watch my kids grow', '2020-02-14 21:33:02', '91'),
(343, 'Santosh bhoi', '9860106123', 'my cild 6 year old who is type1 please give me some information about cure  diabetise', '2020-02-14 21:34:00', '91'),
(344, 'Vijayalakshmi Subramanian', '8208863746', 'Can we remove the starch inrice and have', '2020-02-14 21:34:03', '91'),
(345, 'Ajit Thakore', '551-587-9153', 'I am Type 2, 15Y, I have water retention problem in entire body and 38 kgs wt, can both be treated simultaneously?', '2020-02-14 21:34:30', '1'),
(346, 'Maulik Patel', '8160157489', 'Thank you sir because you answered I will join immediately', '2020-02-14 21:34:35', '91'),
(347, 'Kamal Gaba', '9971100782', 'weight 95 kg , pp 220 + , 1ac : 9.5 , job invoves travelling and stress', '2020-02-14 21:34:36', '91'),
(348, 'Prashant', '9740333155', 'My mother(65) has diabetes, hypertension, neuropathy, lymphedema, disc compression. Can she join if she is starting  cannabis extract medicine currently?', '2020-02-14 21:35:28', '91'),
(349, 'Puja Doshi', '9769733229', 'HI, one more question....is non GMO milk ok to have', '2020-02-14 21:36:56', '91'),
(350, 'leena', '9535290522', 'Very  happy  to  have joined you.  \r\nyou are a blessing', '2020-02-14 21:37:03', '91'),
(351, 'Santosh bhoi', '9860106123', 'which test my child do in  laboratory he is type1', '2020-02-14 21:38:01', '91'),
(352, 'Praveen Remalli', '9848075029', 'How will you motivate participants to continue the program?', '2020-02-14 21:38:20', '91'),
(353, 'Vijayalakshmi Subramanian', '8208863746', 'is idli higly glycemic', '2020-02-14 21:38:53', '91'),
(354, 'Ashok chettri', '09002943421', 'Yes sorry for that', '2020-02-14 21:39:14', '91'),
(355, 'Ashok chettri', '09002943421', 'Thankyou', '2020-02-14 21:39:34', '91'),
(356, 'Tharunika Padigatte karke Jayananda', '9342240967', 'Thanks', '2020-02-14 21:41:51', '91'),
(357, 'Suma K S ', '9972304426', 'Thank you for the wonderful program', '2020-02-14 21:45:33', '91'),
(358, 'jagdish uba', '8974917680', 'I have problem of legs paimining', '2020-02-15 12:41:24', '91'),
(359, 'Manikandan PN', '9176649059', 'I am prediabetic can I continue medicine prescribed by my doctor', '2020-02-15 17:14:57', '91'),
(360, 'banu', '6383305119', 'Which food good for a diabetic patient?', '2020-02-15 19:22:22', '91'),
(361, 'banu', '6383305119', 'Which food good for a diabetic patient?', '2020-02-15 19:23:06', '91'),
(362, 'B T PRABHU ', '9900087112', 'I am having diabetes from last 10 years how to reverse', '2020-02-15 20:30:23', '91'),
(363, 'Gauri', '9284253437', 'Why multigrain in not allowed', '2020-02-15 22:34:34', '91'),
(364, 'Damini', '3313303359', 'No', '2020-02-15 23:25:53', '1'),
(365, 'Damini', '3313303359', 'No', '2020-02-15 23:25:54', '1'),
(366, 'Damini', '3313303359', 'I am going to Jim in the morning it is very hard different excersice for 60 minutes so I have to do after dinner and lunch?', '2020-02-16 02:06:09', '1');
INSERT INTO `tbl_questions` (`id`, `user_name`, `user_phone`, `user_question`, `asked_at`, `user_code`) VALUES
(367, 'Asif ali', '9351405253', 'What are the ingredients for smoothe ,if any one is having thyroid and how it is prepared?', '2020-02-16 02:12:27', '91'),
(368, 'B T PRABHU ', '9900087112', 'Since 10 years I have type2 diabetes how to revers', '2020-02-16 04:22:03', '91'),
(369, 'S . Dharmendra Reddy', '9976627291', 'Please send me recorded version of first reversel program', '2020-02-16 06:09:04', '91'),
(370, 'T R Santharam', '09345412312', 'Pl show me the webinar as I have paid money but not attended it', '2020-02-16 08:17:33', '91'),
(371, 'Vartika Panchal', '552940632', 'How to cure diabetes permanently', '2020-02-16 10:41:44', '971'),
(372, 'Dilin gosar', '8369295458', 'Where is the video?', '2020-02-16 15:39:47', '91'),
(373, 'Sharad Shinde', '+919820094331', 'Once my DM Type 2 is reversed , can I get back to my old food habits of Milk Eggs Red meat etc', '2020-02-16 19:03:34', '91'),
(374, 'Sharad Shinde', '+919820094331', 'Any restrictions on once a week of Scotch up to 2 or 3 pegs during this first year', '2020-02-16 19:04:42', '91'),
(375, 'Sharad Shinde', '+919820094331', 'Can we have a chest day once in 2 weeks or once a week', '2020-02-16 19:05:29', '91'),
(376, 'Sharad Shinde', '+919820094331', 'Are  ALL  milk products totally banned for one full year', '2020-02-16 19:06:35', '91'),
(377, 'Sharad Shinde', '+919820094331', 'Are  ALL  milk products totally banned for one full year', '2020-02-16 19:06:38', '91'),
(378, 'Usha pillai', '9820392280', 'I attended the session on 16th can I watch it', '2020-02-16 19:25:41', '91'),
(379, 'Savita kumari', '7903136727', 'How I leave insulinw', '2020-02-16 19:49:20', '91'),
(380, 'Vimla Khemka', '7144785000', 'We get lots of juices in USA, are they ok to drink for a diabetic? We think Carrot juice may be good but since itâ€™s sweet , I think there is added sugar. Whatâ€™s your take on this?', '2020-02-16 20:07:02', '1'),
(381, 'Vimla Khemka', '7144785000', 'Are they bottled juices safe to drink  for diabetics ?', '2020-02-16 20:07:58', '1'),
(382, 'Vimla Khemka', '7144785000', 'I am confused about fasting, should a diabetic person fast or not?', '2020-02-16 20:09:37', '1'),
(383, 'Premavathi lk', '9488238330', 'How to gain weight', '2020-02-16 20:09:41', '91'),
(384, 'Premavathi lk', '9488238330', 'How to gain weight', '2020-02-16 20:10:12', '91'),
(385, 'Vimla Khemka', '7144785000', 'When can we stop talking Metformin?', '2020-02-16 20:10:39', '1'),
(386, 'Narasimha', '9833102698', 'I am following ffd diet entirely..... number of visits to 2nd call increased 4 to 5 times a day....... I am worried ..... Some time I have to travel lot....\r\nFor  my professional...\r\nExpecting some alternative suggestions', '2020-02-16 21:30:16', '91'),
(387, 'N VAIDYANATHAN', '9820026689', 'I am using splenda as substitute for sugar..is it ok', '2020-02-16 21:47:59', '91'),
(388, 'Aarti', '9892141951', 'How to deal with diabetes', '2020-02-16 22:32:46', '91'),
(389, 'Rita.K.Vishwakarma', '9969287133', 'From when is the 1 year batch starting from and in case if anyone wants to join in after that date can that join in.', '2020-02-16 23:30:03', '91'),
(390, 'Pranay Arolkar', '9322022717', 'I run regularly 3-4 days a week from last few months,  approx 5-6 km daily and strength training once  (getting trained for half marathon)\r\ndo I have up stop it. As Dr. said yesterday only 20 min walk.', '2020-02-17 09:03:42', '91'),
(391, 'Vidya Ravishankar ', '9869724867', 'I want to watch the video recording of 1st session.', '2020-02-17 21:42:19', '91'),
(392, 'kishore jagtiani', '09819746298', 'Which browser to use for viewing this video', '2020-02-19 14:50:53', '91');

-- --------------------------------------------------------

--
-- Table structure for table `tbl_users`
--

CREATE TABLE `tbl_users` (
  `id` int(3) NOT NULL,
  `name` varchar(100) NOT NULL,
  `reg_date` datetime NOT NULL,
  `mobile_num` varchar(20) NOT NULL,
  `login_date` datetime DEFAULT NULL,
  `logout_date` datetime DEFAULT NULL,
  `logout_status` int(11) DEFAULT '0',
  `cntry_code` varchar(12) DEFAULT NULL
) ENGINE=MyISAM DEFAULT CHARSET=utf8;

--
-- Dumping data for table `tbl_users`
--

INSERT INTO `tbl_users` (`id`, `name`, `reg_date`, `mobile_num`, `login_date`, `logout_date`, `logout_status`, `cntry_code`) VALUES
(1, 'Kalyani', '2020-02-11 17:35:18', '7276818211', '2020-02-28 16:00:22', '2020-02-28 16:01:22', 1, '91'),
(2, 'B V Prasad Rao', '2020-02-11 18:07:52', '9490101127', '2020-02-15 17:54:55', '2020-02-15 17:56:25', 1, '91'),
(3, 'Sumit', '2020-02-11 18:20:22', '9815015292', '2020-02-17 13:22:37', '2020-02-17 13:23:07', 1, '91'),
(4, 'Jainendra Pant', '2020-02-11 18:23:33', '09717971871', '2020-02-15 18:11:33', '2020-02-15 18:12:03', 1, '91'),
(5, 'Jainendra Pant', '2020-02-11 18:24:19', '9717971871', '2020-02-16 18:29:58', '2020-02-16 19:21:06', 1, '91'),
(6, 'Deepak jha', '2020-02-11 18:30:33', '8876148531', '2020-02-14 21:04:29', '2020-02-14 21:04:59', 1, '91'),
(7, 'UPPALA VARUN KUMAR', '2020-02-11 18:44:00', '9700219009', '2020-02-14 18:53:34', '2020-02-14 20:55:05', 1, '91'),
(8, 'vinay mohan', '2020-02-11 21:30:14', '9717117410', '2020-02-14 20:05:18', '2020-02-14 20:58:07', 1, '91'),
(9, 'Sowmya Vikram', '2020-02-12 09:23:53', '9902005708', '2020-02-15 17:28:18', '2020-02-15 18:45:04', 1, '91'),
(10, 'Sanjiv Sharma ', '2020-02-12 09:27:01', '9812302541', '2020-02-12 16:35:44', '2020-02-12 16:36:45', 1, '91'),
(11, 'Sanjeev kumar', '2020-02-12 15:45:09', '9897456479', '2020-02-19 09:42:22', '2020-02-19 09:44:23', 1, '91'),
(12, 'Girija pujar', '2020-02-12 16:31:27', '8105651918', '2020-02-14 22:16:02', '2020-02-14 22:17:03', 1, '91'),
(13, 'Prakash H ', '2020-02-12 16:35:11', '9449250075', '2020-02-16 10:24:38', '2020-02-16 10:25:08', 1, '91'),
(14, 'Karan singh', '2020-02-12 16:53:57', '7014980119', '2020-02-15 19:22:43', '2020-02-15 19:50:31', 1, '91'),
(15, 'G J Vijaykumar', '2020-02-13 11:14:50', '8985894750', '2020-02-15 12:43:59', '2020-02-15 12:50:01', 1, '91'),
(16, 'ALAN SUNIL DEEPAK MATHIAS', '2020-02-13 11:49:08', '+971506994095', '2020-02-14 20:57:34', '2020-02-14 20:59:05', 0, '971'),
(17, 'V V V SATYANARAYANA', '2020-02-13 12:56:52', '7981146008', '2020-03-04 12:34:29', '2020-03-04 12:34:59', 1, '91'),
(18, 'Prathamesh ', '2020-02-13 14:14:14', '8149759541', '2020-02-13 14:14:14', '2020-02-13 14:14:38', 0, '91'),
(19, 'Samirkumar Chaudhari ', '2020-02-13 15:11:12', '9099849775', '2020-02-16 13:30:14', '2020-02-16 14:35:21', 1, '91'),
(20, 'viraj', '2020-02-13 15:58:24', '9765875731', '2020-02-18 21:46:01', '2020-02-18 21:46:31', 1, '91'),
(21, 'Z', '2020-02-13 16:31:18', '1234', '2020-02-18 19:08:03', '2020-02-18 19:08:06', 0, '91'),
(22, 'Pooja', '2020-02-13 16:45:31', '9768161921', '2020-02-18 15:13:34', '2020-02-18 15:21:35', 1, '91'),
(23, 'SHYAMAL DAS', '2020-02-13 16:48:33', '9856322104', '2020-02-13 16:48:33', '2020-02-13 16:49:25', 0, '91'),
(24, 'Akshat Jharia', '2020-02-13 16:53:05', '7204420017', '2020-03-03 14:11:34', '2020-03-03 14:33:06', 1, '91'),
(25, 'Renu Agrawal', '2020-02-13 17:12:50', '7974632186', '2020-02-14 21:02:08', '2020-02-14 21:37:09', 1, '91'),
(26, 'Akanksha Gautam', '2020-02-13 17:18:44', '9404309485', '2020-02-15 17:37:13', '2020-02-15 17:39:18', 1, '91'),
(27, 'Vasanthakumar Murugesan', '2020-02-13 17:22:06', '9626272030', '2020-02-14 19:01:55', '2020-02-14 21:37:28', 1, '91'),
(28, 'Deepak Sudame', '2020-02-13 17:23:18', '09168545020', '2020-02-15 12:39:11', '2020-02-15 12:50:21', 1, '91'),
(29, 'Yuraj Lavhale', '2020-02-13 17:31:05', '9657722551', '2020-03-14 15:49:37', '2020-03-14 15:49:45', 0, '91'),
(30, 'Sanjiv Sharma ', '2020-02-13 18:31:43', '7015442541', '2020-02-14 19:48:33', '2020-02-14 21:18:33', 1, '91'),
(31, 'Manthan Asalmol', '2020-02-13 18:43:09', '9146568836', '2020-02-14 18:45:35', '2020-02-14 21:20:10', 0, '91'),
(32, 'Anusuya', '2020-02-13 18:44:01', '9980263047', '2020-02-13 18:44:01', '2020-02-13 18:47:02', 1, '91'),
(33, 'sANJAY KUMAR', '2020-02-13 18:44:14', '9308042277', '2020-02-14 18:54:55', '2020-02-14 21:23:29', 0, '91'),
(34, 'Manish', '2020-02-13 18:48:50', '9845229921', '2020-02-14 19:02:02', '2020-02-14 21:40:50', 1, '91'),
(35, 'Preeti Tara', '2020-02-13 19:12:26', '001-919-637-4407', '2020-02-13 19:12:26', '2020-02-13 19:13:29', 1, '1'),
(36, 'Neelam', '2020-02-13 19:49:02', '9418454535', '2020-02-14 19:37:38', '2020-02-14 21:20:32', 1, '91'),
(37, 'RAGHUNADH KANAMARLAPUDI', '2020-02-13 20:13:29', '8333940823', '2020-02-16 12:39:00', '2020-02-16 15:33:01', 1, '91'),
(38, 'Puja Doshi', '2020-02-13 20:51:45', '9769733229', '2020-02-14 18:57:23', '2020-02-14 21:39:55', 1, '91'),
(39, 'Faiyaz Ahmad', '2020-02-13 23:02:19', '501076606', '2020-02-14 19:02:27', '2020-02-15 00:53:20', 1, '971'),
(40, 'Prashant Kumar Shrivastava', '2020-02-13 23:45:13', '9407982004', '2020-02-14 18:45:03', '2020-02-14 21:19:35', 0, '91'),
(41, 'jagdish uba', '2020-02-14 03:32:54', '8974917680', '2020-05-11 11:10:43', '2020-05-11 11:11:13', 1, '91'),
(42, 'Indira Sitaraman', '2020-02-14 05:05:52', '7326665613', '2020-02-14 18:42:21', '2020-02-14 21:25:23', 0, '1'),
(43, 'Nita Parikh', '2020-02-14 07:43:34', '09935956665', '2020-02-14 18:48:44', '2020-02-14 18:51:46', 1, '91'),
(44, 'Zuber Ahmad ', '2020-02-14 08:02:54', '9129161114', '2020-02-14 21:31:08', '2020-02-14 21:35:39', 1, '91'),
(45, 'PAWANCOACT ', '2020-02-14 08:08:11', '9545329222', '2020-02-17 09:13:30', '2020-02-17 09:14:38', 1, '91'),
(46, 'Preethi Srinivas', '2020-02-14 08:10:16', '9945072129', '2020-02-16 17:42:43', '2020-02-16 18:15:53', 1, '91'),
(47, 'A.s.r TALEPA', '2020-02-14 08:32:46', '9301904930', '2020-02-14 18:45:07', '2020-02-14 21:06:41', 1, '91'),
(48, 'Ajit thakore', '2020-02-14 08:47:28', '5515879153', '2020-02-14 08:47:28', '2020-02-14 08:49:31', 1, '1'),
(49, 'Muktha Lingsur', '2020-02-14 08:56:51', '9972644344', '2020-02-14 19:36:28', '2020-02-14 20:58:59', 1, '91'),
(50, 'R Subramaniam', '2020-02-14 09:19:39', '0568129558', '2020-02-14 09:19:39', '2020-02-14 09:27:06', 1, '971'),
(51, 'Usha Rawtani', '2020-02-14 09:41:03', '9958056397', '2020-02-14 19:48:48', '2020-02-14 20:53:49', 1, '91'),
(52, 'Anju mutreja', '2020-02-14 09:48:08', '9923230302', '2020-02-15 11:09:23', '2020-02-15 11:30:56', 1, '91'),
(53, 'MAMATHA', '2020-02-14 10:46:14', '8310411921', '2020-02-14 18:43:23', '2020-02-14 21:44:56', 1, '91'),
(54, 'Sankar lavuri', '2020-02-14 11:01:00', '9247268315', '2020-02-16 18:26:38', '2020-02-16 18:28:09', 1, '91'),
(55, 'RAJIV KAPOOR', '2020-02-14 11:49:29', '9216519317', '2020-02-15 19:01:26', '2020-02-15 19:28:48', 1, '91'),
(56, 'Ravinder Singh', '2020-02-14 11:49:57', '7033095069', '2020-02-15 12:34:07', '2020-02-15 12:57:51', 1, '91'),
(57, 'pooja', '2020-02-14 11:54:43', '9449927066', '2020-02-14 19:22:49', '2020-02-14 21:38:27', 1, '91'),
(58, 'Arun Kulkarni', '2020-02-14 12:08:09', '9980041727', '2020-02-14 18:45:23', '2020-02-14 21:18:23', 1, '91'),
(59, 'Heer vaghasiya', '2020-02-14 12:13:55', ' 81412 11734', '2020-02-14 12:13:55', '2020-02-14 12:15:33', 0, '91'),
(60, 'Ramachandrarao', '2020-02-14 12:20:54', '9542772431', '2020-02-14 20:44:32', '2020-02-14 21:19:02', 1, '91'),
(61, 'Nagendra Kumar KS ', '2020-02-14 12:34:38', '9845192772 ', '2020-02-15 11:21:47', '2020-02-15 11:24:05', 1, '91'),
(62, 'luies coelho', '2020-02-14 12:52:37', '9825000793', '2020-02-14 18:39:45', '2020-02-14 21:42:18', 1, '91'),
(63, 'Babita arora', '2020-02-14 13:19:18', '9001009100', '2020-02-15 09:02:35', '2020-02-15 12:43:02', 1, '91'),
(64, 'Heer vaghaiya', '2020-02-14 13:30:11', '8141211734', '2020-02-14 18:58:18', '2020-02-14 21:17:07', 1, '91'),
(65, 'Babita arora', '2020-02-14 13:55:24', '1001009100', '2020-02-14 19:37:54', '2020-02-14 21:40:55', 1, '91'),
(66, 'Rapolu Venkat Ramana', '2020-02-14 14:19:36', '9989861970', '2020-02-14 14:19:36', '2020-02-14 21:19:36', 1, '91'),
(67, 'Sumana Raj', '2020-02-14 14:28:19', '7349684424', '2020-02-14 19:01:00', '2020-02-14 21:21:32', 1, '91'),
(68, 'Lakshmi ', '2020-02-14 14:33:47', '9444174383', '2020-02-14 14:33:47', '2020-02-14 14:35:52', 1, '91'),
(69, 'Tarun kumar', '2020-02-14 14:34:00', '565016277', '2020-02-14 21:26:03', '2020-02-14 22:11:36', 1, '971'),
(70, 'Rajesh Prabhakar', '2020-02-14 14:42:23', '565037099', '2020-02-14 21:42:37', '2020-02-14 21:43:38', 1, '971'),
(71, 'Mohankumar c', '2020-02-14 14:43:24', '9448296135', '2020-02-14 14:43:24', '2020-02-14 14:45:10', 0, '91'),
(72, 'Bharat Murugan', '2020-02-14 14:46:03', '9894394038', '2020-02-14 18:53:23', '2020-02-14 20:50:23', 1, '91'),
(73, 'Mohankumar c', '2020-02-14 14:47:23', '9448296145', '2020-02-15 13:01:49', '2020-02-15 13:02:53', 1, '91'),
(74, 'samirkumar chaudhari', '2020-02-14 14:51:33', '90899849775', '2020-02-14 14:51:33', '2020-02-14 14:51:57', 0, '91'),
(75, 'S V Ramana', '2020-02-14 15:01:31', '9359044094', '2020-02-14 18:54:10', '2020-02-14 21:41:10', 1, '91'),
(76, 'Sanjay Kothari', '2020-02-14 15:05:22', '9977244444', '2020-02-14 18:43:35', '2020-02-14 21:20:21', 1, '91'),
(77, 'Arif Khan', '2020-02-14 15:56:43', '07891030782', '2020-02-15 11:24:07', '2020-02-15 11:25:08', 1, '91'),
(78, 'Test', '2020-02-14 15:58:10', '08898603164', '2020-02-14 15:58:10', '2020-02-14 16:14:40', 1, '91'),
(79, 'Gopal K', '2020-02-14 16:36:57', '09701088172', '2020-02-15 20:33:22', '2020-02-15 20:34:53', 1, '91'),
(80, 'BEDRAM PATEL', '2020-02-14 16:39:30', '8839544298', '2020-02-14 19:48:33', '2020-02-14 20:47:36', 0, '91'),
(81, 'Sandhya soni', '2020-02-14 16:41:51', '9691969590', '2020-02-14 19:30:08', '2020-02-14 21:00:23', 1, '91'),
(82, 'om', '2020-02-14 16:49:24', '9329101920', '2020-02-14 18:45:49', '2020-02-14 21:29:19', 1, '91'),
(83, 'S k shantagiri', '2020-02-14 16:51:32', '8123001600', '2020-02-14 19:53:13', '2020-02-14 21:24:30', 0, '91'),
(84, 'Aradhana Bapat', '2020-02-14 16:55:32', '2012189008', '2020-02-22 20:06:19', '2020-02-22 20:06:49', 1, '1'),
(85, 'Khairun nesha ', '2020-02-14 17:04:08', '7461002416', '2020-02-14 17:04:08', '2020-02-14 17:05:09', 1, '91'),
(86, 'kishor suri', '2020-02-14 17:06:52', '09873129998', '2020-02-14 18:44:55', '2020-02-14 21:56:27', 1, '91'),
(87, 'Kasim ali', '2020-02-14 17:09:17', '9431283817', '2020-02-14 19:12:21', '2020-02-14 21:51:26', 1, '91'),
(88, 'Mrs. Rahila Abid', '2020-02-14 17:21:48', '0508454630', '2020-02-17 00:11:06', '2020-02-17 02:52:12', 1, '971'),
(89, 'Mrunalini', '2020-02-14 17:24:25', '6475225096', '2020-02-14 18:57:41', '2020-02-14 20:58:13', 1, '1'),
(90, 'Partha', '2020-02-14 17:28:01', '9777328430', '2020-02-14 20:45:50', '2020-02-14 21:03:27', 1, '91'),
(91, 'Suman Yadav', '2020-02-14 17:31:09', '34567564', '2020-02-14 17:34:10', '2020-02-14 17:38:46', 0, '973'),
(92, 'Surekha Walekar', '2020-02-14 17:32:10', '9021074223', '2020-02-17 01:04:18', '2020-02-17 01:13:21', 1, '91'),
(93, 'CHANDRA SHEKHAR JEENGAR', '2020-02-14 17:33:42', '09462239586', '2020-02-14 17:33:42', '2020-02-14 17:34:43', 1, '91'),
(94, 'P Anil', '2020-02-14 17:35:49', '9447376866', '2020-02-14 18:41:28', '2020-02-14 21:41:31', 1, '91'),
(95, 'Suman Yadav', '2020-02-14 17:39:31', '9412556766', '2020-02-14 22:48:57', '2020-02-14 22:50:58', 1, '91'),
(96, 'M Madhavi', '2020-02-14 17:48:00', '9497223461', '2020-02-15 16:25:27', '2020-02-15 18:07:00', 1, '91'),
(97, 'Anurag maurya', '2020-02-14 17:51:41', '9417493194', '2020-02-14 19:51:13', '2020-02-14 20:51:45', 1, '91'),
(98, 'neelam kumari', '2020-02-14 17:52:53', '94184545353', '2020-02-14 17:52:53', '2020-02-14 18:00:25', 1, '91'),
(99, 'Seshavalli', '2020-02-14 17:53:14', '7975583086', '2020-02-15 10:53:23', '2020-02-15 17:58:03', 1, '91'),
(100, 'Ramakrishna', '2020-02-14 17:54:08', '7447098993', '2020-02-14 18:56:58', '2020-02-14 21:43:29', 1, '91'),
(101, 'Usha K Bissesar', '2020-02-14 17:57:03', '842345629', '2020-02-14 18:27:44', '2020-02-14 21:27:46', 0, '27'),
(102, 'Dipali Bhande', '2020-02-14 17:58:43', '9623781807', '2020-02-14 18:57:35', '2020-02-14 21:39:16', 1, '91'),
(103, 'Durga N B Dara', '2020-02-14 18:05:54', '9347171502', '2020-02-16 15:54:54', '2020-02-16 15:56:01', 0, '91'),
(104, 'Prabhakar Dalvi', '2020-02-14 18:11:30', '9029461420', '2020-02-14 20:51:01', '2020-02-14 20:55:02', 1, '91'),
(105, 'Anand Chaturvedi', '2020-02-14 18:14:57', '9414272168', '2020-02-16 23:47:40', '2020-02-17 00:25:11', 1, '91'),
(106, 'Pawan', '2020-02-14 18:15:26', '9545329222', '2020-02-15 17:42:34', '2020-02-15 18:07:25', 1, '93'),
(107, 'devesh jain', '2020-02-14 18:18:18', '9828152015', '2020-02-14 20:38:40', '2020-02-14 21:08:14', 1, '91'),
(108, 'Aarti Manglani ', '2020-02-14 18:18:43', '9158048777', '2020-02-16 19:15:33', '2020-02-16 19:27:20', 1, '91'),
(109, 'Avinash Salunkhe', '2020-02-14 18:19:37', '9405132914', '2020-02-14 18:50:30', '2020-02-14 21:11:03', 1, '91'),
(110, 'Hemali', '2020-02-14 18:23:52', '9741244441', '2020-02-14 18:23:52', '2020-02-14 18:24:22', 1, '91'),
(111, 'Srinivasa Rao Tata', '2020-02-14 18:25:55', '9845025639', '2020-02-14 18:25:55', '2020-02-14 22:41:01', 1, '91'),
(112, 'VijayaShankar ', '2020-02-14 18:26:04', '9444462382', '2020-02-14 18:45:52', '2020-02-14 21:45:52', 1, '91'),
(113, 'Vijayalakshmi Subramanian', '2020-02-14 18:26:05', '8208863746', '2020-02-17 10:41:22', '2020-02-17 11:02:24', 1, '91'),
(114, 'Annamalai', '2020-02-14 18:26:17', '9789778228', '2020-02-14 18:26:17', '2020-02-14 21:03:18', 1, '91'),
(115, 'sarita jalan', '2020-02-14 18:27:13', '8932051000', '2020-02-14 18:48:51', '2020-02-14 21:43:37', 1, '91'),
(116, 'Varsha Bhadey', '2020-02-14 18:27:44', '9689312954', '2020-02-14 20:53:26', '2020-02-14 21:15:16', 0, '91'),
(117, 'Sumeet Bhatia', '2020-02-14 18:28:06', '6154829437', '2020-02-14 18:28:06', '2020-02-14 21:42:41', 1, '1'),
(118, 'Paavani ', '2020-02-14 18:28:42', '8106216710', '2020-02-14 18:41:58', '2020-02-14 21:40:55', 1, '91'),
(119, 'Veerisetty. VenkataRamanaiah ', '2020-02-14 18:28:51', '8639405900', '2020-02-14 18:28:51', '2020-02-14 21:41:59', 0, '91'),
(120, 'BagavathiMurugan', '2020-02-14 18:31:58', '55209338', '2020-02-14 18:31:58', '2020-02-14 21:40:29', 1, '974'),
(121, 'Anish  Bansal', '2020-02-14 18:32:17', '09815620159', '2020-02-14 19:54:29', '2020-02-14 21:26:00', 1, '91'),
(122, 'Amarnath', '2020-02-14 18:32:37', '7795577241', '2020-02-14 18:32:37', '2020-02-14 21:10:36', 0, '91'),
(123, 'SHABNAM KOTHARE', '2020-02-14 18:33:21', '6464962099', '2020-02-14 18:33:21', '2020-02-14 23:00:16', 1, '1'),
(124, 'Yogesh Kumar Srivastav', '2020-02-14 18:34:20', '9140096188', '2020-02-15 18:23:09', '2020-02-15 22:51:40', 1, '91'),
(125, 'suman nagpaul', '2020-02-14 18:34:37', '8860970972', '2020-02-14 18:34:37', '2020-02-14 21:58:38', 1, '91'),
(126, 'Leena', '2020-02-14 18:35:09', '9535290522', '2020-02-15 11:37:41', '2020-02-15 11:38:53', 1, '91'),
(127, 'Pooja', '2020-02-14 18:35:53', '9768161921', '2020-02-18 15:14:31', '2020-02-18 15:19:02', 1, '93'),
(128, 'Akanksha', '2020-02-14 18:36:00', '09404309485', '2020-02-14 18:36:00', '2020-02-14 20:15:31', 1, '91'),
(129, 'Praseeth Padman', '2020-02-14 18:37:22', '9745533333', '2020-02-14 18:56:32', '2020-02-14 21:45:33', 1, '91'),
(130, 'Sanjeev', '2020-02-14 18:37:32', '96186534', '2020-02-14 18:37:32', '2020-02-14 21:12:15', 1, '65'),
(131, 'Prakash H', '2020-02-14 18:37:50', '09449250075', '2020-02-14 20:22:18', '2020-02-14 21:47:19', 1, '91'),
(132, 'Beula', '2020-02-14 18:38:03', '8838063299', '2020-02-15 14:45:57', '2020-02-15 15:25:03', 0, '91'),
(133, 'Shivani', '2020-02-14 18:38:04', '9979765066', '2020-02-14 18:38:04', '2020-02-14 21:22:35', 1, '91'),
(134, 'shyam verra', '2020-02-14 18:38:22', '9030095528', '2020-02-14 18:38:22', '2020-02-14 21:29:58', 1, '91'),
(135, 'VIDYA SRINIVASAN', '2020-02-14 18:38:51', '97261728', '2020-02-16 23:15:57', '2020-02-16 23:16:58', 1, '65'),
(136, 'viswanathan', '2020-02-14 18:38:55', '9442550723', '2020-02-14 18:38:55', '2020-02-14 21:22:26', 1, '91'),
(137, 'RAMESH VARADARAJAN', '2020-02-14 18:39:23', '9944730510', '2020-02-14 18:39:23', '2020-02-14 21:06:53', 1, '91'),
(138, 'SHYAMAL DAS', '2020-02-14 18:39:30', '09856322104', '2020-02-14 18:44:41', '2020-02-14 21:42:24', 1, '91'),
(139, 'Rajesh kumar', '2020-02-14 18:39:57', '9113698469', '2020-02-14 18:39:57', '2020-02-14 21:32:37', 1, '91'),
(140, 'Parag patil', '2020-02-14 18:40:05', '09324155381', '2020-02-15 12:59:44', '2020-02-15 13:00:44', 1, '91'),
(141, 'Aruna Selvaraj', '2020-02-14 18:40:26', '9677999711', '2020-02-15 15:16:32', '2020-02-15 15:18:03', 1, '91'),
(142, 'Nehal', '2020-02-14 18:40:31', '8483916957', '2020-02-16 17:41:45', '2020-02-16 20:40:21', 1, '1'),
(143, 'Radhika', '2020-02-14 18:41:18', '9871232456', '2020-02-14 18:54:45', '2020-02-14 21:20:57', 1, '91'),
(144, 'Anil bajaj', '2020-02-14 18:42:06', '9782829924', '2020-02-15 19:25:50', '2020-02-15 19:26:51', 1, '91'),
(145, 'Avinash Parasnis', '2020-02-14 18:42:07', '7738047344', '2020-02-19 09:24:54', '2020-02-19 09:25:24', 1, '91'),
(146, 'Maulik patel', '2020-02-14 18:42:15', '8160157489', '2020-02-15 20:45:47', '2020-02-15 23:04:21', 1, '91'),
(147, 'Vishwas R Pethe', '2020-02-14 18:42:17', '09850077799', '2020-02-14 18:42:17', '2020-02-14 21:07:03', 0, '91'),
(148, 'Swarup K Manna', '2020-02-14 18:42:18', '9433092894', '2020-02-16 22:10:46', '2020-02-17 20:07:17', 1, '91'),
(149, 'Hamajekhan Mujawar', '2020-02-14 18:42:25', '9404933601', '2020-02-14 18:57:55', '2020-02-14 21:23:57', 1, '91'),
(150, 'Pratiksha singh', '2020-02-14 18:42:27', '08005669470', '2020-02-14 18:42:27', '2020-02-14 20:58:15', 1, '91'),
(151, 'SRIDHARA RAO L', '2020-02-14 18:42:29', '9448044549', '2020-02-14 18:42:29', '2020-02-14 21:42:30', 1, '91'),
(152, 'P.lakshmi kumari', '2020-02-14 18:42:56', '9989010406', '2020-02-14 18:42:56', '2020-02-14 21:14:10', 0, '91'),
(153, 'Anusuys Shetty', '2020-02-14 18:43:27', '09980263047', '2020-02-14 23:05:50', '2020-02-14 23:13:42', 1, '91'),
(154, 'Purushottam', '2020-02-14 18:43:35', '9969377584', '2020-02-14 18:43:35', '2020-02-16 05:58:05', 1, '91'),
(155, 'Col Vijay S kalange', '2020-02-14 18:43:54', '09449013970', '2020-02-14 18:43:54', '2020-02-14 21:30:57', 0, '91'),
(156, 'Surya Narayana Gv', '2020-02-14 18:43:55', '9849572651', '2020-02-14 18:46:53', '2020-02-14 20:59:55', 1, '91'),
(157, 'Krishnaswami', '2020-02-14 18:44:09', '7019234843', '2020-02-15 14:03:39', '2020-02-15 15:36:40', 1, '91'),
(158, 'Arun Kumar', '2020-02-14 18:44:19', '7046921338', '2020-02-17 23:45:23', '2020-02-17 23:46:25', 1, '1'),
(159, 'Ashok Priyadarshi', '2020-02-14 18:44:24', '09958555981', '2020-02-14 19:06:58', '2020-02-14 21:10:14', 0, '91'),
(160, 'Renuka Jere', '2020-02-14 18:44:32', '9844083168', '2020-02-14 18:44:32', '2020-02-14 21:40:32', 1, '91'),
(161, 'nilima', '2020-02-14 18:44:33', '8980041104', '2020-02-14 18:44:33', '2020-02-14 21:16:24', 1, '91'),
(162, 'Anurag Roy', '2020-02-14 18:44:36', '9811140079', '2020-02-14 18:44:36', '2020-02-14 21:33:28', 1, '91'),
(163, 'Rahila', '2020-02-14 18:44:49', '508454630', '2020-02-14 18:44:49', '2020-02-14 18:45:19', 1, '971'),
(164, 'Sajjad', '2020-02-14 18:45:01', '09661940962', '2020-02-14 18:45:01', '2020-02-14 20:43:03', 1, '91'),
(165, 'SRIRAM SUBRAMANIAN', '2020-02-14 18:45:07', '9567118368', '2020-02-15 10:45:49', '2020-02-15 11:30:16', 0, '91'),
(166, 'Vijay Songa', '2020-02-14 18:45:08', '9676961888', '2020-02-14 18:45:08', '2020-02-14 21:28:31', 0, '91'),
(167, 'Chandra Prakash Sarin', '2020-02-14 18:45:09', '9837150715', '2020-02-14 18:53:15', '2020-02-14 21:13:46', 1, '91'),
(168, 'Rajesh R', '2020-02-14 18:45:17', '9663383249', '2020-02-15 18:01:35', '2020-02-15 18:38:36', 1, '91'),
(169, 'Dinesh Khot', '2020-02-14 18:45:20', '9849496359', '2020-02-14 18:45:20', '2020-02-14 21:41:51', 1, '91'),
(170, 'Durga N B Dara', '2020-02-14 18:45:27', '09347171502', '2020-02-16 17:52:29', '2020-02-16 17:59:47', 0, '91'),
(171, 'Swati Mishra', '2020-02-14 18:45:35', '07828799856', '2020-02-14 18:45:35', '2020-02-14 21:41:22', 0, '44'),
(172, 'Uma', '2020-02-14 18:45:35', '99018196', '2020-02-16 09:57:19', '2020-02-16 12:53:39', 1, '965'),
(173, 'jatin', '2020-02-14 18:45:42', '7742443497', '2020-02-14 19:00:03', '2020-02-14 20:41:35', 1, '1'),
(174, 'Simerdeep Singh', '2020-02-14 18:45:48', '9814376565', '2020-02-15 13:38:00', '2020-02-16 01:04:32', 1, '91'),
(175, 'm thyagaraj', '2020-02-14 18:45:50', '9448242408', '2020-02-14 21:47:09', '2020-02-14 21:50:09', 1, '91'),
(176, 'Ravishankar Gopalakrishnan', '2020-02-14 18:46:11', '09819821505', '2020-02-14 18:46:11', '2020-02-15 14:45:41', 1, '91'),
(177, 'Maulik Patel', '2020-02-14 18:46:14', '8160157589', '2020-02-14 18:46:14', '2020-02-14 18:46:22', 0, '91'),
(178, 'Gururajan. S', '2020-02-14 18:46:20', '9886604986', '2020-02-14 21:48:59', '2020-02-14 21:49:45', 0, '91'),
(179, 'Raghavendra Gopinath', '2020-02-14 18:46:26', '9880303859', '2020-02-14 18:47:49', '2020-02-14 22:11:19', 1, '91'),
(180, 'SONU M K', '2020-02-14 18:46:28', '9426333508', '2020-02-14 18:46:28', '2020-02-14 21:39:03', 1, '91'),
(181, 'N Vijay Mohan Rao', '2020-02-14 18:47:12', '7036000079', '2020-02-14 18:47:12', '2020-02-14 21:52:41', 1, '91'),
(182, 'Rohan Ooken', '2020-02-14 18:47:13', '798871471', '2020-02-14 18:47:13', '2020-02-14 18:59:36', 0, '44'),
(183, 'sudhir Tigga', '2020-02-14 18:47:17', '7028437525', '2020-02-14 18:47:17', '2020-02-14 21:05:17', 1, '91'),
(184, 'VIDHUBALA SATHISH', '2020-02-14 18:47:23', '9865457643', '2020-02-14 19:07:18', '2020-02-14 21:01:59', 0, '91'),
(185, 'Rajesh chugani', '2020-02-14 18:47:29', '0984 903 5354', '2020-02-14 18:47:29', '2020-02-14 21:03:01', 1, '91'),
(186, 'Jagdish Kalyandurgmath', '2020-02-14 18:47:30', '9326203858', '2020-02-14 18:47:30', '2020-02-14 21:43:01', 1, '91'),
(187, 'Nidhi Nitin Palkar', '2020-02-14 18:47:36', '9404469339', '2020-02-17 22:03:49', '2020-02-17 22:04:50', 1, '91'),
(188, 'Akhilesh kumar singh', '2020-02-14 18:47:51', '09051618347', '2020-02-14 18:47:51', '2020-02-14 21:40:02', 1, '91'),
(189, 'Ajit Thakore', '2020-02-14 18:47:54', '551-587-9153', '2020-02-14 20:06:54', '2020-02-14 21:40:30', 1, '1'),
(190, 'Suma K S ', '2020-02-14 18:47:56', '9972304426', '2020-03-21 14:19:47', '2020-03-21 14:20:17', 1, '91'),
(191, 'Neelima bahri', '2020-02-14 18:48:07', '9871298411', '2020-02-17 11:53:17', '2020-02-17 11:53:47', 1, '91'),
(192, 'Sanjay Gupta', '2020-02-14 18:48:12', '09845046716', '2020-02-14 18:48:12', '2020-02-15 23:48:36', 1, '91'),
(193, 'Preeti singh', '2020-02-14 18:48:18', '8437962600', '2020-05-13 12:59:43', '2020-05-13 13:00:13', 1, '91'),
(194, 'Paritosh Jagtap', '2020-02-14 18:48:20', '9511776737', '2020-02-14 18:52:44', '2020-02-14 18:54:04', 0, '91'),
(195, 'Loganathan Dakshinamoorthy', '2020-02-14 18:48:36', '3129122018', '2020-02-18 01:08:56', '2020-02-18 04:24:01', 1, '1'),
(196, 'Prashant', '2020-02-14 18:48:49', '9740333155', '2020-02-14 18:48:49', '2020-02-16 13:02:21', 1, '91'),
(197, 'Praveen ', '2020-02-14 18:48:51', '8056253489', '2020-02-14 19:51:32', '2020-02-14 21:23:25', 1, '91'),
(198, 'Sridhar Kempiah', '2020-02-14 18:48:57', '9844372155', '2020-02-15 13:51:27', '2020-02-15 22:46:57', 1, '91'),
(199, 'Padma Joshi', '2020-02-14 18:49:05', '9907585477', '2020-02-14 20:45:47', '2020-02-14 21:00:42', 0, '91'),
(200, 'Neeraj', '2020-02-14 18:49:08', '9961940200', '2020-02-14 20:43:38', '2020-02-14 21:31:09', 1, '91'),
(201, 'Varghese Thomas', '2020-02-14 18:49:12', '9611939199', '2020-02-14 20:26:17', '2020-02-14 20:49:17', 1, '91'),
(202, 'Prabhu S', '2020-02-14 18:49:27', '9884048722', '2020-02-16 12:20:54', '2020-02-16 14:22:35', 0, '91'),
(203, 'Shiva Kumar Karai', '2020-02-14 18:49:29', '9848415698', '2020-02-14 18:49:29', '2020-02-14 22:05:01', 1, '91'),
(204, 'Kiruthiga Subramanian ', '2020-02-14 18:49:46', '4256578833', '2020-02-14 18:49:46', '2020-02-14 21:50:49', 1, '1'),
(205, 'c s vijaya kumar', '2020-02-14 18:49:47', '09444396700', '2020-02-14 18:49:47', '2020-02-14 23:11:49', 1, '91'),
(206, 'Meera Sunil Prabhakar', '2020-02-14 18:49:58', '9008058000', '2020-02-19 00:22:19', '2020-02-19 00:23:20', 1, '91'),
(207, 'Tharunika Padigatte karke Jayananda', '2020-02-14 18:50:02', '9342240967', '2020-02-15 16:01:35', '2020-02-15 16:34:07', 1, '91'),
(208, 'suresh nair', '2020-02-14 18:50:05', '9845042117', '2020-02-14 19:01:50', '2020-02-14 20:58:50', 1, '91'),
(209, 'Parag patil', '2020-02-14 18:50:25', '9324155381', '2020-02-14 18:50:25', '2020-02-14 21:09:30', 1, '91'),
(210, 'Varadharajan', '2020-02-14 18:50:28', '9885013440', '2020-02-19 21:26:42', '2020-02-19 21:27:12', 1, '91'),
(211, 'Aikta tomar', '2020-02-14 18:50:33', '7080900708', '2020-02-15 18:23:23', '2020-02-15 18:23:53', 1, '91'),
(212, 'Pooja Sharma', '2020-02-14 18:50:37', '09811814340', '2020-02-14 18:50:37', '2020-02-14 20:57:00', 1, '91'),
(213, 'raja ranganathan', '2020-02-14 18:50:46', '7037860323', '2020-02-14 18:50:46', '2020-02-14 22:27:48', 1, '1'),
(214, 'manali chakraborty', '2020-02-14 18:50:52', '7848010947', '2020-02-14 18:50:52', '2020-02-14 20:59:12', 0, '91'),
(215, 'RAJIV KUMAR', '2020-02-14 18:50:53', '9771439967', '2020-02-14 18:50:53', '2020-02-14 21:24:24', 1, '91'),
(216, 'S Raamakrushnan', '2020-02-14 18:50:59', '9380294343', '2020-02-15 12:39:29', '2020-02-15 15:58:29', 1, '91'),
(217, 'Heena Naaz', '2020-02-14 18:51:19', '8961861415', '2020-02-16 20:52:08', '2020-02-16 21:05:08', 1, '91'),
(218, 'helen jemima', '2020-02-14 18:51:21', '98281482', '2020-02-14 18:51:21', '2020-02-14 21:02:55', 0, '968'),
(219, 'Balasubramanian', '2020-02-14 18:51:47', '9444388766', '2020-02-27 21:06:56', '2020-02-27 21:07:26', 1, '91'),
(220, 'M premnagendra kumar', '2020-02-14 18:51:49', '7893605678', '2020-02-14 18:51:49', '2020-02-14 20:22:23', 1, '91'),
(221, 'kashinath sutar', '2020-02-14 18:51:55', '9916500098', '2020-02-15 15:50:52', '2020-02-15 15:52:41', 0, '91'),
(222, 'Nita Parikh', '2020-02-14 18:52:04', '9935956665', '2020-02-14 18:52:04', '2020-02-14 21:07:22', 0, '91'),
(223, 'Jagadish', '2020-02-14 18:52:10', '7349563959', '2020-02-14 19:13:48', '2020-02-14 21:26:03', 1, '91'),
(224, 'Vidur gupta', '2020-02-14 18:52:24', '9810084387', '2020-02-14 18:52:24', '2020-02-14 21:38:55', 1, '91'),
(225, 'Vijai Shankar Srivastava', '2020-02-14 18:52:29', '9454325509', '2020-02-15 23:03:37', '2020-02-15 23:06:07', 1, '91'),
(226, 'Yogesh Kumar Srivastav', '2020-02-14 18:52:35', '09140096188', '2020-02-14 18:52:35', '2020-02-14 22:05:35', 1, '91'),
(227, 'SUDHIR MOHAN GUPTA', '2020-02-14 18:53:02', '09810089604', '2020-02-14 18:53:02', '2020-02-14 21:42:02', 1, '91'),
(228, 'Neeta khullar', '2020-02-14 18:53:10', '9871241668', '2020-02-14 20:58:12', '2020-02-14 20:59:44', 1, '91'),
(229, 'Rama mohan', '2020-02-14 18:53:13', '9848378794', '2020-02-14 18:53:13', '2020-02-14 21:07:13', 1, '91'),
(230, 'Shiv', '2020-02-14 18:53:43', '9538392607', '2020-02-14 21:35:57', '2020-02-14 21:36:27', 1, '91'),
(231, 'Praveen Remalli', '2020-02-14 18:53:45', '9848075029', '2020-02-14 18:53:45', '2020-02-14 21:49:45', 1, '91'),
(232, 'Chekuri Swarochish', '2020-02-14 18:54:00', '9632705666', '2020-02-15 13:20:16', '2020-02-15 20:56:55', 1, '91'),
(233, 'Gopal', '2020-02-14 18:54:16', '5105021779', '2020-02-14 18:54:16', '2020-02-14 21:56:24', 1, '1'),
(234, 'Bhupendra Bikram Gurung', '2020-02-14 18:54:20', '9845547297', '2020-02-14 18:54:20', '2020-02-14 21:16:20', 1, '91'),
(235, 'Avinash ', '2020-02-14 18:54:35', '9987708981', '2020-02-14 19:14:23', '2020-02-14 21:03:16', 1, '91'),
(236, 'guna', '2020-02-14 18:54:48', '9963144599', '2020-02-14 19:40:46', '2020-02-14 20:47:47', 1, '91'),
(237, 'ramesh yerne', '2020-02-14 18:54:49', '9881989898', '2020-02-16 15:44:17', '2020-02-16 15:46:50', 1, '91'),
(238, 'Brajesh singh', '2020-02-14 18:54:51', '9528424991', '2020-02-15 05:19:00', '2020-02-15 05:20:01', 1, '91'),
(239, 'Munish Garg', '2020-02-14 18:54:54', '8054101000', '2020-02-14 18:54:54', '2020-02-14 18:57:25', 1, '91'),
(240, 'Kamal Gaba', '2020-02-14 18:54:59', '9971100782', '2020-02-16 08:39:13', '2020-02-16 08:39:43', 1, '91'),
(241, 'Juzer Gabajiwala', '2020-02-14 18:55:00', '9820066920', '2020-02-14 18:55:00', '2020-02-14 21:25:01', 1, '91'),
(242, 'Devidatta Samantray', '2020-02-14 18:55:02', '7730059175', '2020-02-14 20:01:36', '2020-02-14 20:01:49', 0, '91'),
(243, 'SANGEETHA', '2020-02-14 18:55:03', '9843712200', '2020-02-14 20:41:02', '2020-02-14 21:52:44', 1, '91'),
(244, 'Md Sarajuddin', '2020-02-14 18:55:16', '9721960407', '2020-02-14 18:55:16', '2020-02-14 20:13:48', 1, '91'),
(245, 'Pranay ', '2020-02-14 18:55:21', '7030293292', '2020-02-14 20:51:18', '2020-02-14 20:52:49', 1, '91'),
(246, 'Venkatraman M', '2020-02-14 18:55:25', '9916901231', '2020-02-14 19:44:14', '2020-02-14 20:12:47', 1, '91'),
(247, 'T  Murali', '2020-02-14 18:55:37', '09949870812', '2020-02-14 18:55:37', '2020-02-14 21:46:05', 0, '91'),
(248, 'Ashis Kumar sur', '2020-02-14 18:55:39', '8732652054', '2020-02-14 18:55:39', '2020-02-14 19:09:11', 1, '91'),
(249, 'Rajnish Kumar', '2020-02-14 18:55:48', '9740800440', '2020-02-15 16:16:38', '2020-02-15 17:31:44', 1, '91'),
(250, 'Dr Chandra Shekhar Jeengar', '2020-02-14 18:55:52', '9462239586', '2020-02-14 18:55:52', '2020-02-14 21:15:39', 1, '91'),
(251, 'Ira', '2020-02-14 18:55:53', '9611432007', '2020-02-14 18:55:53', '2020-02-14 21:42:14', 1, '91'),
(252, 'G.R.Pragathi', '2020-02-14 18:55:53', '09940623679', '2020-02-14 18:55:53', '2020-02-14 21:37:56', 0, '91'),
(253, 'kiruthiga subramanian', '2020-02-14 18:55:54', '8551893254', '2020-02-14 19:00:35', '2020-02-14 21:07:37', 1, '91'),
(254, 'Aroonkumar', '2020-02-14 18:55:59', '9790985804', '2020-02-14 18:55:59', '2020-02-14 18:57:10', 0, '91'),
(255, 'Manish Kumar Agarwal', '2020-02-14 18:56:09', '9831084440', '2020-02-15 16:11:00', '2020-02-15 16:13:01', 1, '91'),
(256, 'Sukanya Soundar', '2020-02-14 18:56:13', '9940196963', '2020-02-15 15:31:17', '2020-02-15 16:14:00', 1, '91'),
(257, 'Mini Kunhiraman', '2020-02-14 18:56:36', '2036852980', '2020-02-14 19:02:08', '2020-02-14 22:12:01', 1, '1'),
(258, 'Puspa Soni ', '2020-02-14 18:56:38', '9830374540', '2020-02-16 22:00:39', '2020-02-16 22:30:58', 1, '91'),
(259, 'shweta patil', '2020-02-14 18:56:51', '9860670702', '2020-02-14 20:17:27', '2020-02-14 21:21:18', 1, '91'),
(260, 'Bharat Marwaha', '2020-02-14 18:56:59', '9417289334', '2020-02-16 08:29:52', '2020-02-16 08:34:31', 1, '91'),
(261, 'Munish Garg', '2020-02-14 18:57:02', '9814005307', '2020-02-14 18:57:02', '2020-02-14 19:08:04', 1, '91'),
(262, 'Usha ganti', '2020-02-14 18:57:17', '3018020232', '2020-02-14 18:57:17', '2020-02-14 21:40:49', 1, '1'),
(263, 'Madhav Rao', '2020-02-14 18:57:26', '09849010828', '2020-02-14 18:57:26', '2020-02-14 21:00:23', 0, '91'),
(264, 'Aroonkumar', '2020-02-14 18:57:30', '9380514450', '2020-02-15 12:05:25', '2020-02-15 12:19:12', 1, '91'),
(265, 'Sanjay', '2020-02-14 18:57:50', '9731246600', '2020-02-15 22:40:36', '2020-02-15 22:59:08', 1, '91'),
(266, 'Laxmiputra Kallurmath', '2020-02-14 18:57:54', '9818030178 ', '2020-02-14 20:36:24', '2020-02-14 21:06:55', 0, '91'),
(267, 'RAJNEESH NAUTIYAL', '2020-02-14 18:58:00', '7302284107', '2020-02-14 18:58:00', '2020-02-14 21:34:00', 1, '91'),
(268, 'Sunil karale', '2020-02-14 18:58:05', '9067711515', '2020-02-14 21:29:05', '2020-02-14 21:41:06', 1, '91'),
(269, 'VENKATA RAMANA BUDDALA', '2020-02-14 18:58:10', '9490168087', '2020-02-14 18:58:10', '2020-02-14 20:53:49', 0, '91'),
(270, 'Pramod kumar', '2020-02-14 18:58:15', '9002080781', '2020-02-14 18:58:15', '2020-02-14 21:14:10', 0, '91'),
(271, 'Lakshmi ', '2020-02-14 18:58:38', '09444174383', '2020-02-14 20:38:49', '2020-02-14 21:38:31', 0, '91'),
(272, '', '2020-02-14 18:58:39', '8897743266', '2020-02-14 18:58:39', '2020-02-14 19:02:23', 1, '91'),
(273, 'Vishal', '2020-02-14 18:58:40', '8123151567', '2020-02-15 23:28:22', '2020-02-16 00:27:54', 1, '91'),
(274, 'Pashu', '2020-02-14 18:58:58', '9483065177', '2020-02-16 19:05:21', '2020-02-16 19:05:51', 1, '91'),
(275, 'Pavan soni', '2020-02-14 18:59:03', '8619987824', '2020-02-15 14:30:22', '2020-02-15 14:42:52', 1, '91'),
(276, 'Balvantsinh', '2020-02-14 18:59:08', '9428164777', '2020-02-14 18:59:08', '2020-02-14 20:44:29', 1, '91'),
(277, 'Rajendra Pisolkar', '2020-02-14 18:59:15', '95273606', '2020-02-14 18:59:15', '2020-02-14 21:11:13', 0, '968'),
(278, 'ICHUBE KUAME', '2020-02-14 18:59:34', '9435078300', '2020-02-14 18:59:34', '2020-02-14 21:00:03', 0, '91'),
(279, 'Ramchandra Rao ', '2020-02-14 18:59:42', '9440386446', '2020-02-14 18:59:42', '2020-02-14 20:57:51', 1, '91'),
(280, 'mitesh', '2020-02-14 18:59:47', '9907774001', '2020-02-14 18:59:47', '2020-02-14 19:53:48', 1, '91'),
(281, 'Rohan Ooken', '2020-02-14 19:00:08', '7958871471', '2020-02-14 19:00:08', '2020-02-14 21:18:10', 1, '44'),
(282, 'Sivaprasad Venkatachaliah', '2020-02-14 19:00:10', '9791036693', '2020-02-14 19:00:10', '2020-02-14 20:13:47', 1, '91'),
(283, 'A Ratna prabha', '2020-02-14 19:00:15', '9849455606', '2020-02-14 19:46:31', '2020-02-14 21:41:32', 0, '91'),
(284, 'Shashidhar Kalwa', '2020-02-14 19:00:25', '9986010064', '2020-02-16 21:53:09', '2020-02-16 22:23:39', 1, '91'),
(285, 'Vishnu', '2020-02-14 19:00:34', '9880631813', '2020-02-24 19:19:21', '2020-02-24 19:19:37', 0, '91'),
(286, 'Abhay Jogalekar', '2020-02-14 19:00:53', '9922970193', '2020-02-14 19:00:53', '2020-02-14 21:07:24', 1, '91'),
(287, 'Pooja Hari', '2020-02-14 19:00:57', '08220368898', '2020-02-14 19:17:49', '2020-02-14 19:54:51', 1, '91'),
(288, 'Madhulika', '2020-02-14 19:01:02', '9818679320', '2020-02-19 18:55:07', '2020-02-19 18:56:30', 1, '91'),
(289, 'Sheshwant Kulachari', '2020-02-14 19:01:18', '08897743266', '2020-02-14 19:01:18', '2020-02-14 21:22:36', 1, '91'),
(290, 'Srinivas', '2020-02-14 19:01:42', '9052194411', '2020-02-14 19:01:42', '2020-02-14 22:04:44', 1, '91'),
(291, 'E GOVARDHANAN', '2020-02-14 19:01:51', '9328341835', '2020-02-14 19:06:03', '2020-02-14 21:32:04', 1, '91'),
(292, 'Amita P Samant', '2020-02-14 19:02:13', '9284662328', '2020-02-17 14:33:12', '2020-02-17 15:13:16', 1, '91'),
(293, 'anish', '2020-02-14 19:02:20', '9815620159', '2020-02-14 19:02:20', '2020-02-14 19:53:52', 1, '91'),
(294, 'Shriniwas', '2020-02-14 19:02:34', '9623317171', '2020-02-14 19:14:52', '2020-02-14 19:57:06', 0, '91'),
(295, 'Reena gupta', '2020-02-14 19:02:45', '8800741480', '2020-02-14 19:02:45', '2020-02-14 21:05:15', 1, '91'),
(296, 'B n rrddy', '2020-02-14 19:03:23', '9480693920', '2020-02-14 19:03:23', '2020-02-14 20:24:14', 1, '91'),
(297, 'Mohammad Sadiq Shaikh', '2020-02-14 19:03:25', '9881173969', '2020-02-14 21:01:05', '2020-02-14 21:28:37', 1, '91'),
(298, 'asif ali', '2020-02-14 19:03:27', '9351405253', '2020-02-16 12:03:07', '2020-02-16 12:15:44', 1, '91'),
(299, 'Prashant Kumar', '2020-02-14 19:03:27', '9871710537', '2020-02-14 19:03:27', '2020-02-14 21:39:04', 1, '91'),
(300, 'Pushpa Motghare', '2020-02-14 19:03:40', '7020154739', '2020-02-14 21:09:41', '2020-02-14 21:10:14', 0, '91'),
(301, 'Amita P Samant', '2020-02-14 19:03:58', '928466228', '2020-02-14 19:03:58', '2020-02-14 20:10:44', 1, '91'),
(302, 'P udayappan', '2020-02-14 19:04:16', '9894448060', '2020-02-19 12:35:46', '2020-02-19 12:36:16', 1, '91'),
(303, 'Mukesh Kumar Nayak', '2020-02-14 19:04:17', '8050672657', '2020-02-14 19:04:17', '2020-02-14 21:54:18', 1, '91'),
(304, 'Vrushali tambe', '2020-02-14 19:05:03', '9763641310', '2020-02-14 19:05:03', '2020-02-14 19:05:33', 1, '91'),
(305, 'Sujatha ', '2020-02-14 19:05:14', '9845563760', '2020-02-14 21:09:58', '2020-02-14 21:10:59', 1, '91'),
(306, 'Vrushali tambe', '2020-02-14 19:05:19', '9422644259', '2020-02-14 19:05:19', '2020-02-14 21:02:25', 1, '91'),
(307, ' Neelam jaggi', '2020-02-14 19:05:24', '9910863188', '2020-02-14 19:05:24', '2020-02-14 21:46:35', 1, '91'),
(308, 'Alok Kumar ojha', '2020-02-14 19:06:05', '9096871796', '2020-02-14 22:10:50', '2020-02-14 22:11:52', 1, '91'),
(309, 'Bitty Varghese', '2020-02-14 19:06:29', '7760004831', '2020-02-15 16:54:05', '2020-02-15 16:54:35', 1, '91'),
(310, 'R. Manoharan ', '2020-02-14 19:06:29', '04426425311 ', '2020-02-14 19:06:29', '2020-02-14 21:40:44', 0, '91'),
(311, 'Anthony Dominic', '2020-02-14 19:07:49', '9849021033', '2020-02-15 20:07:16', '2020-02-15 22:00:36', 1, '91'),
(312, 'Waseem Ahmed ', '2020-02-14 19:08:10', '8870412658', '2020-02-14 19:08:10', '2020-02-14 20:52:43', 1, '91'),
(313, 'sangeeta', '2020-02-14 19:08:16', '2016204257', '2020-02-14 19:08:16', '2020-02-14 21:40:17', 1, '1'),
(314, 'Ashis Kumar sur', '2020-02-14 19:08:46', '8789652065', '2020-02-14 19:08:46', '2020-02-14 20:59:10', 1, '91'),
(315, 'Saurabh dutta', '2020-02-14 19:09:25', '8283818420', '2020-02-14 19:09:25', '2020-02-14 20:56:26', 1, '91'),
(316, 'Ashok chettri ', '2020-02-14 19:10:05', '9002943421', '2020-02-14 19:10:05', '2020-02-14 21:11:35', 1, '91'),
(317, 'Bundi Srinivas', '2020-02-14 19:11:12', '8074518919', '2020-02-14 19:11:12', '2020-02-14 20:57:16', 1, '91'),
(318, 'KHAIRUL NESA', '2020-02-14 19:11:18', '8597531496', '2020-02-14 19:17:27', '2020-02-14 20:50:28', 1, '91'),
(319, 'Varadaraja', '2020-02-14 19:11:37', '9840508491', '2020-02-14 19:11:37', '2020-02-14 19:56:21', 1, '91'),
(320, 'Hari v', '2020-02-14 19:11:49', '8870948382', '2020-02-14 19:38:17', '2020-02-14 19:40:29', 1, '91'),
(321, 'JAYADHEER BABU DADALA', '2020-02-14 19:13:17', '09848074303', '2020-02-15 13:32:01', '2020-02-15 13:35:50', 1, '91'),
(322, 'Tanvi Sinkar', '2020-02-14 19:14:36', '8576155758', '2020-02-14 19:14:36', '2020-02-14 21:26:08', 1, '1'),
(323, 'Pranav G', '2020-02-14 19:16:05', '6673525581', '2020-02-14 19:16:05', '2020-02-14 21:21:00', 1, '1'),
(324, 'janendra kaushik', '2020-02-14 19:18:15', '9953338431', '2020-02-14 21:47:54', '2020-02-14 22:09:42', 1, '91'),
(325, 'Savita kumari', '2020-02-14 19:18:25', '7903136727', '2020-02-16 19:48:37', '2020-02-16 19:55:08', 1, '91'),
(326, 'ravikumar a s', '2020-02-14 19:18:30', '9845133357', '2020-02-14 20:41:35', '2020-02-14 21:02:47', 1, '91'),
(327, 'Rakesh Aethi', '2020-02-14 19:19:47', '99887319', '2020-02-14 20:29:37', '2020-02-14 21:31:12', 1, '968'),
(328, 'Parthiban', '2020-02-14 19:20:05', '9611133557', '2020-02-22 16:46:40', '2020-02-22 19:42:41', 1, '91'),
(329, 'Santosh Bhoi', '2020-02-14 19:20:59', '09860106123', '2020-02-16 22:09:38', '2020-02-17 00:34:59', 1, '91'),
(330, 'Anamika Soni ', '2020-02-14 19:22:10', '09830951577', '2020-02-14 19:22:10', '2020-02-14 19:22:48', 0, '91'),
(331, 'Gopal K', '2020-02-14 19:22:21', '9701088172', '2020-02-14 19:22:21', '2020-02-14 21:13:52', 1, '91'),
(332, 'krishnendu dey', '2020-02-14 19:22:57', '9830056149', '2020-02-14 19:25:16', '2020-02-14 19:25:46', 1, '91'),
(333, 'Malhar Ganla', '2020-02-14 19:23:26', '09850839063', '2020-02-14 19:23:26', '2020-02-14 20:09:14', 1, '91'),
(334, 'Brijesh Sharma', '2020-02-14 19:24:17', '9871795452', '2020-02-14 19:24:17', '2020-02-14 20:57:57', 0, '91'),
(335, 'Pooja', '2020-02-14 19:27:49', '9768161921', '2020-02-14 19:27:49', '2020-02-14 22:00:50', 0, '244'),
(336, 'Ritu', '2020-02-14 19:28:44', '9881912049', '2020-02-14 21:31:54', '2020-02-14 22:12:02', 1, '91'),
(337, 'Santosh bhoi', '2020-02-14 19:30:06', '9860106123', '2020-02-16 22:01:59', '2020-02-16 22:11:54', 1, '91'),
(338, 'Annamalai', '2020-02-14 19:31:44', '91', '2020-02-14 19:31:44', '2020-02-14 20:09:58', 1, '91'),
(339, 'Suresh Kodati', '2020-02-14 19:31:45', '9515302282', '2020-02-14 19:31:45', '2020-02-14 19:35:06', 0, '91'),
(340, 'Eshwaraprakash', '2020-02-14 19:34:19', '9741128277', '2020-02-15 13:49:19', '2020-02-15 15:00:08', 1, '91'),
(341, 'babu', '2020-02-14 19:37:42', '9422390447', '2020-02-15 23:33:45', '2020-02-16 00:22:16', 1, '91'),
(342, 'Anil joshi', '2020-02-14 19:39:38', '6787615020', '2020-02-14 21:45:34', '2020-02-14 21:46:04', 1, '1'),
(343, 'Pooja Hari', '2020-02-14 19:42:09', '8220368898', '2020-02-14 19:42:09', '2020-02-14 21:42:40', 1, '91'),
(344, 'Vimmy Jain', '2020-02-14 19:43:59', '09888709222', '2020-02-14 19:43:59', '2020-02-14 19:45:24', 0, '91'),
(345, 'Shivfal Nirmal ', '2020-02-14 19:44:25', '9999817221', '2020-02-17 16:18:58', '2020-02-17 16:34:39', 1, '91'),
(346, 'Neeraj Wadhwa ', '2020-02-14 19:55:41', '09311223334', '2020-02-19 12:33:22', '2020-02-19 12:33:52', 1, '91'),
(347, 'HIMADRI HALDER', '2020-02-14 19:57:26', '9836894143', '2020-02-14 19:57:26', '2020-02-14 20:06:57', 1, '91'),
(348, 'Akshat Jharia', '2020-02-14 20:00:23', '4651328423', '2020-02-14 20:00:23', '2020-02-14 20:12:22', 1, '91'),
(349, 'Devidatta Samantray', '2020-02-14 20:02:40', '7730059175 and', '2020-02-14 20:02:40', '2020-02-14 21:08:37', 1, '91'),
(350, 'Praveen', '2020-02-14 20:04:54', '9526930483', '2020-02-14 20:04:54', '2020-02-14 21:07:07', 1, '91'),
(351, 'vijay', '2020-02-14 20:10:17', '65897654379', '2020-02-14 20:10:17', '2020-02-14 21:09:17', 1, '297'),
(352, 'Manish', '2020-02-14 20:58:49', '9845229922', '2020-02-14 20:58:49', '2020-02-14 21:37:56', 1, '91'),
(353, 'Rajesh Prabhakar', '2020-02-14 21:08:04', '565037099', '2020-02-14 21:08:04', '2020-02-14 21:31:05', 1, '1'),
(354, 'Ashok chettri', '2020-02-14 21:12:11', '09002943421', '2020-02-14 21:28:00', '2020-02-14 21:46:27', 1, '91'),
(355, 'B T PRABHU ', '2020-02-14 21:12:24', '9900087112', '2020-02-16 04:20:57', '2020-02-16 06:17:59', 1, '91'),
(356, 'Dinesh Khot', '2020-02-14 21:41:04', '09849496359', '2020-02-14 21:41:04', '2020-02-14 21:42:06', 1, '91'),
(357, 'Damini', '2020-02-14 22:51:49', '3313303359', '2020-02-17 02:34:28', '2020-02-17 02:59:32', 1, '1'),
(358, 'Anand Chaturvedi', '2020-02-14 23:53:51', '09414272168', '2020-02-17 09:04:30', '2020-02-17 09:05:00', 1, '91'),
(359, 'Smitha', '2020-02-15 01:31:07', '021853889', '2020-02-16 13:38:56', '2020-02-16 15:38:29', 1, '64'),
(360, 'Preeti Tara', '2020-02-15 06:25:42', '9196374407', '2020-02-17 07:51:37', '2020-02-17 08:01:40', 1, '1'),
(361, 'Mahesh Sharma', '2020-02-15 06:55:23', '09867822760', '2020-02-15 06:55:23', '2020-02-15 06:55:41', 0, '91'),
(362, 'Maulik Patel', '2020-02-15 10:31:45', '8260157489', '2020-02-15 10:31:45', '2020-02-15 10:32:46', 1, '91'),
(363, 'Shivfal Nirmal ', '2020-02-15 10:48:35', '9999818221', '2020-02-15 10:48:35', '2020-02-15 13:00:37', 1, '91'),
(364, 'A.Dhanveer Hasan', '2020-02-15 11:27:16', '0567134667', '2020-02-16 06:50:23', '2020-02-16 07:50:17', 1, '971'),
(365, 'Neelima bahri', '2020-02-15 11:38:10', '9872298422', '2020-02-15 11:38:10', '2020-02-15 11:52:37', 1, '91'),
(366, 'Manikandan PN', '2020-02-15 11:55:04', '9176649059', '2020-02-15 15:35:55', '2020-02-15 17:33:16', 1, '91'),
(367, 'Balvantsinh Solanki', '2020-02-15 12:39:01', '09428164777', '2020-02-15 12:39:01', '2020-02-15 13:16:54', 1, '91'),
(368, 'Rajashri Vanarase', '2020-02-15 12:39:27', '7038118792', '2020-02-15 12:39:27', '2020-02-15 12:52:28', 1, '91'),
(369, 'Stella', '2020-02-15 15:11:45', '9790704404', '2020-02-15 15:11:45', '2020-02-15 15:16:16', 1, '91'),
(370, 'Pramod Tripathi', '2020-02-15 16:01:35', '09881912050', '2020-02-15 16:01:35', '2020-02-15 16:07:46', 1, '91'),
(371, 'Asif Ali', '2020-02-15 17:41:37', '09351405253', '2020-02-15 22:59:38', '2020-02-16 00:29:41', 1, '91'),
(372, 'P Pradeep Kumar', '2020-02-15 18:11:41', '9717776727', '2020-02-15 18:11:41', '2020-02-15 20:01:17', 1, '91'),
(373, 'Mrs. Rahila Abid', '2020-02-15 19:04:12', '+971508454630', '2020-02-16 01:51:25', '2020-02-16 01:53:26', 1, '971'),
(374, 'banu', '2020-02-15 19:18:58', '6383305119', '2020-02-15 19:18:58', '2020-02-15 19:23:32', 1, '91'),
(375, 'ALAN SUNIL DEEPAK MATHIAS', '2020-02-15 19:58:12', '00971506994095', '2020-02-15 19:58:12', '2020-02-15 23:31:14', 1, '971'),
(376, 'Atul Gambhir', '2020-02-15 20:18:10', '09414220000', '2020-02-15 20:18:10', '2020-02-15 20:18:40', 1, '91'),
(377, 'VENKATA GUNESWARA RAO', '2020-02-15 20:59:24', '09963144599', '2020-02-15 20:59:24', '2020-02-15 23:30:55', 1, '91'),
(378, 'shashi', '2020-02-15 21:09:52', '7013805945', '2020-02-15 21:09:52', '2020-02-16 00:22:55', 1, '91'),
(379, 'Raj', '2020-02-15 21:34:11', '8837063299', '2020-02-15 21:34:11', '2020-02-15 22:12:44', 1, '91'),
(380, 'Anup kumar pandey', '2020-02-15 22:15:23', '9438493201', '2020-02-15 23:07:05', '2020-02-15 23:43:36', 1, '91'),
(381, 'Gauri', '2020-02-15 22:33:00', '9284253437', '2020-02-15 22:33:00', '2020-02-15 22:40:00', 1, '91'),
(382, 'Priyanka konde ', '2020-02-15 22:33:08', '9011792937', '2020-02-15 22:38:06', '2020-02-15 22:43:37', 1, '91'),
(383, 'Shodhan Kotwal', '2020-02-15 22:34:31', '9766722007', '2020-02-16 16:59:51', '2020-02-16 19:10:54', 1, '91'),
(384, 'Janaky mk', '2020-02-15 22:39:09', '9061464882', '2020-02-15 22:39:09', '2020-02-16 00:20:10', 1, '91'),
(385, 'Vani', '2020-02-15 23:05:50', '9741266177', '2020-02-16 12:37:12', '2020-02-16 12:42:43', 1, '91'),
(386, 'Ram', '2020-02-16 01:23:57', '7981707307', '2020-02-16 02:16:47', '2020-02-16 02:17:48', 1, '91'),
(387, 'Pikanksh', '2020-02-16 04:48:16', '9145666986', '2020-02-16 04:48:16', '2020-02-16 05:09:04', 0, '91'),
(388, 'Vaibhav Aurangabadkar ', '2020-02-16 04:53:58', '8118800202', '2020-02-16 04:53:58', '2020-02-16 05:00:00', 1, '62'),
(389, 'S . Dharmendra Reddy', '2020-02-16 06:07:41', '9976627291', '2020-02-16 06:07:41', '2020-02-16 06:10:11', 1, '91'),
(390, 'Sabira', '2020-02-16 06:15:14', '8197524972', '2020-02-16 06:15:14', '2020-02-16 09:45:59', 1, '91'),
(391, 'Oommen', '2020-02-16 06:22:05', '8111950476', '2020-02-17 13:58:39', '2020-02-17 15:49:40', 1, '91'),
(392, 'S', '2020-02-16 07:05:09', '9788578436', '2020-02-16 07:05:09', '2020-02-16 07:06:10', 1, '91'),
(393, 'Rajamani V', '2020-02-16 07:19:33', '9003026277', '2020-02-16 21:00:48', '2020-02-16 21:40:48', 1, '91'),
(394, 'T R Santharam', '2020-02-16 08:16:38', '09345412312', '2020-02-16 08:16:38', '2020-02-16 08:49:39', 1, '91'),
(395, 'S Dharmendra Reddy', '2020-02-16 08:25:59', '9585232170', '2020-02-16 08:25:59', '2020-02-16 08:26:29', 1, '91'),
(396, 'Namrata', '2020-02-16 08:49:00', '9689603340', '2020-02-16 08:49:00', '2020-02-16 08:50:30', 1, '91'),
(397, 'Sudhir', '2020-02-16 09:02:38', '504559063', '2020-02-16 22:52:23', '2020-02-16 23:26:30', 1, '971'),
(398, 'Waseem Ahmed', '2020-02-16 10:00:05', '08870412658', '2020-02-16 10:00:05', '2020-02-16 10:01:06', 1, '91'),
(399, 'SANTOSH', '2020-02-16 10:05:26', '08971525252', '2020-02-17 09:24:02', '2020-02-17 09:50:06', 1, '91'),
(400, 'Rajeev Sood', '2020-02-16 10:32:29', '9910486626', '2020-02-16 10:32:29', '2020-02-16 13:02:30', 1, '91'),
(401, 'Vartika Panchal', '2020-02-16 10:40:57', '552940632', '2020-02-16 10:40:57', '2020-02-16 10:45:28', 1, '971'),
(402, 'Rajkiran ', '2020-02-16 11:15:44', '9008001794', '2020-02-16 11:15:44', '2020-02-16 11:59:01', 1, '91'),
(403, 'Kuldeep Singh ', '2020-02-16 11:35:39', '9830441693', '2020-02-16 11:35:39', '2020-02-16 11:37:42', 1, '91'),
(404, 'Mahesh panchal', '2020-02-16 12:35:32', '9754999063', '2020-02-16 12:35:32', '2020-02-16 12:36:02', 1, '91'),
(405, 'S', '2020-02-16 12:38:19', '9989390045', '2020-02-16 12:38:19', '2020-02-16 12:49:12', 1, '91'),
(406, 'Neelima bahri', '2020-02-16 14:10:44', '9871298412', '2020-02-16 14:10:44', '2020-02-16 14:30:23', 1, '91'),
(407, 'Harmeet Singh', '2020-02-16 14:57:16', '8334805671', '2020-02-16 15:34:20', '2020-02-16 15:35:48', 0, '91'),
(408, 'Antaryami sahoo', '2020-02-16 15:31:36', '9337548036', '2020-02-16 15:31:36', '2020-02-16 15:32:37', 1, '91'),
(409, 'Dilin gosar', '2020-02-16 15:38:54', '8369295458', '2020-03-20 01:43:41', '2020-03-20 01:44:11', 1, '91'),
(410, 'P', '2020-02-16 16:26:36', '00000000000', '2020-02-16 16:26:36', '2020-02-16 16:27:06', 1, '93'),
(411, 'Monica Ramchandani ', '2020-02-16 16:59:22', '9820800755', '2020-02-17 03:06:25', '2020-02-17 03:06:55', 1, '91'),
(412, 'Prerana Shinkar ', '2020-02-16 17:06:28', '9922501757', '2020-02-16 22:45:12', '2020-02-16 23:16:56', 1, '91'),
(413, 'Indudhar K. R. ', '2020-02-16 17:37:19', '8197419222', '2020-02-16 17:37:19', '2020-02-16 20:34:19', 1, '91'),
(414, 'RAMGOPAL SAINI ', '2020-02-16 18:06:46', '9717637431', '2020-02-16 18:06:46', '2020-02-16 18:07:46', 1, '91'),
(415, 'Monica', '2020-02-16 18:09:41', '9821207918', '2020-02-16 18:09:41', '2020-02-16 19:58:42', 1, '91'),
(416, 'Raj', '2020-02-16 18:58:00', '9739850075', '2020-02-16 18:58:00', '2020-02-16 19:00:01', 1, '91'),
(417, 'samirkumar chaudhari', '2020-02-16 19:00:52', '909984775', '2020-02-16 19:03:28', '2020-02-16 19:47:30', 1, '91'),
(418, 'Sharad Shinde', '2020-02-16 19:01:52', '+919820094331', '2020-02-16 19:01:52', '2020-02-16 19:07:27', 1, '91'),
(419, 'Biju mohan', '2020-02-16 19:02:04', '9702003304', '2020-02-16 19:17:12', '2020-02-16 19:28:45', 1, '91'),
(420, 'Manoj H', '2020-02-16 19:03:29', '9820004838', '2020-02-16 19:03:29', '2020-02-16 19:07:30', 1, '91'),
(421, 'Nilesh Jain', '2020-02-16 19:03:33', '8108773388', '2020-02-16 19:03:33', '2020-02-16 19:31:40', 1, '91'),
(422, 'Henry Dsouza', '2020-02-16 19:04:14', '9833736818', '2020-02-16 22:03:53', '2020-02-16 22:22:25', 1, '91'),
(423, 'Sanjay Shah', '2020-02-16 19:05:14', '9820010503', '2020-02-16 19:05:14', '2020-02-16 19:07:44', 1, '91'),
(424, 'ANIL PAWAR', '2020-02-16 19:05:59', '09920781278', '2020-02-16 19:05:59', '2020-02-16 19:06:29', 1, '91'),
(425, 'Khoobi', '2020-02-16 19:08:16', '9619900676', '2020-02-18 08:03:09', '2020-02-18 08:04:40', 1, '91'),
(426, 'Virendra Kumar', '2020-02-16 19:10:16', '8884058700', '2020-02-17 12:28:31', '2020-02-17 12:29:01', 1, '91'),
(427, 'R d medane', '2020-02-16 19:11:35', '9820081358', '2020-02-16 19:39:01', '2020-02-16 21:30:36', 1, '91'),
(428, 'Vinay pednekar ', '2020-02-16 19:16:11', '9821126630', '2020-02-16 19:16:11', '2020-02-16 20:28:31', 1, '91'),
(429, 'Biju mohan', '2020-02-16 19:22:50', '09702003304', '2020-02-16 19:59:27', '2020-02-16 21:11:00', 1, '91'),
(430, 'Usha pillai', '2020-02-16 19:23:30', '9820392280', '2020-02-16 21:10:55', '2020-02-16 22:38:26', 1, '91'),
(431, 'Pallav Jain', '2020-02-16 19:28:40', '9821696933', '2020-02-16 19:28:40', '2020-02-16 20:24:51', 1, '91'),
(432, 'Babu O Varghese', '2020-02-16 19:32:53', '9869253803', '2020-02-16 19:32:53', '2020-02-16 21:27:56', 1, '91'),
(433, 'Yashkaran singh', '2020-02-16 19:39:05', '9448147106', '2020-02-16 19:39:05', '2020-02-16 22:20:37', 1, '91'),
(434, 'Sushir', '2020-02-16 19:41:39', '504569063', '2020-02-16 19:41:39', '2020-02-16 21:13:25', 1, '971'),
(435, 'Vinod Kumar Singh', '2020-02-16 19:45:13', '09321169002', '2020-02-16 19:45:13', '2020-02-16 19:47:05', 1, '91'),
(436, 'Vimla Khemka', '2020-02-16 20:03:28', '7144785000', '2020-02-16 20:03:28', '2020-02-16 20:12:32', 1, '1'),
(437, 'Raj', '2020-02-16 20:04:51', '9488238330', '2020-02-16 20:08:34', '2020-02-16 20:10:34', 1, '91'),
(438, 'Ketki T', '2020-02-16 20:10:38', '8479229674', '2020-02-16 20:10:38', '2020-02-16 20:32:37', 1, '1'),
(439, 'Harold DSa', '2020-02-16 20:14:43', '9892106745', '2020-02-16 20:14:43', '2020-02-16 20:29:01', 1, '91'),
(440, 'Kishan visavadia', '2020-02-16 20:16:48', '8169562474', '2020-02-16 20:16:48', '2020-02-16 20:17:49', 1, '91');
INSERT INTO `tbl_users` (`id`, `name`, `reg_date`, `mobile_num`, `login_date`, `logout_date`, `logout_status`, `cntry_code`) VALUES
(441, 'Ritu', '2020-02-16 20:38:12', '9371069165', '2020-02-16 20:38:12', '2020-02-16 20:39:43', 1, '91'),
(442, 'Bharti bhole', '2020-02-16 20:48:12', '9324239128', '2020-02-16 20:48:12', '2020-02-16 20:51:13', 1, '91'),
(443, 'Sushil', '2020-02-16 20:54:42', '9820037855', '2020-02-17 21:07:28', '2020-02-17 22:03:23', 1, '91'),
(444, 'Anil Puthran', '2020-02-16 20:56:41', '9930821841', '2020-02-16 21:21:48', '2020-02-16 21:27:19', 1, '91'),
(445, 'Sujata Nair', '2020-02-16 21:07:52', '9324147246', '2020-02-16 21:07:52', '2020-02-16 21:51:59', 1, '91'),
(446, 'Bharati', '2020-02-16 21:13:22', '9820439015', '2020-02-16 21:13:22', '2020-02-16 21:14:23', 1, '91'),
(447, 'Kajalkumar Roy', '2020-02-16 21:18:13', '9930454560', '2020-02-16 21:18:13', '2020-02-16 21:28:12', 1, '91'),
(448, 'Narasimha', '2020-02-16 21:23:59', '9833102698', '2020-02-16 22:04:09', '2020-02-16 22:04:39', 1, '91'),
(449, 'Farida Malik ', '2020-02-16 21:28:25', '9892092353', '2020-02-16 21:41:43', '2020-02-16 23:49:44', 1, '91'),
(450, 'Suchiraa Sunil Prabhakar', '2020-02-16 21:42:40', '9900351970', '2020-02-16 21:42:40', '2020-02-16 23:02:52', 1, '91'),
(451, 'anil shrivastava', '2020-02-16 21:45:08', '9430024288', '2020-02-16 21:45:08', '2020-02-16 21:47:38', 1, '91'),
(452, 'N VAIDYANATHAN', '2020-02-16 21:46:57', '9820026689', '2020-02-16 22:17:33', '2020-02-16 22:35:17', 1, '91'),
(453, 'Hemangini', '2020-02-16 21:58:04', '9920998280', '2020-02-16 21:58:04', '2020-02-16 22:02:35', 1, '91'),
(454, 'Surekha pardeshi', '2020-02-16 22:12:58', '7738084709', '2020-02-16 22:12:58', '2020-02-16 23:54:11', 1, '91'),
(455, 'Satish kesare', '2020-02-16 22:20:54', '9167270605', '2020-02-16 22:20:54', '2020-02-16 22:25:56', 1, '91'),
(456, 'Soham barot', '2020-02-16 22:21:22', '9821245055', '2020-02-16 22:21:22', '2020-02-16 22:26:35', 1, '91'),
(457, 'Aarti', '2020-02-16 22:32:13', '9892141951', '2020-02-16 22:36:35', '2020-02-16 22:37:05', 1, '91'),
(458, 'Narayan Utekar', '2020-02-16 22:33:45', '9820430444', '2020-02-16 22:33:45', '2020-02-16 22:34:46', 1, '91'),
(459, 'Sujatha Nair', '2020-02-16 22:34:58', '+91 93241 47246', '2020-02-16 22:34:58', '2020-02-16 22:37:45', 0, '91'),
(460, 'Preeti sowale', '2020-02-16 22:35:07', '9833545601', '2020-02-16 22:35:07', '2020-02-16 22:35:37', 1, '91'),
(461, 'Preeti sowale', '2020-02-16 22:35:07', '9833545602', '2020-02-16 22:35:07', '2020-02-16 22:38:43', 1, '91'),
(462, 'Aarti', '2020-02-16 22:38:58', '9867226210', '2020-02-16 22:38:58', '2020-02-16 22:41:28', 1, '91'),
(463, 'Kiran ', '2020-02-16 22:39:10', '7845815539', '2020-02-16 22:39:10', '2020-02-17 00:55:28', 1, '91'),
(464, 'V.c.mishra', '2020-02-16 22:40:07', '9819281633', '2020-02-16 22:42:13', '2020-02-16 22:42:43', 1, '91'),
(465, 'Anjana ', '2020-02-16 23:01:53', '08928139829', '2020-02-16 23:04:15', '2020-02-16 23:34:38', 1, '91'),
(466, 'Shrinivas', '2020-02-16 23:19:29', '9962907593', '2020-02-16 23:19:29', '2020-02-16 23:23:32', 1, '91'),
(467, 'Shibali shinde', '2020-02-16 23:20:58', '7798982092', '2020-02-16 23:20:58', '2020-02-16 23:34:29', 1, '91'),
(468, 'Sankar Unnikrishnan ', '2020-02-16 23:24:09', '9769797044', '2020-02-16 23:24:09', '2020-02-16 23:24:34', 0, '91'),
(469, 'Apurva Narendra Doshi', '2020-02-16 23:25:16', '08879113265', '2020-02-16 23:25:16', '2020-02-16 23:32:57', 1, '91'),
(470, 'Rita.K.Vishwakarma', '2020-02-16 23:26:39', '9969287133', '2020-02-16 23:26:39', '2020-02-16 23:30:15', 0, '91'),
(471, 'Sandhya Puntambekar', '2020-02-16 23:46:13', '09820095862', '2020-02-16 23:46:13', '2020-02-16 23:56:45', 1, '91'),
(472, 'Swapnil Pathak', '2020-02-17 00:14:09', '09819542520', '2020-02-17 00:14:09', '2020-02-17 02:08:20', 1, '91'),
(473, 'Apurva ', '2020-02-17 00:17:57', '9082029789', '2020-02-17 00:17:57', '2020-02-17 00:18:27', 1, '91'),
(474, 'Rajesh Venkatraman Iyer', '2020-02-17 03:28:48', '9820228536', '2020-02-17 03:28:48', '2020-02-17 03:34:52', 1, '91'),
(475, 'Augustine Fernandes ,', '2020-02-17 07:07:19', '9821863774', '2020-02-17 08:57:32', '2020-02-17 09:11:33', 1, '91'),
(476, 'Raakhi Jani', '2020-02-17 08:46:24', '9004046220', '2020-02-17 08:46:24', '2020-02-17 08:52:25', 1, '91'),
(477, 'Pranay Arolkar', '2020-02-17 09:02:13', '9322022717', '2020-02-17 09:02:13', '2020-02-17 09:22:05', 1, '91'),
(478, 'Sandya Advani', '2020-02-17 09:56:11', '9820815900', '2020-02-17 09:56:11', '2020-02-17 09:57:41', 1, '91'),
(479, 'Vishalkumar Meshram', '2020-02-17 10:08:40', '9987092183', '2020-02-17 15:01:43', '2020-02-17 16:06:22', 0, '91'),
(480, 'Shriram Balasubramanian', '2020-02-17 10:59:44', '9820096773', '2020-02-17 10:59:44', '2020-02-17 11:02:14', 1, '91'),
(481, 'Diljeetkaur Palahyia', '2020-02-17 15:04:04', '9222943330', '2020-02-17 15:04:04', '2020-02-17 15:50:09', 1, '91'),
(482, 'anil chacko', '2020-02-17 19:46:10', '9870411255', '2020-02-17 19:46:10', '2020-02-17 20:50:41', 1, '91'),
(483, 'Vidya Ravishankar ', '2020-02-17 21:40:19', '9869724867', '2020-02-18 16:05:33', '2020-02-18 16:08:49', 0, '91'),
(484, 'Vidya Ravishankar ', '2020-02-18 16:09:28', '9869734867', '2020-02-18 16:09:28', '2020-02-18 18:22:53', 1, '91'),
(485, 'Shameen Khan', '2020-02-19 12:47:05', '9122707000', '2020-02-19 12:47:05', '2020-02-19 12:48:06', 1, '91'),
(486, 'kishore jagtiani', '2020-02-19 14:49:51', '09819746298', '2020-02-19 14:49:51', '2020-02-19 14:51:21', 1, '91'),
(487, 'Neelima Naik', '2020-02-19 16:23:32', '9820786162', '2020-02-19 16:23:32', '2020-02-19 16:29:32', 1, '91'),
(488, 'Neeraj wadhwa', '2020-02-27 10:50:31', '9311223334', '2020-02-27 10:50:31', '2020-02-27 10:51:01', 1, '91'),
(489, 'Gdgsg', '2020-03-22 23:26:47', '9035790360', '2020-03-22 23:26:47', '2020-03-22 23:27:17', 1, '91'),
(490, 'Khoobi Jain', '2020-05-17 22:29:09', '09619900676', '2020-05-17 22:29:09', '2020-05-17 22:29:37', 0, '91'),
(491, 'Akshat Jharia', '2020-06-19 12:58:01', '07204420017', '2020-06-19 12:58:01', '2020-06-19 12:58:31', 1, '91');

--
-- Indexes for dumped tables
--

--
-- Indexes for table `tbl_questions`
--
ALTER TABLE `tbl_questions`
  ADD PRIMARY KEY (`id`);

--
-- Indexes for table `tbl_users`
--
ALTER TABLE `tbl_users`
  ADD PRIMARY KEY (`id`);

--
-- AUTO_INCREMENT for dumped tables
--

--
-- AUTO_INCREMENT for table `tbl_questions`
--
ALTER TABLE `tbl_questions`
  MODIFY `id` int(11) NOT NULL AUTO_INCREMENT, AUTO_INCREMENT=393;
--
-- AUTO_INCREMENT for table `tbl_users`
--
ALTER TABLE `tbl_users`
  MODIFY `id` int(3) NOT NULL AUTO_INCREMENT, AUTO_INCREMENT=492;
/*!40101 SET CHARACTER_SET_CLIENT=@OLD_CHARACTER_SET_CLIENT */;
/*!40101 SET CHARACTER_SET_RESULTS=@OLD_CHARACTER_SET_RESULTS */;
/*!40101 SET COLLATION_CONNECTION=@OLD_COLLATION_CONNECTION */;
