-- phpMyAdmin SQL Dump
-- version 4.6.6deb5ubuntu0.5
-- https://www.phpmyadmin.net/
--
-- Host: localhost:3306
-- Generation Time: Feb 09, 2022 at 06:51 AM
-- Server version: 5.7.36-0ubuntu0.18.04.1
-- PHP Version: 7.2.24-0ubuntu0.18.04.10

SET SQL_MODE = "NO_AUTO_VALUE_ON_ZERO";
SET time_zone = "+00:00";


/*!40101 SET @OLD_CHARACTER_SET_CLIENT=@@CHARACTER_SET_CLIENT */;
/*!40101 SET @OLD_CHARACTER_SET_RESULTS=@@CHARACTER_SET_RESULTS */;
/*!40101 SET @OLD_COLLATION_CONNECTION=@@COLLATION_CONNECTION */;
/*!40101 SET NAMES utf8mb4 */;

--
-- Database: `coact_ffd_23oct`
--

-- --------------------------------------------------------

--
-- Table structure for table `tbl_countries`
--

CREATE TABLE `tbl_countries` (
  `country` varchar(43) DEFAULT NULL,
  `cntry_code` varchar(5) DEFAULT NULL
) ENGINE=MyISAM DEFAULT CHARSET=utf8;

--
-- Dumping data for table `tbl_countries`
--

INSERT INTO `tbl_countries` (`country`, `cntry_code`) VALUES
('Afghanistan', '93'),
('Albania', '355'),
('Algeria', '213'),
('American Samoa', '1-684'),
('Andorra', '376'),
('Angola', '244'),
('Anguilla', '1-264'),
('Antarctica', '672'),
('Antigua', '1-268'),
('Argentina', '54'),
('Armenia', '374'),
('Aruba', '297'),
('Ascension', '247'),
('Australia', '61'),
('Australian External Territories', '672'),
('Austria', '43'),
('Azerbaijan', '994'),
('Bahamas', '1-242'),
('Bahrain', '973'),
('Bangladesh', '880'),
('Barbados', '1-246'),
('Barbuda', '1-268'),
('Belarus', '375'),
('Belgium', '32'),
('Belize', '501'),
('Benin', '229'),
('Bermuda', '1-441'),
('Bhutan', '975'),
('Bolivia', '591'),
('Bosnia & Herzegovina', '387'),
('Botswana', '267'),
('Brazil', '55'),
('British Virgin Islands', '1-284'),
('Brunei Darussalam', '673'),
('Bulgaria', '359'),
('Burkina Faso', '226'),
('Burundi', '257'),
('Cambodia', '855'),
('Cameroon', '237'),
('Canada', '1'),
('Cape Verde Islands', '238'),
('Cayman Islands', '1-345'),
('Central African Republic', '236'),
('Chad', '235'),
('Chatham Island (New Zealand)', '64'),
('Chile', '56'),
('China (PRC)', '86'),
('Christmas Island', '61-8'),
('', ''),
('Cocos-Keeling Islands', '61'),
('Colombia', '57'),
('Comoros', '269'),
('Congo', '242'),
('Congo, Dem. Rep. of?', '243'),
('Cook Islands', '682'),
('Costa Rica', '506'),
('C?te d\'Ivoire', '225'),
('Croatia', '385'),
('Cuba', '53'),
('Cuba', '5399'),
('Cura?ao', '599'),
('Cyprus', '357'),
('Czech Republic', '420'),
('Denmark', '45'),
('Diego Garcia', '246'),
('Djibouti', '253'),
('Dominica', '1-767'),
('Dominican Republic', '1-809'),
('East Timor', '670'),
('Easter Island', '56'),
('Ecuador', '593'),
('Egypt', '20'),
('El Salvador', '503'),
('Equatorial Guinea', '240'),
('Eritrea', '291'),
('Estonia', '372'),
('Ethiopia', '251'),
('Falkland Islands', '500'),
('Faroe Islands', '298'),
('Fiji Islands', '679'),
('Finland', '358'),
('France', '33'),
('French Antilles', '596'),
('French Guiana', '594'),
('French Polynesia', '689'),
('Gabonese Republic', '241'),
('Gambia', '220'),
('Georgia', '995'),
('Germany', '49'),
('Ghana', '233'),
('Gibraltar', '350'),
('Greece', '30'),
('Greenland', '299'),
('Grenada', '1-473'),
('Guadeloupe', '590'),
('Guam', '1-671'),
('Guantanamo Bay', '5399'),
('Guatemala', '502'),
('Guinea-Bissau', '245'),
('Guinea', '224'),
('Guyana', '592'),
('Haiti', '509'),
('Honduras', '504'),
('Hong Kong', '852'),
('Hungary', '36'),
('Iceland', '354'),
('India', '91'),
('Indonesia', '62'),
('Inmarsat (Atlantic Ocean - East)', '871'),
('Inmarsat (Atlantic Ocean - West)', '874'),
('Inmarsat (Indian Ocean)', '873'),
('Inmarsat (Pacific Ocean)', '872'),
('International Freephone Service', '800'),
('International Shared Cost Service (ISCS)', '808'),
('Iran', '98'),
('Iraq', '964'),
('Ireland', '353'),
('Iridium', '8816'),
('Israel', '972'),
('Italy', '39'),
('Jamaica', '1-876'),
('Japan', '81'),
('Jordan', '962'),
('Kazakhstan', '7'),
('Kenya', '254'),
('Kiribati', '686'),
('Korea (North)', '850'),
('Korea (South)', '82'),
('Kuwait', '965'),
('Kyrgyz Republic', '996'),
('Laos', '856'),
('Latvia', '371'),
('Lebanon', '961'),
('Lesotho', '266'),
('Liberia', '231'),
('Libya', '218'),
('Liechtenstein', '423'),
('Lithuania', '370'),
('Luxembourg', '352'),
('Macao', '853'),
('Macedonia', '389'),
('Madagascar', '261'),
('Malawi', '265'),
('Malaysia', '60'),
('Maldives', '960'),
('Mali Republic', '223'),
('Malta', '356'),
('Marshall Islands', '692'),
('Martinique', '596'),
('Mauritania', '222'),
('Mauritius', '230'),
('Mayotte Island', '269'),
('Mexico', '52'),
('Micronesia, (Federal States of)', '691'),
('Midway Island', '1-808'),
('Moldova', '373'),
('Monaco', '377'),
('Mongolia', '976'),
('Montenegro', '382'),
('Montserrat', '1-664'),
('Morocco', '212'),
('Mozambique', '258'),
('Myanmar', '95'),
('Namibia', '264'),
('Nauru', '674'),
('Nepal', '977'),
('Netherlands', '31'),
('Netherlands Antilles', '599'),
('Nevis', '1-869'),
('New Caledonia', '687'),
('New Zealand', '64'),
('Nicaragua', '505'),
('Niger', '227'),
('Nigeria', '234'),
('Niue', '683'),
('Norfolk Island', '672'),
('Northern Marianas Islands', '1-670'),
('', ''),
('Norway', '47'),
('Oman', '968'),
('Pakistan', '92'),
('Palau', '680'),
('Palestinian Settlements', '970'),
('Panama', '507'),
('Papua New Guinea', '675'),
('Paraguay', '595'),
('Peru', '51'),
('Philippines', '63'),
('Poland', '48'),
('Portugal', '351'),
('Puerto Rico', '1-787'),
('Qatar', '974'),
('R?union Island', '262'),
('Romania', '40'),
('Russia', '7'),
('Rwandese Republic', '250'),
('St. Helena', '290'),
('St. Kitts/Nevis', '1-869'),
('St. Lucia', '-757'),
('St. Pierre & Miquelon', '508'),
('St. Vincent & Grenadines', '1-784'),
('Samoa', '685'),
('San Marino', '378'),
('S?o Tom? and Principe', '239'),
('Saudi Arabia', '966'),
('Senegal', '221'),
('Serbia', '381'),
('Seychelles Republic', '248'),
('Sierra Leone', '232'),
('Singapore', '65'),
('Slovak Republic', '421'),
('Slovenia', '386'),
('Solomon Islands', '677'),
('Somali Democratic Republic', '252'),
('South Africa', '27'),
('Spain', '34'),
('Sri Lanka', '94'),
('Sudan', '249'),
('Suriname', '597'),
('Swaziland', '268'),
('Sweden', '46'),
('Switzerland', '41'),
('Syria', '963'),
('Taiwan', '886'),
('Tajikistan', '992'),
('Tanzania', '255'),
('Thailand', '66'),
('Thuraya (Mobile Satellite service)', '88216'),
('Timor Leste', '670'),
('Togolese Republic', '228'),
('Tokelau', '690'),
('Tonga Islands', '676'),
('Trinidad & Tobago', '1-868'),
('Tunisia', '216'),
('Turkey', '90'),
('Turkmenistan', '993'),
('Turks and Caicos Islands', '1-649'),
('Tuvalu', '688'),
('Uganda', '256'),
('Ukraine', '380'),
('United Arab Emirates', '971'),
('United Kingdom', '44'),
('United States of America', '1'),
('US Virgin Islands', '1-340'),
('Universal Personal Telecommunications (UPT)', '878'),
('Uruguay', '598'),
('Uzbekistan', '998'),
('Vanuatu', '678'),
('Vatican City', '39'),
('Venezuela', '58'),
('Vietnam', '84'),
('Wake Island', '808');

-- --------------------------------------------------------

--
-- Table structure for table `tbl_questions`
--

CREATE TABLE `tbl_questions` (
  `id` int(11) NOT NULL,
  `user_batch` varchar(10) NOT NULL,
  `user_name` varchar(255) NOT NULL,
  `user_phone` varchar(15) NOT NULL,
  `user_question` varchar(500) NOT NULL,
  `asked_at` datetime NOT NULL,
  `user_code` varchar(10) NOT NULL,
  `speaker` int(11) NOT NULL DEFAULT '0',
  `answered` int(11) NOT NULL DEFAULT '0',
  `eventname` varchar(50) NOT NULL,
  `responded` int(11) DEFAULT '0',
  `doctor` int(11) DEFAULT '0',
  `diet` int(11) DEFAULT '0',
  `exercise` int(11) DEFAULT '0',
  `mentor` int(11) DEFAULT '0',
  `operations` int(11) DEFAULT '0',
  `InnerTransformation` int(11) DEFAULT '0',
  `Sales` int(11) DEFAULT '0',
  `Program` int(11) DEFAULT '0',
  `remark` varchar(250) DEFAULT NULL
) ENGINE=MyISAM DEFAULT CHARSET=latin1;

--
-- Dumping data for table `tbl_questions`
--

INSERT INTO `tbl_questions` (`id`, `user_batch`, `user_name`, `user_phone`, `user_question`, `asked_at`, `user_code`, `speaker`, `answered`, `eventname`, `responded`, `doctor`, `diet`, `exercise`, `mentor`, `operations`, `InnerTransformation`, `Sales`, `Program`, `remark`) VALUES
(1, 'batch64', 'Vibhav ', '7057548898', 'Hii ', '2021-10-05 11:29:45', '', 0, 0, 'ffdirp211120', 0, 0, 0, 0, 0, 0, 0, 0, 0, NULL),
(2, 'batch64', 'Vibhav ', '7057548898', 'Hello', '2021-10-05 11:29:56', '', 0, 0, 'ffdirp211120', 0, 0, 0, 0, 0, 0, 0, 0, 0, NULL),
(3, 'batch64', 'Vinita Arun', '9986756236', 'What can we do it need an extended support for 3/6 months? What will be the fees?', '2021-10-18 20:58:05', '', 0, 0, 'ffdirp211120', 0, 0, 0, 0, 0, 0, 0, 0, 0, NULL),
(4, 'batch64', 'Kashinathbaitha ', '8340754208', 'Sugar increase aftermeal', '2021-10-19 07:25:00', '91', 0, 0, 'ffdirp211120', 0, 0, 0, 0, 0, 0, 0, 0, 0, NULL),
(5, 'batch64', 'Kashinathbaitha ', '8340754208', 'Weakness ', '2021-10-19 07:25:39', '91', 0, 0, 'ffdirp211120', 0, 0, 0, 0, 0, 0, 0, 0, 0, NULL),
(6, 'batch64', 'T V SUBRAMANIYAN', '9560840920', 'I\'m on medication for Thyroid and Vitamin D prescribed and monitored by FFD. How do I ensure continuation post FFD? Do I need to switch to a local doctor? \r\n', '2021-10-19 11:24:48', '', 0, 0, 'ffdirp211120', 1, 0, 0, 0, 0, 0, 0, 0, 0, NULL),
(7, 'batch64', 'Arun Chandra', '09960525780', 'How to continue ffd support further. ', '2021-10-19 20:50:35', '', 0, 0, 'ffdirp211120', 0, 0, 0, 0, 0, 0, 0, 0, 0, NULL),
(8, 'batch64', 'Prremaleela', '411027', 'If I need to consult Dr or dietion or exercise expert what should I do?', '2021-10-20 22:51:19', '', 0, 0, 'ffdirp211120', 1, 0, 0, 0, 0, 0, 0, 0, 0, NULL),
(9, 'batch64', 'Sushma Khapra ', '9920284214', 'I do ten hours exercise in a week \r\n2hours belt, 2hours yoga\'s \r\n2 hours dumbells, 2 hours walk\r\n1.30 hours zumba sir is that enough \r\nFor me', '2021-10-22 16:23:19', '', 0, 0, 'ffdirp211120', 1, 0, 0, 0, 0, 0, 0, 0, 0, NULL),
(10, 'batch64', 'Kashinath baitha', '8340754208', 'After one year then smoodhi taken ', '2021-10-23 08:04:20', '91', 0, 0, 'ffdirp211120', 1, 0, 0, 0, 0, 0, 0, 0, 0, NULL),
(11, 'batch64', 'Mahesh Iyer', '9822982572', 'Good afternoon sir. The initial part of the journey was pretty good however came to halt as I was hit by covid. Post it has been hard to recover. This could nt help me to become fee from diabetes. How is it that I should overcome and become free. How is FFD going to help me and can I get continuous help from FFD since this one year has finished now.. do I have to register again to get benefit of FFD. Kindly let me know and help me. Regards Mahesh Iyer', '2021-10-23 13:02:23', '', 0, 0, 'ffdirp211120', 1, 0, 0, 0, 0, 0, 0, 0, 1, NULL),
(12, 'batch64', 'Lata Khubchandani', '09820028499', 'What next. I am where I was.', '2021-10-23 14:45:49', '91', 0, 0, 'ffdirp211120', 0, 0, 0, 0, 0, 0, 0, 0, 0, NULL),
(13, 'batch64', 'T P Kadkol', '9535263573', 'Hello Dr Pramod , \r\n                   What is your advice to those who though diligently followed FFD protocol still could not become tablet free ??', '2021-10-23 15:40:42', '91', 0, 0, 'ffdirp211120', 1, 0, 0, 0, 0, 0, 0, 0, 0, NULL),
(14, 'batch64', 'T P Kadkol', '9535263573', 'What is your advice who are yet to achieve your promised goals ', '2021-10-23 15:41:14', '91', 0, 0, 'ffdirp211120', 1, 0, 0, 0, 0, 0, 0, 0, 0, NULL),
(15, 'batch64', 'T P Kadkol', '9535263573', 'Positive out look is there , all protocols followed all Medicines followed , why REVERSAL IS STILL ELUDING ', '2021-10-23 15:42:20', '91', 0, 0, 'ffdirp211120', 0, 0, 0, 0, 0, 0, 0, 0, 0, NULL),
(16, 'batch64', 'T P Kadkol', '9535263573', 'Dr Pramod , The Achilles heel in the protocol is the Exercise Expert section . Need more experienced , understanding and empathetic staff . Could you look into this please ?? Had a very bad experience ', '2021-10-23 15:44:16', '91', 0, 0, 'ffdirp211120', 1, 0, 0, 1, 0, 0, 0, 0, 0, NULL),
(17, 'batch64', 'T P Kadkol', '9535263573', 'Could not complete the FFD PROTOCOL OF internal transformation bcoz it was commenced too late could not complete it . Please allow completion !', '2021-10-23 15:45:46', '91', 0, 0, 'ffdirp211120', 0, 0, 0, 0, 0, 0, 0, 0, 0, NULL),
(18, 'batch64', 'Paramjeetkaur Ghai', '8668772504', 'Please  guide me as my insulin  n medicine  are still not stopped. Help us how we should proceed further', '2021-10-23 15:47:14', '91', 0, 0, 'ffdirp211120', 0, 0, 0, 0, 0, 0, 0, 0, 0, NULL),
(19, 'batch64', 'T P Kadkol', '9535263573', 'Though the course is reaching an End , actually IRP 64 commenced from November 4 th 2021. !!!!\r\nSo all facilities should continue till that date . Pl confirm', '2021-10-23 15:47:36', '91', 0, 0, 'ffdirp211120', 0, 0, 0, 0, 0, 0, 0, 0, 0, NULL),
(20, 'batch64', 'Dr Mohan Kumar SL', '09448189250', 'How about managing food intake & mean time the weight also please give your valuable opinion  & also managing tips.', '2021-10-23 15:52:25', '', 0, 0, 'ffdirp211120', 0, 0, 0, 0, 0, 0, 0, 0, 0, NULL),
(21, 'batch64', 'Elangovan kandhappo', '9443904357', 'Smoothie to be taken twice how long', '2021-10-23 15:55:15', '', 0, 0, 'ffdirp211120', 0, 0, 0, 0, 0, 0, 0, 0, 0, NULL),
(22, 'batch64', 'Dr Mohan Kumar SL', '09448189250', 'Dr Malhar gives opinion of proportional spike of BSL after consuming food & without consuming muscles cannot be built.& Please opine about the increase of abdominal girth after consuming anabolic smoothie.', '2021-10-23 15:56:36', '', 0, 0, 'ffdirp211120', 1, 0, 1, 1, 0, 0, 0, 0, 0, NULL),
(23, 'batch64', 'Dulal Sinha', '09864595506', 'Today our last day...so very much upset. how can we keep touch with ffd pliz suggest', '2021-10-23 15:58:13', '', 0, 0, 'ffdirp211120', 1, 0, 0, 0, 0, 0, 0, 0, 0, NULL),
(24, 'batch64', 'Padmabyrappa', '9980537131', 'I am still on tablets. Not reversed. What I need to do? Does continuing same protocol helps? \r\n\r\n', '2021-10-23 15:58:40', '', 0, 0, 'ffdirp211120', 1, 0, 0, 0, 0, 0, 0, 0, 0, NULL),
(25, 'batch64', 'Ramadevi', '9840188840', 'Hi Pramod ji', '2021-10-23 15:59:08', '', 0, 0, 'ffdirp211120', 0, 0, 0, 0, 0, 0, 0, 0, 0, NULL),
(26, 'batch64', 'SURESH KUMAR', '9740077248', 'Thanks a Ton Dr Pramod Sir, For helping me and others out of this Disturbing Diabetic condition, which is getting linked to all the ailments. It is described as silent killer by all including Qualified Doctors. I would like to Thank you profusely in rescuing us from this ailment. Please enable a separate WhatsApp  or Facebook Groups for we pass out of Intensive Reversal Programme members. ', '2021-10-23 16:00:15', '', 0, 0, 'ffdirp211120', 1, 0, 0, 0, 0, 0, 0, 0, 0, NULL),
(27, 'batch64', 'Ravindar', '9618544054', 'Hi sir if bsl or cholesterol or uric acid increases in the future can we start and stop medicines based on this 1 yr learning?\r\nDo we have only medical consultation instead of 3 or 6 months renewal?', '2021-10-23 16:00:39', '', 0, 0, 'ffdirp211120', 1, 0, 0, 0, 0, 0, 0, 0, 0, NULL),
(28, 'batch64', 'Hitendra Badrakiya', '9824310906', 'I do 3- Strength, 2-Yoga & 1- Cycling. Is it necessary to change strength training poses and Yoga aasanas after every 1-2 months or same can be continued?', '2021-10-23 16:00:46', '', 0, 0, 'ffdirp211120', 0, 0, 0, 0, 0, 0, 0, 0, 0, NULL),
(29, 'batch64', 'Baijayantimala Mishra', '9668073250', 'Hello Sir\r\nGot free from diabetic medicine but now uric acid and thyroid level is high which was not before why and also weight is increasing why?I am  following all the things what is recommended by ffd experts.', '2021-10-23 16:00:54', '91', 0, 0, 'ffdirp211120', 1, 0, 0, 0, 0, 0, 0, 0, 0, NULL),
(30, 'batch64', 'Mousumi Ranaut', '0097466872746', 'All fruits can be taken now ? And how many fruits are too many?\r\nWhat about whole wheat ata ?\r\nCan we take? Or still glutren free?', '2021-10-23 16:01:36', '974', 0, 0, 'ffdirp211120', 1, 0, 1, 0, 0, 0, 0, 0, 0, NULL),
(31, 'batch64', 'Malini Lachminarayana', '09739428282', 'What are the precautions to be tahen when I do water fasting? I am still no medication once a day. Do we tahe tablet on those days? ', '2021-10-23 16:02:16', '91', 0, 0, 'ffdirp211120', 1, 0, 0, 0, 0, 0, 0, 0, 0, NULL),
(32, 'batch64', 'Elangovan kandhappo', '9443904357', 'So far I have not undergone GTT test. When I have to go for\r\n', '2021-10-23 16:02:20', '', 0, 0, 'ffdirp211120', 1, 0, 0, 0, 0, 0, 0, 0, 1, NULL),
(33, 'batch64', 'Raghavan R', '9342883545', 'Pranam Dr Pramod, as we progress & march along equipped with all the knowledge FFD has given, my question is, while following diet & exercise protocols, say if we have an infection & BSL goes up, what medication to take, what guidance can we expect ', '2021-10-23 16:02:28', '', 0, 0, 'ffdirp211120', 1, 0, 0, 0, 0, 0, 0, 0, 0, NULL),
(34, 'batch64', 'Hitendra Badrakiya', '9824310906', 'Please share some tips to reduce Uric Acid. Any Do\'s or Don\'ts. ', '2021-10-23 16:02:48', '', 0, 0, 'ffdirp211120', 1, 0, 0, 0, 0, 0, 0, 0, 0, NULL),
(35, 'batch64', 'Madan Ghodake', '7756897222', 'How do we connect to FFD after this closing session in future', '2021-10-23 16:03:06', '', 0, 0, 'ffdirp211120', 1, 0, 0, 0, 0, 0, 0, 0, 0, NULL),
(36, 'batch64', 'Mousumi Ranaut', '0097466872746', 'Can we take 3 5 dates daily or is it harmful?', '2021-10-23 16:03:15', '974', 0, 0, 'ffdirp211120', 0, 0, 0, 0, 0, 0, 0, 0, 0, NULL),
(37, 'batch64', 'T p kadkol', '9535263573', 'Video not ghere ', '2021-10-23 16:04:56', '91', 0, 0, 'ffdirp211120', 0, 0, 0, 0, 0, 0, 0, 0, 0, NULL),
(38, 'batch64', 'G V Rao', '971504238233', 'DR.PRAMODJI..... THANK YUO THANK YOU AND THANK YOU ALL FOR CREATING A NEW LIFE STYLE FOR ME..... BLESS YOU ALL.....  ', '2021-10-23 16:06:38', '971', 0, 0, 'ffdirp211120', 1, 0, 0, 0, 0, 0, 0, 0, 0, NULL),
(39, 'batch64', 'Shivani savara', '9818441529', '\r\nI am proud of my decision to join FFD as a participant there has only been gain both for me and my family members a lifetime gain on Health management ', '2021-10-23 16:08:25', '', 0, 0, 'ffdirp211120', 1, 0, 0, 0, 0, 0, 0, 0, 0, NULL),
(40, 'batch64', 'jasmin kazi', '9028196302', 'my GTT resuit today,F-72,1hr-159,2hr-128How to confirm our reversal?whethr i hv reversed or not?', '2021-10-23 16:08:35', '', 0, 0, 'ffdirp211120', 1, 0, 0, 0, 0, 0, 0, 0, 0, NULL),
(41, 'batch64', 'Jyothi Padiyar', '8476436015', 'How long should the smoothie be continued. And how many times a week should we consume smoothie to be on track.', '2021-10-23 16:09:01', '1', 0, 0, 'ffdirp211120', 1, 0, 0, 0, 0, 0, 0, 0, 0, NULL),
(42, 'batch64', 'Premaleela', '9320722730', 'Still my sugar is not fully under control.ofcourse tab reduced.But when I will enjoy the reversal.how many days it will take?', '2021-10-23 16:09:17', '', 0, 0, 'ffdirp211120', 1, 0, 0, 0, 0, 0, 0, 0, 0, NULL),
(43, 'batch64', 'nagendra sharma', '8105935216', 'Dear Doctor, Good afternoon. When i started ffd protocols my weight was 85kg and height 167cm, bmi 30.5. within two months all the medicines are stopped. In third week of august i could achive drop in 5 points of bmi(70kg).Then i started muscle building diet and  excersise , going to gym, doing workout for 1.5 hrs. But my weight is increasing. Nowo 78.3kg and bmi 28.08. Is it OK ? I need your guidance.', '2021-10-23 16:09:34', '91', 0, 0, 'ffdirp211120', 1, 0, 1, 1, 0, 0, 0, 0, 0, NULL),
(44, 'batch64', 'Vinod Kumar Srivastava', '9137939471', 'Age 65,  BMI 20, on renal diet due to Creatine 1.12-1.15 range, In last month today it came down to 0.87. Till now on a renal diet. I am not gaining weight. Still on medication Diamicron 0-1-0, Aloja 25 0-1-0, and Metformin 0-0.5-0. What is my future?', '2021-10-23 16:13:54', '91', 0, 0, 'ffdirp211120', 1, 0, 1, 0, 0, 0, 0, 0, 0, NULL),
(45, 'batch64', 'Sadhana hegde', '9819161356', 'Can meditation be done lying down. ', '2021-10-23 16:16:07', '', 0, 0, 'ffdirp211120', 1, 0, 0, 0, 0, 0, 0, 0, 0, NULL),
(46, 'batch64', 'mahalakshmi mahadevan', '8861303243', 'A full year gone by. Few things are moving down like weight n size, have become vegan and eating habits making choices which are supportive to the body, regular workouts and enjoying weekend cycling and hikes. Thank you. ', '2021-10-23 16:17:40', '', 0, 0, 'ffdirp211120', 1, 0, 0, 0, 0, 0, 0, 0, 0, NULL),
(47, 'batch64', 'Sudha', '9845493304', 'Having completed 1 year as part of 64 batch, we need ongoing support of the app to only post our daily vital reading and doctors support. Can we get a discounted package rate only for these two. Other access can be disabled. Thank u . Sudha', '2021-10-23 16:18:07', '', 0, 0, 'ffdirp211120', 1, 0, 0, 0, 0, 0, 0, 0, 0, NULL),
(48, 'batch64', 'Kashinath Kolkur', '972100835', 'What time it will take to be free from reclide 300', '2021-10-23 16:19:04', '91', 0, 0, 'ffdirp211120', 1, 0, 0, 0, 0, 0, 0, 0, 0, NULL),
(49, 'batch64', 'Vatsala Narayanan', '9980567510', 'i am free from insulin but yet to be free from medicine,how long should i extend?', '2021-10-23 16:19:47', '', 0, 0, 'ffdirp211120', 1, 0, 0, 0, 0, 0, 0, 0, 0, NULL),
(50, 'batch64', 'Laxmi Narayan', '9833807133', 'I am still on medication. Any further advice for me?', '2021-10-23 16:20:32', '', 0, 0, 'ffdirp211120', 1, 0, 0, 0, 0, 0, 0, 0, 0, NULL),
(51, 'batch64', 'Rathna Srinivas', '9980077881', 'Hello Dr. Pramod\r\nThanks to FFD team & your self for all the benefits that I have reaped from the program. \r\nWould like to mention though that i lost around 22 kgs weight from 89.6Kg at the start of the program to 77.2kgs until I started the muscle building diet some weeks back :-) \r\nA big Thank You', '2021-10-23 16:21:47', '', 0, 0, 'ffdirp211120', 1, 0, 0, 0, 0, 0, 0, 0, 0, NULL),
(52, 'batch64', 'Lata', '09820028499', 'Were we to do our tests before this meeting? I wasn\'t told.', '2021-10-23 16:22:17', '91', 0, 0, 'ffdirp211120', 1, 0, 0, 0, 0, 0, 0, 0, 0, NULL),
(53, 'batch64', 'Vatsala Narayanan', '9980567510', 'how long will i have to do NOD as i am still on medication\r\n', '2021-10-23 16:22:41', '', 0, 0, 'ffdirp211120', 1, 0, 0, 0, 0, 0, 0, 0, 0, NULL),
(54, 'batch64', 'Shivani savara', '9818441529', 'Can do 108 suryanamaskar in 45 to 50 minutes ', '2021-10-23 16:22:43', '', 0, 0, 'ffdirp211120', 1, 0, 0, 0, 0, 0, 0, 0, 0, NULL),
(55, 'batch64', 'SHASHIDHARAN GR', '9945026094', 'Hi, after 1 year of Ffd my medications are back to prevent Ffd stage. The program has not helped me much . What next?', '2021-10-23 16:23:16', '', 0, 0, 'ffdirp211120', 1, 1, 1, 1, 0, 0, 0, 0, 1, 'joint call'),
(56, 'batch64', 'Jehovah', '9443354360', 'When I joined FFD program  My HBA1C was 16.5 later in next 3 months  my HBAIC came down to  5.9 \r\n\r\nNow my  HBA1C Is 6.2   \r\n\r\nCompeted   GTT ab test     after  2 hours   my sugars are 80.5  after taking 75 grams of gulcose \r\n\r\nThank you  Dr. My FFD team who made me to reach this milestone    ', '2021-10-23 16:24:58', '91', 0, 0, 'ffdirp211120', 1, 0, 0, 0, 0, 0, 0, 0, 0, NULL),
(57, 'batch64', 'Chandrasekaran  S', '9443567637', 'please tell us how to follow FFD after this 1 year', '2021-10-23 16:25:53', '', 0, 0, 'ffdirp211120', 0, 0, 0, 0, 0, 0, 0, 0, 0, NULL),
(58, 'batch64', 'Prasad Hardikar', '9820970902', 'Dear Doctor,\r\n\r\nI learnt that I need not eat every 2 years.\r\n', '2021-10-23 16:27:34', '', 0, 0, 'ffdirp211120', 1, 0, 0, 0, 0, 0, 0, 0, 0, NULL),
(59, 'batch64', 'VIJAI VERMA', '9036958130', 'Wait loss, feeling energetic , stamina\r\n', '2021-10-23 16:27:40', '91', 0, 0, 'ffdirp211120', 1, 0, 0, 0, 0, 0, 0, 0, 0, NULL),
(60, 'batch64', 'Prasad Hardikar', '9820970902', 'After phase 1 and 2 I learnt that it is not mandatory to eat every two years.\r\n', '2021-10-23 16:27:59', '', 0, 0, 'ffdirp211120', 0, 0, 0, 0, 0, 0, 0, 0, 0, NULL),
(61, 'batch64', 'Prasad Hardikar', '9820970902', 'Yes. Whatever little I am doing, I am enjoying the exercise\r\n', '2021-10-23 16:29:03', '', 0, 0, 'ffdirp211120', 0, 0, 0, 0, 0, 0, 0, 0, 0, NULL),
(62, 'batch64', 'Ashesh Kumar  Roy', '09434385417', 'Phase1,2,3 Weight loss, strength gain, anxiety control, knowledge of foods ', '2021-10-23 16:29:25', '91', 0, 0, 'ffdirp211120', 1, 0, 0, 0, 0, 0, 0, 0, 0, NULL),
(63, 'batch64', 'Minal Vaibhav Awinashe ', '0566044964', 'I started understanding my hunger.\r\nI started respecting my body.\r\nI am enjoying fasting otherwise it was a compulsive ', '2021-10-23 16:29:38', '966', 0, 0, 'ffdirp211120', 1, 0, 0, 0, 0, 0, 0, 0, 0, NULL),
(64, 'batch64', 'rajeev jain', '9450300760', 'my insulin had stopped but i started insulin after covid positive. cud not excersise so weight increased. what to do\r\n', '2021-10-23 16:29:40', '91', 0, 0, 'ffdirp211120', 1, 0, 1, 0, 0, 0, 0, 0, 0, NULL),
(65, 'batch64', 'Rathna Srinivas', '9980077881', 'My experience - phase 1 - doubtful optimism \r\nphase2 - full optimism & belief that i will acheive my health goals\r\nphase 3 - with inner transformation - took me 3 more months - to feel FREE\r\nPhase 4 - I can I will I am  :-) - thats the state now ', '2021-10-23 16:30:24', '', 0, 0, 'ffdirp211120', 1, 0, 0, 0, 0, 0, 0, 0, 0, NULL),
(66, 'batch64', 'sangeeta vamburkar', '7327638714', 'I am off medications but still need help with muscle building and managing create levels and planning on 1 year program again. Can I start with my goals in the program and get more benefit out of the program', '2021-10-23 16:30:46', '1', 0, 0, 'ffdirp211120', 1, 0, 0, 1, 0, 0, 0, 0, 0, NULL),
(67, 'batch64', 'Shuchita', '9654741040', 'Doctor, my HbA1C  is 5.8 after phase 2, covid but last report of October 21 my eGFR also fell to 75. I m on neurosafe now and after losing 14 kgs I m gaining weight now. Now what do I do?', '2021-10-23 16:31:06', '', 0, 0, 'ffdirp211120', 1, 1, 0, 0, 0, 0, 0, 0, 0, NULL),
(68, 'batch64', 'Ramadevi', '9840188840', 'Overall enjoyed the whole program .Enjoyed fasting cycling strength training and ur sessions .Recipes bundle was very intersting', '2021-10-23 16:31:19', '', 0, 0, 'ffdirp211120', 1, 0, 0, 0, 0, 0, 0, 0, 0, NULL),
(69, 'batch64', 'VIJAI VERMA', '9036958130', 'Can I start milk and milk products\r\n', '2021-10-23 16:31:19', '91', 0, 0, 'ffdirp211120', 1, 0, 0, 0, 0, 0, 0, 0, 0, NULL),
(70, 'batch64', 'Madan Ghodake', '7756897222', 'Can we use FFD app to monitor our daily health?', '2021-10-23 16:31:19', '', 0, 0, 'ffdirp211120', 1, 0, 0, 0, 0, 0, 0, 0, 0, NULL),
(71, 'batch64', 'jasmin kazi', '9028196302', 'got the confidence of long fasting.doing 360 squats in 1 hr.', '2021-10-23 16:31:23', '', 0, 0, 'ffdirp211120', 1, 0, 0, 0, 0, 0, 0, 0, 0, NULL),
(72, 'batch64', 'Prasad Hardikar', '9820970902', '3214\r\n', '2021-10-23 16:31:39', '', 0, 0, 'ffdirp211120', 0, 0, 0, 0, 0, 0, 0, 0, 0, NULL),
(73, 'batch64', 'Hitendra Badrakiya', '9824310906', '3 2 1 4 ', '2021-10-23 16:31:40', '', 0, 0, 'ffdirp211120', 0, 0, 0, 0, 0, 0, 0, 0, 0, NULL),
(74, 'batch64', 'Ajay Agarwal', '9993033045', '3214', '2021-10-23 16:31:42', '', 0, 0, 'ffdirp211120', 0, 0, 0, 0, 0, 0, 0, 0, 0, NULL),
(75, 'batch64', 'Amit jain', '9971717940', '3214', '2021-10-23 16:31:42', '91', 0, 0, 'ffdirp211120', 0, 0, 0, 0, 0, 0, 0, 0, 0, NULL),
(76, 'batch64', 'G V Rao', '971504238233', '3 2 1 4\r\n', '2021-10-23 16:31:44', '971', 0, 0, 'ffdirp211120', 0, 0, 0, 0, 0, 0, 0, 0, 0, NULL),
(77, 'batch64', 'Ashesh Kumar  Roy', '09434385417', '3214', '2021-10-23 16:31:44', '91', 0, 0, 'ffdirp211120', 0, 0, 0, 0, 0, 0, 0, 0, 0, NULL),
(78, 'batch64', 'Rathna Srinivas', '9980077881', '3, 2, 1 , 4\r\n', '2021-10-23 16:31:44', '', 0, 0, 'ffdirp211120', 0, 0, 0, 0, 0, 0, 0, 0, 0, NULL),
(79, 'batch64', 'Srikantha', '9980005033', '3, 2, 1, 4', '2021-10-23 16:31:44', '', 0, 0, 'ffdirp211120', 0, 0, 0, 0, 0, 0, 0, 0, 0, NULL),
(80, 'batch64', 'Satheesh Babu Kanala', '08886115680', '2314', '2021-10-23 16:31:46', '91', 0, 0, 'ffdirp211120', 0, 0, 0, 0, 0, 0, 0, 0, 0, NULL),
(81, 'batch64', 'Shivani savara', '9818441529', '2314', '2021-10-23 16:31:49', '', 0, 0, 'ffdirp211120', 0, 0, 0, 0, 0, 0, 0, 0, 0, NULL),
(82, 'batch64', 'Raghavendra K', '9109448338150', '3214', '2021-10-23 16:31:49', '', 0, 0, 'ffdirp211120', 0, 0, 0, 0, 0, 0, 0, 0, 0, NULL),
(83, 'batch64', 'Nitin ', '9619582007', '3 2 1 4', '2021-10-23 16:31:50', '91', 0, 0, 'ffdirp211120', 0, 0, 0, 0, 0, 0, 0, 0, 0, NULL),
(84, 'batch64', 'Tushar Zope', '9909953473', '3,2,4,1\r\n', '2021-10-23 16:31:52', '91', 0, 0, 'ffdirp211120', 0, 0, 0, 0, 0, 0, 0, 0, 0, NULL),
(85, 'batch64', 'JP', '2245587015', '3,2,1,4', '2021-10-23 16:31:52', '1', 0, 0, 'ffdirp211120', 0, 0, 0, 0, 0, 0, 0, 0, 0, NULL),
(86, 'batch64', 'Prasad Hardikar', '9820970902', '3214', '2021-10-23 16:31:53', '', 0, 0, 'ffdirp211120', 0, 0, 0, 0, 0, 0, 0, 0, 0, NULL),
(87, 'batch64', 'mahalakshmi mahadevan', '8861303243', '3214\r\n', '2021-10-23 16:31:53', '', 0, 0, 'ffdirp211120', 0, 0, 0, 0, 0, 0, 0, 0, 0, NULL),
(88, 'batch64', 'Anita Singh ', '8191087116', '3214', '2021-10-23 16:31:55', '', 0, 0, 'ffdirp211120', 0, 0, 0, 0, 0, 0, 0, 0, 0, NULL),
(89, 'batch64', 'Ramadevi', '9840188840', '3 2 1 4', '2021-10-23 16:31:57', '', 0, 0, 'ffdirp211120', 0, 0, 0, 0, 0, 0, 0, 0, 0, NULL),
(90, 'batch64', 'Krishna Devi', '09348822323', '2314', '2021-10-23 16:31:57', '', 0, 0, 'ffdirp211120', 0, 0, 0, 0, 0, 0, 0, 0, 0, NULL),
(91, 'batch64', 'Shivani savara', '9818441529', '3214', '2021-10-23 16:32:03', '', 0, 0, 'ffdirp211120', 0, 0, 0, 0, 0, 0, 0, 0, 0, NULL),
(92, 'batch64', 'jasmin kazi', '9028196302', '3214', '2021-10-23 16:32:05', '', 0, 0, 'ffdirp211120', 0, 0, 0, 0, 0, 0, 0, 0, 0, NULL),
(93, 'batch64', 'Satheesh Babu Kanala', '08886115680', '3214', '2021-10-23 16:32:06', '91', 0, 0, 'ffdirp211120', 0, 0, 0, 0, 0, 0, 0, 0, 0, NULL),
(94, 'batch64', 'VIJAI VERMA', '9036958130', '3214\r\n', '2021-10-23 16:32:06', '91', 0, 0, 'ffdirp211120', 0, 0, 0, 0, 0, 0, 0, 0, 0, NULL),
(95, 'batch64', 'Sunder Annamraju', '7841151275', '3214', '2021-10-23 16:32:08', '44', 0, 0, 'ffdirp211120', 0, 0, 0, 0, 0, 0, 0, 0, 0, NULL),
(96, 'batch64', 'Kalpana Solsi', '9892957799', '3 2 1 4', '2021-10-23 16:32:08', '91', 0, 0, 'ffdirp211120', 0, 0, 0, 0, 0, 0, 0, 0, 0, NULL),
(97, 'batch64', 'Srinivas C Dhulipala', '7033714450', '3214\r\n', '2021-10-23 16:32:08', '1', 0, 0, 'ffdirp211120', 0, 0, 0, 0, 0, 0, 0, 0, 0, NULL),
(98, 'batch64', 'R MAHESWRAN', '9894070752', '3 2 1 4', '2021-10-23 16:32:09', '', 0, 0, 'ffdirp211120', 0, 0, 0, 0, 0, 0, 0, 0, 0, NULL),
(99, 'batch64', 'Renu Singh', '9810233848', '3,2,1,4', '2021-10-23 16:32:10', '', 0, 0, 'ffdirp211120', 0, 0, 0, 0, 0, 0, 0, 0, 0, NULL),
(100, 'batch64', 'L.B. Mahale', '9869184356', '3214', '2021-10-23 16:32:11', '91', 0, 0, 'ffdirp211120', 0, 0, 0, 0, 0, 0, 0, 0, 0, NULL),
(101, 'batch64', 'Vatsala Narayanan', '9980567510', '3214\r\n', '2021-10-23 16:32:16', '', 0, 0, 'ffdirp211120', 0, 0, 0, 0, 0, 0, 0, 0, 0, NULL),
(102, 'batch64', 'Gira', '9428300956', '3214', '2021-10-23 16:32:16', '91', 0, 0, 'ffdirp211120', 0, 0, 0, 0, 0, 0, 0, 0, 0, NULL),
(103, 'batch64', 'Ravichandra Chada', '8125922619', '3214', '2021-10-23 16:32:17', '', 0, 0, 'ffdirp211120', 0, 0, 0, 0, 0, 0, 0, 0, 0, NULL),
(104, 'batch64', 'Suja Thomas', '9980988477', '2314', '2021-10-23 16:32:18', '91', 0, 0, 'ffdirp211120', 0, 0, 0, 0, 0, 0, 0, 0, 0, NULL),
(105, 'batch64', 'Rathna Srinivas', '9980077881', '3, 2, 4 , 1\r\n', '2021-10-23 16:32:18', '', 0, 0, 'ffdirp211120', 0, 0, 0, 0, 0, 0, 0, 0, 0, NULL),
(106, 'batch64', 'Chandrasekaran  S', '9443567637', '2 3,1,4', '2021-10-23 16:32:18', '', 0, 0, 'ffdirp211120', 0, 0, 0, 0, 0, 0, 0, 0, 0, NULL),
(107, 'batch64', 'Krishna Devi', '09348822323', '2314', '2021-10-23 16:32:19', '', 0, 0, 'ffdirp211120', 0, 0, 0, 0, 0, 0, 0, 0, 0, NULL),
(108, 'batch64', 'Ramanand K S', '09845450447', '3214', '2021-10-23 16:32:21', '91', 0, 0, 'ffdirp211120', 0, 0, 0, 0, 0, 0, 0, 0, 0, NULL),
(109, 'batch64', 'Mamatha D V', '08951401632', '3214', '2021-10-23 16:32:22', '', 0, 0, 'ffdirp211120', 0, 0, 0, 0, 0, 0, 0, 0, 0, NULL),
(110, 'batch64', 'Ashesh Kumar  Roy', '09434385417', '3214', '2021-10-23 16:32:22', '91', 0, 0, 'ffdirp211120', 0, 0, 0, 0, 0, 0, 0, 0, 0, NULL),
(111, 'batch64', 'Dr Mohan Kumar SL', '09448189250', '3214', '2021-10-23 16:32:31', '', 0, 0, 'ffdirp211120', 0, 0, 0, 0, 0, 0, 0, 0, 0, NULL),
(112, 'batch64', 'Shuchita', '9654741040', '3 2 1 4', '2021-10-23 16:32:42', '', 0, 0, 'ffdirp211120', 0, 0, 0, 0, 0, 0, 0, 0, 0, NULL),
(113, 'batch64', 'Raghavan R', '9342883545', '3214', '2021-10-23 16:32:43', '', 0, 0, 'ffdirp211120', 0, 0, 0, 0, 0, 0, 0, 0, 0, NULL),
(114, 'batch64', 'Narendra Reddy', '9440133121', '3214', '2021-10-23 16:33:12', '91', 0, 0, 'ffdirp211120', 0, 0, 0, 0, 0, 0, 0, 0, 0, NULL),
(115, 'batch64', 'Amit jain', '9971717940', 'Today done 50 km cycling dedicated to FFD team', '2021-10-23 16:33:21', '91', 0, 0, 'ffdirp211120', 0, 0, 0, 0, 0, 0, 0, 0, 0, NULL),
(116, 'batch64', 'Srikantha', '9980005033', '3 1 4 2', '2021-10-23 16:33:25', '', 0, 0, 'ffdirp211120', 0, 0, 0, 0, 0, 0, 0, 0, 0, NULL),
(117, 'batch64', 'Hitendra Badrakiya', '9824310906', '3 1 4 2', '2021-10-23 16:33:25', '', 0, 0, 'ffdirp211120', 0, 0, 0, 0, 0, 0, 0, 0, 0, NULL),
(118, 'batch64', 'Prasad Hardikar', '9820970902', '3142', '2021-10-23 16:33:27', '', 0, 0, 'ffdirp211120', 0, 0, 0, 0, 0, 0, 0, 0, 0, NULL),
(119, 'batch64', 'Anita Singh ', '8191087116', '108 Suryanamaskar 15 times. Started with 52 min and ended with 34min', '2021-10-23 16:33:29', '', 0, 0, 'ffdirp211120', 0, 0, 0, 0, 0, 0, 0, 0, 0, NULL),
(120, 'batch64', 'Sunder Annamraju', '7841151275', '3124', '2021-10-23 16:33:31', '44', 0, 0, 'ffdirp211120', 0, 0, 0, 0, 0, 0, 0, 0, 0, NULL),
(121, 'batch64', 'Madan Ghodake', '7756897222', '3124', '2021-10-23 16:33:32', '', 0, 0, 'ffdirp211120', 0, 0, 0, 0, 0, 0, 0, 0, 0, NULL),
(122, 'batch64', 'Rathna Srinivas', '9980077881', '3, 1, 2 4', '2021-10-23 16:33:32', '', 0, 0, 'ffdirp211120', 0, 0, 0, 0, 0, 0, 0, 0, 0, NULL),
(123, 'batch64', 'Suja Thomas', '9980988477', '1342', '2021-10-23 16:33:32', '91', 0, 0, 'ffdirp211120', 0, 0, 0, 0, 0, 0, 0, 0, 0, NULL),
(124, 'batch64', 'Ramadevi', '9840188840', '1324', '2021-10-23 16:33:32', '', 0, 0, 'ffdirp211120', 0, 0, 0, 0, 0, 0, 0, 0, 0, NULL),
(125, 'batch64', 'Srinivas C Dhulipala', '7033714450', '3142\r\n', '2021-10-23 16:33:32', '1', 0, 0, 'ffdirp211120', 0, 0, 0, 0, 0, 0, 0, 0, 0, NULL),
(126, 'batch64', 'Ajay Agarwal', '9993033045', '3124', '2021-10-23 16:33:34', '', 0, 0, 'ffdirp211120', 0, 0, 0, 0, 0, 0, 0, 0, 0, NULL),
(127, 'batch64', 'Amit jain', '9971717940', '1342', '2021-10-23 16:33:37', '91', 0, 0, 'ffdirp211120', 0, 0, 0, 0, 0, 0, 0, 0, 0, NULL),
(128, 'batch64', 'T p kadkol', '9535263573', '3214', '2021-10-23 16:33:38', '91', 0, 0, 'ffdirp211120', 0, 0, 0, 0, 0, 0, 0, 0, 0, NULL),
(129, 'batch64', 'Satheesh Babu Kanala', '08886115680', '3142', '2021-10-23 16:33:39', '91', 0, 0, 'ffdirp211120', 0, 0, 0, 0, 0, 0, 0, 0, 0, NULL),
(130, 'batch64', 'Ashesh Kumar  Roy', '09434385417', '3142', '2021-10-23 16:33:40', '91', 0, 0, 'ffdirp211120', 0, 0, 0, 0, 0, 0, 0, 0, 0, NULL),
(131, 'batch64', 'Ramanand K S', '09845450447', '3142', '2021-10-23 16:33:41', '91', 0, 0, 'ffdirp211120', 0, 0, 0, 0, 0, 0, 0, 0, 0, NULL),
(132, 'batch64', 'Tushar Zope', '9909953473', '3142\r\n', '2021-10-23 16:33:41', '91', 0, 0, 'ffdirp211120', 0, 0, 0, 0, 0, 0, 0, 0, 0, NULL),
(133, 'batch64', 'JP', '2245587015', '2: 3,1,4,1', '2021-10-23 16:33:43', '1', 0, 0, 'ffdirp211120', 0, 0, 0, 0, 0, 0, 0, 0, 0, NULL),
(134, 'batch64', 'Minal Vaibhav Awinashe ', '0566044964', '3214', '2021-10-23 16:33:45', '966', 0, 0, 'ffdirp211120', 0, 0, 0, 0, 0, 0, 0, 0, 0, NULL),
(135, 'batch64', 'mahalakshmi mahadevan', '8861303243', 'q2 \r\n3142', '2021-10-23 16:33:46', '', 0, 0, 'ffdirp211120', 0, 0, 0, 0, 0, 0, 0, 0, 0, NULL),
(136, 'batch64', 'Ravichandra Chada', '8125922619', '3142', '2021-10-23 16:33:47', '', 0, 0, 'ffdirp211120', 0, 0, 0, 0, 0, 0, 0, 0, 0, NULL),
(137, 'batch64', 'Shylaja Nathan', '9788094789', '3142', '2021-10-23 16:33:47', '1', 0, 0, 'ffdirp211120', 0, 0, 0, 0, 0, 0, 0, 0, 0, NULL),
(138, 'batch64', 'jasmin kazi', '9028196302', '3124', '2021-10-23 16:33:47', '', 0, 0, 'ffdirp211120', 0, 0, 0, 0, 0, 0, 0, 0, 0, NULL),
(139, 'batch64', 'Madan Ghodake', '7756897222', 'Question 2 - 3214', '2021-10-23 16:33:48', '', 0, 0, 'ffdirp211120', 0, 0, 0, 0, 0, 0, 0, 0, 0, NULL),
(140, 'batch64', 'G V Rao', '971504238233', '1 3 4 2', '2021-10-23 16:33:50', '971', 0, 0, 'ffdirp211120', 0, 0, 0, 0, 0, 0, 0, 0, 0, NULL),
(141, 'batch64', 'R MAHESWRAN', '9894070752', '3 1 4 2', '2021-10-23 16:33:50', '', 0, 0, 'ffdirp211120', 0, 0, 0, 0, 0, 0, 0, 0, 0, NULL),
(142, 'batch64', 'rajeev jain', '9450300760', '1342', '2021-10-23 16:33:50', '91', 0, 0, 'ffdirp211120', 0, 0, 0, 0, 0, 0, 0, 0, 0, NULL),
(143, 'batch64', 'Krishna Devi', '09348822323', '3141', '2021-10-23 16:33:51', '', 0, 0, 'ffdirp211120', 0, 0, 0, 0, 0, 0, 0, 0, 0, NULL),
(144, 'batch64', 'Malini Lachminarayana', '09739428282', '3122', '2021-10-23 16:33:51', '91', 0, 0, 'ffdirp211120', 0, 0, 0, 0, 0, 0, 0, 0, 0, NULL),
(145, 'batch64', 'Prasad Hardikar', '9820970902', 'Diet - 3142', '2021-10-23 16:33:51', '', 0, 0, 'ffdirp211120', 0, 0, 0, 0, 0, 0, 0, 0, 0, NULL),
(146, 'batch64', 'Mamatha D V', '08951401632', 'Question 2      3142', '2021-10-23 16:33:52', '', 0, 0, 'ffdirp211120', 0, 0, 0, 0, 0, 0, 0, 0, 0, NULL),
(147, 'batch64', 'Vatsala Narayanan', '9980567510', '2}   3142', '2021-10-23 16:33:52', '', 0, 0, 'ffdirp211120', 0, 0, 0, 0, 0, 0, 0, 0, 0, NULL),
(148, 'batch64', 'VIJAI VERMA', '9036958130', 'Q:2    \r\n3142', '2021-10-23 16:33:52', '91', 0, 0, 'ffdirp211120', 0, 0, 0, 0, 0, 0, 0, 0, 0, NULL),
(149, 'batch64', 'Gangadhar Machani Ramanna', '9848134333', '3124', '2021-10-23 16:33:52', '91', 0, 0, 'ffdirp211120', 0, 0, 0, 0, 0, 0, 0, 0, 0, NULL),
(150, 'batch64', 'Ajay Agarwal', '9993033045', 'diet 3124', '2021-10-23 16:33:52', '', 0, 0, 'ffdirp211120', 0, 0, 0, 0, 0, 0, 0, 0, 0, NULL),
(151, 'batch64', 'Hitendra Badrakiya', '9824310906', 'Diet 3 2 4 1', '2021-10-23 16:33:53', '', 0, 0, 'ffdirp211120', 0, 0, 0, 0, 0, 0, 0, 0, 0, NULL),
(152, 'batch64', 'Shivani savara', '9818441529', '1342', '2021-10-23 16:33:54', '', 0, 0, 'ffdirp211120', 0, 0, 0, 0, 0, 0, 0, 0, 0, NULL),
(153, 'batch64', 'Anita Singh ', '8191087116', 'Ques 2\r\n3142', '2021-10-23 16:33:54', '', 0, 0, 'ffdirp211120', 0, 0, 0, 0, 0, 0, 0, 0, 0, NULL),
(154, 'batch64', 'L.B. Mahale', '9869184356', '1324', '2021-10-23 16:33:54', '91', 0, 0, 'ffdirp211120', 0, 0, 0, 0, 0, 0, 0, 0, 0, NULL),
(155, 'batch64', 'Mousumi Ranaut', '0097466872746', '3142 diet', '2021-10-23 16:33:54', '974', 0, 0, 'ffdirp211120', 0, 0, 0, 0, 0, 0, 0, 0, 0, NULL),
(156, 'batch64', 'Nitin ', '9619582007', '3 1 2 4', '2021-10-23 16:33:55', '91', 0, 0, 'ffdirp211120', 0, 0, 0, 0, 0, 0, 0, 0, 0, NULL),
(157, 'batch64', 'Narendra Reddy', '9440133121', 'Q2. 3124', '2021-10-23 16:33:55', '91', 0, 0, 'ffdirp211120', 0, 0, 0, 0, 0, 0, 0, 0, 0, NULL),
(158, 'batch64', 'Ramadevi', '9840188840', '1342', '2021-10-23 16:33:56', '', 0, 0, 'ffdirp211120', 0, 0, 0, 0, 0, 0, 0, 0, 0, NULL),
(159, 'batch64', 'Kalpana Solsi', '9892957799', '2) 1 3 2 4', '2021-10-23 16:33:59', '91', 0, 0, 'ffdirp211120', 0, 0, 0, 0, 0, 0, 0, 0, 0, NULL),
(160, 'batch64', 'Suja Thomas', '9980988477', 'diet 1342', '2021-10-23 16:33:59', '91', 0, 0, 'ffdirp211120', 0, 0, 0, 0, 0, 0, 0, 0, 0, NULL),
(161, 'batch64', 'Anilbhai Pardeshi ', '9925661317', '3142', '2021-10-23 16:33:59', '', 0, 0, 'ffdirp211120', 0, 0, 0, 0, 0, 0, 0, 0, 0, NULL),
(162, 'batch64', 'Renu Singh', '9810233848', 'Diet, 3,2,1,4', '2021-10-23 16:34:00', '', 0, 0, 'ffdirp211120', 0, 0, 0, 0, 0, 0, 0, 0, 0, NULL),
(163, 'batch64', 'Padmabyrappa', '9980537131', '\r\n3142', '2021-10-23 16:34:08', '', 0, 0, 'ffdirp211120', 0, 0, 0, 0, 0, 0, 0, 0, 0, NULL),
(164, 'batch64', 'Chandrasekaran  S', '9443567637', '3,1,4,2', '2021-10-23 16:34:11', '', 0, 0, 'ffdirp211120', 0, 0, 0, 0, 0, 0, 0, 0, 0, NULL),
(165, 'batch64', 'Muralidhara. A', '7259453111', '3142\r\n', '2021-10-23 16:34:22', '91', 0, 0, 'ffdirp211120', 0, 0, 0, 0, 0, 0, 0, 0, 0, NULL),
(166, 'batch64', 'Geeta V Haikerwal ', '9450909736', 'Q 2- 3142', '2021-10-23 16:34:23', '', 0, 0, 'ffdirp211120', 0, 0, 0, 0, 0, 0, 0, 0, 0, NULL),
(167, 'batch64', 'Raghavendra K', '9109448338150', '3142', '2021-10-23 16:34:34', '', 0, 0, 'ffdirp211120', 0, 0, 0, 0, 0, 0, 0, 0, 0, NULL),
(168, 'batch64', 'Minal Vaibhav Awinashe ', '0566044964', '3124', '2021-10-23 16:34:45', '966', 0, 0, 'ffdirp211120', 0, 0, 0, 0, 0, 0, 0, 0, 0, NULL),
(169, 'batch64', 'Vijayalakshmi JS', '9448225593', '3,1,4,2 diet', '2021-10-23 16:34:55', '91', 0, 0, 'ffdirp211120', 0, 0, 0, 0, 0, 0, 0, 0, 0, NULL),
(170, 'batch64', 'Raghavan R', '9342883545', '3124', '2021-10-23 16:34:58', '', 0, 0, 'ffdirp211120', 0, 0, 0, 0, 0, 0, 0, 0, 0, NULL),
(171, 'batch64', 'Srikantha', '9980005033', '3) 4, 1, 3, 2', '2021-10-23 16:35:23', '', 0, 0, 'ffdirp211120', 0, 0, 0, 0, 0, 0, 0, 0, 0, NULL),
(172, 'batch64', 'Hitendra Badrakiya', '9824310906', 'Exercuse 4 1 3 2', '2021-10-23 16:35:23', '', 0, 0, 'ffdirp211120', 0, 0, 0, 0, 0, 0, 0, 0, 0, NULL),
(173, 'batch64', 'JP', '2245587015', 'ex: 4,1,3,2', '2021-10-23 16:35:30', '1', 0, 0, 'ffdirp211120', 0, 0, 0, 0, 0, 0, 0, 0, 0, NULL),
(174, 'batch64', 'Anita Singh ', '8191087116', 'Climbed 500 stairs with 8 kg backpack with 2-2 kg ankle bands', '2021-10-23 16:35:31', '', 0, 0, 'ffdirp211120', 0, 0, 0, 0, 0, 0, 0, 0, 0, NULL),
(175, 'batch64', 'Rathna Srinivas', '9980077881', '4132', '2021-10-23 16:35:31', '', 0, 0, 'ffdirp211120', 0, 0, 0, 0, 0, 0, 0, 0, 0, NULL),
(176, 'batch64', 'Ramadevi', '9840188840', '4231', '2021-10-23 16:35:32', '', 0, 0, 'ffdirp211120', 0, 0, 0, 0, 0, 0, 0, 0, 0, NULL),
(177, 'batch64', 'Ajay Agarwal', '9993033045', 'Ex 4132', '2021-10-23 16:35:32', '', 0, 0, 'ffdirp211120', 0, 0, 0, 0, 0, 0, 0, 0, 0, NULL),
(178, 'batch64', 'R MAHESWRAN', '9894070752', '4 2 1 3', '2021-10-23 16:35:32', '', 0, 0, 'ffdirp211120', 0, 0, 0, 0, 0, 0, 0, 0, 0, NULL),
(179, 'batch64', 'Tushar Zope', '9909953473', 'ex 4132', '2021-10-23 16:35:34', '91', 0, 0, 'ffdirp211120', 0, 0, 0, 0, 0, 0, 0, 0, 0, NULL),
(180, 'batch64', 'Amit jain', '9971717940', '4132', '2021-10-23 16:35:34', '91', 0, 0, 'ffdirp211120', 0, 0, 0, 0, 0, 0, 0, 0, 0, NULL),
(181, 'batch64', 'Prasad Hardikar', '9820970902', 'Ex - 4132', '2021-10-23 16:35:34', '', 0, 0, 'ffdirp211120', 0, 0, 0, 0, 0, 0, 0, 0, 0, NULL),
(182, 'batch64', 'Shuchita', '9654741040', '4 1 2 3', '2021-10-23 16:35:37', '', 0, 0, 'ffdirp211120', 0, 0, 0, 0, 0, 0, 0, 0, 0, NULL),
(183, 'batch64', 'Vidyadhar Janginamath', '9901277244', '4,3,2,1', '2021-10-23 16:35:38', '', 0, 0, 'ffdirp211120', 0, 0, 0, 0, 0, 0, 0, 0, 0, NULL),
(184, 'batch64', 'Muralidhara. A', '7259453111', '2341', '2021-10-23 16:35:38', '91', 0, 0, 'ffdirp211120', 0, 0, 0, 0, 0, 0, 0, 0, 0, NULL),
(185, 'batch64', 'Madan Ghodake', '7756897222', 'Ex 3, 4123', '2021-10-23 16:35:39', '', 0, 0, 'ffdirp211120', 0, 0, 0, 0, 0, 0, 0, 0, 0, NULL),
(186, 'batch64', 'Shivani savara', '9818441529', '4123', '2021-10-23 16:35:39', '', 0, 0, 'ffdirp211120', 0, 0, 0, 0, 0, 0, 0, 0, 0, NULL),
(187, 'batch64', 'Vidya Sridhar', '9841288440', 'exercise 4132', '2021-10-23 16:35:40', '', 0, 0, 'ffdirp211120', 0, 0, 0, 0, 0, 0, 0, 0, 0, NULL),
(188, 'batch64', 'prasanthi', '9959094854', '4321', '2021-10-23 16:35:42', '', 0, 0, 'ffdirp211120', 0, 0, 0, 0, 0, 0, 0, 0, 0, NULL),
(189, 'batch64', 'mahalakshmi mahadevan', '8861303243', 'ex 4321', '2021-10-23 16:35:42', '', 0, 0, 'ffdirp211120', 0, 0, 0, 0, 0, 0, 0, 0, 0, NULL),
(190, 'batch64', 'Satheesh Babu Kanala', '08886115680', '4312', '2021-10-23 16:35:43', '91', 0, 0, 'ffdirp211120', 0, 0, 0, 0, 0, 0, 0, 0, 0, NULL),
(191, 'batch64', 'Vatsala Narayanan', '9980567510', 'ex       4123', '2021-10-23 16:35:43', '', 0, 0, 'ffdirp211120', 0, 0, 0, 0, 0, 0, 0, 0, 0, NULL),
(192, 'batch64', 'Narendra Reddy', '9440133121', '4132', '2021-10-23 16:35:47', '91', 0, 0, 'ffdirp211120', 0, 0, 0, 0, 0, 0, 0, 0, 0, NULL),
(193, 'batch64', 'jasmin kazi', '9028196302', '4132', '2021-10-23 16:35:49', '', 0, 0, 'ffdirp211120', 0, 0, 0, 0, 0, 0, 0, 0, 0, NULL),
(194, 'batch64', 'VIJAI VERMA', '9036958130', '4312', '2021-10-23 16:35:50', '91', 0, 0, 'ffdirp211120', 0, 0, 0, 0, 0, 0, 0, 0, 0, NULL),
(195, 'batch64', 'Ravichandra Chada', '8125922619', '4123', '2021-10-23 16:35:51', '', 0, 0, 'ffdirp211120', 0, 0, 0, 0, 0, 0, 0, 0, 0, NULL),
(196, 'batch64', 'Ramanand K S', '09845450447', 'Exercise 4132', '2021-10-23 16:35:52', '91', 0, 0, 'ffdirp211120', 0, 0, 0, 0, 0, 0, 0, 0, 0, NULL),
(197, 'batch64', 'Ashesh Kumar  Roy', '09434385417', 'Ex - 4312', '2021-10-23 16:35:54', '91', 0, 0, 'ffdirp211120', 0, 0, 0, 0, 0, 0, 0, 0, 0, NULL),
(198, 'batch64', 'Mamatha D V', '08951401632', '4132', '2021-10-23 16:35:58', '', 0, 0, 'ffdirp211120', 0, 0, 0, 0, 0, 0, 0, 0, 0, NULL),
(199, 'batch64', 'Raghavendra K', '9109448338150', '4132', '2021-10-23 16:36:15', '', 0, 0, 'ffdirp211120', 0, 0, 0, 0, 0, 0, 0, 0, 0, NULL),
(200, 'batch64', 'Minal Vaibhav Awinashe ', '0566044964', '4312', '2021-10-23 16:36:49', '966', 0, 0, 'ffdirp211120', 0, 0, 0, 0, 0, 0, 0, 0, 0, NULL),
(201, 'batch64', 'Dulal Sinha', '09864595506', 'I can do 108 suryanamsakar in 24 mins .every sat I am doing 108 suryanamsakar.  every Sunday running 12 to 16 km', '2021-10-23 16:37:00', '', 0, 0, 'ffdirp211120', 1, 0, 0, 0, 0, 0, 0, 0, 0, NULL),
(202, 'batch64', 'Anita Singh ', '8191087116', 'Yes', '2021-10-23 16:37:11', '', 0, 0, 'ffdirp211120', 0, 0, 0, 0, 0, 0, 0, 0, 0, NULL),
(203, 'batch64', 'SHASHIDHARAN GR', '9945026094', 'The program has to be more sensitive to participants who are not coping instead of conducting generic sessions. More speaking window to such class of not getting intended results must be provided', '2021-10-23 16:37:13', '', 0, 0, 'ffdirp211120', 1, 0, 0, 0, 0, 0, 0, 0, 0, NULL),
(204, 'batch64', 'Amit jain', '9971717940', 'Love cycling did 3 ðŸ’¯ century ride ', '2021-10-23 16:37:52', '91', 0, 0, 'ffdirp211120', 1, 0, 0, 0, 0, 0, 0, 0, 0, NULL),
(205, 'batch64', 'Hitendra Badrakiya', '9824310906', 'I have done 108 Suryanamaskaras 23 times Since July 2021. Doing it every Sunday !!!', '2021-10-23 16:38:13', '', 0, 0, 'ffdirp211120', 1, 0, 0, 0, 0, 0, 0, 0, 0, NULL),
(206, 'batch64', 'Vidyadhar Janginamath', '9901277244', 'I have completed 108 SNMKS, on Ratha Saptami.', '2021-10-23 16:39:08', '', 0, 0, 'ffdirp211120', 1, 0, 0, 0, 0, 0, 0, 0, 0, NULL),
(207, 'batch64', 'Vidyadhar Janginamath', '9901277244', 'Consistently, exercising 5 days a week. Combination of Cardio, Strengthening  since last one year', '2021-10-23 16:40:56', '', 0, 0, 'ffdirp211120', 1, 0, 0, 0, 0, 0, 0, 0, 0, NULL),
(208, 'batch64', 'Renu Singh', '9810233848', 'How much charges do i have to pay if I want to join again for a year', '2021-10-23 16:41:46', '', 0, 0, 'ffdirp211120', 1, 0, 0, 0, 0, 0, 0, 0, 0, NULL),
(209, 'batch64', 'Vatsala Narayanan', '9980567510', 'will joining a new IRP help reversal better as you mentioned there is more improvement in newer batches', '2021-10-23 16:42:24', '', 0, 0, 'ffdirp211120', 1, 0, 0, 0, 0, 0, 0, 0, 0, NULL),
(210, 'batch64', 'jasmin kazi', '9028196302', 'thanks for whatsapp gp life long.', '2021-10-23 16:43:12', '', 0, 0, 'ffdirp211120', 1, 0, 0, 0, 0, 0, 0, 0, 0, NULL),
(211, 'batch64', 'L.B. Mahale', '9869184356', '1.what is ideal frequency for monitoring bsl?\r\n2.general guide lines for smoothie & salads\r\n3. Presently in a week I am comfortably doing yoga-6days, cycling-3days, upper body & lower body exercise-2days, Sunday-108suryanamaskaras.\r\nWhether I can continue this lifelong?\r\n4. My BSLs are stable with 1 tablet/day from 6/day.i have extended support for 3 months. What more can I do in thesec3 months?', '2021-10-23 16:44:17', '91', 0, 0, 'ffdirp211120', 1, 0, 0, 0, 0, 0, 0, 0, 0, NULL),
(212, 'batch64', 'Suja Thomas', '9980988477', 'My  H1bac is 6.4, BM1 24.99  but was lagging behind  due to wrist fracture and personal problems want to be free of my evening medication also so  want your team help for another 6 months to reach my goal.', '2021-10-23 16:45:33', '91', 0, 0, 'ffdirp211120', 1, 0, 0, 0, 0, 0, 0, 0, 0, NULL),
(213, 'batch64', 'Prasad Hardikar', '9820970902', 'Dear Dr. Pramod,\r\n\r\nThough I did not benefit to the fullest of my satisfaction as I was practically bed ridden during the first 5 months, I did benefit quite a lot. I learnt, that I need not be eating every 2 hours. I wish to rejoin the programme afresh in a new batch. I will request you to please advise me how you would advise me to go about the same.\r\n\r\n\r\n', '2021-10-23 16:46:29', '', 0, 0, 'ffdirp211120', 1, 0, 0, 0, 0, 0, 0, 0, 0, NULL),
(214, 'batch64', 'Prasad Hardikar', '9820970902', 'I am feeling confident that I do one more full year course with FFD and I will be able to get free of medication and will be able to achieve the BMI of 23.\r\nSo please do let me join the programme once again and tell me when I should re-join.\r\nRegards _ Prasad Hardikar\r\nPS: Please make the APP more user-friendly. Please let us have a .PDF file  which has FAQs or instruction manual for the APP.\r\n', '2021-10-23 16:46:38', '', 0, 0, 'ffdirp211120', 1, 0, 0, 0, 0, 0, 0, 0, 0, NULL),
(215, 'batch64', 'Prasad Hardikar', '9820970902', 'I too would like to come on line\r\n', '2021-10-23 16:47:09', '', 0, 0, 'ffdirp211120', 1, 0, 0, 0, 0, 0, 0, 0, 0, NULL),
(216, 'batch64', 'Srikantha', '9980005033', 'If we have a query about diet/exercise, how to contact FFD for resolving?', '2021-10-23 16:47:37', '', 0, 0, 'ffdirp211120', 1, 0, 0, 0, 0, 0, 0, 0, 0, NULL),
(217, 'batch64', 'Hitendra Badrakiya', '9824310906', 'How frequently do we need to measure BSL? Daily or alternate days or weekly ?\r\n', '2021-10-23 16:48:12', '', 0, 0, 'ffdirp211120', 1, 0, 0, 0, 0, 0, 0, 0, 0, NULL),
(218, 'batch64', 'jasmin kazi', '9028196302', 'how will be the Muktotsaw this year?I hope not online.', '2021-10-23 16:48:13', '', 0, 0, 'ffdirp211120', 1, 0, 0, 0, 0, 0, 0, 0, 0, NULL),
(219, 'batch64', 'Vaibhav Awinashe', '595388316', 'I have lost 17 kg and off medicine HbA1c in july end was 6.1 but due to personal reasons I think I dint give 100% in phase 3 and 4 I feel. I feel I want to continue what should I do. ', '2021-10-23 16:48:53', '966', 0, 0, 'ffdirp211120', 1, 0, 0, 0, 0, 0, 0, 0, 1, NULL),
(220, 'batch64', 'Minal Vaibhav Awinashe ', '0566044964', 'Thanks to the whole team from bottom of my heart.  I had stroke in August and was very depressed.  But after today I am happy and doing everything I like.', '2021-10-23 16:49:07', '966', 0, 0, 'ffdirp211120', 1, 0, 0, 0, 0, 0, 0, 0, 0, NULL),
(221, 'batch64', 'Sunder Annamraju', '7841151275', 'Fasting sugar levels are still high. PP readings are well within range. Struggling to get fasting levels down.', '2021-10-23 16:49:22', '44', 0, 0, 'ffdirp211120', 1, 1, 0, 0, 0, 0, 0, 0, 0, NULL),
(222, 'batch64', 'Prasad Hardikar', '9820970902', 'I did not understand what you meant when you said let us talk off-line.\r\n', '2021-10-23 16:49:22', '', 0, 0, 'ffdirp211120', 1, 0, 0, 0, 0, 0, 0, 0, 0, NULL),
(223, 'batch64', 'prasanthi', '9959094854', 'getting bit emotional on the completion of the programme', '2021-10-23 16:49:27', '', 0, 0, 'ffdirp211120', 1, 0, 0, 0, 0, 0, 0, 0, 0, NULL),
(224, 'batch64', 'Mousumi Ranaut', '0097466872746', 'Can 4 5 dates be taken daily?\r\n', '2021-10-23 16:49:47', '974', 0, 0, 'ffdirp211120', 1, 0, 0, 0, 0, 0, 0, 0, 0, NULL),
(225, 'batch64', 'Govardhan Reddy', '7993699936', 'I could not reach the last phase as i did not reduce by 5 bmi.  How can i go about it.', '2021-10-23 16:49:49', '', 0, 0, 'ffdirp211120', 1, 0, 1, 0, 0, 0, 0, 0, 0, NULL),
(226, 'batch64', 'Narayanan', '9845369462', 'I was told by the FFD queries that consult is not available and only the extension is available\r\n', '2021-10-23 16:49:50', '', 0, 0, 'ffdirp211120', 1, 0, 0, 0, 0, 0, 0, 0, 0, NULL),
(227, 'batch64', 'Arunkumar patil', '9845221474', 'I may not have achieved the full result but it has helped a lot to interns of medicine and body shape \r\nThank you FFD for all the help \r\nI want to take further consultancy and join 3 more months ', '2021-10-23 16:50:05', '', 0, 0, 'ffdirp211120', 1, 0, 0, 0, 0, 0, 0, 0, 0, NULL),
(228, 'batch64', 'Srikantha', '9980005033', 'Intake of flaxseeds has helped my wife Archana (same batch non-diabetic) in controlling hair fall drastically!! Seed cycling has helped in regularising her menstrual cycle! This is amazing. Thank you FFD.', '2021-10-23 16:50:12', '', 0, 0, 'ffdirp211120', 1, 0, 1, 0, 0, 0, 0, 0, 0, 'feedback'),
(229, 'batch64', 'Muralidhara. A', '7259453111', 'My experience \r\nIts Absolutely superb. Gains are in weight loss, glycemic control. No medicines. Life is really sweet. Thanks a trillion ton', '2021-10-23 16:50:16', '91', 0, 0, 'ffdirp211120', 1, 0, 0, 0, 0, 0, 0, 0, 0, NULL),
(230, 'batch64', 'Chandrasekaran  S', '9443567637', 'Really you changed everything in me. I know how to control my sugar. My approach towards others completely become positive. Thank you and your team.', '2021-10-23 16:50:33', '', 0, 0, 'ffdirp211120', 1, 0, 0, 0, 0, 0, 0, 0, 0, NULL),
(231, 'batch64', 'Anita Singh ', '8191087116', 'I want to come online.', '2021-10-23 16:50:55', '', 0, 0, 'ffdirp211120', 1, 0, 0, 0, 0, 0, 0, 0, 0, NULL),
(232, 'batch64', 'Amit jain', '9971717940', 'Yes want to come online', '2021-10-23 16:50:56', '91', 0, 0, 'ffdirp211120', 1, 0, 0, 0, 0, 0, 0, 0, 0, NULL),
(233, 'batch64', 'Venugopal', '9448953999', 'I am a swimmer. In my experience, swimming has tremendous effect on diabetes. You can do this research.', '2021-10-23 16:51:00', '', 0, 0, 'ffdirp211120', 1, 0, 0, 0, 0, 0, 0, 0, 0, NULL),
(234, 'batch64', 'Narayanan', '9845369462', 'Extremely benefited from their program.  Weight loss Off medicines and have been mentoring actively Thank you sir\r\n', '2021-10-23 16:51:18', '', 0, 0, 'ffdirp211120', 1, 0, 0, 0, 0, 0, 0, 0, 0, NULL),
(235, 'batch64', 'Vidya Sridhar', '9841288440', 'I was free of medicine for 6 months and also cleared 13 weeks of the Glycaemic ladder. But my BSL started fluctuating and I am back on the same amount of medication as when I started the program. Any chance of medication reducing if  keep following the protocols', '2021-10-23 16:51:32', '', 0, 0, 'ffdirp211120', 1, 1, 0, 0, 0, 0, 0, 0, 0, NULL),
(236, 'batch64', 'Muralidhara. A', '7259453111', '108 suranamaskaaras close to 30 weeks continually and keep doing..', '2021-10-23 16:51:43', '91', 0, 0, 'ffdirp211120', 1, 0, 0, 0, 0, 0, 0, 0, 0, NULL),
(237, 'batch64', 'Ramadevi', '9840188840', 'Excellent prgm which discovered a new me.At stamina strength and freedom level too.Thanku Dr', '2021-10-23 16:52:21', '', 0, 0, 'ffdirp211120', 1, 0, 0, 0, 0, 0, 0, 0, 0, NULL),
(238, 'batch64', 'prasanthi', '9959094854', 'i wanted to renew for 3 more months for daily doctor support.because since 3 months busy in some other work.may be after the support for 3 more months may be i may get eligible for GGT', '2021-10-23 16:52:21', '', 0, 0, 'ffdirp211120', 1, 0, 0, 0, 0, 0, 0, 0, 0, NULL),
(239, 'batch64', 'Jyothi Padiyar', '8476436015', 'I started biking after almost 30 years. First day  my whole body was aching. Now I am able to go 25 miles(40km) once a week, Aimimg for 50km.Also doing strengthening exercises 3 days and 108 SN once a week. Thanks for supporting and  inspiring .', '2021-10-23 16:52:34', '1', 0, 0, 'ffdirp211120', 1, 0, 0, 0, 0, 0, 0, 0, 0, NULL),
(240, 'batch64', 'Hitendra Badrakiya', '9824310906', 'Please share some non-medical tips to reduce Uric Acid. ', '2021-10-23 16:52:35', '', 0, 0, 'ffdirp211120', 1, 0, 0, 0, 0, 0, 0, 0, 0, NULL),
(241, 'batch64', 'Krishna kulkarni', '07349447263', 'Highly eventful 1 year with FFD. Now I am confident of managing my diabetes. I am almost medicine free with only 1/2 tablet. My HBA 1c has come down to 6.5. Have reduced weight from 88 to 75-76. Waist reduced from 40 to 35. Looking smart & confident as per feedback recd. Energy improved. \r\n', '2021-10-23 16:52:39', '', 0, 0, 'ffdirp211120', 1, 0, 0, 0, 0, 0, 0, 0, 0, NULL),
(242, 'batch64', 'Hitendra Badrakiya', '9824310906', 'I do 3- Strength, 2-Yoga & 1- Cycling. Is it necessary to change strength training poses and Yoga aasanas after every 1-2 months or same can be continued?', '2021-10-23 16:52:45', '', 0, 0, 'ffdirp211120', 1, 0, 0, 0, 0, 0, 0, 0, 0, NULL),
(243, 'batch64', 'Mousumi Ranaut', '0097466872746', 'Seed cycling pls clarify\r\n', '2021-10-23 16:53:18', '974', 0, 0, 'ffdirp211120', 1, 0, 1, 0, 0, 0, 0, 0, 0, NULL),
(244, 'batch64', 'Aakanksha ', '9820762577', 'Lost 22 kgs but BMI still not 23. Want to extend for 3 more months.', '2021-10-23 16:53:38', '', 0, 0, 'ffdirp211120', 1, 0, 0, 0, 0, 0, 0, 0, 0, NULL),
(245, 'batch64', 'Anita Lata gupta', '8800557237', 'Hello Dr fasting suger 100 -120 ke Ander rating hai ', '2021-10-23 16:53:39', '', 0, 0, 'ffdirp211120', 1, 0, 0, 0, 0, 0, 0, 0, 0, NULL),
(246, 'batch64', 'Shylaja Nathan', '9788094789', 'Doing Cardio, strengthen, Yoga regularly.  This has been an awesome journey, I am an FFDian for life now!!!! Thank you to you, all the Dr., Experts, and the entire FFD Team.  I have extended the App for 1 more year. I would like to be a mentor.', '2021-10-23 16:53:42', '1', 0, 0, 'ffdirp211120', 1, 0, 0, 0, 0, 0, 0, 0, 1, NULL),
(247, 'batch64', 'Mousumi Ranaut', '0097466872746', 'What about carb cycling?\r\n', '2021-10-23 16:53:47', '974', 0, 0, 'ffdirp211120', 1, 0, 1, 0, 0, 0, 0, 0, 0, NULL),
(248, 'batch64', 'Jyothi Padiyar', '8476436015', 'what is more important. everyday fasting and PP sugar readings or HbA1C.\r\n', '2021-10-23 16:53:48', '1', 0, 0, 'ffdirp211120', 1, 0, 0, 0, 0, 0, 0, 0, 0, NULL),
(249, 'batch64', 'Hitendra Badrakiya', '9824310906', 'What is seed cycling?', '2021-10-23 16:54:10', '', 0, 0, 'ffdirp211120', 1, 0, 1, 0, 0, 0, 0, 0, 0, NULL),
(250, 'batch64', 'Ajay Agarwal', '9993033045', 'While unable to reverse in terms of medicines, I have become more aware and more confident of my medical condition. I have also picked up some very good lifestyle tips, daily routine activities and mind calming techniques. Thanks for all these ', '2021-10-23 16:54:20', '', 0, 0, 'ffdirp211120', 1, 0, 0, 0, 0, 0, 0, 0, 0, NULL),
(251, 'batch64', 'SURESH KUMAR', '9740077248', 'Video stopped and nor able to watch the Session\r\n\r\n', '2021-10-23 16:54:23', '', 0, 0, 'ffdirp211120', 1, 0, 0, 0, 0, 0, 0, 0, 0, NULL);
INSERT INTO `tbl_questions` (`id`, `user_batch`, `user_name`, `user_phone`, `user_question`, `asked_at`, `user_code`, `speaker`, `answered`, `eventname`, `responded`, `doctor`, `diet`, `exercise`, `mentor`, `operations`, `InnerTransformation`, `Sales`, `Program`, `remark`) VALUES
(252, 'batch64', 'Prasad Hardikar', '9820970902', 'Fasting sugars are still high. Last few weeks all of a sudden my BSLs wrecked a havoc with a few days at a stretch some readings being 225.\r\n\r\nI have been unable to figure out what is going wrong.\r\n', '2021-10-23 16:54:26', '', 0, 0, 'ffdirp211120', 1, 0, 0, 0, 0, 0, 0, 0, 0, NULL),
(253, 'batch64', 'Prasad Hardikar', '9820970902', 'Fasting sugars are still high. Last few weeks all of a sudden my BSLs wrecked a havoc with a few days at a stretch some readings being 225.\r\n\r\nI have been unable to figure out what is going wrong.\r\n', '2021-10-23 16:54:27', '', 0, 0, 'ffdirp211120', 1, 1, 0, 0, 0, 0, 0, 0, 0, NULL),
(254, 'batch64', 'Prasad Hardikar', '9820970902', 'Do you also have a week or 2 week in person session at your location?\r\n', '2021-10-23 16:54:45', '', 0, 0, 'ffdirp211120', 1, 0, 0, 0, 0, 0, 0, 0, 0, NULL),
(255, 'batch64', 'Tushar Zope', '9909953473', 'Will there be residential Reversal Program for our batch? It was cancelled due to Corona.', '2021-10-23 16:55:05', '91', 0, 0, 'ffdirp211120', 1, 0, 0, 0, 0, 0, 0, 0, 0, NULL),
(256, 'batch64', 'Rupal Raut', '07718851652', 'When I joined ffd I was taking 56 units of insulin for 4 times a day and 4 tablets with it now I have come down to 2 tablets a day and have lost 11 kgs thank u ffd team', '2021-10-23 16:55:20', '91', 0, 0, 'ffdirp211120', 1, 0, 0, 0, 0, 0, 0, 0, 0, NULL),
(257, 'batch64', 'prasanthi', '9959094854', 'every 3 month  hba1c has to be done?', '2021-10-23 16:55:23', '', 0, 0, 'ffdirp211120', 1, 0, 0, 0, 0, 0, 0, 0, 0, NULL),
(258, 'batch64', 'Srikantha', '9980005033', 'Biggest success for us (me and wife) has been high energy levels and flexibility. Positive attitude and confidence that we can prepare ourselves for next goals, fearlessly. Live life peacefully, guilt free eating and confidence to get back on track!!    Also, My Mother-in-law also joined FFD after us and reversed 54units of insulin. Thank you FFD! ', '2021-10-23 16:55:47', '', 0, 0, 'ffdirp211120', 1, 0, 0, 0, 0, 0, 0, 0, 0, NULL),
(259, 'batch64', 'R MAHESWRAN', '9894070752', 'Sir ,i want to redo phase 3 and 4 to reduce weight and reduce Bp , Is it possible to join halfway in some other group,pl advice', '2021-10-23 16:55:47', '', 0, 0, 'ffdirp211120', 1, 0, 0, 0, 0, 0, 0, 0, 1, NULL),
(260, 'batch64', 'Prasad Hardikar', '9820970902', 'I have not achieved BMI 23 at all. I had gone down to 73kg but have again gone back to 76 and am missing what to do to come down back to 73.', '2021-10-23 16:56:15', '', 0, 0, 'ffdirp211120', 1, 0, 1, 0, 0, 0, 0, 0, 0, NULL),
(261, 'batch64', 'Kishore Badami', '9845040693', 'Having completed 1 year as part of batch 64, we need ongoing support of the App to only post our daily vital readings and doctors support. Can we get a discounted package rate only for these two? Other access can be disabled? \r\n\r\nThanks\r\nSudha', '2021-10-23 16:56:21', '', 0, 0, 'ffdirp211120', 1, 0, 0, 0, 0, 0, 0, 0, 1, NULL),
(262, 'batch64', 'Shivani savara', '9818441529', 'Feeling Nostalgic on batch ending the 1 year journey has been very rewarding ', '2021-10-23 16:56:25', '', 0, 0, 'ffdirp211120', 1, 0, 0, 0, 0, 0, 0, 0, 0, NULL),
(263, 'batch64', 'Gira', '9428300956', 'Thanks sir for changing my life.\r\nMy suger for 3 months is 5.7\r\nI will try my best life time\r\nI swim every day more than 2 kilometres.\r\n', '2021-10-23 16:56:29', '91', 0, 0, 'ffdirp211120', 1, 0, 0, 0, 0, 0, 0, 0, 0, NULL),
(264, 'batch64', 'Mousumi Ranaut', '0097466872746', 'Bmi 27 not coming down further \r\nMedicine free  hba1c 5.5', '2021-10-23 16:56:55', '974', 0, 0, 'ffdirp211120', 1, 0, 1, 0, 0, 0, 0, 0, 0, 'CC'),
(265, 'batch64', 'Srikantha', '9980005033', 'Also brought back TSH to normal by taking Dhaniya seeds.', '2021-10-23 16:57:04', '', 0, 0, 'ffdirp211120', 1, 0, 0, 0, 0, 0, 0, 0, 0, NULL),
(266, 'batch64', 'Krishna kulkarni', '07349447263', 'Tips to get fasting sugar below 100, I am getting  between 105 to 120 now.', '2021-10-23 16:57:25', '', 0, 0, 'ffdirp211120', 1, 0, 1, 0, 0, 0, 0, 0, 0, NULL),
(267, 'batch64', 'prasanthi', '9959094854', 'can i renew for 3 more months from nov 1 st?', '2021-10-23 16:57:25', '', 0, 0, 'ffdirp211120', 1, 0, 0, 0, 0, 0, 0, 0, 1, NULL),
(268, 'batch64', 'Lata', '09820028499', 'I lost some weight that was a big achievement for me. I have gone back to my pre ffd medicine but I have reduced it.so I am cautiously happy. ', '2021-10-23 16:57:31', '91', 0, 0, 'ffdirp211120', 1, 0, 0, 0, 0, 0, 0, 0, 0, NULL),
(269, 'batch64', 'Hitendra Badrakiya', '9824310906', 'What level we need to keep Uric acid at for sustained reversal?', '2021-10-23 16:57:40', '', 0, 0, 'ffdirp211120', 1, 0, 0, 0, 0, 0, 0, 0, 0, NULL),
(270, 'batch64', 'Dr Mohan Kumar SL', '09448189250', 'Can we use micro nutrients regularly or how often.', '2021-10-23 16:58:28', '', 0, 0, 'ffdirp211120', 1, 0, 0, 0, 0, 0, 0, 0, 0, NULL),
(271, 'batch64', 'Kalpana Solsi', '9892957799', 'Overall very good general health. Got rid of acidity, excess weight and ofcourse medicine. HbA1c came down to 4.9 from 8.5. thanks FFD.', '2021-10-23 16:58:30', '91', 0, 0, 'ffdirp211120', 1, 0, 0, 0, 0, 0, 0, 0, 0, NULL),
(272, 'batch64', 'Madan Ghodake', '7756897222', 'I would like extend consultation for next 3-6 months till GTT pass', '2021-10-23 16:58:45', '', 0, 0, 'ffdirp211120', 1, 0, 0, 0, 0, 0, 0, 0, 1, NULL),
(273, 'batch64', 'Kishore Badami', '9845040693', 'Having completed 1 year as part of batch 64, we need ongoing support of the App to only post our daily vital readings and doctors support. Can we get a discounted package rate only for these two? Other access can be disabled? \r\n\r\nThanks\r\nSudha', '2021-10-23 16:59:03', '', 0, 0, 'ffdirp211120', 1, 0, 0, 0, 0, 0, 0, 0, 1, NULL),
(274, 'batch64', 'Ramadevi', '9840188840', 'Praying for the wellness and happiness of the Whole batch ', '2021-10-23 16:59:14', '', 0, 0, 'ffdirp211120', 1, 0, 0, 0, 0, 0, 0, 0, 0, NULL),
(275, 'batch64', 'Magenta sharma', '8105935216', 'There was some technical problem. I couldn\'t get  your response. Please repeat your response.\r\n', '2021-10-23 16:59:33', '91', 0, 0, 'ffdirp211120', 1, 0, 0, 0, 0, 0, 0, 0, 0, NULL),
(276, 'batch64', 'Vatsala Narayanan', '9980567510', ' i lost a couple of weeks as had to attend weddimg and functions which played havoc on my BSL.How long do i extend  and on extending will my lab reports be checked?', '2021-10-23 17:00:32', '', 0, 0, 'ffdirp211120', 1, 0, 0, 0, 0, 0, 0, 0, 0, NULL),
(277, 'batch64', 'Srikantha', '9980005033', 'Feedback / Request : Can we please have the strengthening exercises available after 3 months as well? It is really helpful to follow.', '2021-10-23 17:00:38', '', 0, 0, 'ffdirp211120', 1, 0, 0, 1, 0, 0, 0, 0, 1, NULL),
(278, 'batch64', 'SHASHIDHARAN GR', '9945026094', 'My medications have gone back to preFFD stage. ', '2021-10-23 17:00:56', '', 0, 0, 'ffdirp211120', 1, 1, 0, 0, 0, 0, 0, 0, 0, NULL),
(279, 'batch64', 'Suresha pendharkar ', '8691944456', 'Medicine stop in last month. Morning sugar ok but after lunch sometime increase.  Weight loss 15 kg.  Hba1c 6.7 last time.', '2021-10-23 17:01:22', '', 0, 0, 'ffdirp211120', 1, 0, 0, 0, 0, 0, 0, 0, 0, NULL),
(280, 'batch64', 'Sunder Annamraju', '7841151275', 'Live session has stopped ', '2021-10-23 17:01:36', '44', 0, 0, 'ffdirp211120', 1, 0, 0, 0, 0, 0, 0, 0, 0, NULL),
(281, 'batch64', 'L.B. Mahale', '9869184356', 'Thanks to app doctor. Whenever deviations observed in some parameters, they were brought down within acceptable  limits with appropriate supplements. Thanks to diet & exercise  expert as well who gave continuous support & encouragement.', '2021-10-23 17:02:54', '91', 0, 0, 'ffdirp211120', 1, 0, 0, 0, 0, 0, 0, 0, 0, NULL),
(282, 'batch64', 'baijayantimala mishra', '9668073250', 'Hello sir....now my dibetic medicine is stopped but uric acid and thyroid level is high which was not before why?and also now my weight is increaded 3 kgs .i reduced my weight 71 to to 58.now it is 60.5....again increasing ', '2021-10-23 17:02:56', '91', 0, 0, 'ffdirp211120', 1, 0, 0, 0, 0, 0, 0, 0, 0, NULL),
(283, 'batch64', 'Kalpana Solsi', '9892957799', 'Einstein\'s stress management session has helped me a lot. Thank u so much Doc.Tripathiji', '2021-10-23 17:02:56', '91', 0, 0, 'ffdirp211120', 1, 0, 0, 0, 0, 0, 0, 0, 0, NULL),
(284, 'batch64', 'Anita Lata gupta', '8800557237', 'My hba1c 5.5 at this time \r\nBefore joining 7.8 \r\nThanks to all f.f.d. team', '2021-10-23 17:03:11', '', 0, 0, 'ffdirp211120', 1, 0, 0, 0, 0, 0, 0, 0, 0, NULL),
(285, 'batch64', 'Ramanand K S', '09845450447', 'HbA1C 5.3, still on half Diapride 1 mg (down from 4 tablets a day). Weight gain is very slow.\r\nBenefits are excellent... 3:2:1 exercises are great! Sometimes feel the tedium. Please suggest how to keep self motivated on the exercise front. A BIG THANK YOU!', '2021-10-23 17:03:12', '91', 0, 0, 'ffdirp211120', 1, 0, 0, 0, 0, 0, 0, 0, 0, NULL),
(286, 'batch64', 'Sangeeta vamburkar', '7327638714', 'extension for just muscle building iis what I am really interested in. If i join for year again can I start with phase 3 I am off medications for 10 months now ', '2021-10-23 17:03:14', '1', 0, 0, 'ffdirp211120', 1, 0, 0, 0, 0, 0, 0, 0, 1, NULL),
(287, 'batch64', 'Prasad Hardikar', '9820970902', 'It had stopped.\r\n', '2021-10-23 17:03:17', '', 0, 0, 'ffdirp211120', 0, 0, 0, 0, 0, 0, 0, 0, 0, NULL),
(288, 'batch64', 'Prasad Hardikar', '9820970902', 'Live session has stopped', '2021-10-23 17:03:31', '', 0, 0, 'ffdirp211120', 0, 0, 0, 0, 0, 0, 0, 0, 0, NULL),
(289, 'batch64', 'Prasad Hardikar', '9820970902', 'Live session has stopped', '2021-10-23 17:03:31', '', 0, 0, 'ffdirp211120', 0, 0, 0, 0, 0, 0, 0, 0, 0, NULL),
(290, 'batch64', 'Shyama Prasad', '91455297', 'the Best decision of my life to join FFD. Thanks a lot. FFdian for my life', '2021-10-23 17:03:53', '65', 0, 0, 'ffdirp211120', 1, 0, 0, 0, 0, 0, 0, 0, 0, NULL),
(291, 'batch64', 'Srikantha', '9980005033', 'Vit D and Vit B12 always keep going back low after stopping medicines. Anything that can be done to keep it at normal levels?', '2021-10-23 17:04:05', '', 0, 0, 'ffdirp211120', 1, 0, 0, 0, 0, 0, 0, 0, 0, NULL),
(292, 'batch64', 'Mousumi Ranaut', '0097466872746', 'Fruits can be taken now..am medicine free\r\n', '2021-10-23 17:04:24', '974', 0, 0, 'ffdirp211120', 1, 0, 0, 0, 0, 0, 0, 0, 0, NULL),
(293, 'batch64', 'Prasad Hardikar', '9820970902', 'It had stopped.\r\n', '2021-10-23 17:04:31', '', 0, 0, 'ffdirp211120', 0, 0, 0, 0, 0, 0, 0, 0, 0, NULL),
(294, 'batch64', 'Amit jain', '9971717940', 'Where will link cone', '2021-10-23 17:04:32', '91', 0, 0, 'ffdirp211120', 1, 0, 0, 0, 0, 0, 0, 0, 0, NULL),
(295, 'batch64', 'Satheesh Babu Kanala', '08886115680', 'Can we continue ganesh kriya regularly or.how ?', '2021-10-23 17:04:35', '91', 0, 0, 'ffdirp211120', 1, 0, 0, 0, 0, 0, 0, 0, 0, NULL),
(296, 'batch64', 'Ashesh Kumar  Roy', '09434385417', 'If we continue smoothie any problems ', '2021-10-23 17:04:50', '91', 0, 0, 'ffdirp211120', 1, 0, 0, 0, 0, 0, 0, 0, 0, NULL),
(297, 'batch64', 'Meeta  Haikerwal', '09450910173', 'after covid not even reclide 40 is not supportive for all bsl but much of change allover change did happen  with ffd .thanks doctor &ffd team ', '2021-10-23 17:07:58', '91', 0, 0, 'ffdirp211120', 1, 0, 0, 0, 0, 0, 0, 0, 0, NULL),
(298, 'batch64', 'Prasad Hardikar', '9820970902', 'Dr. I have missed if you have answered my question. I am having severe network issues.\r\n', '2021-10-23 17:07:59', '', 0, 0, 'ffdirp211120', 1, 0, 0, 0, 0, 0, 0, 0, 0, NULL),
(299, 'batch64', 'Mousumi Ranaut', '0097466872746', 'How to protect kidneys?\r\nBy eating plant based whole food?\r\n', '2021-10-23 17:09:09', '974', 0, 0, 'ffdirp211120', 1, 0, 0, 0, 0, 0, 0, 0, 0, NULL),
(300, 'batch64', 'Satheesh Babu Kanala', '08886115680', 'Currently I am working on balancing vata pitta kapha will this support in reversal ?\r\n\r\n', '2021-10-23 17:09:40', '91', 0, 0, 'ffdirp211120', 1, 0, 0, 0, 0, 0, 0, 0, 0, NULL),
(301, 'batch64', 'Hitendra Badrakiya', '9824310906', 'Dr. Pramod, many thanks to you and entire FFD team for changing our lives. Good Luck to you and entire team to take this movement to next level !!!!!!', '2021-10-23 17:09:47', '', 0, 0, 'ffdirp211120', 1, 0, 0, 0, 0, 0, 0, 0, 0, NULL),
(302, 'batch64', 'R MAHESWRAN', '9894070752', 'Sir , the major awareness IS to have realised that HOW MUCH MORE WE WERE EATING UNNECCESSARILY ', '2021-10-23 17:10:51', '', 0, 0, 'ffdirp211120', 1, 0, 0, 0, 0, 0, 0, 0, 0, NULL),
(303, 'batch64', 'Ritu', '9818557932', 'Can you tell what one should eat to manage weight .can we continue with millets and no diary .', '2021-10-23 17:10:56', '91', 0, 0, 'ffdirp211120', 1, 0, 0, 0, 0, 0, 0, 0, 0, NULL),
(304, 'batch64', 'Anita Singh ', '8191087116', 'I am still waiting for come online.', '2021-10-23 17:12:31', '', 0, 0, 'ffdirp211120', 1, 0, 0, 0, 0, 0, 0, 0, 0, NULL),
(305, 'batch64', 'Shuchita', '9654741040', 'Thanks FFD team. I have lost 14 kg. I m hapoy. But going for extension.', '2021-10-23 17:12:31', '', 0, 0, 'ffdirp211120', 1, 0, 0, 0, 0, 0, 0, 0, 0, NULL),
(306, 'batch64', 'Prasad Hardikar', '9820970902', 'My question\r\n\r\nWhom do I get in touch with to rejoin the course afresh?\r\nAre you having your in person sessions - 2 weeks or 4 weeks one. I wish to do it if it is possible.\r\n', '2021-10-23 17:12:39', '', 0, 0, 'ffdirp211120', 1, 0, 0, 0, 0, 0, 0, 0, 1, NULL),
(307, 'batch64', 'Anita Singh ', '8191087116', 'If you are planning for ffd club gurgaon is ready. ', '2021-10-23 17:13:09', '', 0, 0, 'ffdirp211120', 1, 0, 0, 0, 0, 0, 0, 0, 0, NULL),
(308, 'batch64', 'Malini Lachminarayana', '09739428282', 'Ffd clubs in every city! Wow! Waiting for that', '2021-10-23 17:13:30', '91', 0, 0, 'ffdirp211120', 1, 0, 0, 0, 0, 0, 0, 0, 0, NULL),
(309, 'batch64', 'Hitendra Badrakiya', '9824310906', 'City-wise FFD club is an excellent idea. Please take it to logical conclusion. Looking forward for it.', '2021-10-23 17:13:43', '', 0, 0, 'ffdirp211120', 1, 0, 0, 0, 0, 0, 0, 0, 0, NULL),
(310, 'batch64', 'Satheesh Babu Kanala', '08886115680', 'Ganesh kriya can be continued ?', '2021-10-23 17:14:04', '91', 0, 0, 'ffdirp211120', 1, 0, 0, 0, 0, 0, 0, 0, 0, NULL),
(311, 'batch64', 'Ravichandra Chada', '8125922619', 'Thank you and the team for all the learning ', '2021-10-23 17:14:43', '', 0, 0, 'ffdirp211120', 1, 0, 0, 0, 0, 0, 0, 0, 0, NULL),
(312, 'batch64', 'Shuchita', '9654741040', 'Look forward to ffd club at noida.', '2021-10-23 17:14:43', '', 0, 0, 'ffdirp211120', 1, 0, 0, 0, 0, 0, 0, 0, 0, NULL),
(313, 'batch64', 'Prasad Hardikar', '9820970902', 'Are you doing the in person 2 week or 4 week sessions? I wish to join that\r\n', '2021-10-23 17:14:59', '', 0, 0, 'ffdirp211120', 1, 0, 0, 0, 0, 0, 0, 0, 0, NULL),
(314, 'batch64', 'Malini Lachminarayana', '09739428282', 'My weight is increasing, does tht mean my insuling may be increasing', '2021-10-23 17:15:00', '91', 0, 0, 'ffdirp211120', 1, 0, 0, 0, 0, 0, 0, 0, 0, NULL),
(315, 'batch64', 'Dulal Sinha', '09864595506', 'welcome in Guwahati ', '2021-10-23 17:15:14', '', 0, 0, 'ffdirp211120', 1, 0, 0, 0, 0, 0, 0, 0, 0, NULL),
(316, 'batch64', 'prasanthi', '9959094854', 'got disconnected with previous link. group member sent another link and got connected through it', '2021-10-23 17:15:15', '', 0, 0, 'ffdirp211120', 1, 0, 0, 0, 0, 0, 0, 0, 0, NULL),
(317, 'batch64', 'Maya Viswanathan', '9820805826', 'Thank you for changing our life. \r\nManaged fasting well but after lunch have to still manage. \r\nThank you both for everything ', '2021-10-23 17:16:05', '', 0, 0, 'ffdirp211120', 1, 0, 0, 0, 0, 0, 0, 0, 0, NULL),
(318, 'batch64', 'Sunder', '7841151275', 'FFD has been a game changer in my life. Than you and your entire team for such a wonderful program.', '2021-10-23 17:16:16', '44', 0, 0, 'ffdirp211120', 1, 0, 0, 0, 0, 0, 0, 0, 0, NULL),
(319, 'batch64', 'Prasad Hardikar', '9820970902', 'May the Great Almighty shower HIS choicest blessings on to you and Dr. Ritu for helping so many people get into a healthy lifestyle willingly.', '2021-10-23 17:16:23', '', 0, 0, 'ffdirp211120', 1, 0, 0, 0, 0, 0, 0, 0, 0, NULL),
(320, 'batch64', 'Vatsala Narayanan', '09980567510', 'When can we resume dairy pr?', '2021-10-23 17:16:23', '', 0, 0, 'ffdirp211120', 1, 0, 0, 0, 0, 0, 0, 0, 0, NULL),
(321, 'batch64', 'Mousumi Ranaut', '0097466872746', 'How long app education and rcps support\r\n', '2021-10-23 17:17:09', '974', 0, 0, 'ffdirp211120', 1, 0, 0, 0, 0, 0, 0, 0, 0, NULL),
(322, 'batch64', 'Lata Khubchandani', '09820028499', 'Doctor what shd I do abt excess insulin.shd I check again. I am feeling better but sugar fluctuates a lot. Blood pressure remains low mostly', '2021-10-23 17:21:03', '91', 0, 0, 'ffdirp211120', 1, 1, 0, 0, 0, 0, 0, 0, 0, NULL),
(323, 'batch64', 'prasanthi', '9959094854', 'me and you are same age Dr.Tripati. and you are doing great and giving good life to all.', '2021-10-23 17:21:57', '', 0, 0, 'ffdirp211120', 1, 0, 0, 0, 0, 0, 0, 0, 0, NULL),
(324, 'batch64', 'Tushar Zope', '9909953473', 'Can I come online? I am Diabetic since 19 years with 90 pt insulin & 14 tablets with big stomach & 76 kg. Not insulin stopped in 2 months and still on ONLY 2 tabs. Looking forward to be free of medicines soon. Working as Global Delivery Head - L&T Technology Services, Vadodara', '2021-10-23 17:23:50', '91', 0, 0, 'ffdirp211120', 1, 0, 0, 0, 0, 0, 0, 0, 0, NULL),
(325, 'batch64', 'Srikantha', '9980005033', 'Want to take this opportunity to thank you and all of them in the FFD team, who are working tirelessly in the background, all experts, WhatsApp managers, tech team, etc. Given the challenging time we have had in the last year, it would not have been easy. This could be the best online program that could have been designed! Lots of blessings to FFD!\r\n\r\nLooking forward to have you and Dr. Malhar at the FFD Bengaluru club!', '2021-10-23 17:31:23', '', 0, 0, 'ffdirp211120', 1, 0, 0, 0, 0, 0, 0, 0, 0, NULL),
(326, 'batch64', 'Vijayalakshmi JS', '9448225593', ' Good  evening Dr and your team.My HBA!C was around. 13.now it is around.8.how long i shouid be in the same diet.Can i break the diet once in a while if we go out..give some guidelines to maintain diabetic level.', '2021-10-23 17:31:53', '91', 0, 0, 'ffdirp211120', 1, 0, 1, 0, 0, 0, 0, 0, 0, NULL),
(327, 'batch64', 'Tushar Zope', '9909953473', 'I need help to write my story to publish on FFD. I am also mentor.', '2021-10-23 17:34:00', '91', 0, 0, 'ffdirp211120', 0, 0, 0, 0, 0, 0, 0, 0, 0, NULL),
(328, 'batch64', 'Mahesh Iyer', '9822982572', 'Mm', '2021-10-23 18:13:21', '', 0, 0, 'ffdirp211120', 0, 0, 0, 0, 0, 0, 0, 0, 0, NULL),
(329, 'batch64', 'Siddalingesh S', '9880659435', 'Not yet fulfilled the target of living without medicines.\r\nWhat is your suggestion to reach that target?', '2021-10-23 18:36:26', '', 0, 0, 'ffdirp211120', 0, 0, 0, 0, 0, 0, 0, 0, 0, NULL),
(330, 'batch64', 'Siddalingesh S', '9880659435', 'Not yet reached target of living without medicines.\r\nWhat is tobe done to achieve?', '2021-10-23 18:38:34', '', 0, 0, 'ffdirp211120', 0, 0, 0, 0, 0, 0, 0, 0, 0, NULL),
(331, 'batch64', 'Trishula Joshi', '9448479172', 'Not able to see the video as l could not watch closing session, is recorded version available?', '2021-10-24 06:21:01', '', 0, 0, 'ffdirp211120', 0, 0, 0, 0, 0, 0, 0, 0, 0, NULL);

-- --------------------------------------------------------

--
-- Table structure for table `tbl_users`
--

CREATE TABLE `tbl_users` (
  `id` int(3) NOT NULL,
  `batch` varchar(10) NOT NULL,
  `name` varchar(100) NOT NULL,
  `reg_date` datetime NOT NULL,
  `mobile_num` varchar(20) NOT NULL,
  `login_date` datetime DEFAULT NULL,
  `logout_date` datetime DEFAULT NULL,
  `logout_status` int(11) DEFAULT '0',
  `cntry_code` varchar(10) DEFAULT NULL,
  `eventname` varchar(50) NOT NULL
) ENGINE=InnoDB DEFAULT CHARSET=utf8;

--
-- Dumping data for table `tbl_users`
--

INSERT INTO `tbl_users` (`id`, `batch`, `name`, `reg_date`, `mobile_num`, `login_date`, `logout_date`, `logout_status`, `cntry_code`, `eventname`) VALUES
(1, 'batch64', 'Vibhav ', '2021-10-05 11:29:32', '7057548898', '2021-10-05 11:29:32', '2021-10-05 11:29:58', 0, '', 'ffdirp211120'),
(2, 'batch64', 'v', '2021-10-14 18:01:16', '324', '2021-10-14 18:01:16', '2021-10-14 18:01:28', 0, '', 'ffdirp211120'),
(3, '', '', '2021-10-14 18:03:50', '', '2021-10-14 18:03:50', '2021-12-12 10:54:51', 1, '', 'ffdirp211120'),
(4, 'batch64', 'Vinita Arun', '2021-10-18 20:57:20', '9986756236', '2021-10-23 18:35:15', '2021-10-23 18:35:45', 1, '', 'ffdirp211120'),
(5, 'batch64', 'T P KADKOL', '2021-10-19 07:17:33', '9535263573', '2021-10-19 07:17:33', '2021-10-19 07:18:03', 1, '', 'ffdirp211120'),
(6, 'batch64', 'Kashinathbaitha ', '2021-10-19 07:23:42', '8340754208', '2021-11-26 13:41:46', '2021-11-26 13:42:16', 1, '91', 'ffdirp211120'),
(7, 'batch64', 'T V SUBRAMANIYAN', '2021-10-19 11:21:38', '9560840920', '2021-10-23 16:04:57', '2021-10-23 17:34:56', 0, '', 'ffdirp211120'),
(8, 'batch64', 'Arun Chandra', '2021-10-19 20:49:24', '09960525780', '2021-10-23 17:38:04', '2021-10-23 17:39:06', 0, '', 'ffdirp211120'),
(9, 'batch64', 'Varalakshmi', '2021-10-19 21:29:34', '07718886467', '2021-10-19 21:29:34', '2021-10-19 21:48:04', 1, '', 'ffdirp211120'),
(10, 'batch64', 'Gurupad M Mamadapur', '2021-10-20 16:44:33', '8050866246', '2021-10-20 16:44:33', '2021-10-20 16:45:03', 1, '', 'ffdirp211120'),
(11, 'batch64', 'Chhaya', '2021-10-20 20:21:40', '9225119659', '2021-10-23 16:39:49', '2021-10-23 18:34:56', 1, '', 'ffdirp211120'),
(12, 'batch64', 'Prremaleela', '2021-10-20 22:47:16', '411027', '2021-10-20 22:47:16', '2021-10-20 22:51:51', 1, '', 'ffdirp211120'),
(13, 'batch64', 'Usha Rani Taticherla', '2021-10-21 09:13:05', '9833908266', '2021-10-23 15:46:01', '2021-10-23 16:48:11', 0, '91', 'ffdirp211120'),
(14, 'batch64', 'Dr Sunita sangwan', '2021-10-21 17:21:55', '09992364265', '2021-10-21 17:21:55', '2021-10-21 17:22:25', 1, '91', 'ffdirp211120'),
(15, 'batch64', 'Sushma Khapra ', '2021-10-22 16:12:09', '9920284214', '2021-10-22 16:12:09', '2021-10-22 16:13:33', 0, '91', 'ffdirp211120'),
(16, 'batch64', 'Sushma Khapra ', '2021-10-22 16:15:04', '9920284214', '2021-10-22 16:15:04', '2021-10-22 16:25:35', 1, '', 'ffdirp211120'),
(17, 'batch64', 'Monika Muranjan ', '2021-10-22 17:31:28', '9969869314', '2021-10-23 17:04:49', '2021-10-23 17:34:19', 1, '', 'ffdirp211120'),
(18, 'batch64', 'NIshanth', '2021-10-22 18:51:03', '52332', '2021-10-22 18:51:03', '2021-10-22 18:51:18', 0, '', 'ffdirp211120'),
(19, 'batch64', 'Gira Chokshi', '2021-10-22 20:16:35', '9428300956', '2021-10-22 20:16:35', '2021-10-22 20:17:05', 1, '', 'ffdirp211120'),
(20, 'batch64', 'Swati Joshi', '2021-10-22 21:01:32', '9890989684', '2021-10-22 21:01:32', '2021-10-22 21:02:34', 1, '', 'ffdirp211120'),
(21, 'batch64', 'Suresh Kumar', '2021-10-22 21:07:01', '9740077248', '2021-10-23 15:52:16', '2021-10-23 17:34:26', 1, '', 'ffdirp211120'),
(22, 'batch64', 'Mahesh Iyer', '2021-10-23 12:59:16', '9822982572', '2021-10-23 18:13:10', '2021-10-23 18:13:40', 1, '', 'ffdirp211120'),
(23, 'batch64', 'Lata Khubchandani', '2021-10-23 14:45:14', '09820028499', '2021-10-23 17:04:23', '2021-10-23 17:35:54', 1, '91', 'ffdirp211120'),
(24, 'batch64', 'Usharao', '2021-10-23 14:50:50', '8861166061', '2021-10-24 21:51:56', '2021-10-24 21:52:57', 1, '', 'ffdirp211120'),
(25, 'batch64', 'sathya2810@gmail.com', '2021-10-23 14:52:00', '9845298646', '2021-10-23 17:33:43', '2021-10-23 17:34:43', 1, '', 'ffdirp211120'),
(26, 'batch64', 'Rasheeda', '2021-10-23 14:55:01', '9423042124', '2021-10-23 14:55:01', '2021-10-23 17:36:12', 1, '', 'ffdirp211120'),
(27, 'batch64', 'Ancy Mathew', '2021-10-23 15:07:23', '7714942336', '2021-10-23 17:48:11', '2021-10-23 17:49:12', 1, '44', 'ffdirp211120'),
(28, 'batch64', 'nishanth', '2021-10-23 15:12:57', '9878', '2021-10-23 15:12:57', '2021-10-23 17:37:06', 0, '247', 'ffdirp211120'),
(29, 'batch64', 'Dileep', '2021-10-23 15:27:12', '92959996', '2021-10-23 16:13:10', '2021-10-23 16:52:11', 1, '65', 'ffdirp211120'),
(30, 'batch64', 'Valli ', '2021-10-23 15:34:07', '9246876155', '2021-10-23 15:57:26', '2021-10-23 17:35:55', 1, '91', 'ffdirp211120'),
(31, 'batch64', 'T P Kadkol', '2021-10-23 15:39:02', '9535263573', '2021-10-23 15:52:11', '2021-10-23 16:37:41', 1, '91', 'ffdirp211120'),
(32, 'batch64', 'Paramjeetkaur Ghai', '2021-10-23 15:41:18', '8668772504', '2021-10-23 15:41:18', '2021-10-23 17:14:42', 0, '91', 'ffdirp211120'),
(33, 'batch64', 'Krishna Devi', '2021-10-23 15:42:09', '09348822323', '2021-10-23 15:42:09', '2021-10-23 17:03:54', 1, '', 'ffdirp211120'),
(34, 'batch64', 'HERAGU VISWANATHARAO KESHAVAMURTHY', '2021-10-23 15:44:46', '9900562080', '2021-10-23 15:48:56', '2021-10-23 17:02:11', 1, '91', 'ffdirp211120'),
(35, 'batch64', 'AYESHA  PARKAR', '2021-10-23 15:44:58', '92187267', '2021-10-23 17:10:19', '2021-10-23 17:34:20', 1, '968', 'ffdirp211120'),
(36, 'batch64', 'nitin', '2021-10-23 15:45:22', '9821051666', '2021-10-23 15:45:22', '2021-10-23 16:48:22', 1, '', 'ffdirp211120'),
(37, 'batch64', 'Elroy Robert Pereira', '2021-10-23 15:47:45', '9769369018', '2021-10-23 17:02:07', '2021-10-23 17:32:06', 0, '', 'ffdirp211120'),
(38, 'batch64', 'Dipali belel', '2021-10-23 15:48:13', '9833800582', '2021-10-23 17:22:04', '2021-10-23 17:32:46', 1, '91', 'ffdirp211120'),
(39, 'batch64', 'Jyothi Padiyar', '2021-10-23 15:48:49', '8476436015', '2021-10-23 15:48:49', '2021-10-23 17:34:10', 0, '1', 'ffdirp211120'),
(40, 'batch64', 'Ajit nadgauda', '2021-10-23 15:49:11', '9930929993', '2021-10-23 15:49:11', '2021-10-23 17:35:34', 1, '91', 'ffdirp211120'),
(41, 'batch64', 'Shubhangi Patil', '2021-10-23 15:49:43', '9860426897', '2021-10-23 15:49:43', '2021-10-23 16:56:14', 1, '91', 'ffdirp211120'),
(42, 'batch64', 'nagendra sharma', '2021-10-23 15:50:12', '8105935216', '2021-10-23 17:05:01', '2021-10-23 17:16:33', 1, '91', 'ffdirp211120'),
(43, 'batch64', 'Dr Mohan Kumar SL', '2021-10-23 15:50:47', '09448189250', '2021-10-23 16:01:42', '2021-10-23 17:38:24', 1, '', 'ffdirp211120'),
(44, 'batch64', 'Harshada Kulkarni', '2021-10-23 15:50:54', '9922433847', '2021-10-23 15:50:54', '2021-10-23 17:59:25', 1, '91', 'ffdirp211120'),
(45, 'batch64', 'Vini Kirpalani ', '2021-10-23 15:51:11', '9619988520', '2021-10-23 15:51:11', '2021-10-23 17:58:54', 1, '', 'ffdirp211120'),
(46, 'batch64', 'Padmabyrappa', '2021-10-23 15:51:22', '9980537131', '2021-10-23 15:51:22', '2021-10-23 17:30:26', 1, '', 'ffdirp211120'),
(47, 'batch64', 'JP', '2021-10-23 15:52:21', '2245587015', '2021-10-23 15:52:21', '2021-10-23 17:42:47', 1, '1', 'ffdirp211120'),
(48, 'batch64', 'Ajay Agarwal', '2021-10-23 15:52:23', '9993033045', '2021-10-23 16:54:54', '2021-10-23 18:39:54', 1, '', 'ffdirp211120'),
(49, 'batch64', 'Elangovan kandhappo', '2021-10-23 15:52:34', '9443904357', '2021-10-23 15:52:34', '2021-10-23 16:54:18', 0, '', 'ffdirp211120'),
(50, 'batch64', 'Atul Gheware', '2021-10-23 15:53:16', '9422364800', '2021-10-23 15:53:16', '2021-10-23 16:46:16', 1, '', 'ffdirp211120'),
(51, 'batch64', 'sangeeta vamburkar', '2021-10-23 15:53:44', '7327638714', '2021-10-23 16:59:26', '2021-10-23 17:34:28', 1, '1', 'ffdirp211120'),
(52, 'batch64', 'Dr Niyati Patel', '2021-10-23 15:53:45', '09930017337', '2021-10-23 15:53:45', '2021-10-23 15:54:15', 1, '', 'ffdirp211120'),
(53, 'batch64', 'Anilbhai Pardeshi ', '2021-10-23 15:54:14', '9925661317', '2021-10-23 15:54:14', '2021-10-23 17:34:28', 0, '', 'ffdirp211120'),
(54, 'batch64', 'Ashwini Doddihal ', '2021-10-23 15:55:00', '543244074', '2021-10-23 15:55:00', '2021-10-23 17:08:32', 1, '971', 'ffdirp211120'),
(55, 'batch64', 'Narendra Reddy', '2021-10-23 15:55:21', '9440133121', '2021-10-23 16:58:21', '2021-10-23 17:34:51', 1, '91', 'ffdirp211120'),
(56, 'batch64', 'Baijayantimala Mishra', '2021-10-23 15:55:33', '9668073250', '2021-10-23 16:05:44', '2021-10-23 17:22:58', 1, '91', 'ffdirp211120'),
(57, 'batch64', 'jasmin kazi', '2021-10-23 15:55:39', '9028196302', '2021-10-23 17:07:42', '2021-10-23 17:34:43', 1, '', 'ffdirp211120'),
(58, 'batch64', 'R Acharya', '2021-10-23 15:55:42', '98635349', '2021-10-23 16:56:04', '2021-10-23 17:27:37', 1, '65', 'ffdirp211120'),
(59, 'batch64', 'Dulal Sinha', '2021-10-23 15:55:51', '09864595506', '2021-10-23 16:49:10', '2021-10-23 17:31:41', 1, '', 'ffdirp211120'),
(60, 'batch64', 'Ramanand K S', '2021-10-23 15:55:52', '09845450447', '2021-10-23 16:37:09', '2021-10-23 17:04:41', 1, '91', 'ffdirp211120'),
(61, 'batch64', 'Narayanan', '2021-10-23 15:56:05', '0945360462', '2021-10-23 15:56:05', '2021-10-23 16:03:36', 1, '', 'ffdirp211120'),
(62, 'batch64', 'Dr Anand Jaiswal', '2021-10-23 15:56:20', '9980988711', '2021-10-23 15:56:20', '2021-10-23 17:34:28', 1, '', 'ffdirp211120'),
(63, 'batch64', 'mahalakshmi mahadevan', '2021-10-23 15:56:32', '8861303243', '2021-10-23 15:56:32', '2021-10-23 17:03:20', 1, '', 'ffdirp211120'),
(64, 'batch64', 'Ravindra Vaze', '2021-10-23 15:57:04', '9342963664', '2021-10-23 15:57:04', '2021-10-23 17:35:54', 1, '', 'ffdirp211120'),
(65, 'batch64', 'Sagar Kataria', '2021-10-23 15:57:08', '910880958', '2021-10-23 15:57:08', '2021-10-23 16:07:41', 1, '', 'ffdirp211120'),
(66, 'batch64', 'Vijayalakshmi JS', '2021-10-23 15:57:19', '9448225593', '2021-10-23 15:57:19', '2021-10-23 17:35:02', 1, '91', 'ffdirp211120'),
(67, 'batch64', 'Dr Rama Srinivasan velmurugan', '2021-10-23 15:57:43', '9818866480', '2021-10-23 15:57:43', '2021-10-23 16:56:43', 1, '', 'ffdirp211120'),
(68, 'batch64', 'Malini Lachminarayana', '2021-10-23 15:57:47', '09739428282', '2021-10-23 17:09:20', '2021-10-23 17:34:13', 0, '91', 'ffdirp211120'),
(69, 'batch64', 'rajeev jain', '2021-10-23 15:57:58', '9450300760', '2021-10-23 17:22:02', '2021-10-23 17:34:33', 1, '91', 'ffdirp211120'),
(70, 'batch64', 'Brahma prakash', '2021-10-23 15:58:14', '9845031482', '2021-10-23 15:58:14', '2021-10-23 17:34:47', 1, '', 'ffdirp211120'),
(71, 'batch64', 'Madan Ghodake', '2021-10-23 15:58:17', '7756897222', '2021-10-23 17:12:12', '2021-10-23 17:26:44', 1, '', 'ffdirp211120'),
(72, 'batch64', 'Shivani savara', '2021-10-23 15:58:22', '9818441529', '2021-10-23 16:59:19', '2021-10-23 17:34:20', 1, '', 'ffdirp211120'),
(73, 'batch64', 'Raghavan R', '2021-10-23 15:58:30', '9342883545', '2021-10-23 16:35:40', '2021-10-23 17:36:20', 1, '', 'ffdirp211120'),
(74, 'batch64', 'Ramadevi', '2021-10-23 15:58:32', '9840188840', '2021-10-23 17:00:46', '2021-10-23 17:31:47', 1, '', 'ffdirp211120'),
(75, 'batch64', 'SHASHIDHARAN GR', '2021-10-23 15:58:38', '9945026094', '2021-10-23 16:55:43', '2021-10-23 17:11:27', 1, '', 'ffdirp211120'),
(76, 'batch64', 'Aakanksha ', '2021-10-23 15:58:40', '9820762577', '2021-10-23 15:58:40', '2021-10-23 17:06:50', 1, '', 'ffdirp211120'),
(77, 'batch64', 'Ravindar', '2021-10-23 15:58:54', '9618544054', '2021-10-23 17:02:36', '2021-10-23 17:10:41', 0, '', 'ffdirp211120'),
(78, 'batch64', 'Sanjiv Sethi', '2021-10-23 15:58:54', '9810036389', '2021-10-23 15:58:54', '2021-10-23 16:48:11', 0, '91', 'ffdirp211120'),
(79, 'batch64', 'Vinod Kumar Srivastava', '2021-10-23 15:58:57', '9137939471', '2021-10-23 15:58:57', '2021-10-23 17:34:08', 1, '91', 'ffdirp211120'),
(80, 'batch64', 'Rohit Sukheja', '2021-10-23 15:59:03', '8718888808', '2021-10-23 15:59:03', '2021-10-23 17:23:12', 1, '', 'ffdirp211120'),
(81, 'batch64', 'Ashesh Kumar  Roy', '2021-10-23 15:59:14', '09434385417', '2021-10-23 17:01:56', '2021-10-23 17:34:31', 0, '91', 'ffdirp211120'),
(82, 'batch64', 'Srikantha', '2021-10-23 15:59:21', '9980005033', '2021-10-23 15:59:21', '2021-10-23 17:34:17', 1, '', 'ffdirp211120'),
(83, 'batch64', 'Satish Datta', '2021-10-23 15:59:22', '9814195717', '2021-10-23 17:29:33', '2021-10-23 17:42:26', 1, '', 'ffdirp211120'),
(84, 'batch64', 'Gangadhar Machani Ramanna', '2021-10-23 15:59:27', '9848134333', '2021-10-23 15:59:27', '2021-10-23 17:34:25', 1, '91', 'ffdirp211120'),
(85, 'batch64', 'Suresha pendharkar ', '2021-10-23 15:59:30', '8691944456', '2021-10-23 15:59:30', '2021-10-23 17:02:01', 1, '', 'ffdirp211120'),
(86, 'batch64', 'Raj Prabha', '2021-10-23 15:59:34', '9971900755', '2021-10-23 15:59:34', '2021-10-23 16:57:05', 1, '91', 'ffdirp211120'),
(87, 'batch64', 'Satheesh Babu Kanala', '2021-10-23 15:59:40', '08886115680', '2021-10-23 17:35:48', '2021-10-23 17:42:08', 1, '91', 'ffdirp211120'),
(88, 'batch64', 'Hitendra Badrakiya', '2021-10-23 15:59:45', '9824310906', '2021-10-23 15:59:45', '2021-10-23 17:34:09', 0, '', 'ffdirp211120'),
(89, 'batch64', 'Shanta kadur', '2021-10-23 15:59:48', '9820848663', '2021-10-23 15:59:48', '2021-10-23 17:44:20', 1, '91', 'ffdirp211120'),
(90, 'batch64', 'Amit jain', '2021-10-23 15:59:49', '9971717940', '2021-10-23 17:41:08', '2021-10-23 17:41:38', 1, '91', 'ffdirp211120'),
(91, 'batch64', 'Subramani R', '2021-10-23 15:59:51', '9880412818', '2021-10-23 15:59:51', '2021-10-23 17:34:17', 0, '', 'ffdirp211120'),
(92, 'batch64', 'Muralidhara. A', '2021-10-23 15:59:55', '7259453111', '2021-10-23 15:59:55', '2021-10-23 17:34:24', 0, '91', 'ffdirp211120'),
(93, 'batch64', 'Mousumi Ranaut', '2021-10-23 15:59:59', '0097466872746', '2021-10-23 16:34:05', '2021-10-23 17:43:42', 1, '974', 'ffdirp211120'),
(94, 'batch64', 'Anandishankar ', '2021-10-23 16:00:18', '9969053972', '2021-10-23 17:18:08', '2021-10-23 17:34:08', 1, '', 'ffdirp211120'),
(95, 'batch64', 'Krishna kulkarni', '2021-10-23 16:00:20', '07349447263', '2021-10-23 16:00:20', '2021-10-23 17:52:03', 1, '', 'ffdirp211120'),
(96, 'batch64', 'Hima gopalakrishnan', '2021-10-23 16:00:31', '9740097192', '2021-10-23 16:23:12', '2021-10-23 17:35:04', 1, '91', 'ffdirp211120'),
(97, 'batch64', 'Mamatha D V', '2021-10-23 16:00:39', '08951401632', '2021-10-23 16:00:39', '2021-10-23 17:34:57', 1, '', 'ffdirp211120'),
(98, 'batch64', 'Meeta  Haikerwal', '2021-10-23 16:00:42', '09450910173', '2021-10-23 16:00:42', '2021-10-23 17:40:04', 1, '91', 'ffdirp211120'),
(99, 'batch64', 'Srinivas C Dhulipala', '2021-10-23 16:00:46', '7033714450', '2021-10-23 16:00:46', '2021-10-23 17:31:53', 1, '1', 'ffdirp211120'),
(100, 'batch64', 'Sunder Annamraju', '2021-10-23 16:00:57', '7841151275', '2021-10-23 17:02:29', '2021-10-23 17:34:30', 1, '44', 'ffdirp211120'),
(101, 'batch64', 'Rajesh Minocha', '2021-10-23 16:01:03', '9866461113', '2021-10-23 16:01:03', '2021-10-23 16:59:04', 1, '', 'ffdirp211120'),
(102, 'batch64', 'PRABHAKAR N', '2021-10-23 16:01:07', '9444512323', '2021-10-23 16:01:07', '2021-10-23 17:34:49', 1, '91', 'ffdirp211120'),
(103, 'batch64', 'Bajee reddy', '2021-10-23 16:01:07', '9030016981', '2021-10-23 16:01:07', '2021-10-23 17:36:28', 1, '', 'ffdirp211120'),
(104, 'batch64', 'Ravichandra Chada', '2021-10-23 16:01:12', '8125922619', '2021-10-23 16:01:12', '2021-10-23 17:31:52', 0, '', 'ffdirp211120'),
(105, 'batch64', 'Raghavendra K', '2021-10-23 16:01:13', '9109448338150', '2021-10-23 16:01:13', '2021-10-23 17:35:15', 1, '', 'ffdirp211120'),
(106, 'batch64', 'Tushar Zope', '2021-10-23 16:01:16', '9909953473', '2021-10-23 16:01:16', '2021-10-23 17:34:09', 0, '91', 'ffdirp211120'),
(107, 'batch64', 'R MAHESWRAN', '2021-10-23 16:01:19', '9894070752', '2021-10-23 16:01:19', '2021-10-23 17:34:08', 0, '', 'ffdirp211120'),
(108, 'batch64', 'saroj ', '2021-10-23 16:01:26', '9582795114', '2021-10-23 16:01:26', '2021-10-23 17:34:34', 1, '', 'ffdirp211120'),
(109, 'batch64', 'Roy sinai', '2021-10-23 16:01:41', '9845133337', '2021-10-23 16:01:41', '2021-10-23 17:05:11', 1, '', 'ffdirp211120'),
(110, 'batch64', 'Rathna Srinivas', '2021-10-23 16:01:43', '9980077881', '2021-10-23 16:01:43', '2021-10-23 17:34:57', 1, '', 'ffdirp211120'),
(111, 'batch64', 'Vatsala Narayanan', '2021-10-23 16:01:43', '9980567510', '2021-10-23 16:01:43', '2021-10-23 17:04:13', 1, '', 'ffdirp211120'),
(112, 'batch64', 'Minal Vaibhav Awinashe ', '2021-10-23 16:01:46', '0566044964', '2021-10-23 16:01:46', '2021-10-23 17:01:16', 1, '966', 'ffdirp211120'),
(113, 'batch64', 'Anjani Nayak', '2021-10-23 16:01:51', '9833226556', '2021-11-30 19:44:24', '2021-11-30 19:44:37', 0, '', 'ffdirp211120'),
(114, 'batch64', 'Jehovah', '2021-10-23 16:01:54', '9443354360', '2021-10-23 16:25:45', '2021-10-23 17:38:58', 1, '91', 'ffdirp211120'),
(115, 'batch64', 'Vidyadhar Janginamath', '2021-10-23 16:01:58', '9901277244', '2021-10-23 17:05:58', '2021-10-23 17:45:29', 1, '', 'ffdirp211120'),
(116, 'batch64', 'Anita Singh ', '2021-10-23 16:02:08', '8191087116', '2021-10-23 16:02:08', '2021-10-23 17:45:06', 1, '', 'ffdirp211120'),
(117, 'batch64', 'SHARMILA UMESH', '2021-10-23 16:02:09', '9845073024', '2021-10-23 17:08:14', '2021-10-23 17:34:00', 0, '', 'ffdirp211120'),
(118, 'batch64', 'Ankita shah', '2021-10-23 16:02:15', '9966377314', '2021-10-23 16:59:13', '2021-10-23 17:56:21', 1, '', 'ffdirp211120'),
(119, 'batch64', 'Premaleela', '2021-10-23 16:02:25', '9320722730', '2021-10-23 17:18:58', '2021-10-23 17:34:29', 1, '', 'ffdirp211120'),
(120, 'batch64', 'L.B. Mahale', '2021-10-23 16:02:37', '9869184356', '2021-10-23 16:02:37', '2021-10-23 17:34:27', 1, '91', 'ffdirp211120'),
(121, 'batch64', 'Kaniz Fatima ', '2021-10-23 16:02:46', '506816160', '2021-10-23 16:02:46', '2021-10-23 17:34:28', 1, '966', 'ffdirp211120'),
(122, 'batch64', 'Govardhan Reddy', '2021-10-23 16:02:54', '7993699936', '2021-10-23 16:51:44', '2021-10-23 17:00:14', 1, '', 'ffdirp211120'),
(123, 'batch64', 'Geeta V Haikerwal ', '2021-10-23 16:03:02', '9450909736', '2021-10-23 17:06:46', '2021-10-23 17:34:13', 0, '', 'ffdirp211120'),
(124, 'batch64', 'Vidya sridhar', '2021-10-23 16:03:10', '9841288440', '2021-10-23 16:08:47', '2021-10-23 17:34:33', 1, '', 'ffdirp211120'),
(125, 'batch64', 'G V Rao', '2021-10-23 16:03:16', '971504238233', '2021-10-23 16:03:16', '2021-10-23 17:34:28', 1, '971', 'ffdirp211120'),
(126, 'batch64', 'Gira', '2021-10-23 16:03:44', '9428300956', '2021-10-23 17:04:31', '2021-10-23 17:34:32', 1, '91', 'ffdirp211120'),
(127, 'batch64', 'Shyama Prasad', '2021-10-23 16:03:52', '91455297', '2021-10-23 16:03:52', '2021-10-23 17:33:22', 1, '65', 'ffdirp211120'),
(128, 'batch64', 'Shanthi Gurumurthy', '2021-10-23 16:04:22', '91521564', '2021-10-24 16:43:17', '2021-10-24 16:43:47', 1, '65', 'ffdirp211120'),
(129, 'batch64', 'Anita Lata Gupta', '2021-10-23 16:04:30', '8800557237', '2021-10-23 17:04:21', '2021-10-23 17:35:07', 1, '', 'ffdirp211120'),
(130, 'batch64', 'N V MURALI', '2021-10-23 16:04:36', '9840190360', '2021-10-23 16:04:36', '2021-10-23 17:23:20', 1, '', 'ffdirp211120'),
(131, 'batch64', 'Jyoti', '2021-10-23 16:04:52', '9322012580', '2021-10-23 16:04:52', '2021-10-23 16:45:40', 1, '91', 'ffdirp211120'),
(132, 'batch64', 'Shruti Bhide ', '2021-10-23 16:05:04', '9741010312', '2021-10-23 16:05:04', '2021-10-23 17:24:00', 1, '', 'ffdirp211120'),
(133, 'batch64', 'Laxmi Narayan', '2021-10-23 16:05:06', '9833807133', '2021-10-24 01:21:20', '2021-10-24 01:22:21', 1, '', 'ffdirp211120'),
(134, 'batch64', 'Shruti Bhide', '2021-10-23 16:05:57', '9741010313', '2021-10-23 16:50:59', '2021-10-23 17:34:29', 1, '', 'ffdirp211120'),
(135, 'batch64', 'Narayanan', '2021-10-23 16:05:58', '9845369462', '2021-10-23 17:16:18', '2021-10-23 17:21:48', 1, '', 'ffdirp211120'),
(136, 'batch64', 'prasanthi', '2021-10-23 16:06:10', '9959094854', '2021-10-23 16:06:10', '2021-10-23 17:34:33', 1, '', 'ffdirp211120'),
(137, 'batch64', 'Sarveswara Rao Manne', '2021-10-23 16:06:12', '9985874366', '2021-10-23 17:07:13', '2021-10-23 17:35:44', 1, '', 'ffdirp211120'),
(138, 'batch64', 'Suja Thomas', '2021-10-23 16:06:18', '9980988477', '2021-10-23 16:06:18', '2021-10-23 20:55:56', 1, '91', 'ffdirp211120'),
(139, 'batch64', 'Vaishali khatake', '2021-10-23 16:06:31', '7756015606', '2021-10-23 16:55:22', '2021-10-23 17:36:14', 1, '91', 'ffdirp211120'),
(140, 'batch64', 'Sudha', '2021-10-23 16:06:34', '9845493304', '2021-10-23 16:12:15', '2021-10-23 16:35:13', 1, '', 'ffdirp211120'),
(141, 'batch64', 'Puran Purohit', '2021-10-23 16:07:34', '9429606020', '2021-10-23 16:07:34', '2021-10-23 16:33:57', 1, '', 'ffdirp211120'),
(142, 'batch64', 'Kiruba', '2021-10-23 16:07:53', '9972495924', '2021-10-23 16:07:53', '2021-10-23 17:35:57', 1, '', 'ffdirp211120'),
(143, 'batch64', 'Hima gopalakrishnan', '2021-10-23 16:08:10', '9740097192', '2021-10-23 16:11:23', '2021-10-23 16:21:57', 1, '', 'ffdirp211120'),
(144, 'batch64', 'Nitin ', '2021-10-23 16:08:12', '9619582007', '2021-10-23 17:16:42', '2021-10-23 17:34:13', 1, '91', 'ffdirp211120'),
(145, 'batch64', 'Vaibhav Awinashe', '2021-10-23 16:08:20', '595388316', '2021-10-23 16:37:41', '2021-10-23 17:11:44', 1, '966', 'ffdirp211120'),
(146, 'batch64', 'Chandrasekaran  S', '2021-10-23 16:08:50', '9443567637', '2021-10-23 17:31:01', '2021-10-23 17:34:19', 0, '', 'ffdirp211120'),
(147, 'batch64', 'Renu Singh', '2021-10-23 16:10:32', '9810233848', '2021-10-23 16:31:24', '2021-10-23 17:35:03', 1, '', 'ffdirp211120'),
(148, 'batch64', 'Padmavathi Vedula', '2021-10-23 16:11:31', '09511847402', '2021-10-23 16:20:02', '2021-10-23 16:38:14', 1, '91', 'ffdirp211120'),
(149, 'batch64', 'Shilpa', '2021-10-23 16:11:50', '9819343758', '2021-10-23 17:38:29', '2021-10-23 17:42:00', 1, '', 'ffdirp211120'),
(150, 'batch64', 'Kashinath Kolkur', '2021-10-23 16:12:16', '972100835', '2021-10-23 16:12:16', '2021-10-23 17:28:33', 1, '91', 'ffdirp211120'),
(151, 'batch64', 'VIJAI VERMA', '2021-10-23 16:14:09', '9036958130', '2021-10-23 16:20:16', '2021-10-23 17:31:16', 1, '91', 'ffdirp211120'),
(152, 'batch64', 'Sangeeta', '2021-10-23 16:14:50', '09423058022', '2021-10-23 16:14:50', '2021-10-23 17:17:22', 0, '', 'ffdirp211120'),
(153, 'batch64', 'Kalpana Solsi', '2021-10-23 16:15:03', '9892957799', '2021-10-23 16:15:03', '2021-10-23 17:35:15', 1, '91', 'ffdirp211120'),
(154, 'batch64', 'Sadhana hegde', '2021-10-23 16:15:20', '9819161356', '2021-10-23 16:15:20', '2021-10-23 17:07:30', 1, '', 'ffdirp211120'),
(155, 'batch64', 'BASANT SINGH', '2021-10-23 16:15:28', '08008665570', '2021-10-23 16:15:28', '2021-10-23 16:48:59', 1, '', 'ffdirp211120'),
(156, 'batch64', 'Snehalata ', '2021-10-23 16:16:59', '9975937875', '2021-10-30 04:46:57', '2021-10-30 04:47:32', 0, '', 'ffdirp211120'),
(157, 'batch64', 'T.V.Subramaniyan', '2021-10-23 16:19:19', '9560840920', '2021-10-23 16:19:19', '2021-10-23 17:34:56', 0, '91', 'ffdirp211120'),
(158, 'batch64', 'Ravikumar M', '2021-10-23 16:19:34', '09945807379', '2021-10-23 16:30:51', '2021-10-23 17:34:12', 1, '91', 'ffdirp211120'),
(159, 'batch64', 'Vasanthi ', '2021-10-23 16:20:33', '9900158613', '2021-10-23 16:32:05', '2021-10-23 17:01:02', 1, '', 'ffdirp211120'),
(160, 'batch64', 'Shraddha Tanvidkar', '2021-10-23 16:21:09', '8975663707', '2021-10-23 16:21:09', '2021-10-23 17:34:43', 1, '', 'ffdirp211120'),
(161, 'batch64', 'Saraswati Ramaswamy', '2021-10-23 16:21:34', '9820506049', '2021-10-23 16:57:03', '2021-10-23 17:37:34', 1, '91', 'ffdirp211120'),
(162, 'batch64', 'Shylaja Nathan', '2021-10-23 16:21:43', '9788094789', '2021-10-23 16:21:43', '2021-10-23 17:55:59', 1, '1', 'ffdirp211120'),
(163, 'batch64', 'Sonal', '2021-10-23 16:21:54', '7971918740', '2021-10-24 01:22:14', '2021-10-24 01:23:15', 1, '44', 'ffdirp211120'),
(164, 'batch64', 'Prasad Hardikar', '2021-10-23 16:22:24', '9820970902', '2021-10-23 16:22:24', '2021-10-23 17:57:45', 1, '', 'ffdirp211120'),
(165, 'batch64', 'Satyanarayana', '2021-10-23 16:23:27', '9448067848', '2021-10-23 16:28:55', '2021-10-23 16:46:22', 0, '', 'ffdirp211120'),
(166, 'batch64', 'ravindra babu b', '2021-10-23 16:24:10', '7981031729', '2021-10-23 16:24:10', '2021-10-23 16:25:12', 1, '', 'ffdirp211120'),
(167, 'batch64', 'Arunkumar patil', '2021-10-23 16:25:57', '9845221474', '2021-10-23 16:59:23', '2021-10-23 17:41:00', 1, '', 'ffdirp211120'),
(168, 'batch64', 'Shuchita', '2021-10-23 16:26:59', '9654741040', '2021-10-23 16:34:19', '2021-10-23 17:29:59', 1, '', 'ffdirp211120'),
(169, 'batch64', 'Shailaja v rao', '2021-10-23 16:33:34', '9035123676', '2021-10-23 16:33:34', '2021-10-23 16:38:05', 1, '91', 'ffdirp211120'),
(170, 'batch64', 'Rajiv phanse', '2021-10-23 16:33:47', '8380064011', '2021-10-24 23:36:32', '2021-10-24 23:37:33', 1, '', 'ffdirp211120'),
(171, 'batch64', 'M k CHANDEL', '2021-10-23 16:35:41', '8250932822', '2021-10-23 16:35:41', '2021-10-23 17:15:56', 1, '', 'ffdirp211120'),
(172, 'batch64', 'Ajay singh', '2021-10-23 16:35:45', '6390290384', '2021-10-23 16:35:45', '2021-10-23 16:54:46', 1, '91', 'ffdirp211120'),
(173, 'batch64', 'Amitamathur ', '2021-10-23 16:37:20', '9793210270', '2021-10-23 16:37:20', '2021-10-23 17:34:21', 1, '', 'ffdirp211120'),
(174, 'batch64', 'Ashok S', '2021-10-23 16:37:34', '8939868224', '2021-10-23 16:37:34', '2021-10-23 17:47:50', 1, '', 'ffdirp211120'),
(175, 'batch64', 'Padmavathi Vedula', '2021-10-23 16:38:25', '09511847402', '2021-10-23 16:38:25', '2021-10-23 17:01:18', 1, '', 'ffdirp211120'),
(176, 'batch64', 'Shailaja V rao', '2021-10-23 16:38:31', '9035123676', '2021-10-23 16:38:31', '2021-10-23 19:38:09', 1, '', 'ffdirp211120'),
(177, 'batch64', 'Krishna Devi', '2021-10-23 16:44:23', '9348822323', '2021-10-23 16:44:23', '2021-10-23 18:27:27', 1, '', 'ffdirp211120'),
(178, 'batch64', 'Kishore Badami', '2021-10-23 16:44:49', '9845040693', '2021-10-23 16:44:49', '2021-10-23 17:02:50', 1, '', 'ffdirp211120'),
(179, 'batch64', 'Paramjeetkaur Ghai', '2021-10-23 16:44:59', '8668772504', '2021-10-23 16:44:59', '2021-10-23 17:14:42', 0, '', 'ffdirp211120'),
(180, 'batch64', 'Jayashree ', '2021-10-23 16:45:04', '9920152056', '2021-10-23 16:45:04', '2021-10-23 17:40:21', 1, '', 'ffdirp211120'),
(181, 'batch64', 'm k Chandel', '2021-10-23 16:46:15', '8250932822', '2021-10-23 16:46:15', '2021-10-23 17:10:45', 1, '91', 'ffdirp211120'),
(182, 'batch64', 'Venugopal', '2021-10-23 16:48:02', '9448953999', '2021-10-23 16:48:02', '2021-10-23 17:02:04', 1, '', 'ffdirp211120'),
(183, 'batch64', 'Rupal Raut', '2021-10-23 16:48:58', '07718851652', '2021-10-23 16:48:58', '2021-10-23 17:06:29', 1, '91', 'ffdirp211120'),
(184, 'batch64', 'Bharathi sreedhar', '2021-10-23 16:50:32', '9740700229', '2021-10-23 16:50:32', '2021-10-23 17:34:32', 1, '', 'ffdirp211120'),
(185, 'batch64', 'Smitha', '2021-10-23 16:51:54', '9900057495', '2021-10-23 17:00:11', '2021-10-23 17:59:58', 1, '', 'ffdirp211120'),
(186, 'batch64', 'CH. v. S. S. S. SARMA', '2021-10-23 16:51:57', '9440683967', '2021-10-23 16:51:57', '2021-10-23 17:34:52', 1, '', 'ffdirp211120'),
(187, 'batch64', 'Srilatha MS ', '2021-10-23 16:53:43', '8792180479', '2021-10-23 16:53:43', '2021-10-23 17:34:44', 1, '91', 'ffdirp211120'),
(188, 'batch64', 'Shubhangi Patil', '2021-10-23 16:55:50', '9860426897', '2021-10-23 16:55:50', '2021-10-23 17:34:44', 1, '', 'ffdirp211120'),
(189, 'batch64', 'Ajit Nadgauda', '2021-10-23 17:01:26', '09930929993', '2021-10-23 17:01:26', '2021-10-23 18:03:26', 1, '91', 'ffdirp211120'),
(190, 'batch64', 'Gangadhar Machani Ramanna', '2021-10-23 17:02:28', '09848134333', '2021-10-23 17:02:28', '2021-10-23 17:16:32', 1, '91', 'ffdirp211120'),
(191, 'batch64', 'Sanjay ', '2021-10-23 17:02:58', '9819762773', '2021-10-23 17:02:58', '2021-10-23 17:13:10', 1, '', 'ffdirp211120'),
(192, 'batch64', 'Suresha Pendharkar', '2021-10-23 17:03:07', '08691944456', '2021-10-23 17:03:07', '2021-10-23 17:33:57', 0, '', 'ffdirp211120'),
(193, 'batch64', 'Ritu', '2021-10-23 17:04:17', '9818557932', '2021-10-23 17:04:17', '2021-10-23 17:34:19', 1, '91', 'ffdirp211120'),
(194, 'batch64', 'Kalaravindra ', '2021-10-23 17:04:35', '9900593836', '2021-10-24 06:06:07', '2021-10-24 06:06:37', 1, '', 'ffdirp211120'),
(195, 'batch64', 'Ramanand K S', '2021-10-23 17:05:15', '09845450447', '2021-10-23 17:05:15', '2021-10-23 17:34:16', 1, '', 'ffdirp211120'),
(196, 'batch64', 'Vatsala Narayanan', '2021-10-23 17:08:00', '09980567510', '2021-10-23 17:08:00', '2021-10-23 17:22:49', 1, '', 'ffdirp211120'),
(197, 'batch64', 'Poornima  S', '2021-10-23 17:10:42', '9845782104', '2021-10-23 17:10:42', '2021-10-23 17:20:30', 1, '', 'ffdirp211120'),
(198, 'batch64', 'Ravindar Kothapally', '2021-10-23 17:10:51', '09618544054', '2021-10-23 17:10:51', '2021-10-23 17:31:52', 1, '', 'ffdirp211120'),
(199, 'batch64', 'Maya Viswanathan', '2021-10-23 17:10:52', '9820805826', '2021-10-23 17:10:52', '2021-10-23 17:17:11', 1, '', 'ffdirp211120'),
(200, 'batch64', 'Sapna surop', '2021-10-23 17:14:43', '9880356155', '2021-10-23 17:14:43', '2021-10-23 17:34:14', 1, '91', 'ffdirp211120'),
(201, 'batch64', 'Sangeeta ', '2021-10-23 17:17:55', '9423058022', '2021-10-23 17:17:55', '2021-10-23 17:34:26', 1, '', 'ffdirp211120'),
(202, 'batch64', 'Sunil Kumar', '2021-10-23 17:20:16', '9972115102', '2021-10-23 17:31:45', '2021-10-23 17:34:45', 1, '', 'ffdirp211120'),
(203, 'batch64', 'SRINIVAS KRISHNAMOORTHY', '2021-10-23 17:21:58', '9632830096', '2021-10-23 17:21:58', '2021-10-23 17:39:28', 1, '91', 'ffdirp211120'),
(204, 'batch64', 'MANOHAR', '2021-10-23 17:22:47', '09821607820', '2021-10-23 17:33:02', '2021-10-23 17:34:14', 0, '91', 'ffdirp211120'),
(205, 'batch64', 'Krithiga Ram Prasad', '2021-10-23 17:27:02', '09791103460', '2021-10-23 17:27:02', '2021-10-23 17:34:35', 1, '', 'ffdirp211120'),
(206, 'batch64', 'Kashinath Kolkur', '2021-10-23 17:28:14', '9702100835', '2021-10-23 17:37:29', '2021-10-23 17:40:00', 1, '91', 'ffdirp211120'),
(207, 'batch64', 'Jayshree Shanker', '2021-10-23 17:28:35', '9972466622', '2021-10-23 17:28:35', '2021-10-23 17:39:37', 1, '91', 'ffdirp211120'),
(208, 'batch64', 'rashmi mathur', '2021-10-23 17:32:02', '9970289322', '2021-10-23 17:32:02', '2021-10-23 17:34:33', 1, '', 'ffdirp211120'),
(209, 'batch64', 'Deepa', '2021-10-23 17:37:35', '893949370', '2021-10-23 17:37:35', '2021-10-23 17:38:37', 1, '', 'ffdirp211120'),
(210, 'batch64', 'Jayakshi', '2021-10-23 17:40:38', '9870436152', '2021-10-23 17:41:58', '2021-10-23 17:42:58', 1, '91', 'ffdirp211120'),
(211, 'batch64', 'Jaypal Rawal', '2021-10-23 18:02:37', '9423890580', '2021-10-23 18:02:37', '2021-10-23 18:04:40', 1, '91', 'ffdirp211120'),
(212, 'batch64', 'Deepak Rathod', '2021-10-23 18:14:36', '09833121014', '2021-10-23 18:14:36', '2021-10-23 18:20:37', 1, '', 'ffdirp211120'),
(213, 'batch64', 'Bharat Patil', '2021-10-23 18:32:34', '09979891095', '2021-10-23 18:32:34', '2021-10-23 18:33:04', 1, '', 'ffdirp211120'),
(214, 'batch64', 'Malhar ', '2021-10-23 18:32:50', '9850839063', '2021-10-23 18:32:50', '2021-10-23 18:36:21', 1, '', 'ffdirp211120'),
(215, 'batch64', 'Siddalingesh S', '2021-10-23 18:33:53', '9880659435', '2021-10-23 18:33:53', '2021-10-23 18:38:56', 0, '', 'ffdirp211120'),
(216, 'batch64', 'Sujaths', '2021-10-23 18:34:59', '2488047794', '2021-10-23 18:34:59', '2021-10-23 18:35:29', 1, '1', 'ffdirp211120'),
(217, 'batch64', 'Trishula Joshi', '2021-10-23 19:57:16', '9448479172', '2021-10-24 06:18:16', '2021-10-24 06:24:37', 1, '', 'ffdirp211120'),
(218, 'batch64', 'Fredrick Rajkumar ', '2021-10-23 20:08:59', '9900181994', '2021-10-23 20:08:59', '2021-10-23 20:09:29', 1, '', 'ffdirp211120'),
(219, 'batch64', 'Vaishali', '2021-10-23 20:26:48', '9850500032', '2021-11-09 15:29:30', '2021-11-09 15:30:00', 1, '', 'ffdirp211120'),
(220, 'batch64', 'Saif', '2021-10-24 09:13:05', '9920039144', '2021-10-24 09:13:05', '2021-10-24 09:13:35', 1, '', 'ffdirp211120'),
(221, 'batch64', 'à²‰à²·à²¾à²°à²¾à²µà³', '2021-10-24 14:49:31', '881660161', '2021-10-24 14:49:31', '2021-10-24 14:50:01', 1, '', 'ffdirp211120'),
(222, 'batch64', 'Manoj Kulkarni', '2021-10-24 17:13:16', '9403863678', '2021-10-24 17:13:16', '2021-10-24 17:13:46', 1, '', 'ffdirp211120'),
(223, 'batch64', 'BAMNODKAR ANIL KRISHNARAO ', '2021-10-24 22:01:04', '90614721', '2021-10-24 22:01:04', '2021-10-24 22:02:13', 1, '65', 'ffdirp211120'),
(224, 'batch64', 'Falguni Tejani', '2021-10-25 11:24:45', '9820588759', '2021-10-25 11:24:45', '2021-10-25 11:25:15', 1, '91', 'ffdirp211120'),
(225, 'batch64', 'Paresh shah', '2021-10-25 15:56:07', '9831097216', '2021-10-25 15:56:07', '2021-10-25 15:56:37', 1, '91', 'ffdirp211120'),
(226, 'batch64', 'Anjali', '2021-10-26 12:10:39', '09323751160', '2021-10-26 12:10:39', '2021-10-26 12:11:09', 1, '91', 'ffdirp211120'),
(227, 'batch64', 'Shahida alam', '2021-10-30 11:19:40', '7007389865', '2021-10-30 11:19:40', '2021-10-30 11:20:10', 1, '91', 'ffdirp211120'),
(228, 'batch64', 'ASHOK BHAWNANI', '2021-11-03 06:29:26', '9820271667', '2021-11-03 06:29:26', '2021-11-03 06:29:56', 1, '', 'ffdirp211120'),
(229, 'batch64', 'Anju gupta', '2021-11-10 08:46:55', '9899204204', '2021-11-10 08:46:55', '2021-11-10 08:52:51', 1, '91', 'ffdirp211120');

--
-- Indexes for dumped tables
--

--
-- Indexes for table `tbl_questions`
--
ALTER TABLE `tbl_questions`
  ADD PRIMARY KEY (`id`);

--
-- Indexes for table `tbl_users`
--
ALTER TABLE `tbl_users`
  ADD PRIMARY KEY (`id`);

--
-- AUTO_INCREMENT for dumped tables
--

--
-- AUTO_INCREMENT for table `tbl_questions`
--
ALTER TABLE `tbl_questions`
  MODIFY `id` int(11) NOT NULL AUTO_INCREMENT, AUTO_INCREMENT=332;
--
-- AUTO_INCREMENT for table `tbl_users`
--
ALTER TABLE `tbl_users`
  MODIFY `id` int(3) NOT NULL AUTO_INCREMENT, AUTO_INCREMENT=230;
/*!40101 SET CHARACTER_SET_CLIENT=@OLD_CHARACTER_SET_CLIENT */;
/*!40101 SET CHARACTER_SET_RESULTS=@OLD_CHARACTER_SET_RESULTS */;
/*!40101 SET COLLATION_CONNECTION=@OLD_COLLATION_CONNECTION */;
