-- phpMyAdmin SQL Dump
-- version 4.6.6deb5ubuntu0.5
-- https://www.phpmyadmin.net/
--
-- Host: localhost:3306
-- Generation Time: Feb 09, 2022 at 06:51 AM
-- Server version: 5.7.36-0ubuntu0.18.04.1
-- PHP Version: 7.2.24-0ubuntu0.18.04.10

SET SQL_MODE = "NO_AUTO_VALUE_ON_ZERO";
SET time_zone = "+00:00";


/*!40101 SET @OLD_CHARACTER_SET_CLIENT=@@CHARACTER_SET_CLIENT */;
/*!40101 SET @OLD_CHARACTER_SET_RESULTS=@@CHARACTER_SET_RESULTS */;
/*!40101 SET @OLD_COLLATION_CONNECTION=@@COLLATION_CONNECTION */;
/*!40101 SET NAMES utf8mb4 */;

--
-- Database: `coact_ffd_31july`
--

-- --------------------------------------------------------

--
-- Table structure for table `tbl_countries`
--

CREATE TABLE `tbl_countries` (
  `country` varchar(43) DEFAULT NULL,
  `cntry_code` varchar(5) DEFAULT NULL
) ENGINE=MyISAM DEFAULT CHARSET=utf8;

--
-- Dumping data for table `tbl_countries`
--

INSERT INTO `tbl_countries` (`country`, `cntry_code`) VALUES
('Afghanistan', '93'),
('Albania', '355'),
('Algeria', '213'),
('American Samoa', '1-684'),
('Andorra', '376'),
('Angola', '244'),
('Anguilla', '1-264'),
('Antarctica', '672'),
('Antigua', '1-268'),
('Argentina', '54'),
('Armenia', '374'),
('Aruba', '297'),
('Ascension', '247'),
('Australia', '61'),
('Australian External Territories', '672'),
('Austria', '43'),
('Azerbaijan', '994'),
('Bahamas', '1-242'),
('Bahrain', '973'),
('Bangladesh', '880'),
('Barbados', '1-246'),
('Barbuda', '1-268'),
('Belarus', '375'),
('Belgium', '32'),
('Belize', '501'),
('Benin', '229'),
('Bermuda', '1-441'),
('Bhutan', '975'),
('Bolivia', '591'),
('Bosnia & Herzegovina', '387'),
('Botswana', '267'),
('Brazil', '55'),
('British Virgin Islands', '1-284'),
('Brunei Darussalam', '673'),
('Bulgaria', '359'),
('Burkina Faso', '226'),
('Burundi', '257'),
('Cambodia', '855'),
('Cameroon', '237'),
('Canada', '1'),
('Cape Verde Islands', '238'),
('Cayman Islands', '1-345'),
('Central African Republic', '236'),
('Chad', '235'),
('Chatham Island (New Zealand)', '64'),
('Chile', '56'),
('China (PRC)', '86'),
('Christmas Island', '61-8'),
('', ''),
('Cocos-Keeling Islands', '61'),
('Colombia', '57'),
('Comoros', '269'),
('Congo', '242'),
('Congo, Dem. Rep. of?', '243'),
('Cook Islands', '682'),
('Costa Rica', '506'),
('C?te d\'Ivoire', '225'),
('Croatia', '385'),
('Cuba', '53'),
('Cuba', '5399'),
('Cura?ao', '599'),
('Cyprus', '357'),
('Czech Republic', '420'),
('Denmark', '45'),
('Diego Garcia', '246'),
('Djibouti', '253'),
('Dominica', '1-767'),
('Dominican Republic', '1-809'),
('East Timor', '670'),
('Easter Island', '56'),
('Ecuador', '593'),
('Egypt', '20'),
('El Salvador', '503'),
('Equatorial Guinea', '240'),
('Eritrea', '291'),
('Estonia', '372'),
('Ethiopia', '251'),
('Falkland Islands', '500'),
('Faroe Islands', '298'),
('Fiji Islands', '679'),
('Finland', '358'),
('France', '33'),
('French Antilles', '596'),
('French Guiana', '594'),
('French Polynesia', '689'),
('Gabonese Republic', '241'),
('Gambia', '220'),
('Georgia', '995'),
('Germany', '49'),
('Ghana', '233'),
('Gibraltar', '350'),
('Greece', '30'),
('Greenland', '299'),
('Grenada', '1-473'),
('Guadeloupe', '590'),
('Guam', '1-671'),
('Guantanamo Bay', '5399'),
('Guatemala', '502'),
('Guinea-Bissau', '245'),
('Guinea', '224'),
('Guyana', '592'),
('Haiti', '509'),
('Honduras', '504'),
('Hong Kong', '852'),
('Hungary', '36'),
('Iceland', '354'),
('India', '91'),
('Indonesia', '62'),
('Inmarsat (Atlantic Ocean - East)', '871'),
('Inmarsat (Atlantic Ocean - West)', '874'),
('Inmarsat (Indian Ocean)', '873'),
('Inmarsat (Pacific Ocean)', '872'),
('International Freephone Service', '800'),
('International Shared Cost Service (ISCS)', '808'),
('Iran', '98'),
('Iraq', '964'),
('Ireland', '353'),
('Iridium', '8816'),
('Israel', '972'),
('Italy', '39'),
('Jamaica', '1-876'),
('Japan', '81'),
('Jordan', '962'),
('Kazakhstan', '7'),
('Kenya', '254'),
('Kiribati', '686'),
('Korea (North)', '850'),
('Korea (South)', '82'),
('Kuwait', '965'),
('Kyrgyz Republic', '996'),
('Laos', '856'),
('Latvia', '371'),
('Lebanon', '961'),
('Lesotho', '266'),
('Liberia', '231'),
('Libya', '218'),
('Liechtenstein', '423'),
('Lithuania', '370'),
('Luxembourg', '352'),
('Macao', '853'),
('Macedonia', '389'),
('Madagascar', '261'),
('Malawi', '265'),
('Malaysia', '60'),
('Maldives', '960'),
('Mali Republic', '223'),
('Malta', '356'),
('Marshall Islands', '692'),
('Martinique', '596'),
('Mauritania', '222'),
('Mauritius', '230'),
('Mayotte Island', '269'),
('Mexico', '52'),
('Micronesia, (Federal States of)', '691'),
('Midway Island', '1-808'),
('Moldova', '373'),
('Monaco', '377'),
('Mongolia', '976'),
('Montenegro', '382'),
('Montserrat', '1-664'),
('Morocco', '212'),
('Mozambique', '258'),
('Myanmar', '95'),
('Namibia', '264'),
('Nauru', '674'),
('Nepal', '977'),
('Netherlands', '31'),
('Netherlands Antilles', '599'),
('Nevis', '1-869'),
('New Caledonia', '687'),
('New Zealand', '64'),
('Nicaragua', '505'),
('Niger', '227'),
('Nigeria', '234'),
('Niue', '683'),
('Norfolk Island', '672'),
('Northern Marianas Islands', '1-670'),
('', ''),
('Norway', '47'),
('Oman', '968'),
('Pakistan', '92'),
('Palau', '680'),
('Palestinian Settlements', '970'),
('Panama', '507'),
('Papua New Guinea', '675'),
('Paraguay', '595'),
('Peru', '51'),
('Philippines', '63'),
('Poland', '48'),
('Portugal', '351'),
('Puerto Rico', '1-787'),
('Qatar', '974'),
('R?union Island', '262'),
('Romania', '40'),
('Russia', '7'),
('Rwandese Republic', '250'),
('St. Helena', '290'),
('St. Kitts/Nevis', '1-869'),
('St. Lucia', '-757'),
('St. Pierre & Miquelon', '508'),
('St. Vincent & Grenadines', '1-784'),
('Samoa', '685'),
('San Marino', '378'),
('S?o Tom? and Principe', '239'),
('Saudi Arabia', '966'),
('Senegal', '221'),
('Serbia', '381'),
('Seychelles Republic', '248'),
('Sierra Leone', '232'),
('Singapore', '65'),
('Slovak Republic', '421'),
('Slovenia', '386'),
('Solomon Islands', '677'),
('Somali Democratic Republic', '252'),
('South Africa', '27'),
('Spain', '34'),
('Sri Lanka', '94'),
('Sudan', '249'),
('Suriname', '597'),
('Swaziland', '268'),
('Sweden', '46'),
('Switzerland', '41'),
('Syria', '963'),
('Taiwan', '886'),
('Tajikistan', '992'),
('Tanzania', '255'),
('Thailand', '66'),
('Thuraya (Mobile Satellite service)', '88216'),
('Timor Leste', '670'),
('Togolese Republic', '228'),
('Tokelau', '690'),
('Tonga Islands', '676'),
('Trinidad & Tobago', '1-868'),
('Tunisia', '216'),
('Turkey', '90'),
('Turkmenistan', '993'),
('Turks and Caicos Islands', '1-649'),
('Tuvalu', '688'),
('Uganda', '256'),
('Ukraine', '380'),
('United Arab Emirates', '971'),
('United Kingdom', '44'),
('United States of America', '1'),
('US Virgin Islands', '1-340'),
('Universal Personal Telecommunications (UPT)', '878'),
('Uruguay', '598'),
('Uzbekistan', '998'),
('Vanuatu', '678'),
('Vatican City', '39'),
('Venezuela', '58'),
('Vietnam', '84'),
('Wake Island', '808');

-- --------------------------------------------------------

--
-- Table structure for table `tbl_questions`
--

CREATE TABLE `tbl_questions` (
  `id` int(11) NOT NULL,
  `user_batch` varchar(10) NOT NULL,
  `user_name` varchar(255) NOT NULL,
  `user_phone` varchar(15) NOT NULL,
  `user_question` varchar(500) NOT NULL,
  `asked_at` datetime NOT NULL,
  `user_code` varchar(10) NOT NULL,
  `speaker` int(11) NOT NULL DEFAULT '0',
  `answered` int(11) NOT NULL DEFAULT '0',
  `eventname` varchar(50) NOT NULL,
  `responded` int(11) DEFAULT '0',
  `doctor` int(11) DEFAULT '0',
  `diet` int(11) DEFAULT '0',
  `exercise` int(11) DEFAULT '0',
  `mentor` int(11) DEFAULT '0',
  `operations` int(11) DEFAULT '0',
  `remark` varchar(250) DEFAULT NULL
) ENGINE=MyISAM DEFAULT CHARSET=latin1;

--
-- Dumping data for table `tbl_questions`
--

INSERT INTO `tbl_questions` (`id`, `user_batch`, `user_name`, `user_phone`, `user_question`, `asked_at`, `user_code`, `speaker`, `answered`, `eventname`, `responded`, `doctor`, `diet`, `exercise`, `mentor`, `operations`, `remark`) VALUES
(1, 'batch61', 'vibhav', '32345345', 'Hii', '2021-07-29 11:20:41', '', 0, 0, 'ffdirp211120', 0, 0, 0, 0, 0, 0, NULL),
(2, 'batch61', 'vibhav', '32345345', 'Hii', '2021-07-29 11:20:52', '', 0, 0, 'ffdirp211120', 0, 0, 0, 0, 0, 0, NULL),
(3, 'batch61', 'Shikha Nigam', '9919276576', 'Thanks in abundance team FFD !!! It has been a great journey! Hope your guidance will make life sweeter ahead. Almost all targets achieved, weight loss still requiredâ€™ pls guide.', '2021-07-30 18:31:23', '91', 0, 0, 'ffdirp211120', 0, 0, 0, 0, 0, 0, NULL),
(4, 'batch61', 'Neelakshi oak', '09028545346', 'Should I start taking calcium ', '2021-07-31 17:47:12', '', 0, 0, 'ffdirp211120', 0, 0, 0, 0, 0, 0, NULL),
(5, 'batch61', 'Sunil Vipat', '9819827658', 'I have paid for extension of my FFD program for 6 more months. Do I remain a batch 61 member or shifted to another batch? Please advise. ', '2021-07-31 18:19:41', '', 0, 0, 'ffdirp211120', 0, 0, 0, 0, 0, 0, NULL),
(6, 'batch61', 'Sarita Dalmiya', '8107595683', 'Can I continue for another 3mths.if so what wld be the formalities', '2021-07-31 18:22:37', '91', 0, 0, 'ffdirp211120', 0, 0, 0, 0, 0, 0, NULL),
(7, 'batch61', 'Madhura Joshi', '9689928560', 'Thank you FFD for your support and knowledge.I have gained a lot of information about all sides of diabetes. Diet, exercise and mental peace! It was a great experience with you all.', '2021-07-31 18:23:02', '91', 0, 0, 'ffdirp211120', 0, 0, 0, 0, 0, 0, NULL),
(8, 'batch61', 'Narayan Surya Prakash', '8807050018', 'Hb1Ac down from 8.2 with 2 medicines twice daily to 6.1 without any medicine. Off cholestrol medicine. Weight down from 78.2 to 66.9. All in 3 months time. But, I haven\'t gone past stage 2 and am maintaining. I have not got into intensive phase due to travel. What is my Way Forward and can I still get support? I am 63. I am a Coach and Mentor. ', '2021-07-31 18:23:10', '91', 0, 0, 'ffdirp211120', 0, 0, 0, 0, 0, 0, NULL),
(9, 'batch61', 'Shikha Nigam', '9919276576', 'Thanks is a small word Dr, Pls be the guiding light always!!! Need blessings from all to clear GTT ðŸ™ðŸ™', '2021-07-31 18:27:38', '91', 0, 0, 'ffdirp211120', 0, 0, 0, 0, 0, 0, NULL),
(10, 'batch61', 'Pramendra Dutt Kale', '7860030472', 'Good evening.', '2021-07-31 18:27:58', '91', 0, 0, 'ffdirp211120', 0, 0, 0, 0, 0, 0, NULL),
(11, 'batch61', 'Subhas Das', '9879102700', 'my FBS is remaining between 103 to 110 since last three months despite using methods suggested by Diet teams ', '2021-07-31 18:29:08', '91', 0, 0, 'ffdirp211120', 0, 0, 0, 0, 0, 0, NULL),
(12, 'batch61', 'Subhas Das', '9879102700', 'No question', '2021-07-31 18:30:01', '91', 0, 0, 'ffdirp211120', 0, 0, 0, 0, 0, 0, NULL),
(13, 'batch61', 'DNageshwari', '9849539098', 'Thank you , Dr Tripathi for this wonderful journey. Wishing you success in all your endeavours', '2021-07-31 18:30:04', '', 0, 0, 'ffdirp211120', 0, 0, 0, 0, 0, 0, NULL),
(14, 'batch61', 'Shikha Nigam', '9919276576', 'Having mixed feelings but always an FFDIAN now !!!!', '2021-07-31 18:31:37', '91', 0, 0, 'ffdirp211120', 0, 0, 0, 0, 0, 0, NULL),
(15, 'batch61', 'Jayasri', '924646255', 'How Diabeties is cause for urinary trac infection?', '2021-07-31 18:31:45', '', 0, 0, 'ffdirp211120', 0, 0, 0, 0, 0, 0, NULL),
(16, 'batch61', 'KIRAN NAGARE', '922174920', 'Hi sir ge ', '2021-07-31 18:32:23', '91', 0, 0, 'ffdirp211120', 0, 0, 0, 0, 0, 0, NULL),
(17, 'batch61', 'Rajendra Hosmani', '8806660780', 'My sincere thanks to Dr Tripati, Dr, Niyati Patel and Dr Malhar for being with me in the journey of freeing for diabetics ....Insulin... Lots of learning and positive towards good beginning toward mindful health .. Deepest gratitude to FFD... Dhanavada....@ Rajendra ', '2021-07-31 18:35:34', '91', 0, 0, 'ffdirp211120', 0, 0, 0, 0, 0, 0, NULL),
(18, 'batch61', 'Bhoomi', '9860223614', 'Sir...any type 1 has reversed???', '2021-07-31 18:37:45', '91', 0, 0, 'ffdirp211120', 0, 0, 0, 0, 0, 0, NULL),
(19, 'batch61', 'PICHAI RAMESH', '09940444669', 'live video not streaming\r\n', '2021-07-31 18:40:16', '91', 0, 0, 'ffdirp211120', 0, 0, 0, 0, 0, 0, NULL),
(20, 'batch61', 'V.sujatha Sudarshan', '9986465724', 'Please open fffd centre in bengaluru ', '2021-07-31 18:40:17', '', 0, 0, 'ffdirp211120', 0, 0, 0, 0, 0, 0, NULL),
(21, 'batch61', 'Punam Mewara ', '9430352400', 'Good evening sir \r\nI want to do my suger reeves but I m in the mid way there is lots of hurdles I m not able to handle them lots of health issues ', '2021-07-31 18:43:35', '', 0, 0, 'ffdirp211120', 0, 0, 0, 0, 0, 0, NULL),
(22, 'batch61', 'Jayaprakash Ponraj', '0528713344', 'I lost 25kg. Thanks a lot for your creative content. Great work.\r\n', '2021-07-31 18:44:02', '971', 0, 0, 'ffdirp211120', 0, 0, 0, 0, 0, 0, NULL),
(23, 'batch61', 'Shriram Ghatpande', '9892509675', 'Sir, My weight was 11.5 Kgs and today my weight is 73.5 Kgs. So, my weight loss is 38 Kgs. Thanks for amounting me the winner with 34 Kgs weight loss.', '2021-07-31 18:45:16', '91', 0, 0, 'ffdirp211120', 0, 0, 0, 0, 0, 0, NULL),
(24, 'batch61', 'Sathyajit Rai', '9004855123', 'What are your plans for those who didnâ€™t achieve their targets, now that they will not be part of the app. I still cannot access the choose your program in the app. I have an iPhone. ', '2021-07-31 18:46:44', '', 0, 0, 'ffdirp211120', 0, 0, 0, 0, 0, 0, NULL),
(25, 'batch61', 'Smt Sohagi Majhi', '8847849511', 'To consult Dr in future what to do ?', '2021-07-31 18:46:44', '', 0, 0, 'ffdirp211120', 0, 0, 0, 0, 0, 0, NULL),
(26, 'batch61', 'Shashi Saraf', '09330996281', 'It\'s offline now?', '2021-07-31 18:49:46', '', 0, 0, 'ffdirp211120', 0, 0, 0, 0, 0, 0, NULL),
(27, 'batch61', 'V.sujatha Sudarshan', '9986465724', 'I want to  continue  for another  3 months  what is  the  process  and amount ', '2021-07-31 18:50:41', '', 0, 0, 'ffdirp211120', 0, 0, 0, 0, 0, 0, NULL),
(28, 'batch61', 'Sridhar Rammurthy', '9833173636', 'Weight has gone up. Low on exercise', '2021-07-31 18:50:52', '', 0, 0, 'ffdirp211120', 0, 0, 0, 0, 0, 0, NULL),
(29, 'batch61', 'Ashok Kandasamy', '9884203690', 'My fasting bsl is around 140 without tablets at night and with tablets(Metformin 500mg) it is <120. How long I have to continue the tablets. I tried all options like early dinner, appe cider vinegar at night but, not woroking. do I need to continue with the tablets or when can i stop having the tablets.', '2021-07-31 18:53:28', '', 0, 0, 'ffdirp211120', 0, 0, 0, 0, 0, 0, NULL),
(30, 'batch61', 'NILESH WADEKAR', '9822800574', 'i loss weight  21.5 kgs Nilesh Wadekar', '2021-07-31 18:54:07', '', 0, 0, 'ffdirp211120', 1, 0, 0, 0, 0, 1, NULL),
(31, 'batch61', 'Amirali Jalaludin maredia', '9820700322', 'I want extend course what we have pay extra fees. Is our course extend to how many month', '2021-07-31 18:56:53', '', 0, 0, 'ffdirp211120', 0, 0, 0, 0, 0, 0, NULL),
(32, 'batch61', 'VIJAYANAND POTDAR ', '9869394341', 'I am diabetic for almost 25 yrs. My tablets reduced from four & half to one * half. My bptablet from one to half. If i want to continue for six months what is to be done', '2021-07-31 18:57:02', '91', 0, 0, 'ffdirp211120', 1, 0, 0, 0, 0, 0, NULL),
(33, 'batch61', 'Rukmini K', '9886587065', 'Happy to see the batch reports. Great work !!!', '2021-07-31 18:57:22', '91', 0, 0, 'ffdirp211120', 1, 0, 0, 0, 0, 0, NULL),
(34, 'batch61', 'Sharad ', '9820305958', 'Why getting free from hypertension medication is low at 12%?  What more should I do to get rid of it? ', '2021-07-31 18:57:24', '', 0, 0, 'ffdirp211120', 1, 0, 0, 0, 0, 0, NULL),
(35, 'batch61', 'Sunil Vipat', '9819827658', 'Good program. Became free of Medications. Hats off to you.', '2021-07-31 18:57:33', '', 0, 0, 'ffdirp211120', 1, 0, 0, 0, 0, 0, NULL),
(36, 'batch61', 'Ashish kothari', '9867192456', 'feeling great sir.just waiting to clear GtT', '2021-07-31 18:57:44', '91', 0, 0, 'ffdirp211120', 1, 0, 0, 0, 0, 0, NULL),
(37, 'batch61', 'Nithya Gnaneswari', '9789269540', 'thank you very much sir for this one year learning.in the middle i slowed down with certain issues. though my hba1c drop is 4.5 points.my cholestrol goes up with medicine stoppage and wt reduction was 13kg.now let me continue the programme and work for this sir.my ecg and echo which showed av1 block is now reversed.thankyou very much and i will really miss your live sessions sir.feeling sad for this ', '2021-07-31 18:58:30', '', 0, 0, 'ffdirp211120', 0, 0, 0, 0, 0, 0, NULL),
(38, 'batch61', 'LAKSHMI NARAYANA GATTU', '9550799667', 'Hai sir good evening, due to some un avoidable circumstance and effected with covid -19 unable to follow ffd protocal. shall i start again\r\n', '2021-07-31 18:58:42', '', 0, 0, 'ffdirp211120', 0, 0, 0, 0, 0, 0, NULL),
(39, 'batch61', 'Shriram Ghatpande', '9892509675', 'Feeling elated Sir with the results. Very greatful to you and whole FFD Team - Special Appreciation to my Dietecian - Ms. Sayali Bhagwat and Dr. Mrinalini Thorat.  ', '2021-07-31 18:59:06', '91', 0, 0, 'ffdirp211120', 0, 0, 0, 0, 0, 0, NULL),
(40, 'batch61', 'Vivek Borgaonkar', '7774004552', 'Hats off to all members.\r\nBig thanks to you sir\r\n\r\nQuestion is what next', '2021-07-31 18:59:07', '91', 0, 0, 'ffdirp211120', 0, 0, 0, 0, 0, 0, NULL),
(41, 'batch61', 'Rajendra Hosmani', '8806660780', '<23 BMI - Insulin free within 20 days.. But got lost at 4 stage for Athletics need some good handholding.. Awesome journey... \r\n ', '2021-07-31 18:59:18', '91', 0, 0, 'ffdirp211120', 0, 0, 0, 0, 0, 0, NULL),
(42, 'batch61', 'Shikha Nigam', '9919276576', 'My bmi is 25.22 but it shows in the > 30 catagory', '2021-07-31 18:59:41', '91', 0, 0, 'ffdirp211120', 0, 0, 0, 0, 0, 0, NULL),
(43, 'batch61', 'Ashok Kumar', '9740733533', 'Due to covid I couldnt continue the program and overall getting better and would like to continue the program, but 3 months gap didnt allow to continue the program, can i continue in next batch to take benefit of this program ? Ashok', '2021-07-31 19:00:09', '', 0, 0, 'ffdirp211120', 0, 0, 0, 0, 0, 0, NULL),
(44, 'batch61', 'Kiran Hiralkar', '9370420122', 'Sir, I have cleared GTT in 2020.  Should I introduce milk and animal products now ?', '2021-07-31 19:01:13', '91', 0, 0, 'ffdirp211120', 0, 0, 0, 0, 0, 0, NULL),
(45, 'batch61', 'Manish Bhati', '9958530234', 'Not a question but a review. I have not been able to complete my goal. Lost father in February. But what I am able to achieve is Athletic ability, can run 10+ KM. Preparing for half marathon, off insulin and medicines, and the most important thing - Gain Knowledge which is invaluable. Thanks for all the support. Journey continues.', '2021-07-31 19:01:50', '', 0, 0, 'ffdirp211120', 0, 0, 0, 0, 0, 0, NULL),
(46, 'batch61', 'Seetha Ananthasivan', '8088749738', 'Thank you Dr Pramod. Feel like you are an old friend. Although as a low BMI person, I lost weight but my Hba1c is 6.1.   \r\nHope more attention is paid to low bmi people in future. And those with high Vata prakruti, since it is tough for us to have much raw foods and less fats.\r\nThanks and God bless you.\r\n\r\n', '2021-07-31 19:02:18', '', 0, 0, 'ffdirp211120', 0, 0, 0, 0, 0, 0, NULL),
(47, 'batch61', 'Jayaprakash Ponraj', '0528713344', 'First of all, I wish to thank all the support for my weight loss more than 25 kg. In fact I lost my weight from 115 to 83 now (169 height). I have a challenge reducing from my current BMI 30.  I do every 4-day SNC, 1-day 1 meal, and two days 2 meal plan continuously for many weeks.', '2021-07-31 19:02:36', '971', 0, 0, 'ffdirp211120', 0, 0, 0, 0, 0, 0, NULL),
(48, 'batch61', 'V.sujatha Sudarshan', '9986465724', 'Can we have education  portal for  lifetime  and inner transformation  meditation  also lifetime ', '2021-07-31 19:04:38', '', 0, 0, 'ffdirp211120', 0, 0, 0, 0, 0, 0, NULL),
(49, 'batch61', 'NILESH WADEKAR', '9822800574', 'is this book in Hindi or Marathi', '2021-07-31 19:06:07', '', 0, 0, 'ffdirp211120', 0, 0, 0, 0, 0, 0, NULL),
(50, 'batch61', 'Anuj Maheshwari', '9927047840', 'My BMI is 19.7. Finding very difficult to maintain balance between BSL and weight Gain. Any guidance', '2021-07-31 19:06:29', '', 0, 0, 'ffdirp211120', 0, 0, 0, 0, 0, 0, NULL),
(51, 'batch61', 'Ashish kothari', '9867192456', 'sir my B12 ia always below 300,even after taking 10 shots of b12 injections,what should i eat more to increase this level and can i start eating cheese after clearing GTT to increase b12', '2021-07-31 19:08:18', '91', 0, 0, 'ffdirp211120', 0, 0, 0, 0, 0, 0, NULL),
(52, 'batch61', 'Pramendra Dutt Kale', '7860030472', 'Can I forward the latest medical reports in next 15 to 20 days to get final consultation with Doctor?', '2021-07-31 19:13:06', '91', 0, 0, 'ffdirp211120', 0, 0, 0, 0, 0, 0, NULL),
(53, 'batch61', 'Sunil Vipat', '9819827658', 'Can we have non-veg food and alcohol in moderation?', '2021-07-31 19:13:07', '', 0, 0, 'ffdirp211120', 0, 0, 0, 0, 0, 0, NULL),
(54, 'batch61', 'Nisit Mandla', '09246211828', 'I\'m still on hypertension medicine, can I get the needful help in getting free from medicine though my subscription is over ?', '2021-07-31 19:13:36', '', 0, 0, 'ffdirp211120', 0, 0, 0, 0, 0, 0, NULL),
(55, 'batch61', 'Ramnath', '8600410994', 'Glycine gp frd à¤•à¤¡à¥‚à¤¨ à¤¦à¥‡à¤£à¥à¤¯à¤¾à¤¤ à¤†à¤²à¥‡ à¤†à¤¹à¥‡. à¤­à¤µà¤¿à¤·à¥à¤¯à¤¾à¤¤ à¤•à¤¾à¤¯à¤®à¤¸à¥à¤µà¤°à¥‚à¤ªà¥€ à¤šà¤¾à¤²à¥‚ à¤ à¥‡à¤µà¤²à¥à¤¯à¤¾à¤¸ à¤šà¤¾à¤²à¥‡à¤² à¤•à¤¾?', '2021-07-31 19:13:52', '91', 0, 0, 'ffdirp211120', 0, 0, 0, 0, 0, 0, NULL),
(56, 'batch61', 'Sathyajit Rai', '9004855123', 'Will there be a physical meet of the batch at Pune after Covid. ', '2021-07-31 19:14:03', '', 0, 0, 'ffdirp211120', 0, 0, 0, 0, 0, 0, NULL),
(57, 'batch61', 'NILESH WADEKAR', '9822800574', 'i do the Athleytic identity. I do 150 surynamaskar and Yoga and also 80 kms cycling.\r\n', '2021-07-31 19:15:35', '', 0, 0, 'ffdirp211120', 0, 0, 0, 0, 0, 0, NULL),
(58, 'batch61', 'Shriya M', '08105065656', 'Hello, can you talk about details regarding Type 1 of 61st batch?', '2021-07-31 19:16:43', '91', 0, 0, 'ffdirp211120', 0, 0, 0, 0, 0, 0, NULL),
(59, 'batch61', 'Aruna Khare', '9926564686', 'I have 26years old Diabetes, BP, Thyroid. When I joined I was 90kg, now I\'m 56kg today. Strictly follow karti hu diet aur exercise. Medicine band hoti hai but agar 1 diet me thoda bhi kuch disturb hota to wapas BSL badhne lagta hai. 160-200 k beech jata hai. 1 saal poora follow kiya hai strictly without any cheat aur abhi bhi kar rahi magar fir bhi GTT nai de paayi. Meri medicine nai band hogi kya kabhi? HBA1C 6.4 aaya tha is bar.', '2021-07-31 19:20:30', '', 0, 0, 'ffdirp211120', 0, 0, 0, 0, 0, 0, NULL),
(60, 'batch61', 'GANAPATHI R', '9740061740', '3214\r\n', '2021-07-31 19:22:03', '', 0, 0, 'ffdirp211120', 1, 0, 0, 0, 0, 0, NULL),
(61, 'batch61', 'Sunil Vipat', '9819827658', '3, 2, 1, 4', '2021-07-31 19:22:05', '', 0, 0, 'ffdirp211120', 0, 0, 0, 0, 0, 0, NULL),
(62, 'batch61', 'Rukmini K', '9886587065', '3214\r\n', '2021-07-31 19:22:05', '91', 0, 0, 'ffdirp211120', 0, 0, 0, 0, 0, 0, NULL),
(63, 'batch61', 'Udit', '561808577', '3421\r\n', '2021-07-31 19:22:07', '971', 0, 0, 'ffdirp211120', 0, 0, 0, 0, 0, 0, NULL),
(64, 'batch61', 'Shriram Ghatpande', '9892509675', '3,2,1,4', '2021-07-31 19:22:07', '91', 0, 0, 'ffdirp211120', 0, 0, 0, 0, 0, 0, NULL),
(65, 'batch61', 'LAKSHMI NARAYANA GATTU', '9550799667', '3214\r\n', '2021-07-31 19:22:08', '', 0, 0, 'ffdirp211120', 0, 0, 0, 0, 0, 0, NULL),
(66, 'batch61', 'Kamlesh Tripathi', '09888098293', '3214', '2021-07-31 19:22:08', '', 0, 0, 'ffdirp211120', 0, 0, 0, 0, 0, 0, NULL),
(67, 'batch61', 'Ashish kothari', '9867192456', '3214', '2021-07-31 19:22:08', '91', 0, 0, 'ffdirp211120', 0, 0, 0, 0, 0, 0, NULL),
(68, 'batch61', 'Shruti Kulkarni ', '2679928516', '2314', '2021-07-31 19:22:08', '1', 0, 0, 'ffdirp211120', 0, 0, 0, 0, 0, 0, NULL),
(69, 'batch61', 'Rashmi goel', '9930651629', '3214', '2021-07-31 19:22:08', '91', 0, 0, 'ffdirp211120', 0, 0, 0, 0, 0, 0, NULL),
(70, 'batch61', 'Vineet Pushkar', '9953260392', '3214', '2021-07-31 19:22:08', '', 0, 0, 'ffdirp211120', 0, 0, 0, 0, 0, 0, NULL),
(71, 'batch61', 'sangita', '9810680269', '3214\r\n', '2021-07-31 19:22:09', '', 0, 0, 'ffdirp211120', 0, 0, 0, 0, 0, 0, NULL),
(72, 'batch61', 'Gita Tiwari', '9632483781', '3124', '2021-07-31 19:22:10', '', 0, 0, 'ffdirp211120', 0, 0, 0, 0, 0, 0, NULL),
(73, 'batch61', 'nidhi sharma', '9343842324', '3214\r\n', '2021-07-31 19:22:11', '', 0, 0, 'ffdirp211120', 0, 0, 0, 0, 0, 0, NULL),
(74, 'batch61', 'Jayaprakash Ponraj', '0528713344', '3214\r\n', '2021-07-31 19:22:12', '971', 0, 0, 'ffdirp211120', 0, 0, 0, 0, 0, 0, NULL),
(75, 'batch61', 'NILESH WADEKAR', '9822800574', '3 2 4 1', '2021-07-31 19:22:13', '', 0, 0, 'ffdirp211120', 0, 0, 0, 0, 0, 0, NULL),
(76, 'batch61', 'premkumar', '9445623491', '3,2,1,4', '2021-07-31 19:22:17', '', 0, 0, 'ffdirp211120', 0, 0, 0, 0, 0, 0, NULL),
(77, 'batch61', 'Babita Chopra', '9650990581', '3,2,1,4', '2021-07-31 19:22:19', '', 0, 0, 'ffdirp211120', 0, 0, 0, 0, 0, 0, NULL),
(78, 'batch61', 'Nithya Gnaneswari', '9789269540', '142', '2021-07-31 19:22:19', '', 0, 0, 'ffdirp211120', 0, 0, 0, 0, 0, 0, NULL),
(79, 'batch61', 'Manali', '9920399577', '3214\r\n', '2021-07-31 19:22:20', '91', 0, 0, 'ffdirp211120', 0, 0, 0, 0, 0, 0, NULL),
(80, 'batch61', 'Rajendra Hosmani', '8806660780', '3,2,1,4', '2021-07-31 19:22:20', '91', 0, 0, 'ffdirp211120', 0, 0, 0, 0, 0, 0, NULL),
(81, 'batch61', 'Nisit Mandla', '09246211828', '3 2 1 4', '2021-07-31 19:22:21', '', 0, 0, 'ffdirp211120', 0, 0, 0, 0, 0, 0, NULL),
(82, 'batch61', 'Joseph Varghese', '8805559369', '3,2,1,4\r\n', '2021-07-31 19:22:22', '', 0, 0, 'ffdirp211120', 0, 0, 0, 0, 0, 0, NULL),
(83, 'batch61', 'KIRAN NAGARE', '922174920', '3214', '2021-07-31 19:22:23', '91', 0, 0, 'ffdirp211120', 0, 0, 0, 0, 0, 0, NULL),
(84, 'batch61', 'Satyanarayana Akella', '96566801547', '3-2-1-4\r\n', '2021-07-31 19:22:25', '965', 0, 0, 'ffdirp211120', 0, 0, 0, 0, 0, 0, NULL),
(85, 'batch61', 'Hitesh Solanki', '8103869170', '3  2 1 4', '2021-07-31 19:22:28', '', 0, 0, 'ffdirp211120', 0, 0, 0, 0, 0, 0, NULL),
(86, 'batch61', 'Sandhya L Rao', '9739902708', '3214', '2021-07-31 19:22:28', '91', 0, 0, 'ffdirp211120', 0, 0, 0, 0, 0, 0, NULL),
(87, 'batch61', 'PRAVIN KOLAPKAR', '0503982210', '3,2,1,4', '2021-07-31 19:22:28', '971', 0, 0, 'ffdirp211120', 0, 0, 0, 0, 0, 0, NULL),
(88, 'batch61', 'Vivek Borgaonkar', '7774004552', '3\r\n2\r\n1\r\n4', '2021-07-31 19:22:29', '91', 0, 0, 'ffdirp211120', 0, 0, 0, 0, 0, 0, NULL),
(89, 'batch61', 'Naved Shamsi', '7983032164', '3241', '2021-07-31 19:22:31', '', 0, 0, 'ffdirp211120', 0, 0, 0, 0, 0, 0, NULL),
(90, 'batch61', 'Mahesh Kumar Yadav', '9818584432', '3214', '2021-07-31 19:22:31', '91', 0, 0, 'ffdirp211120', 0, 0, 0, 0, 0, 0, NULL),
(91, 'batch61', 'VIJAYANAND POTDAR ', '9869394341', '3 2 1 4', '2021-07-31 19:22:33', '91', 0, 0, 'ffdirp211120', 0, 0, 0, 0, 0, 0, NULL),
(92, 'batch61', 'V.sujatha Sudarshan', '9986465724', '3 2 14', '2021-07-31 19:22:34', '', 0, 0, 'ffdirp211120', 0, 0, 0, 0, 0, 0, NULL),
(93, 'batch61', 'Swaati Mhatre', '919860568523', '3241', '2021-07-31 19:22:36', '', 0, 0, 'ffdirp211120', 0, 0, 0, 0, 0, 0, NULL),
(94, 'batch61', 'Koshala B', '9686368594', '3,2,1,4', '2021-07-31 19:22:40', '91', 0, 0, 'ffdirp211120', 0, 0, 0, 0, 0, 0, NULL),
(95, 'batch61', 'Amirali Jalaludin maredia', '9820700322', '3 2 14\r\n', '2021-07-31 19:22:42', '', 0, 0, 'ffdirp211120', 0, 0, 0, 0, 0, 0, NULL),
(96, 'batch61', 'ABHISHEK PANDEY', '8130838833', '3,2,1,4', '2021-07-31 19:22:50', '', 0, 0, 'ffdirp211120', 0, 0, 0, 0, 0, 0, NULL),
(97, 'batch61', 'Prashant Kumar', '9833867271', '3214', '2021-07-31 19:22:52', '', 0, 0, 'ffdirp211120', 0, 0, 0, 0, 0, 0, NULL),
(98, 'batch61', 'Parul parikh', '9757311168', '2,3,1,4', '2021-07-31 19:22:58', '91', 0, 0, 'ffdirp211120', 0, 0, 0, 0, 0, 0, NULL),
(99, 'batch61', 'Swaati Mhatre', '919860568523', '3214', '2021-07-31 19:23:02', '', 0, 0, 'ffdirp211120', 0, 0, 0, 0, 0, 0, NULL),
(100, 'batch61', 'Rashmi goel', '9930651629', '3124', '2021-07-31 19:23:47', '91', 0, 0, 'ffdirp211120', 0, 0, 0, 0, 0, 0, NULL),
(101, 'batch61', 'Aruna Khare', '9926564686', '1342', '2021-07-31 19:23:47', '', 0, 0, 'ffdirp211120', 0, 0, 0, 0, 0, 0, NULL),
(102, 'batch61', 'Shruti Kulkarni ', '2679928516', '3124', '2021-07-31 19:23:49', '1', 0, 0, 'ffdirp211120', 0, 0, 0, 0, 0, 0, NULL),
(103, 'batch61', 'Rukmini K', '9886587065', '3142 Diet\r\n', '2021-07-31 19:23:49', '91', 0, 0, 'ffdirp211120', 0, 0, 0, 0, 0, 0, NULL),
(104, 'batch61', 'vasundhara', '8123473539', '3214\r\n', '2021-07-31 19:23:50', '', 0, 0, 'ffdirp211120', 0, 0, 0, 0, 0, 0, NULL),
(105, 'batch61', 'NILESH WADEKAR', '9822800574', '3124', '2021-07-31 19:23:50', '', 0, 0, 'ffdirp211120', 0, 0, 0, 0, 0, 0, NULL),
(106, 'batch61', 'Parameswaran', '9962591253', '1342', '2021-07-31 19:23:52', '91', 0, 0, 'ffdirp211120', 0, 0, 0, 0, 0, 0, NULL),
(107, 'batch61', 'Srinivas Kulkarni', '9573106126', 'Diet 3141', '2021-07-31 19:23:53', '', 0, 0, 'ffdirp211120', 0, 0, 0, 0, 0, 0, NULL),
(108, 'batch61', 'Nithya Gnaneswari', '9789269540', '1342', '2021-07-31 19:23:53', '', 0, 0, 'ffdirp211120', 0, 0, 0, 0, 0, 0, NULL),
(109, 'batch61', 'nidhi sharma', '9343842324', '3142\r\n', '2021-07-31 19:23:53', '', 0, 0, 'ffdirp211120', 0, 0, 0, 0, 0, 0, NULL),
(110, 'batch61', 'dinesh bhalakiya', '9925153984', '3124\r\n', '2021-07-31 19:23:53', '', 0, 0, 'ffdirp211120', 0, 0, 0, 0, 0, 0, NULL),
(111, 'batch61', 'Gita Tiwari', '9632483781', '3421', '2021-07-31 19:23:53', '', 0, 0, 'ffdirp211120', 0, 0, 0, 0, 0, 0, NULL),
(112, 'batch61', 'Jayaprakash Ponraj', '0528713344', '1342', '2021-07-31 19:23:55', '971', 0, 0, 'ffdirp211120', 0, 0, 0, 0, 0, 0, NULL),
(113, 'batch61', 'Manali', '9920399577', '3142', '2021-07-31 19:23:56', '91', 0, 0, 'ffdirp211120', 0, 0, 0, 0, 0, 0, NULL),
(114, 'batch61', 'Shriram Ghatpande', '9892509675', '3,1,4,2,', '2021-07-31 19:23:56', '91', 0, 0, 'ffdirp211120', 0, 0, 0, 0, 0, 0, NULL),
(115, 'batch61', 'premkumar', '9445623491', '3,1,2,4\r\n', '2021-07-31 19:23:57', '', 0, 0, 'ffdirp211120', 0, 0, 0, 0, 0, 0, NULL),
(116, 'batch61', 'Babita Chopra', '9650990581', 'diet 3,2,1,4', '2021-07-31 19:23:58', '', 0, 0, 'ffdirp211120', 0, 0, 0, 0, 0, 0, NULL),
(117, 'batch61', 'Ashish kothari', '9867192456', '3124', '2021-07-31 19:23:58', '91', 0, 0, 'ffdirp211120', 0, 0, 0, 0, 0, 0, NULL),
(118, 'batch61', 'LAKSHMI NARAYANA GATTU', '9550799667', '3142\r\n', '2021-07-31 19:23:58', '', 0, 0, 'ffdirp211120', 0, 0, 0, 0, 0, 0, NULL),
(119, 'batch61', 'Sunil Vipat', '9819827658', '3,1,4,2 Diet', '2021-07-31 19:23:59', '', 0, 0, 'ffdirp211120', 0, 0, 0, 0, 0, 0, NULL),
(120, 'batch61', 'Sandhya L Rao', '9739902708', '1342', '2021-07-31 19:23:59', '91', 0, 0, 'ffdirp211120', 0, 0, 0, 0, 0, 0, NULL),
(121, 'batch61', 'Mahesh Kumar Yadav', '9818584432', '3142', '2021-07-31 19:24:01', '91', 0, 0, 'ffdirp211120', 0, 0, 0, 0, 0, 0, NULL),
(122, 'batch61', 'Amirali Jalaludin maredia', '9820700322', '3214', '2021-07-31 19:24:01', '', 0, 0, 'ffdirp211120', 0, 0, 0, 0, 0, 0, NULL),
(123, 'batch61', 'Sharad ', '9820305958', 'Diet 3 1 4 2', '2021-07-31 19:24:06', '', 0, 0, 'ffdirp211120', 0, 0, 0, 0, 0, 0, NULL),
(124, 'batch61', 'sangita', '9810680269', '3142\r\n', '2021-07-31 19:24:08', '', 0, 0, 'ffdirp211120', 0, 0, 0, 0, 0, 0, NULL),
(125, 'batch61', 'Prashant Kumar', '9833867271', 'Diet 3142', '2021-07-31 19:24:08', '', 0, 0, 'ffdirp211120', 0, 0, 0, 0, 0, 0, NULL),
(126, 'batch61', 'Vineet Pushkar', '9953260392', 'Diet 3142', '2021-07-31 19:24:10', '', 0, 0, 'ffdirp211120', 0, 0, 0, 0, 0, 0, NULL),
(127, 'batch61', 'KIRAN NAGARE', '922174920', '3142', '2021-07-31 19:24:10', '91', 0, 0, 'ffdirp211120', 0, 0, 0, 0, 0, 0, NULL),
(128, 'batch61', 'Rashmi goel', '9930651629', '3142', '2021-07-31 19:24:13', '91', 0, 0, 'ffdirp211120', 0, 0, 0, 0, 0, 0, NULL),
(129, 'batch61', 'Rajendra Hosmani', '8806660780', '3,1,4,2', '2021-07-31 19:24:14', '91', 0, 0, 'ffdirp211120', 0, 0, 0, 0, 0, 0, NULL),
(130, 'batch61', 'Adneya ', '9763685619', '3,1,2,4', '2021-07-31 19:24:15', '', 0, 0, 'ffdirp211120', 0, 0, 0, 0, 0, 0, NULL),
(131, 'batch61', 'Vivek Borgaonkar', '7774004552', '3 1 4 2', '2021-07-31 19:24:16', '91', 0, 0, 'ffdirp211120', 0, 0, 0, 0, 0, 0, NULL),
(132, 'batch61', 'ABHISHEK PANDEY', '8130838833', '3,1,4.2 DIET SEQ\r\n', '2021-07-31 19:24:16', '', 0, 0, 'ffdirp211120', 0, 0, 0, 0, 0, 0, NULL),
(133, 'batch61', 'Mary Dsouza', '09900401698', '3,1,4,2\r\n', '2021-07-31 19:24:16', '91', 0, 0, 'ffdirp211120', 0, 0, 0, 0, 0, 0, NULL),
(134, 'batch61', 'DEEPAK DHANUKA', '9835577085', '1324\r\n', '2021-07-31 19:24:17', '', 0, 0, 'ffdirp211120', 0, 0, 0, 0, 0, 0, NULL),
(135, 'batch61', 'Aarti Wadekar ', '9773560734', '3214', '2021-07-31 19:24:18', '', 0, 0, 'ffdirp211120', 0, 0, 0, 0, 0, 0, NULL),
(136, 'batch61', 'Gokul P Deshpande', '9840060299', 'Where do I get chat window ?', '2021-07-31 19:24:19', '', 0, 0, 'ffdirp211120', 0, 0, 0, 0, 0, 0, NULL),
(137, 'batch61', 'Satyanarayana Akella', '96566801547', '4-2-1-3', '2021-07-31 19:24:21', '965', 0, 0, 'ffdirp211120', 0, 0, 0, 0, 0, 0, NULL),
(138, 'batch61', 'Nisit Mandla', '09246211828', '3 1 24', '2021-07-31 19:24:22', '', 0, 0, 'ffdirp211120', 0, 0, 0, 0, 0, 0, NULL),
(139, 'batch61', 'Sudam Narayan Chavan', '9970182509', '2134\r\n', '2021-07-31 19:24:24', '', 0, 0, 'ffdirp211120', 0, 0, 0, 0, 0, 0, NULL),
(140, 'batch61', 'Kiran Hiralkar', '9370420122', '3142', '2021-07-31 19:24:26', '91', 0, 0, 'ffdirp211120', 0, 0, 0, 0, 0, 0, NULL),
(141, 'batch61', 'Parul parikh', '9757311168', 'Diet 3124', '2021-07-31 19:24:34', '91', 0, 0, 'ffdirp211120', 0, 0, 0, 0, 0, 0, NULL),
(142, 'batch61', 'Swaati Mhatre', '919860568523', '3142', '2021-07-31 19:25:05', '', 0, 0, 'ffdirp211120', 0, 0, 0, 0, 0, 0, NULL),
(143, 'batch61', 'Sridhar Rammurthy', '9833173636', '3142', '2021-07-31 19:25:18', '', 0, 0, 'ffdirp211120', 0, 0, 0, 0, 0, 0, NULL),
(144, 'batch61', 'RENUKA NAIR', '9632502277', '3412', '2021-07-31 19:26:10', '91', 0, 0, 'ffdirp211120', 0, 0, 0, 0, 0, 0, NULL),
(145, 'batch61', 'Rukmini K', '9886587065', 'Exercise 4132', '2021-07-31 19:26:10', '91', 0, 0, 'ffdirp211120', 0, 0, 0, 0, 0, 0, NULL),
(146, 'batch61', 'dinesh bhalakiya', '9925153984', '4132', '2021-07-31 19:26:10', '', 0, 0, 'ffdirp211120', 0, 0, 0, 0, 0, 0, NULL),
(147, 'batch61', 'Shriram Ghatpande', '9892509675', '4231', '2021-07-31 19:26:11', '91', 0, 0, 'ffdirp211120', 0, 0, 0, 0, 0, 0, NULL),
(148, 'batch61', 'LAKSHMI NARAYANA GATTU', '9550799667', '4273', '2021-07-31 19:26:12', '', 0, 0, 'ffdirp211120', 0, 0, 0, 0, 0, 0, NULL),
(149, 'batch61', 'Srinivas Kulkarni', '9573106126', 'Excercise 4123', '2021-07-31 19:26:12', '', 0, 0, 'ffdirp211120', 0, 0, 0, 0, 0, 0, NULL),
(150, 'batch61', 'nidhi sharma', '9343842324', 'exercise 4132', '2021-07-31 19:26:12', '', 0, 0, 'ffdirp211120', 0, 0, 0, 0, 0, 0, NULL),
(151, 'batch61', 'Sunil Vipat', '9819827658', 'Exercise 4,1,2,3', '2021-07-31 19:26:13', '', 0, 0, 'ffdirp211120', 0, 0, 0, 0, 0, 0, NULL),
(152, 'batch61', 'Joseph Varghese', '8805559369', 'Exercise 4,1,3,2', '2021-07-31 19:26:14', '', 0, 0, 'ffdirp211120', 0, 0, 0, 0, 0, 0, NULL),
(153, 'batch61', 'Sharad ', '9820305958', 'Excercis 4 1 3 2', '2021-07-31 19:26:14', '', 0, 0, 'ffdirp211120', 0, 0, 0, 0, 0, 0, NULL),
(154, 'batch61', 'Ashish kothari', '9867192456', 'excercise4132', '2021-07-31 19:26:18', '91', 0, 0, 'ffdirp211120', 0, 0, 0, 0, 0, 0, NULL),
(155, 'batch61', 'Kamlesh Tripathi', '09888098293', '4231', '2021-07-31 19:26:18', '', 0, 0, 'ffdirp211120', 0, 0, 0, 0, 0, 0, NULL),
(156, 'batch61', 'Babita Chopra', '9650990581', 'exercise 4 213', '2021-07-31 19:26:20', '', 0, 0, 'ffdirp211120', 0, 0, 0, 0, 0, 0, NULL),
(157, 'batch61', 'Parameswaran', '9962591253', '4132', '2021-07-31 19:26:21', '91', 0, 0, 'ffdirp211120', 0, 0, 0, 0, 0, 0, NULL),
(158, 'batch61', 'vasundhara', '8123473539', '1423\r\n', '2021-07-31 19:26:22', '', 0, 0, 'ffdirp211120', 0, 0, 0, 0, 0, 0, NULL),
(159, 'batch61', 'Shruti Kulkarni ', '2679928516', '3123exer', '2021-07-31 19:26:23', '1', 0, 0, 'ffdirp211120', 0, 0, 0, 0, 0, 0, NULL),
(160, 'batch61', 'Sudam Narayan Chavan', '9970182509', '4312', '2021-07-31 19:26:23', '', 0, 0, 'ffdirp211120', 0, 0, 0, 0, 0, 0, NULL),
(161, 'batch61', 'GANAPATHI R', '9740061740', 'Exercise4231', '2021-07-31 19:26:24', '', 0, 0, 'ffdirp211120', 0, 0, 0, 0, 0, 0, NULL),
(162, 'batch61', 'Vineet Pushkar', '9953260392', 'Exercise 4132', '2021-07-31 19:26:26', '', 0, 0, 'ffdirp211120', 0, 0, 0, 0, 0, 0, NULL),
(163, 'batch61', 'Manali', '9920399577', '4123', '2021-07-31 19:26:28', '91', 0, 0, 'ffdirp211120', 0, 0, 0, 0, 0, 0, NULL),
(164, 'batch61', 'ABHISHEK PANDEY', '8130838833', 'EXCERCISE 4,3,1,2', '2021-07-31 19:26:29', '', 0, 0, 'ffdirp211120', 0, 0, 0, 0, 0, 0, NULL),
(165, 'batch61', 'Vishal P Dhokale', '08378990454', '4123', '2021-07-31 19:26:30', '', 0, 0, 'ffdirp211120', 0, 0, 0, 0, 0, 0, NULL),
(166, 'batch61', 'Prashant Kumar', '9833867271', 'Excercises 4132', '2021-07-31 19:26:34', '', 0, 0, 'ffdirp211120', 0, 0, 0, 0, 0, 0, NULL),
(167, 'batch61', 'sangita', '9810680269', 'exercise 2134', '2021-07-31 19:26:36', '', 0, 0, 'ffdirp211120', 0, 0, 0, 0, 0, 0, NULL),
(168, 'batch61', 'PRAVIN KOLAPKAR', '0503982210', '4,2,3,1', '2021-07-31 19:26:37', '971', 0, 0, 'ffdirp211120', 0, 0, 0, 0, 0, 0, NULL),
(169, 'batch61', 'Umesh', '9216732444', '4132', '2021-07-31 19:26:46', '91', 0, 0, 'ffdirp211120', 0, 0, 0, 0, 0, 0, NULL),
(170, 'batch61', 'Parul parikh', '9757311168', 'Exercise4321', '2021-07-31 19:27:03', '91', 0, 0, 'ffdirp211120', 0, 0, 0, 0, 0, 0, NULL),
(171, 'batch61', 'vasundhara', '8123473539', '4132', '2021-07-31 19:27:28', '', 0, 0, 'ffdirp211120', 0, 0, 0, 0, 0, 0, NULL),
(172, 'batch61', 'Satyanarayana Akella', '96566801547', '4132', '2021-07-31 19:27:42', '965', 0, 0, 'ffdirp211120', 0, 0, 0, 0, 0, 0, NULL),
(173, 'batch61', 'Rajendra Hosmani', '8806660780', 'Question site pl\r\n', '2021-07-31 19:27:44', '91', 0, 0, 'ffdirp211120', 0, 0, 0, 0, 0, 0, NULL),
(174, 'batch61', 'Sridhar Rammurthy', '9833173636', '4132', '2021-07-31 19:27:47', '', 0, 0, 'ffdirp211120', 0, 0, 0, 0, 0, 0, NULL),
(175, 'batch61', 'Kamlesh Tripathi', '09888098293', 'Hb2AC below 5.5', '2021-07-31 19:33:06', '', 0, 0, 'ffdirp211120', 0, 0, 0, 0, 0, 0, NULL),
(176, 'batch61', 'NILESH WADEKAR', '9822800574', 'Physical -  ideal waist \r\nfitness - 150 kms cycling. \r\nSoryanamskar - 201 \r\n', '2021-07-31 19:33:28', '', 0, 0, 'ffdirp211120', 0, 0, 0, 0, 0, 0, NULL),
(177, 'batch61', 'NILESH WADEKAR', '9822800574', 'vipashana going to attend for 10 days', '2021-07-31 19:33:48', '', 0, 0, 'ffdirp211120', 0, 0, 0, 0, 0, 0, NULL),
(178, 'batch61', 'Nithya Gnaneswari', '9789269540', 'weight reduction by 9 kgs free from cholestrol tablet', '2021-07-31 19:33:49', '', 0, 0, 'ffdirp211120', 0, 0, 0, 0, 0, 0, NULL),
(179, 'batch61', 'Sunil Vipat', '9819827658', 'Within next 3 months I want to build more muscle, 108 Suryanamaskars, get rid off what ever anger is left and more confidence plus hope. I am an eternal optimistic so always enjoys life. My motto is to be happy with myself so as to be happy with life and everyone around.', '2021-07-31 19:34:28', '', 0, 0, 'ffdirp211120', 0, 0, 0, 0, 0, 0, NULL),
(180, 'batch61', 'Jayaprakash Ponraj', '0528713344', 'Reach reduce 3 BMI in two months, Improve Vitamin B12, 108 Squat, 5km cycling', '2021-07-31 19:34:50', '971', 0, 0, 'ffdirp211120', 0, 0, 0, 0, 0, 0, NULL),
(181, 'batch61', 'Rukmini K', '9886587065', 'Waist reduction by 2 inches\r\n', '2021-07-31 19:35:07', '91', 0, 0, 'ffdirp211120', 0, 0, 0, 0, 0, 0, NULL),
(182, 'batch61', 'Shruti Kulkarni ', '2679928516', 'T shirt size L ', '2021-07-31 19:35:09', '1', 0, 0, 'ffdirp211120', 0, 0, 0, 0, 0, 0, NULL),
(183, 'batch61', 'sangita', '9810680269', 'Weight gain by 5 kg along with muscle gain and maintenance of HbA1c', '2021-07-31 19:35:16', '', 0, 0, 'ffdirp211120', 0, 0, 0, 0, 0, 0, NULL),
(184, 'batch61', 'Parameswaran', '9962591253', 'Hb1AC : 5.5 , Cycling : 50Km', '2021-07-31 19:35:17', '91', 0, 0, 'ffdirp211120', 0, 0, 0, 0, 0, 0, NULL),
(185, 'batch61', 'Gita Tiwari', '9632483781', 'Reduce weight by 3 kg and eventually BMI', '2021-07-31 19:35:20', '', 0, 0, 'ffdirp211120', 0, 0, 0, 0, 0, 0, NULL),
(186, 'batch61', 'Sathyajit Rai', '9004855123', 'Reduce fasting sugar to below 120', '2021-07-31 19:35:28', '', 0, 0, 'ffdirp211120', 0, 0, 0, 0, 0, 0, NULL),
(187, 'batch61', 'PRAVIN KOLAPKAR', '0503982210', 'Trio - winner \r\nSwimming ðŸŠâ€â™€ï¸ , cycling ðŸš´â€â™€ï¸ And Running ðŸƒâ€â™‚ï¸ ', '2021-07-31 19:35:29', '971', 0, 0, 'ffdirp211120', 0, 0, 0, 0, 0, 0, NULL),
(188, 'batch61', 'KIRAN NAGARE', '922174920', 'Fasting is 90 to 100', '2021-07-31 19:35:39', '91', 0, 0, 'ffdirp211120', 0, 0, 0, 0, 0, 0, NULL),
(189, 'batch61', 'Shriram Ghatpande', '9892509675', 'Waist, mscle, hba1cless than 5.7, reversal,increase fitness, all points in Emotionalu', '2021-07-31 19:35:53', '91', 0, 0, 'ffdirp211120', 0, 0, 0, 0, 0, 0, NULL),
(190, 'batch61', 'Mary Dsouza', '09900401698', 'Reduce another 5-7 kg and Want to bring my HBA@C to 6', '2021-07-31 19:35:55', '91', 0, 0, 'ffdirp211120', 0, 0, 0, 0, 0, 0, NULL),
(191, 'batch61', 'Sunita Bhatnagar', '9899888802', 'Happy and always free for sugar and always doing yoga ', '2021-07-31 19:36:03', '', 0, 0, 'ffdirp211120', 0, 0, 0, 0, 0, 0, NULL),
(192, 'batch61', 'Koshala B', '9686368594', 'Loose 3 more kgs, bmi 3 less, loose belly fat ', '2021-07-31 19:36:05', '91', 0, 0, 'ffdirp211120', 0, 0, 0, 0, 0, 0, NULL),
(193, 'batch61', 'RENUKA NAIR', '9632502277', 'connecting to Self and remaining happy and healthy always.\r\n', '2021-07-31 19:36:05', '91', 0, 0, 'ffdirp211120', 0, 0, 0, 0, 0, 0, NULL),
(194, 'batch61', 'Babita Chopra', '9650990581', 'Waist size reduce by 2 inch, 108 suryanamaskar, 1 hr exercise daily', '2021-07-31 19:36:08', '', 0, 0, 'ffdirp211120', 0, 0, 0, 0, 0, 0, NULL),
(195, 'batch61', 'rajshree Tamhankar', '9820617388', 'in 35 days 108 hour meditation, hbA1c 5.7', '2021-07-31 19:36:12', '91', 0, 0, 'ffdirp211120', 0, 0, 0, 0, 0, 0, NULL),
(196, 'batch61', 'nidhi sharma', '9343842324', '50 suryanamaskar, weight loss of 4 kg , HbA1c 5.8', '2021-07-31 19:36:15', '', 0, 0, 'ffdirp211120', 0, 0, 0, 0, 0, 0, NULL),
(197, 'batch61', 'KIRAN NAGARE', '922174920', 'Hba1c less than 5.5', '2021-07-31 19:36:15', '91', 0, 0, 'ffdirp211120', 0, 0, 0, 0, 0, 0, NULL),
(198, 'batch61', 'Sharad ', '9820305958', 'Weight increase 3 kgs, HB1Ac 5.5', '2021-07-31 19:36:23', '', 0, 0, 'ffdirp211120', 0, 0, 0, 0, 0, 0, NULL),
(199, 'batch61', 'Rajeev Tewari ', '9819652385', 'Hb1AC. Below 6', '2021-07-31 19:36:26', '', 0, 0, 'ffdirp211120', 0, 0, 0, 0, 0, 0, NULL),
(200, 'batch61', 'vasundhara', '8123473539', 'Support my brother Raghu Velampalli pass GTT and reduce his creatinine levels to normal\r\n', '2021-07-31 19:36:31', '', 0, 0, 'ffdirp211120', 0, 0, 0, 0, 0, 0, NULL),
(201, 'batch61', 'venkataraman prasanna', '504574364', 'yet to acheive creatinine and bp reduction. Needs to reduce 4 kgs more. can i join in new batches', '2021-07-31 19:36:33', '971', 0, 0, 'ffdirp211120', 0, 0, 0, 0, 0, 0, NULL),
(202, 'batch61', 'Swaati Mhatre', '919860568523', 'Suryanamskar 50\r\nWaist line 75 from 84\r\nMuscle gaining ', '2021-07-31 19:36:43', '', 0, 0, 'ffdirp211120', 0, 0, 0, 0, 0, 0, NULL),
(203, 'batch61', 'Naved Shamsi', '7983032164', 'After weight loss body is some loose..?? ', '2021-07-31 19:36:54', '', 0, 0, 'ffdirp211120', 0, 0, 0, 0, 0, 0, NULL),
(204, 'batch61', 'Prashant Sankeshwar', '9850813955', 'Strengthen core and free from back ache', '2021-07-31 19:37:00', '', 0, 0, 'ffdirp211120', 0, 0, 0, 0, 0, 0, NULL),
(205, 'batch61', 'Madhura Joshi', '9689928560', 'Clear GTT, normal liver function test, joyful and peaceful life', '2021-07-31 19:37:01', '91', 0, 0, 'ffdirp211120', 0, 0, 0, 0, 0, 0, NULL),
(206, 'batch61', 'Bhavana Mehta', '9825948950', 'tin month meme dicine bandh  ', '2021-07-31 19:37:13', '', 0, 0, 'ffdirp211120', 0, 0, 0, 0, 0, 0, NULL),
(207, 'batch61', 'Shikha Nigam', '9919276576', 'Clearing GTT', '2021-07-31 19:37:15', '91', 0, 0, 'ffdirp211120', 0, 0, 0, 0, 0, 0, NULL),
(208, 'batch61', 'Koshala B', '9686368594', 'I am happy, I lost 15 kgs and feel great', '2021-07-31 19:37:56', '91', 0, 0, 'ffdirp211120', 0, 0, 0, 0, 0, 0, NULL),
(209, 'batch61', 'Vaishali', '9845733100', 'My hba1c got down from 12.1 to 7.1. thanks for all the help.  But unfortunately, got a heart attack at the end of program.  Now I m with 4 stunts.  Don\'t know the way forward .  Please help.', '2021-07-31 19:37:59', '91', 0, 0, 'ffdirp211120', 0, 0, 0, 0, 0, 0, NULL),
(210, 'batch61', 'Naved Shamsi', '7983032164', 'After total reversal \r\nCan we eat normal food..?? ', '2021-07-31 19:38:29', '', 0, 0, 'ffdirp211120', 0, 0, 0, 0, 0, 0, NULL),
(211, 'batch61', 'venkataraman prasanna', '504574364', 'yet to reduce creatinine and Bp.current him 24.2. no medicine. not done proper exercise. can i rejoin the programme from beginning??', '2021-07-31 19:40:31', '971', 0, 0, 'ffdirp211120', 0, 0, 0, 0, 0, 0, NULL),
(212, 'batch61', 'Smita Sawant ', '9869058878', 'à¤¯à¤¾ à¤ªà¥à¤¢à¥‡ à¤†à¤®à¥à¤¹à¤¾à¤²à¤¾ à¤®à¤¾à¤°à¥à¤—à¤¦à¤°à¥à¤¶à¤¨ à¤®à¤¿à¤³à¤£à¤¾à¤° à¤¨à¤¾à¤¹à¥€ à¤•à¤¾à¤‚?', '2021-07-31 19:40:43', '', 0, 0, 'ffdirp211120', 0, 0, 0, 0, 0, 0, NULL),
(213, 'batch61', 'Sathyajit Rai', '9004855123', 'It is very good to highlight the good things that this course has achieved. Itâ€™s good Marketing. But also highlight the things which couldnâ€™t be achieved. ', '2021-07-31 19:41:18', '', 0, 0, 'ffdirp211120', 0, 0, 0, 0, 0, 0, NULL),
(214, 'batch61', 'Sunil Vipat', '9819827658', 'My only issue was that my mentor talked to me only once in the first week of starting the FFD program. Later on he just vanished.', '2021-07-31 19:42:07', '', 0, 0, 'ffdirp211120', 0, 0, 0, 0, 0, 0, NULL),
(215, 'batch61', 'Gita Tiwari', '9632483781', 'How do we schedule consultation?', '2021-07-31 19:48:14', '', 0, 0, 'ffdirp211120', 0, 0, 0, 0, 0, 0, NULL),
(216, 'batch61', 'Sathyajit Rai', '9004855123', 'Thanks for Keepng the app open for life to feed the vitals. ', '2021-07-31 19:50:46', '', 0, 0, 'ffdirp211120', 0, 0, 0, 0, 0, 0, NULL),
(217, 'batch61', 'Koshala B', '9686368594', 'I have started gardening and painting, after joining ffd', '2021-07-31 19:53:00', '91', 0, 0, 'ffdirp211120', 0, 0, 0, 0, 0, 0, NULL),
(218, 'batch61', 'Jayaprakash Ponraj', '0528713344', 'Prakash has an objective to extend the learned expertise, apply them in the system to enhance safe, effective, comfortable human lives, and lead teams for achieving it.', '2021-07-31 19:53:18', '971', 0, 0, 'ffdirp211120', 0, 0, 0, 0, 0, 0, NULL),
(219, 'batch61', 'DEEPAK DHANUKA', '9835577085', 'Sir what is the way to have any spiritual clarity from you on any topic. This is very necessary. ', '2021-07-31 19:53:18', '', 0, 0, 'ffdirp211120', 0, 0, 0, 0, 0, 0, NULL),
(220, 'batch61', 'NILESH WADEKAR', '9822800574', 'I love to do the Yoga \r\nI attend the Yoga class some month befor.\r\nBut now I take the Yoga class when My Yoga guru is going to out of city  from 2 weeks', '2021-07-31 19:54:12', '', 0, 0, 'ffdirp211120', 0, 0, 0, 0, 0, 0, NULL),
(221, 'batch61', 'Prashant Sankeshwar', '9850813955', 'since last one year, i am still searching my IKIGAI', '2021-07-31 19:55:21', '', 0, 0, 'ffdirp211120', 0, 0, 0, 0, 0, 0, NULL),
(222, 'batch61', 'GANAPATHI R', '9740061740', 'I am part of an NGO Nisvartha Foundation helping poor students in the state to take up higher education', '2021-07-31 19:55:25', '', 0, 0, 'ffdirp211120', 0, 0, 0, 0, 0, 0, NULL),
(223, 'batch61', 'PRAVIN KOLAPKAR', '0503982210', 'Building Construction , Mango fruit farming Land development , Agro Home Holiday Resort construction , Money making ', '2021-07-31 19:55:32', '971', 0, 0, 'ffdirp211120', 0, 0, 0, 0, 0, 0, NULL),
(224, 'batch61', 'Shriram Ghatpande', '9892509675', 'Computer, programming innovation for FFD after I retire after 3 years at 65 years age,', '2021-07-31 19:55:50', '91', 0, 0, 'ffdirp211120', 0, 0, 0, 0, 0, 0, NULL),
(225, 'batch61', 'Sharad ', '9820305958', 'Spreading literacy ', '2021-07-31 19:55:59', '', 0, 0, 'ffdirp211120', 0, 0, 0, 0, 0, 0, NULL),
(226, 'batch61', 'Shriya M', '08105065656', 'Hello, can you give us an insight on the status of Type 1 diabetics of 61st batch?\r\n', '2021-07-31 19:56:07', '91', 0, 0, 'ffdirp211120', 0, 0, 0, 0, 0, 0, NULL),
(227, 'batch61', 'Sunil Vipat', '9819827658', 'Farming our farms with newer technologies and crops\r\n', '2021-07-31 19:56:22', '', 0, 0, 'ffdirp211120', 0, 0, 0, 0, 0, 0, NULL),
(228, 'batch61', 'Seetha Ananthasivan', '8088749738', 'Have been working for education for sustainable living for the school and small holistic college I started. Working with an expanding community. Love it!!', '2021-07-31 19:56:31', '', 0, 0, 'ffdirp211120', 0, 0, 0, 0, 0, 0, NULL),
(229, 'batch61', 'Prashant Sankeshwar', '9850813955', 'i am struggling to find something, that can balance my passion and financial freedom. Any advice on how to achieve it', '2021-07-31 19:56:35', '', 0, 0, 'ffdirp211120', 0, 0, 0, 0, 0, 0, NULL),
(230, 'batch61', 'Bhagyasree', '9019136636', 'I am having dreams whole night, some wanted stuffs i see not waking up fresh, i just want to stop dreaming and have a sound sleep. What can do?', '2021-07-31 19:56:46', '', 0, 0, 'ffdirp211120', 1, 0, 0, 0, 0, 1, 'IT consult'),
(231, 'batch61', 'Adneya ', '9763685619', 'Public Awarenase for organ donation ', '2021-07-31 19:57:05', '', 0, 0, 'ffdirp211120', 0, 0, 0, 0, 0, 0, NULL),
(232, 'batch61', 'Vivek Borgaonkar', '7774004552', 'How can we join you in your mission. I motivated and  My 2 cousins are in IRP. But I wish to be a mentor.', '2021-07-31 19:57:38', '91', 0, 0, 'ffdirp211120', 0, 0, 0, 0, 0, 0, NULL),
(233, 'batch61', 'sangita', '9810680269', 'I want to be a Mentor and dedicate my life in helping underprivileged.  am associated with Robin Hood group right now\r\n ', '2021-07-31 19:59:01', '', 0, 0, 'ffdirp211120', 0, 0, 0, 0, 0, 0, NULL),
(234, 'batch61', 'Bhavana Mehta', '9825948950', 'gardening  paintiga', '2021-07-31 19:59:45', '', 0, 0, 'ffdirp211120', 0, 0, 0, 0, 0, 0, NULL),
(235, 'batch61', 'VIJAYANAND POTDAR ', '9869394341', 'Redevelopment of our society', '2021-07-31 20:00:20', '91', 0, 0, 'ffdirp211120', 0, 0, 0, 0, 0, 0, NULL),
(236, 'batch61', 'RENUKA NAIR', '9632502277', 'Improving on early childhood education!\r\n', '2021-07-31 20:01:39', '91', 0, 0, 'ffdirp211120', 0, 0, 0, 0, 0, 0, NULL),
(237, 'batch61', 'vasundhara', '8123473539', 'SIr ..I had sponsered my brother for this program..I had been supporting him all through but unfortunately since many family members were affected with covid ..he could not complete it because of responsibilities ..can u please extend him for few more months?\r\n', '2021-07-31 20:01:58', '', 0, 0, 'ffdirp211120', 1, 0, 0, 0, 0, 1, NULL),
(238, 'batch61', 'KIRAN NAGARE', '922174920', 'I need to inner transformation cun', '2021-07-31 20:02:02', '91', 0, 0, 'ffdirp211120', 1, 0, 0, 0, 0, 1, NULL),
(239, 'batch61', 'Milky', '8242435084', 'Help helpless  orphans and widows- world needs them- give free tuition for children/widows to be able to go about their ever day life. Help them stand up and move ahead.', '2021-07-31 20:03:00', '', 0, 0, 'ffdirp211120', 0, 0, 0, 0, 0, 0, NULL),
(240, 'batch61', 'Rajendra Hosmani', '8806660780', 'Dr ... U R our IKIGAI ...', '2021-07-31 20:03:51', '91', 0, 0, 'ffdirp211120', 0, 0, 0, 0, 0, 0, NULL),
(241, 'batch61', 'Manali', '9920399577', 'Will the Education portal videos continue to show forever?', '2021-07-31 20:03:55', '91', 0, 0, 'ffdirp211120', 0, 0, 0, 0, 0, 0, NULL),
(242, 'batch61', 'Kiran Hiralkar', '9370420122', 'Sir, I have cleared GTT in 2020, can I now consume milk and animal products ?', '2021-07-31 20:03:59', '91', 0, 0, 'ffdirp211120', 1, 0, 0, 0, 0, 0, NULL),
(243, 'batch61', 'Rajendra Hosmani', '8806660780', 'Mindful health WoW!!\r\n', '2021-07-31 20:04:27', '91', 0, 0, 'ffdirp211120', 0, 0, 0, 0, 0, 0, NULL),
(244, 'batch61', 'Sathyajit Rai', '9004855123', 'Diet is everything is the realisation after this program. ', '2021-07-31 20:04:34', '', 0, 0, 'ffdirp211120', 1, 0, 0, 0, 0, 0, NULL),
(245, 'batch61', 'Rajendra Hosmani', '8806660780', 'WOW FFD..\r\n', '2021-07-31 20:04:55', '91', 0, 0, 'ffdirp211120', 1, 0, 0, 0, 0, 0, NULL),
(246, 'batch61', 'sangita', '9810680269', 'Being off medicine is the best thing..', '2021-07-31 20:04:56', '', 0, 0, 'ffdirp211120', 1, 0, 0, 0, 0, 0, NULL),
(247, 'batch61', 'Rukmini K', '9886587065', 'Overall great program. I was never able to fast before but I can. One question - I am gaining back some of the weight I lost. Is it difficult to lose weight and control sugars during pre-menopause?', '2021-07-31 20:04:59', '91', 0, 0, 'ffdirp211120', 1, 0, 0, 0, 0, 0, NULL),
(248, 'batch61', 'NILESH WADEKAR', '9822800574', 'inner tranformation is moment', '2021-07-31 20:05:13', '', 0, 0, 'ffdirp211120', 1, 0, 0, 0, 0, 0, NULL),
(249, 'batch61', 'Bhavana Mehta', '9825948950', 'meditation', '2021-07-31 20:05:28', '', 0, 0, 'ffdirp211120', 1, 0, 0, 0, 0, 0, NULL),
(250, 'batch61', 'Kamlesh Tripathi', '09888098293', 'Do we need guru for inner transformation ie meditation or the journey can be undertaken alone?', '2021-07-31 20:05:33', '', 0, 0, 'ffdirp211120', 1, 0, 0, 0, 0, 0, NULL),
(251, 'batch61', 'KIRAN NAGARE', '922174920', 'All you do a exllent work. Keep it up my ffd is journey very useful to my all family. We all are now manage diabetes at home. Thanks ffd for every thing learning to us.....', '2021-07-31 20:05:36', '91', 0, 0, 'ffdirp211120', 1, 0, 0, 0, 0, 0, NULL),
(252, 'batch61', 'Sharad ', '9820305958', 'Awareness, energetic, lighter ', '2021-07-31 20:05:51', '', 0, 0, 'ffdirp211120', 1, 0, 0, 0, 0, 0, NULL),
(253, 'batch61', 'Prashant Sankeshwar', '9850813955', ' i found FFD extremely genuine and passionate about your goal. Dr. Tripathi\'s first introduction session was a big spark', '2021-07-31 20:06:03', '', 0, 0, 'ffdirp211120', 1, 0, 0, 0, 0, 0, NULL),
(254, 'batch61', 'Vyankatesh Devanpalli', '09535022112', 'Very nice journey sir , thank you very much !', '2021-07-31 20:06:12', '91', 0, 0, 'ffdirp211120', 1, 0, 0, 0, 0, 0, NULL),
(255, 'batch61', 'Ashish kothari', '9867192456', 'sir i really want you to know that my dietician mrs sanchita nandurkar  is one of the gem you have great response from her', '2021-07-31 20:06:15', '91', 0, 0, 'ffdirp211120', 1, 0, 1, 0, 0, 1, NULL),
(256, 'batch61', 'Sunil Vipat', '9819827658', 'Finding myself and manage my health forever', '2021-07-31 20:06:22', '', 0, 0, 'ffdirp211120', 1, 0, 0, 0, 0, 0, NULL),
(257, 'batch61', 'Swaati Mhatre', '919860568523', 'Inner transformation and diary writing ', '2021-07-31 20:06:46', '', 0, 0, 'ffdirp211120', 1, 0, 0, 0, 0, 0, NULL),
(258, 'batch61', 'rajshree Tamhankar', '9820617388', 'i just found myself started thinking caring my beautiful self.... that was beautiful', '2021-07-31 20:06:50', '91', 0, 0, 'ffdirp211120', 1, 0, 0, 0, 0, 0, NULL),
(259, 'batch61', 'Anuj Maheshwari', '9927047840', 'My \"chamko\" moment was stop of insulin within 11 days of joining the program.\r\nMy biological age reduced to 49 years as against my calendar age of 60 years.', '2021-07-31 20:06:55', '', 0, 0, 'ffdirp211120', 1, 0, 0, 0, 0, 0, NULL),
(260, 'batch61', 'rajshekhar patil', '8949474078', 'can i start again from zero by my self? as i am not able to free from medicines.', '2021-07-31 20:07:07', '91', 0, 0, 'ffdirp211120', 1, 0, 0, 0, 0, 0, NULL),
(261, 'batch61', 'Ashish kothari', '9867192456', 'doing 108 suryanamaskar 4 times is my chamko moment', '2021-07-31 20:07:28', '91', 0, 0, 'ffdirp211120', 1, 0, 0, 0, 0, 0, NULL),
(262, 'batch61', 'Rashmi goel', '9930651629', 'Excellent program. Learnt a lot about self too. And I try to convey to all that this is a wonderful programme for reversal', '2021-07-31 20:07:30', '91', 0, 0, 'ffdirp211120', 1, 0, 0, 0, 0, 0, NULL),
(263, 'batch61', 'ABHISHEK PANDEY', '8130838833', '\r\nMY CHAMKO MOMENT WAS WHEN I SAW MY HBA1C 5.1\r\n', '2021-07-31 20:07:36', '', 0, 0, 'ffdirp211120', 1, 0, 0, 0, 0, 0, NULL),
(264, 'batch61', 'Subhas Das', '9879102700', 'Fish farming in large scale . \r\nFarming in super greens ', '2021-07-31 20:07:50', '91', 0, 0, 'ffdirp211120', 0, 0, 0, 0, 0, 0, NULL),
(265, 'batch61', 'Shriram Ghatpande', '9892509675', 'Chamko Moment : because of FFD, on 3rd Aug 2021 I complete ONE YEAR without Alcohol and Smoking rest is all the benefits are bi products for me. Overall HAPPINESS', '2021-07-31 20:08:13', '91', 0, 0, 'ffdirp211120', 1, 0, 0, 0, 0, 0, NULL),
(266, 'batch61', 'Naved Shamsi', '7983032164', 'I want to be a mentor..?? ', '2021-07-31 20:08:19', '', 0, 0, 'ffdirp211120', 1, 0, 0, 0, 1, 1, NULL),
(267, 'batch61', 'Koshala B', '9686368594', 'Off insulin and medicine and loosing 15 kgs, was a chamko ', '2021-07-31 20:08:23', '91', 0, 0, 'ffdirp211120', 1, 0, 0, 0, 0, 0, NULL),
(268, 'batch61', 'KIRAN NAGARE', '922174920', 'My fasting is some time above 140 pleezz suggests if any instructions in future ', '2021-07-31 20:08:25', '91', 0, 0, 'ffdirp211120', 1, 1, 0, 0, 0, 0, NULL),
(269, 'batch61', 'Punam Mewara ', '9430352400', 'G evening dr Not able to follow routine outside now a days I have to travel n my  bsl high dat tym n I m also on manupose stage', '2021-07-31 20:08:25', '', 0, 0, 'ffdirp211120', 1, 0, 0, 0, 0, 0, NULL),
(270, 'batch61', 'Rajendra Hosmani', '8806660780', 'Discipline Soliders team FFD working towards building healthy and fit nation... SAlute the team.. No words to express Dr..   deepest Gratitude to your and team..\r\n', '2021-07-31 20:08:43', '91', 0, 0, 'ffdirp211120', 1, 0, 0, 0, 0, 0, NULL),
(271, 'batch61', 'Vijay kumar B', '9886346245', 'Changed the way I look at my health and fitness\r\n', '2021-07-31 20:08:49', '', 0, 0, 'ffdirp211120', 1, 0, 0, 0, 0, 0, NULL),
(272, 'batch61', 'Milky', '8242435084', 'The realisation of the truth diabetes can be reversed. It happened from Hba1c of 10.3 to 6. Help others to believe diabetes is reversible!! Help  them  join and experience themselves!! Propagate the truth of FFD and make life sweet again.', '2021-07-31 20:08:50', '', 0, 0, 'ffdirp211120', 1, 0, 0, 0, 0, 0, NULL);
INSERT INTO `tbl_questions` (`id`, `user_batch`, `user_name`, `user_phone`, `user_question`, `asked_at`, `user_code`, `speaker`, `answered`, `eventname`, `responded`, `doctor`, `diet`, `exercise`, `mentor`, `operations`, `remark`) VALUES
(273, 'batch61', 'Kamlesh Tripathi', '09888098293', 'Do we continue with all FFD protocals like smoothie?', '2021-07-31 20:09:01', '', 0, 0, 'ffdirp211120', 1, 0, 0, 0, 0, 0, NULL),
(274, 'batch61', 'Punam Mewara ', '9430352400', 'Now a days I canâ€™t able to digest smoothie what to do', '2021-07-31 20:09:10', '', 0, 0, 'ffdirp211120', 1, 1, 1, 0, 0, 0, 'synprotik'),
(275, 'batch61', 'Seetha Ananthasivan', '8088749738', 'Your first inaugural session and Dr Malhar\'s session for low BMI people', '2021-07-31 20:09:20', '', 0, 0, 'ffdirp211120', 1, 0, 0, 0, 0, 0, NULL),
(276, 'batch61', 'VIJAYANAND POTDAR ', '9869394341', 'Dr. Aparna was very much cooperative ', '2021-07-31 20:09:22', '91', 0, 0, 'ffdirp211120', 1, 0, 0, 0, 0, 0, NULL),
(277, 'batch61', 'Sunil Vipat', '9819827658', 'My diet expert Ms. Sayali & doctor Mrunalini simply superb & great. I have motivated two persons to join FFD', '2021-07-31 20:09:38', '', 0, 0, 'ffdirp211120', 1, 0, 0, 0, 0, 0, NULL),
(278, 'batch61', 'Satyanarayana Akella', '96566801547', 'Dr. Mrunalini Thorat has been right thru my journey for being better', '2021-07-31 20:09:46', '965', 0, 0, 'ffdirp211120', 1, 0, 0, 0, 0, 0, NULL),
(279, 'batch61', 'rajshree Tamhankar', '9820617388', 'dr niyati patel is realliy a gem and Gandhali both are ffd\r\n\r\n\r\n\r\n\r\n\r\n\r\n\'gems', '2021-07-31 20:10:04', '91', 0, 0, 'ffdirp211120', 1, 0, 0, 0, 0, 0, NULL),
(280, 'batch61', 'Punam Mewara ', '9430352400', 'Starting 6 it was fine smoothie ', '2021-07-31 20:10:19', '', 0, 0, 'ffdirp211120', 1, 0, 0, 0, 0, 0, NULL),
(281, 'batch61', 'Smita Sawant ', '9869058878', 'à¤šà¥Œà¤°à¤¸ à¤†à¤¹à¤¾à¤° à¤¸à¥à¤°à¥‚ à¤•à¥‡à¤‚à¤µà¥à¤¹à¤¾ à¤¸à¥à¤°à¥‚ à¤•à¤°à¤¾à¤¯à¤šà¤¾?', '2021-07-31 20:10:37', '', 0, 0, 'ffdirp211120', 1, 0, 1, 0, 0, 0, NULL),
(282, 'batch61', 'KIRAN NAGARE', '922174920', 'Ffd introduce the goal of life thanks ffd', '2021-07-31 20:11:06', '91', 0, 0, 'ffdirp211120', 1, 0, 0, 0, 0, 0, NULL),
(283, 'batch61', 'NILESH WADEKAR', '9822800574', 'video stop', '2021-07-31 20:11:16', '', 0, 0, 'ffdirp211120', 0, 0, 0, 0, 0, 0, NULL),
(284, 'batch61', 'Vivek Borgaonkar', '7774004552', 'You have changed my life\r\nI look younger and fitter. \r\nWish to join you in your mission as mentor if possible', '2021-07-31 20:11:19', '91', 0, 0, 'ffdirp211120', 1, 0, 0, 0, 1, 1, NULL),
(285, 'batch61', 'PRAVIN KOLAPKAR', '0503982210', 'Started winning in Table Tennis at out office and with colleagues ', '2021-07-31 20:12:16', '971', 0, 0, 'ffdirp211120', 1, 0, 0, 0, 0, 0, NULL),
(286, 'batch61', 'Rukmini K', '9886587065', 'Dr Aparna has been very supportive', '2021-07-31 20:12:27', '91', 0, 0, 'ffdirp211120', 1, 0, 0, 0, 0, 0, NULL),
(287, 'batch61', 'Shikha Nigam', '9919276576', 'Once medicines stopped, never started, lost 14 kgs!!! Chamko moment fr me!!!', '2021-07-31 20:12:35', '91', 0, 0, 'ffdirp211120', 1, 0, 0, 0, 0, 0, NULL),
(288, 'batch61', 'Bhavana Mehta', '9825948950', 'my chmmovemenyi insulinstop in 10 days', '2021-07-31 20:12:51', '', 0, 0, 'ffdirp211120', 1, 0, 0, 0, 0, 0, NULL),
(289, 'batch61', 'GANAPATHI R', '9740061740', 'My app doctor Ashwini is highly responsible and responsive. I owe my health improvements to her for sure.', '2021-07-31 20:12:56', '', 0, 0, 'ffdirp211120', 1, 0, 0, 0, 0, 0, NULL),
(290, 'batch61', 'Rajendra Hosmani', '8806660780', 'Water feasting..and high energy..\r\n', '2021-07-31 20:13:07', '91', 0, 0, 'ffdirp211120', 1, 0, 0, 0, 0, 0, NULL),
(291, 'batch61', 'Rukmini K', '9886587065', 'I am a lot fitter now. Foeling 108 surya namaskar once a week. Feeling great', '2021-07-31 20:13:15', '91', 0, 0, 'ffdirp211120', 1, 0, 0, 0, 0, 0, NULL),
(292, 'batch61', 'Sathyajit Rai', '9004855123', 'Dr Niyati Patel is a gem of a person. Very supportive ', '2021-07-31 20:13:15', '', 0, 0, 'ffdirp211120', 1, 0, 0, 0, 0, 0, NULL),
(293, 'batch61', 'KIRAN NAGARE', '922174920', 'Dr. Gopinath karpe is best for follow up', '2021-07-31 20:13:19', '91', 0, 0, 'ffdirp211120', 1, 0, 0, 0, 0, 0, NULL),
(294, 'batch61', 'Sharat Kumar Dehuri', '9437368061', 'Millet farming ', '2021-07-31 20:13:19', '', 0, 0, 'ffdirp211120', 1, 0, 0, 0, 0, 0, NULL),
(295, 'batch61', 'Shriram Ghatpande', '9892509675', 'Special mention and Thanks to Dietecian Sayali Bhagwat and Dr. Mrinalini Thorat. Could not have achieved without their help and support.', '2021-07-31 20:13:31', '91', 0, 0, 'ffdirp211120', 1, 0, 0, 0, 0, 0, NULL),
(296, 'batch61', 'SHYAM SUNDAR SARAF', '09830053456', 'Dr.Aparna Mudholkar is a very supportive doctor', '2021-07-31 20:13:47', '91', 0, 0, 'ffdirp211120', 1, 0, 0, 0, 0, 0, NULL),
(297, 'batch61', 'Sharad ', '9820305958', 'The FFD team was very supportive.. Really appreciate Dr Jitendra Pawar, Dr Sanchita Nandurkar. ', '2021-07-31 20:13:55', '', 0, 0, 'ffdirp211120', 1, 0, 0, 0, 0, 0, NULL),
(298, 'batch61', 'Rajendra Hosmani', '8806660780', 'Dr Niyathi, Sana thank you for being with me in this journey..', '2021-07-31 20:14:04', '91', 0, 0, 'ffdirp211120', 1, 0, 0, 0, 0, 0, NULL),
(299, 'batch61', 'Mary Dsouza', '09900401698', 'Amazing program..will make a drive to many abt FFD. Achieved my goal which I couldn\'t with my past. Fantastic team FFD\r\n', '2021-07-31 20:14:23', '91', 0, 0, 'ffdirp211120', 1, 0, 0, 0, 0, 0, NULL),
(300, 'batch61', 'Abhijit Mirajkar', '9916209596', 'Please suggest some good probiotic or best way to improve gut microbiome.\r\nFor low BMI patients like me smoothie and Alkaline environment is not giving optimal results.', '2021-07-31 20:14:34', '', 0, 0, 'ffdirp211120', 1, 1, 0, 0, 0, 0, 'synprotik twice a day X 30 days'),
(301, 'batch61', 'Manali', '9920399577', 'Document on mail?\r\n', '2021-07-31 20:14:54', '91', 0, 0, 'ffdirp211120', 1, 0, 0, 0, 0, 1, 'send on email also'),
(302, 'batch61', 'venkataraman prasanna', '504574364', 'medicine free already. 5.7 now bmi 24.2.creatinine to controle. can i re start the programme8\r\n', '2021-07-31 20:14:57', '971', 0, 0, 'ffdirp211120', 1, 0, 0, 0, 0, 1, NULL),
(303, 'batch61', 'KIRAN NAGARE', '922174920', 'Niyati sathe mam explain diet  very well', '2021-07-31 20:15:08', '91', 0, 0, 'ffdirp211120', 1, 0, 0, 0, 0, 0, NULL),
(304, 'batch61', 'Shikha Nigam', '9919276576', 'Mentor Mahesh Dhebe is great guiding light for me!! Found a new friend in him!!!', '2021-07-31 20:15:18', '91', 0, 0, 'ffdirp211120', 1, 0, 0, 0, 0, 0, NULL),
(305, 'batch61', 'Sandip Anand', '9437962001', '\r\nEnjo\r\n\r\nEnjoying both badminton and gym, and also sweets but with medicine. Journey  is like pendulum. Thank you. \r\n\r\n', '2021-07-31 20:15:20', '', 0, 0, 'ffdirp211120', 1, 0, 0, 0, 0, 0, NULL),
(306, 'batch61', 'Ashok Kumar', '9740733533', 'Are there plan to create this program across india in regional languages ?', '2021-07-31 20:15:38', '', 0, 0, 'ffdirp211120', 1, 0, 0, 0, 0, 0, NULL),
(307, 'batch61', 'Sathyajit Rai', '9004855123', 'A huge round of applause to all concerned at FFD. A very very special thanks to You Doctor Tripathi for this course. Keep up the good work. ', '2021-07-31 20:15:50', '', 0, 0, 'ffdirp211120', 1, 0, 0, 0, 0, 0, NULL),
(308, 'batch61', 'Dilip Chaudhari', '09823114260', 'Hb1c increased from last three months.please guide', '2021-07-31 20:15:50', '', 0, 0, 'ffdirp211120', 1, 1, 1, 1, 0, 0, NULL),
(309, 'batch61', 'Ashish kothari', '9867192456', 'how to increase B12 as it is always below 300', '2021-07-31 20:16:01', '91', 0, 0, 'ffdirp211120', 1, 0, 0, 0, 0, 0, NULL),
(310, 'batch61', 'Mary Dsouza', '09900401698', 'My dietician sayali and doctor Aparna was a great support\r\n', '2021-07-31 20:16:07', '91', 0, 0, 'ffdirp211120', 1, 0, 0, 0, 0, 0, NULL),
(311, 'batch61', 'DEEPAK DHANUKA', '9835577085', 'FFD has changed me. No comparison of FFD course. It is awesome.  I have decided to become learner and do sewa.', '2021-07-31 20:16:17', '', 0, 0, 'ffdirp211120', 1, 0, 0, 0, 0, 0, NULL),
(312, 'batch61', 'Rajendra Hosmani', '8806660780', 'I would like to join hands to achieve FFD goals 1L free with a so charming Dr...', '2021-07-31 20:16:45', '91', 0, 0, 'ffdirp211120', 0, 0, 0, 0, 0, 0, NULL),
(313, 'batch61', 'Sharmila', '9769677052', 'The best program I could never loose so much weight but was DN with Corona so got back Can I continue with another program Thks for all the doctor and dietician', '2021-07-31 20:17:03', '', 0, 0, 'ffdirp211120', 1, 0, 0, 0, 0, 1, NULL),
(314, 'batch61', 'Vineet Pushkar', '9953260392', 'My first interaction with you n Dr.Malhar has left a deep impact on my life... Chamko moment are many The top two being - your first session Dr. Pramod n then the next one is 136 hrs if water fast n of course Dr.Malhar n his extreme support through out the journey', '2021-07-31 20:17:07', '', 0, 0, 'ffdirp211120', 1, 0, 0, 0, 0, 0, NULL),
(315, 'batch61', 'Manali', '9920399577', 'It would great to start the program first in Mumbai', '2021-07-31 20:17:07', '91', 0, 0, 'ffdirp211120', 0, 0, 0, 0, 0, 0, NULL),
(316, 'batch61', 'SHYAM SUNDAR SARAF', '09830053456', 'I stay in Kolkata but none of the doctor told me that i can get rid of insulin but after joining FFD i got rid of my insulin in 3 months and l lost 22 kgs weights.\r\nproud of the team of FFD.', '2021-07-31 20:17:39', '91', 0, 0, 'ffdirp211120', 1, 0, 0, 0, 0, 0, NULL),
(317, 'batch61', 'Sandip Anand', '9437962001', 'Dr Jitendra Pawar has been very kind.', '2021-07-31 20:17:49', '', 0, 0, 'ffdirp211120', 1, 0, 0, 0, 0, 0, NULL),
(318, 'batch61', 'Babita Chopra', '9650990581', 'Great journey with FFD.. although still on medicines but enjoying the FFD protocol. Dr Niyati M Patel is great', '2021-07-31 20:18:10', '', 0, 0, 'ffdirp211120', 1, 0, 0, 0, 0, 0, NULL),
(319, 'batch61', 'Sandip Anand', '9437962001', 'When will we get chance to see you in person and convey our thanks', '2021-07-31 20:18:32', '', 0, 0, 'ffdirp211120', 1, 0, 0, 0, 0, 0, NULL),
(320, 'batch61', 'Rukmini K', '9886587065', 'Wanted to know the secret of your positive and happy attitude. Your energy is awesome', '2021-07-31 20:19:26', '91', 0, 0, 'ffdirp211120', 0, 0, 0, 0, 0, 0, NULL),
(321, 'batch61', 'Rajendra Hosmani', '8806660780', 'Salute to Dr Malhar for his sharing and guiding.. ', '2021-07-31 20:19:30', '91', 0, 0, 'ffdirp211120', 1, 0, 0, 0, 0, 0, NULL),
(322, 'batch61', 'Sandip Anand', '9437962001', 'Awaiting 15 days program  at Pune.', '2021-07-31 20:19:32', '', 0, 0, 'ffdirp211120', 1, 0, 0, 0, 0, 0, NULL),
(323, 'batch61', 'Sharad ', '9820305958', 'Wish you our very best for all your endeavours. ', '2021-07-31 20:19:47', '', 0, 0, 'ffdirp211120', 1, 0, 0, 0, 0, 0, NULL),
(324, 'batch61', 'Bhavana Mehta', '9825948950', 'I still have to take 1.5 tabs in the morning and 1.5 Tabs in the evening. Should I continue for 3 months to get rid of tablets. My present HbA1c is 7.3. Please advise.', '2021-07-31 20:19:59', '', 0, 0, 'ffdirp211120', 1, 0, 0, 0, 0, 1, NULL),
(325, 'batch61', 'KIRAN NAGARE', '922174920', 'Dr. Jitendr pawar is perfect ', '2021-07-31 20:20:01', '91', 0, 0, 'ffdirp211120', 1, 0, 0, 0, 0, 0, NULL),
(326, 'batch61', 'sangita', '9810680269', 'Tons of gratitude to you and your team for all the great work\r\n', '2021-07-31 20:20:05', '', 0, 0, 'ffdirp211120', 1, 0, 0, 0, 0, 0, NULL),
(327, 'batch61', 'VIJAYANAND POTDAR ', '9899394341', 'Would like to meet u personally after covid ', '2021-07-31 20:20:15', '91', 0, 0, 'ffdirp211120', 1, 0, 0, 0, 0, 0, NULL),
(328, 'batch61', 'Rajendra Hosmani', '8806660780', 'U R our Scientific saint Dr..Ji', '2021-07-31 20:20:16', '91', 0, 0, 'ffdirp211120', 1, 0, 0, 0, 0, 0, NULL),
(329, 'batch61', 'Punam Mewara ', '9430352400', 'I want to be free fro medicine  \r\nOnce my medication stop for 10 days meanwhile I was out for three days canâ€™t keeep full control n my bsl rises like anything ', '2021-07-31 20:21:19', '', 0, 0, 'ffdirp211120', 1, 1, 0, 0, 0, 0, NULL),
(330, 'batch61', 'Aruna Khare', '9926564686', 'I have 26years old Diabetes, BP, Thyroid. When I joined I was 90kg, now I\'m 56kg today. Strictly follow karti hu diet aur exercise. Medicine band hoti hai but agar 1 diet me thoda bhi kuch disturb hota to wapas BSL badhne lagta. 1 saal poora follow kiya hai strictly without any cheat aur abhi bhi kar rahi magar fir bhi GTT nai de paayi. Meri medicine nai band hogi kya kabhi? HBA1C 6.4 aaya tha is bar.', '2021-07-31 20:21:36', '', 0, 0, 'ffdirp211120', 1, 0, 0, 0, 0, 0, NULL),
(331, 'batch61', 'Jayshree dilip Chaudhary', '9403190408', 'Losing weight is locked at 66 not reducing below that...please suggest something\r\n', '2021-07-31 20:21:38', '91', 0, 0, 'ffdirp211120', 1, 0, 1, 0, 0, 0, 'carb cycling'),
(332, 'batch61', 'Rajendra Hosmani', '8806660780', 'Love U Love', '2021-07-31 20:21:39', '91', 0, 0, 'ffdirp211120', 1, 0, 0, 0, 0, 0, NULL),
(333, 'batch61', 'Srinivas Kulkarni', '9573106126', 'Life changing program. My sincere gratitude to the entire team', '2021-07-31 20:21:40', '', 0, 0, 'ffdirp211120', 1, 0, 0, 0, 0, 0, NULL),
(334, 'batch61', 'DEEPAK DHANUKA', '9835577085', 'sir you are my guru\r\n', '2021-07-31 20:21:44', '', 0, 0, 'ffdirp211120', 1, 0, 0, 0, 0, 0, NULL),
(335, 'batch61', 'Punam Mewara ', '9430352400', 'Pahle de bhi jyada ', '2021-07-31 20:21:44', '', 0, 0, 'ffdirp211120', 1, 1, 0, 0, 0, 0, NULL),
(336, 'batch61', 'rajshekhar patil', '8949474078', 'sir fhir kab miloge\r\n', '2021-07-31 20:21:45', '91', 0, 0, 'ffdirp211120', 1, 0, 0, 0, 0, 0, NULL),
(337, 'batch61', 'Kamlesh Tripathi', '09888098293', 'thank u', '2021-07-31 20:21:47', '', 0, 0, 'ffdirp211120', 1, 0, 0, 0, 0, 0, NULL),
(338, 'batch61', 'Pramendra Dutt Kale', '7860030472', 'Thanks a lot of 7', '2021-07-31 20:22:07', '91', 0, 0, 'ffdirp211120', 1, 0, 0, 0, 0, 0, NULL),
(339, 'batch61', 'Seetha Ananthasivan', '8088749738', ' All the best to you for continued creative work and wellbeing!! Child and expert\r\n\r\n\r\n', '2021-07-31 20:22:07', '', 0, 0, 'ffdirp211120', 1, 0, 0, 0, 0, 0, NULL),
(340, 'batch61', 'KIRAN NAGARE', '922174920', 'Thanks all ffd', '2021-07-31 20:22:15', '91', 0, 0, 'ffdirp211120', 1, 0, 0, 0, 0, 0, NULL),
(341, 'batch61', 'Shikha Nigam', '9919276576', 'Keep holding our hands !!!', '2021-07-31 20:22:20', '91', 0, 0, 'ffdirp211120', 1, 0, 0, 0, 0, 0, NULL),
(342, 'batch61', 'Mary Dsouza', '09900401698', 'Thank you soooo much doc for your support', '2021-07-31 20:23:12', '91', 0, 0, 'ffdirp211120', 1, 0, 0, 0, 0, 0, NULL),
(343, 'batch61', 'rajshree Tamhankar', '9820617388', 'keep it up sir ...have loooong life. you are a savier of many', '2021-07-31 20:23:20', '91', 0, 0, 'ffdirp211120', 1, 0, 0, 0, 0, 0, NULL),
(344, 'batch61', 'NILESH WADEKAR', '9822800574', 'Thansk and love you', '2021-07-31 20:23:22', '', 0, 0, 'ffdirp211120', 1, 0, 0, 0, 0, 0, NULL),
(345, 'batch61', 'ABHISHEK PANDEY', '8130838833', 'I want to continue for FFD program for another 6 month to reverse my diabetes ', '2021-07-31 20:23:33', '', 0, 0, 'ffdirp211120', 1, 0, 0, 0, 0, 1, NULL),
(346, 'batch61', 'Manali', '9920399577', 'Thank You Sir', '2021-07-31 20:23:33', '91', 0, 0, 'ffdirp211120', 1, 0, 0, 0, 0, 0, NULL),
(347, 'batch61', 'dinesh bhalakiya', '9925153984', 'thanks for guide how to live  long life ', '2021-07-31 20:24:14', '', 0, 0, 'ffdirp211120', 0, 0, 0, 0, 0, 0, NULL),
(348, 'batch61', 'Sathyajit Rai', '9004855123', 'Can we do GTT after the course', '2021-07-31 20:24:35', '', 0, 0, 'ffdirp211120', 0, 0, 0, 0, 0, 0, NULL),
(349, 'batch61', 'Rajendra Hosmani', '8806660780', 'Ur programme to be a part of curriculum of medical college Dr ji ', '2021-07-31 20:25:22', '91', 0, 0, 'ffdirp211120', 0, 0, 0, 0, 0, 0, NULL),
(350, 'batch61', 'Dr.Amiya Kumar', '09161491891', 'Bye \r\n\r\n', '2021-07-31 20:26:13', '', 0, 0, 'ffdirp211120', 0, 0, 0, 0, 0, 0, NULL),
(351, 'batch61', 'Hrishikesh Gandhi', '09371000230', 'I missed today\'s session due to worrking, would like to know how to take it further. Whether the session will be uploaded on the portal.', '2021-07-31 20:26:17', '91', 0, 0, 'ffdirp211120', 0, 0, 0, 0, 0, 0, NULL),
(352, 'batch61', 'Milky', '8242435084', 'Thankyou Doctor for being such a blessings', '2021-07-31 20:26:35', '', 0, 0, 'ffdirp211120', 0, 0, 0, 0, 0, 0, NULL),
(353, 'batch61', 'Jayshree dilip Chaudhary', '9403190408', 'Thank you so much sir', '2021-07-31 20:26:38', '91', 0, 0, 'ffdirp211120', 0, 0, 0, 0, 0, 0, NULL),
(354, 'batch61', 'Dr.Amiya Kumar', '09161491891', ' ðŸ™ðŸ™', '2021-07-31 20:27:44', '', 0, 0, 'ffdirp211120', 0, 0, 0, 0, 0, 0, NULL),
(355, 'batch61', 'Swaati mhatre', '919860568523', 'Thank you so much ðŸ˜ŠðŸ™ðŸ»', '2021-07-31 20:41:16', '', 0, 0, 'ffdirp211120', 0, 0, 0, 0, 0, 0, NULL),
(356, 'batch61', 'Dr.Amiya Kumar', '09161491891', 'Join u again after Covid\r\n', '2021-07-31 20:41:24', '', 0, 0, 'ffdirp211120', 0, 0, 0, 0, 0, 0, NULL),
(357, 'batch61', 'Manu', '7089156509', 'Hi', '2021-07-31 20:54:45', '', 0, 0, 'ffdirp211120', 0, 0, 0, 0, 0, 0, NULL);

-- --------------------------------------------------------

--
-- Table structure for table `tbl_users`
--

CREATE TABLE `tbl_users` (
  `id` int(3) NOT NULL,
  `batch` varchar(10) NOT NULL,
  `name` varchar(100) NOT NULL,
  `reg_date` datetime NOT NULL,
  `mobile_num` varchar(20) NOT NULL,
  `login_date` datetime DEFAULT NULL,
  `logout_date` datetime DEFAULT NULL,
  `logout_status` int(11) DEFAULT '0',
  `cntry_code` varchar(10) DEFAULT NULL,
  `eventname` varchar(50) NOT NULL
) ENGINE=InnoDB DEFAULT CHARSET=utf8;

--
-- Dumping data for table `tbl_users`
--

INSERT INTO `tbl_users` (`id`, `batch`, `name`, `reg_date`, `mobile_num`, `login_date`, `logout_date`, `logout_status`, `cntry_code`, `eventname`) VALUES
(1, 'batch61', 'vibhav', '2021-07-29 11:20:31', '32345345', '2021-07-29 11:20:31', '2021-07-29 11:21:01', 1, '', 'ffdirp211120'),
(2, 'batch61', 'vibhav', '2021-07-29 11:48:22', '134235', '2021-07-29 11:48:22', '2021-07-29 11:50:23', 1, '', 'ffdirp211120'),
(3, 'batch61', 'Pratibha Sheth', '2021-07-29 12:08:33', '9892608805', '2021-07-31 19:11:47', '2021-07-31 19:12:17', 1, '', 'ffdirp211120'),
(4, 'batch61', 'vibhav', '2021-07-29 16:03:49', '1234567890', '2021-07-29 16:03:49', '2021-07-29 16:04:07', 0, '', 'ffdirp211120'),
(5, 'batch61', 'Pankaj kumar', '2021-07-29 17:12:21', '7733810729', '2021-07-31 20:46:15', '2021-07-31 20:49:46', 1, '91', 'ffdirp211120'),
(6, 'batch61', 'ADNEYA D HEMADE', '2021-07-29 17:12:43', '9763685619', '2021-07-31 19:02:46', '2021-07-31 20:06:47', 1, '', 'ffdirp211120'),
(7, 'batch61', 'J. S. Ganesh murthy', '2021-07-30 05:37:25', '9741056215', '2021-07-30 05:37:25', '2021-07-30 05:38:25', 1, '91', 'ffdirp211120'),
(8, 'batch61', 'Udit', '2021-07-30 11:15:46', '561808577', '2021-07-31 18:37:11', '2021-07-31 20:41:44', 1, '971', 'ffdirp211120'),
(9, 'batch61', 'Nishanth.S', '2021-07-30 13:03:17', '1231', '2021-07-30 13:03:17', '2021-07-30 13:15:08', 0, '672', 'ffdirp211120'),
(10, 'batch61', 'Bhavana', '2021-07-30 16:09:14', '9825948950', '2021-07-31 18:22:42', '2021-07-31 20:41:44', 1, '', 'ffdirp211120'),
(11, 'batch61', 'Bhavana Mehta', '2021-07-30 16:51:01', '9825948950', '2021-07-30 16:51:01', '2021-07-30 17:01:31', 1, '91', 'ffdirp211120'),
(12, 'batch61', 'Aarti Wadekar ', '2021-07-30 18:17:35', '9773560734', '2021-07-31 19:24:53', '2021-07-31 19:54:24', 1, '', 'ffdirp211120'),
(13, 'batch61', 'Shikha Nigam', '2021-07-30 18:27:50', '9919276576', '2021-07-31 18:25:45', '2021-07-31 20:42:15', 1, '91', 'ffdirp211120'),
(14, 'batch61', 'Shahla', '2021-07-30 18:35:25', '9822714930', '2021-07-31 19:06:31', '2021-07-31 20:14:43', 1, '', 'ffdirp211120'),
(15, 'batch61', 'Sambhajirao Deshmukh', '2021-07-30 18:38:09', '9969456245', '2021-07-30 18:38:09', '2021-07-30 18:59:55', 1, '', 'ffdirp211120'),
(16, 'batch61', 'Aruna', '2021-07-31 11:22:04', '9926564686', '2021-07-31 18:39:39', '2021-07-31 19:44:43', 1, '91', 'ffdirp211120'),
(17, 'batch61', 'Renuka vadhyar', '2021-07-31 11:22:37', '9987959532', '2021-07-31 18:23:37', '2021-07-31 20:42:07', 1, '', 'ffdirp211120'),
(18, 'batch61', 'v', '2021-07-31 17:07:33', '256', '2021-07-31 17:07:33', '2021-07-31 17:07:41', 0, '', 'ffdirp211120'),
(19, 'batch61', 'anup shrikumar', '2021-07-31 17:09:24', '9322673599', '2021-07-31 19:42:21', '2021-07-31 20:34:51', 1, '', 'ffdirp211120'),
(20, 'batch61', 'Srinivas Kanchibhotla', '2021-07-31 17:23:47', '97680628', '2021-07-31 18:31:26', '2021-07-31 20:28:38', 1, '965', 'ffdirp211120'),
(21, 'batch61', 'Rukmini K', '2021-07-31 17:37:18', '9886587065', '2021-07-31 17:37:18', '2021-07-31 20:42:03', 1, '91', 'ffdirp211120'),
(22, 'batch61', 'Meena', '2021-07-31 17:41:01', '9620604523', '2021-07-31 18:31:36', '2021-07-31 20:45:06', 1, '', 'ffdirp211120'),
(23, 'batch61', 'PICHAI RAMESH', '2021-07-31 17:43:43', '09940444669', '2021-07-31 18:44:02', '2021-07-31 18:44:09', 0, '91', 'ffdirp211120'),
(24, 'batch61', 'Neelakshi oak', '2021-07-31 17:46:19', '09028545346', '2021-07-31 17:46:19', '2021-07-31 19:37:27', 1, '', 'ffdirp211120'),
(25, 'batch61', 'Pichai Ramesh', '2021-07-31 17:46:25', '9940444669', '2021-07-31 19:41:46', '2021-07-31 20:08:39', 1, '91', 'ffdirp211120'),
(26, 'batch61', 'Nisit Mandla', '2021-07-31 17:53:43', '09246211828', '2021-07-31 18:52:12', '2021-07-31 20:42:43', 1, '', 'ffdirp211120'),
(27, 'batch61', 'Sanjeev Chhabra', '2021-07-31 17:57:35', '9891225873', '2021-07-31 19:14:11', '2021-07-31 20:26:27', 0, '', 'ffdirp211120'),
(28, 'batch61', 'Sanjay Digamabr Patil', '2021-07-31 18:03:06', '8286035888', '2021-07-31 18:03:06', '2021-07-31 20:04:36', 1, '', 'ffdirp211120'),
(29, 'batch61', 'Sridhar Rammurthy', '2021-07-31 18:06:01', '9833173636', '2021-07-31 18:45:17', '2021-07-31 20:09:57', 1, '', 'ffdirp211120'),
(30, 'batch61', 'Shruti Kulkarni', '2021-07-31 18:08:09', '2679928516', '2021-07-31 20:40:30', '2021-07-31 20:42:01', 1, '1', 'ffdirp211120'),
(31, 'batch61', 'v', '2021-07-31 18:10:46', '234', '2021-07-31 18:10:46', '2021-07-31 18:11:16', 1, '', 'ffdirp211120'),
(32, 'batch61', 'Kishore Kumar S', '2021-07-31 18:12:16', '9448937937', '2021-07-31 18:12:16', '2021-07-31 22:03:16', 1, '', 'ffdirp211120'),
(33, 'batch61', 'Madhura Joshi', '2021-07-31 18:14:32', '9689928560', '2021-07-31 18:14:32', '2021-07-31 20:24:02', 1, '91', 'ffdirp211120'),
(34, 'batch61', 'RENUKA NAIR', '2021-07-31 18:15:25', '9632502277', '2021-07-31 18:15:25', '2021-07-31 20:04:26', 1, '91', 'ffdirp211120'),
(35, 'batch61', 'Rasheeda', '2021-07-31 18:16:22', '9423042124', '2021-07-31 18:16:22', '2021-07-31 20:42:52', 1, '', 'ffdirp211120'),
(36, 'batch61', 'Narayan Surya Prakash', '2021-07-31 18:17:17', '8807050018', '2021-07-31 18:17:17', '2021-07-31 20:34:56', 0, '91', 'ffdirp211120'),
(37, 'batch61', 'Sunil Vipat', '2021-07-31 18:18:05', '9819827658', '2021-07-31 18:18:05', '2021-07-31 20:42:06', 1, '', 'ffdirp211120'),
(38, 'batch61', 'Vyankatesh Devanpalli', '2021-07-31 18:19:51', '09535022112', '2021-07-31 18:19:51', '2021-07-31 20:34:21', 1, '91', 'ffdirp211120'),
(39, 'batch61', 'Manali', '2021-07-31 18:20:19', '9920399577', '2021-07-31 18:20:19', '2021-07-31 20:41:49', 1, '91', 'ffdirp211120'),
(40, 'batch61', 'Sarita Dalmiya', '2021-07-31 18:20:22', '8107595683', '2021-07-31 18:20:22', '2021-07-31 18:33:23', 1, '91', 'ffdirp211120'),
(41, 'batch61', 'M.R.SIVA SHANKAR', '2021-07-31 18:20:41', '09790209833', '2021-07-31 18:27:06', '2021-07-31 19:55:37', 1, '', 'ffdirp211120'),
(42, 'batch61', 'Kiran Hiralkar', '2021-07-31 18:21:04', '9370420122', '2021-07-31 18:21:04', '2021-07-31 20:41:40', 0, '91', 'ffdirp211120'),
(43, 'batch61', 'Rp Garg', '2021-07-31 18:21:42', '9646135581', '2021-07-31 18:21:42', '2021-07-31 19:18:12', 1, '', 'ffdirp211120'),
(44, 'batch61', 'Ashish kothari', '2021-07-31 18:22:37', '9867192456', '2021-07-31 18:22:37', '2021-07-31 20:42:07', 1, '91', 'ffdirp211120'),
(45, 'batch61', 'Nithya Gnaneswari', '2021-07-31 18:22:41', '9789269540', '2021-07-31 18:22:41', '2021-07-31 20:42:03', 0, '', 'ffdirp211120'),
(46, 'batch61', 'Anuj Maheshwari', '2021-07-31 18:22:55', '9927047840', '2021-07-31 18:22:55', '2021-07-31 20:22:29', 0, '', 'ffdirp211120'),
(47, 'batch61', 'Swaati Mhatre', '2021-07-31 18:23:35', '919860568523', '2021-07-31 20:42:50', '2021-07-31 20:43:20', 1, '', 'ffdirp211120'),
(48, 'batch61', 'Sandhya L Rao', '2021-07-31 18:23:42', '9739902708', '2021-07-31 18:23:42', '2021-07-31 19:55:28', 1, '91', 'ffdirp211120'),
(49, 'batch61', 'Aparajita Singh', '2021-07-31 18:24:09', '9920657271', '2021-07-31 18:24:09', '2021-07-31 20:42:11', 1, '', 'ffdirp211120'),
(50, 'batch61', 'Rajendra Hosmani', '2021-07-31 18:24:13', '8806660780', '2021-07-31 18:24:13', '2021-07-31 20:44:08', 1, '91', 'ffdirp211120'),
(51, 'batch61', 'Satyanarayana Akella', '2021-07-31 18:24:13', '96566801547', '2021-07-31 18:24:13', '2021-07-31 20:42:11', 1, '965', 'ffdirp211120'),
(52, 'batch61', 'Prashant Kumar', '2021-07-31 18:24:25', '9833867271', '2021-07-31 18:24:25', '2021-07-31 20:41:30', 0, '', 'ffdirp211120'),
(53, 'batch61', 'Seena Kasegaonkar ', '2021-07-31 18:24:31', '9921025500', '2021-07-31 18:24:31', '2021-07-31 19:16:59', 1, '', 'ffdirp211120'),
(54, 'batch61', 'SHYAM SUNDAR SARAF', '2021-07-31 18:24:51', '09830053456', '2021-07-31 19:30:12', '2021-07-31 20:43:13', 1, '91', 'ffdirp211120'),
(55, 'batch61', 'sangita', '2021-07-31 18:25:09', '9810680269', '2021-07-31 18:25:09', '2021-07-31 20:41:43', 0, '', 'ffdirp211120'),
(56, 'batch61', 'Sunita Bhatnagar', '2021-07-31 18:25:32', '9899888802', '2021-07-31 20:04:40', '2021-07-31 20:41:29', 0, '', 'ffdirp211120'),
(57, 'batch61', 'Pramendra Dutt Kale', '2021-07-31 18:25:40', '7860030472', '2021-07-31 18:25:40', '2021-07-31 20:42:53', 1, '91', 'ffdirp211120'),
(58, 'batch61', 'Amit Manjrekar', '2021-07-31 18:25:42', '9702747666', '2021-07-31 18:25:42', '2021-07-31 20:22:23', 1, '', 'ffdirp211120'),
(59, 'batch61', 'VIJAYKUMAR DESAI', '2021-07-31 18:25:43', '9327443825', '2021-07-31 18:26:44', '2021-07-31 19:28:14', 1, '91', 'ffdirp211120'),
(60, 'batch61', 'Mary Dsouza', '2021-07-31 18:25:43', '09900401698', '2021-07-31 19:07:47', '2021-07-31 21:38:06', 1, '91', 'ffdirp211120'),
(61, 'batch61', 'Parul parikh', '2021-07-31 18:26:05', '9757311168', '2021-07-31 19:32:20', '2021-07-31 20:46:44', 1, '91', 'ffdirp211120'),
(62, 'batch61', 'Kalpana Sharma', '2021-07-31 18:26:09', '09819798204', '2021-07-31 18:26:09', '2021-07-31 20:42:28', 1, '', 'ffdirp211120'),
(63, 'batch61', 'Jayasri', '2021-07-31 18:26:14', '924646255', '2021-07-31 18:26:14', '2021-07-31 18:57:48', 1, '', 'ffdirp211120'),
(64, 'batch61', 'DNAGESHWARI ', '2021-07-31 18:26:17', '9849539098', '2021-07-31 18:28:09', '2021-07-31 20:41:38', 1, '', 'ffdirp211120'),
(65, 'batch61', 'Subhas Das', '2021-07-31 18:26:32', '9879102700', '2021-07-31 18:26:32', '2021-07-31 20:28:39', 1, '91', 'ffdirp211120'),
(66, 'batch61', 'RASHMI RANJAN', '2021-07-31 18:26:32', '9868537442', '2021-07-31 20:32:07', '2021-07-31 20:33:08', 1, '91', 'ffdirp211120'),
(67, 'batch61', 'eknath kulkarni', '2021-07-31 18:26:36', '9844058288', '2021-07-31 18:26:36', '2021-07-31 20:42:06', 1, '91', 'ffdirp211120'),
(68, 'batch61', 'rajshree Tamhankar', '2021-07-31 18:26:45', '9820617388', '2021-07-31 19:00:53', '2021-07-31 20:42:23', 1, '91', 'ffdirp211120'),
(69, 'batch61', 'KIRAN NAGARE', '2021-07-31 18:26:57', '922174920', '2021-07-31 18:26:57', '2021-07-31 20:27:28', 1, '91', 'ffdirp211120'),
(70, 'batch61', 'Seetha Ananthasivan', '2021-07-31 18:26:58', '8088749738', '2021-07-31 18:26:58', '2021-07-31 18:49:59', 1, '91', 'ffdirp211120'),
(71, 'batch61', 'Joseph Varghese', '2021-07-31 18:27:03', '8805559369', '2021-07-31 18:27:03', '2021-07-31 21:14:03', 1, '', 'ffdirp211120'),
(72, 'batch61', 'GANAPATHI R', '2021-07-31 18:27:07', '9740061740', '2021-07-31 18:27:07', '2021-07-31 20:51:50', 1, '', 'ffdirp211120'),
(73, 'batch61', 'Jayaprakash Ponraj', '2021-07-31 18:27:20', '0528713344', '2021-07-31 18:27:20', '2021-07-31 20:28:21', 1, '971', 'ffdirp211120'),
(74, 'batch61', 'Bhoomi', '2021-07-31 18:27:31', '9860223614', '2021-07-31 19:36:20', '2021-07-31 19:44:50', 1, '91', 'ffdirp211120'),
(75, 'batch61', 'Leelavathi S', '2021-07-31 18:27:53', '7795941870', '2021-07-31 18:27:53', '2021-07-31 20:29:23', 1, '', 'ffdirp211120'),
(76, 'batch61', 'LAKSHMI NARAYANA GATTU', '2021-07-31 18:27:56', '9550799667', '2021-07-31 18:27:56', '2021-07-31 19:40:16', 0, '', 'ffdirp211120'),
(77, 'batch61', 'NILESH WADEKAR', '2021-07-31 18:27:56', '9822800574', '2021-07-31 20:12:43', '2021-07-31 20:42:44', 1, '', 'ffdirp211120'),
(78, 'batch61', 'Babita Chopra', '2021-07-31 18:28:08', '9650990581', '2021-07-31 18:28:08', '2021-07-31 20:20:09', 1, '', 'ffdirp211120'),
(79, 'batch61', 'Sathyajit Rai', '2021-07-31 18:28:39', '9004855123', '2021-07-31 19:14:41', '2021-07-31 20:29:05', 0, '', 'ffdirp211120'),
(80, 'batch61', 'Shriya M', '2021-07-31 18:28:57', '08105065656', '2021-07-31 18:28:57', '2021-07-31 20:01:32', 1, '91', 'ffdirp211120'),
(81, 'batch61', 'Rashmi goel', '2021-07-31 18:29:03', '9930651629', '2021-07-31 18:29:03', '2021-07-31 20:18:35', 1, '91', 'ffdirp211120'),
(82, 'batch61', 'Divya Gupta', '2021-07-31 18:29:04', '8800588717', '2021-07-31 18:29:04', '2021-07-31 19:51:02', 1, '91', 'ffdirp211120'),
(83, 'batch61', 'Shriram Ghatpande', '2021-07-31 18:29:15', '9892509675', '2021-07-31 18:29:15', '2021-07-31 20:45:40', 1, '91', 'ffdirp211120'),
(84, 'batch61', 'Jyoti Ghatpande ', '2021-07-31 18:29:24', '9892162288', '2021-07-31 19:25:33', '2021-07-31 20:18:48', 0, '', 'ffdirp211120'),
(85, 'batch61', 'DEEPAK DHANUKA', '2021-07-31 18:29:44', '9835577085', '2021-07-31 18:35:40', '2021-07-31 20:50:40', 1, '', 'ffdirp211120'),
(86, 'batch61', 'Gokul P Deshpande', '2021-07-31 18:29:52', '9840060299', '2021-07-31 18:29:52', '2021-07-31 20:30:58', 1, '', 'ffdirp211120'),
(87, 'batch61', 'Sharad ', '2021-07-31 18:30:09', '9820305958', '2021-07-31 18:30:09', '2021-07-31 20:42:38', 1, '', 'ffdirp211120'),
(88, 'batch61', 'M Sivan', '2021-07-31 18:30:10', '06383345356', '2021-07-31 18:30:10', '2021-07-31 20:25:11', 1, '91', 'ffdirp211120'),
(89, 'batch61', 'Hitesh Solanki', '2021-07-31 18:30:12', '8103869170', '2021-07-31 18:30:12', '2021-07-31 20:29:18', 1, '', 'ffdirp211120'),
(90, 'batch61', 'Koshala B', '2021-07-31 18:30:13', '9686368594', '2021-07-31 18:30:13', '2021-07-31 20:42:14', 1, '91', 'ffdirp211120'),
(91, 'batch61', 'Punam Mewara ', '2021-07-31 18:30:21', '9430352400', '2021-07-31 20:04:28', '2021-07-31 20:33:40', 1, '', 'ffdirp211120'),
(92, 'batch61', 'Prashant Sankeshwar', '2021-07-31 18:30:24', '9850813955', '2021-07-31 19:29:23', '2021-07-31 20:41:54', 1, '', 'ffdirp211120'),
(93, 'batch61', 'Dileep Kumar Gupta', '2021-07-31 18:30:25', '9412290544', '2021-07-31 18:30:25', '2021-07-31 21:52:59', 1, '', 'ffdirp211120'),
(94, 'batch61', 'Amitesh', '2021-07-31 18:30:26', '9937068332', '2021-07-31 18:30:26', '2021-07-31 18:55:57', 1, '', 'ffdirp211120'),
(95, 'batch61', 'Naved Shamsi', '2021-07-31 18:30:34', '7983032164', '2021-07-31 18:30:34', '2021-07-31 20:40:41', 0, '91', 'ffdirp211120'),
(96, 'batch61', 'Vidya Gandhi ', '2021-07-31 18:31:03', '9373292923', '2021-07-31 18:31:03', '2021-07-31 20:43:33', 1, '', 'ffdirp211120'),
(97, 'batch61', 'Sarala sharma', '2021-07-31 18:31:06', '8605638511', '2021-07-31 19:23:29', '2021-07-31 20:35:10', 1, '91', 'ffdirp211120'),
(98, 'batch61', 'chiranji juliya', '2021-07-31 18:31:07', '9904200875', '2021-07-31 19:39:51', '2021-07-31 20:00:21', 1, '91', 'ffdirp211120'),
(99, 'batch61', 'Shashi Saraf', '2021-07-31 18:31:13', '09330996281', '2021-07-31 18:50:18', '2021-07-31 19:42:49', 1, '', 'ffdirp211120'),
(100, 'batch61', 'PRAVIN KOLAPKAR', '2021-07-31 18:31:49', '0503982210', '2021-07-31 20:08:37', '2021-07-31 21:14:05', 1, '971', 'ffdirp211120'),
(101, 'batch61', 'Alok Ranjan', '2021-07-31 18:31:50', '9920070287', '2021-07-31 18:31:50', '2021-07-31 20:21:20', 1, '', 'ffdirp211120'),
(102, 'batch61', 'Dr.Rani pore', '2021-07-31 18:31:55', '9822772991', '2021-07-31 19:11:14', '2021-07-31 20:42:16', 1, '91', 'ffdirp211120'),
(103, 'batch61', 'Sandip Anand', '2021-07-31 18:32:09', '9437962001', '2021-07-31 19:21:56', '2021-07-31 20:41:48', 0, '', 'ffdirp211120'),
(104, 'batch61', 'Saurabh', '2021-07-31 18:32:19', '7550171156', '2021-07-31 18:59:24', '2021-07-31 20:06:49', 1, '91', 'ffdirp211120'),
(105, 'batch61', 'Sita Ghate', '2021-07-31 18:32:25', '5104575470', '2021-07-31 19:23:34', '2021-07-31 21:07:36', 1, '1', 'ffdirp211120'),
(106, 'batch61', 'Mahesh Kumar Yadav', '2021-07-31 18:32:25', '9818584432', '2021-07-31 18:32:25', '2021-07-31 20:41:56', 1, '91', 'ffdirp211120'),
(107, 'batch61', 'Rajani', '2021-07-31 18:32:29', '9422467520', '2021-07-31 18:32:29', '2021-07-31 20:29:04', 1, '91', 'ffdirp211120'),
(108, 'batch61', 'premkumar', '2021-07-31 18:32:38', '9445623491', '2021-07-31 19:12:18', '2021-07-31 20:00:19', 1, '', 'ffdirp211120'),
(109, 'batch61', 'Gururaj Rao', '2021-07-31 18:32:40', '09330158996', '2021-07-31 19:35:42', '2021-07-31 20:19:39', 0, '91', 'ffdirp211120'),
(110, 'batch61', 'Vineet Pushkar', '2021-07-31 18:32:46', '9953260392', '2021-07-31 18:48:37', '2021-07-31 20:27:38', 1, '', 'ffdirp211120'),
(111, 'batch61', 'venkataraman prasanna', '2021-07-31 18:32:58', '504574364', '2021-07-31 19:18:30', '2021-07-31 20:45:31', 1, '971', 'ffdirp211120'),
(112, 'batch61', 'VASUDEVAN', '2021-07-31 18:32:59', '9527100000', '2021-07-31 18:32:59', '2021-07-31 19:07:30', 1, '', 'ffdirp211120'),
(113, 'batch61', 'vasundhara', '2021-07-31 18:33:00', '8123473539', '2021-07-31 18:33:00', '2021-07-31 20:03:31', 1, '', 'ffdirp211120'),
(114, 'batch61', 'Raja Sekhar Bidarkar', '2021-07-31 18:33:10', '7738196698', '2021-07-31 18:36:41', '2021-07-31 20:34:42', 1, '', 'ffdirp211120'),
(115, 'batch61', 'Sarita', '2021-07-31 18:33:15', '8017595683', '2021-07-31 19:39:26', '2021-07-31 20:42:27', 1, '91', 'ffdirp211120'),
(116, 'batch61', 'Shreya Krishna Rao ', '2021-07-31 18:33:23', '8310739045', '2021-07-31 18:33:23', '2021-07-31 19:34:53', 1, '91', 'ffdirp211120'),
(117, 'batch61', 'Kalpana Dutt', '2021-07-31 18:33:25', '9917942020', '2021-07-31 19:56:13', '2021-08-02 11:02:10', 1, '91', 'ffdirp211120'),
(118, 'batch61', 'Sunanda ugale ', '2021-07-31 18:33:34', '9503844546', '2021-07-31 18:33:34', '2021-07-31 20:50:05', 1, '', 'ffdirp211120'),
(119, 'batch61', 'Srinivas Kulkarni', '2021-07-31 18:34:08', '9573106126', '2021-07-31 18:34:08', '2021-07-31 23:53:53', 1, '', 'ffdirp211120'),
(120, 'batch61', 'Abhijit Mirajkar', '2021-07-31 18:34:33', '9916209596', '2021-07-31 18:34:33', '2021-07-31 20:42:04', 1, '', 'ffdirp211120'),
(121, 'batch61', 'Anandan Durairajan ', '2021-07-31 18:35:18', '9994394094', '2021-07-31 19:40:13', '2021-07-31 21:08:14', 1, '91', 'ffdirp211120'),
(122, 'batch61', 'Arun Khedkar', '2021-07-31 18:35:38', '16090741230', '2021-07-31 21:20:46', '2021-07-31 21:21:16', 1, '49', 'ffdirp211120'),
(123, 'batch61', 'Krishna Kumar Singh', '2021-07-31 18:35:38', '9769371836', '2021-07-31 18:35:38', '2021-07-31 20:41:54', 0, '', 'ffdirp211120'),
(124, 'batch61', 'Dilip ', '2021-07-31 18:35:53', '9823114260', '2021-07-31 19:20:55', '2021-07-31 20:12:25', 1, '', 'ffdirp211120'),
(125, 'batch61', 'Sharmila', '2021-07-31 18:36:00', '9769677052', '2021-07-31 18:36:00', '2021-07-31 20:42:01', 1, '', 'ffdirp211120'),
(126, 'batch61', 'Rajshekhar Patil', '2021-07-31 18:36:22', '08949474078', '2021-07-31 18:36:22', '2021-07-31 19:23:54', 1, '91', 'ffdirp211120'),
(127, 'batch61', 'Kamlesh Tripathi', '2021-07-31 18:36:40', '09888098293', '2021-07-31 19:19:01', '2021-07-31 20:55:41', 1, '', 'ffdirp211120'),
(128, 'batch61', 'KIRAN TIWARI', '2021-07-31 18:36:40', '9415387161', '2021-07-31 18:36:40', '2021-07-31 19:35:02', 1, '91', 'ffdirp211120'),
(129, 'batch61', 'Savita Dhull ', '2021-07-31 18:36:44', '9416225959', '2021-07-31 19:44:34', '2021-07-31 19:58:05', 1, '', 'ffdirp211120'),
(130, 'batch61', 'george menezes', '2021-07-31 18:36:57', '39288016', '2021-07-31 18:46:03', '2021-07-31 20:42:35', 1, '973', 'ffdirp211120'),
(131, 'batch61', 'Sambhajirao Deshmukh', '2021-07-31 18:37:20', '09969456245', '2021-07-31 18:37:20', '2021-07-31 18:44:21', 1, '', 'ffdirp211120'),
(132, 'batch61', 'Aruna Khare', '2021-07-31 18:37:30', '9926564686', '2021-07-31 18:37:30', '2021-07-31 20:40:01', 1, '', 'ffdirp211120'),
(133, 'batch61', 'Gita Tiwari', '2021-07-31 18:39:15', '9632483781', '2021-07-31 18:39:15', '2021-07-31 19:58:46', 1, '', 'ffdirp211120'),
(134, 'batch61', 'Sudam Narayan Chavan', '2021-07-31 18:39:19', '9970182509', '2021-07-31 18:39:19', '2021-07-31 20:31:02', 0, '91', 'ffdirp211120'),
(135, 'batch61', 'V.sujatha Sudarshan', '2021-07-31 18:39:30', '9986465724', '2021-07-31 19:24:49', '2021-07-31 20:33:50', 1, '', 'ffdirp211120'),
(136, 'batch61', 'Ashok Kandasamy', '2021-07-31 18:39:37', '9884203690', '2021-07-31 18:54:06', '2021-07-31 19:20:50', 1, '', 'ffdirp211120'),
(137, 'batch61', 'Vijay', '2021-07-31 18:40:00', '970926286', '2021-07-31 19:07:55', '2021-07-31 19:54:02', 0, '243', 'ffdirp211120'),
(138, 'batch61', 'VIJAYANAND POTDAR ', '2021-07-31 18:40:15', '9869394341', '2021-07-31 18:49:42', '2021-07-31 20:09:43', 1, '91', 'ffdirp211120'),
(139, 'batch61', 'Anil Dabade', '2021-07-31 18:40:18', '8582316930', '2021-07-31 18:40:18', '2021-07-31 19:36:20', 1, '1', 'ffdirp211120'),
(140, 'batch61', 'dinesh bhalakiya', '2021-07-31 18:40:59', '9925153984', '2021-07-31 18:40:59', '2021-07-31 20:41:52', 0, '', 'ffdirp211120'),
(141, 'batch61', 'Ravindra Kumar Manda', '2021-07-31 18:41:19', '96754648', '2021-07-31 18:41:19', '2021-07-31 20:41:51', 1, '65', 'ffdirp211120'),
(142, 'batch61', 'Shashikala Hegde', '2021-07-31 18:41:49', '09980985942', '2021-07-31 18:42:38', '2021-07-31 19:55:02', 0, '91', 'ffdirp211120'),
(143, 'batch61', 'Vishal P Dhokale', '2021-07-31 18:41:52', '08378990454', '2021-07-31 18:41:52', '2021-07-31 20:31:15', 0, '', 'ffdirp211120'),
(144, 'batch61', 'Bin Agarwal ', '2021-07-31 18:43:16', '9958993517', '2021-07-31 20:08:54', '2021-07-31 20:29:11', 1, '91', 'ffdirp211120'),
(145, 'batch61', 'Smt Sohagi Majhi', '2021-07-31 18:43:53', '8847849511', '2021-07-31 18:43:53', '2021-07-31 19:59:58', 0, '', 'ffdirp211120'),
(146, 'batch61', 'Gauri', '2021-07-31 18:44:16', '9845292736', '2021-07-31 18:47:35', '2021-07-31 18:56:15', 1, '', 'ffdirp211120'),
(147, 'batch61', 'PICHAI RAMESH', '2021-07-31 18:44:19', '09940444669', '2021-07-31 18:44:19', '2021-07-31 18:45:25', 1, '', 'ffdirp211120'),
(148, 'batch61', 'Sudam Narayan Chavan', '2021-07-31 18:44:36', '9970182509', '2021-07-31 18:44:36', '2021-07-31 20:31:02', 0, '', 'ffdirp211120'),
(149, 'batch61', 'Vikas', '2021-07-31 18:45:31', '9158992288', '2021-07-31 19:50:32', '2021-07-31 20:15:32', 1, '', 'ffdirp211120'),
(150, 'batch61', 'Abhishek Pandey', '2021-07-31 18:47:55', '8130838833', '2021-07-31 18:58:12', '2021-07-31 20:41:43', 0, '', 'ffdirp211120'),
(151, 'batch61', 'Madhavi Jadhav', '2021-07-31 18:49:12', '9766514745', '2021-07-31 18:49:12', '2021-07-31 20:17:43', 1, '91', 'ffdirp211120'),
(152, 'batch61', 'Seetha Ananthasivan', '2021-07-31 18:49:48', '8088749738', '2021-07-31 19:29:46', '2021-07-31 20:32:56', 1, '', 'ffdirp211120'),
(153, 'batch61', 'Manish Bhati', '2021-07-31 18:49:55', '9958530234', '2021-07-31 18:49:55', '2021-07-31 19:39:58', 1, '', 'ffdirp211120'),
(154, 'batch61', 'Meena Godhwani', '2021-07-31 18:50:38', '9822418440', '2021-07-31 19:20:41', '2021-07-31 20:26:59', 0, '', 'ffdirp211120'),
(155, 'batch61', 'Vivek Borgaonkar', '2021-07-31 18:51:04', '7774004552', '2021-07-31 20:07:06', '2021-07-31 20:27:20', 0, '91', 'ffdirp211120'),
(156, 'batch61', 'Parameswaran', '2021-07-31 18:52:08', '9962591253', '2021-07-31 19:52:10', '2021-07-31 20:41:40', 1, '91', 'ffdirp211120'),
(157, 'batch61', 'Amirali Jalaludin maredia', '2021-07-31 18:52:17', '9820700322', '2021-07-31 18:52:17', '2021-07-31 20:36:39', 1, '', 'ffdirp211120'),
(158, 'batch61', 'Deepshikha Goyal', '2021-07-31 18:52:46', '07417517329', '2021-07-31 18:52:46', '2021-07-31 19:29:20', 1, '91', 'ffdirp211120'),
(159, 'batch61', 'Sita Singh ', '2021-07-31 18:53:50', '9425538328', '2021-07-31 20:45:56', '2021-07-31 20:46:26', 1, '', 'ffdirp211120'),
(160, 'batch61', 'nidhi sharma', '2021-07-31 18:53:54', '9343842324', '2021-07-31 18:53:54', '2021-07-31 20:41:55', 1, '', 'ffdirp211120'),
(161, 'batch61', 'Raj rank sharma', '2021-07-31 18:53:54', '9818458435', '2021-07-31 18:53:54', '2021-07-31 20:41:55', 1, '', 'ffdirp211120'),
(162, 'batch61', 'Poonam Jain', '2021-07-31 18:54:50', '9810125652', '2021-07-31 18:54:50', '2021-07-31 19:10:51', 1, '', 'ffdirp211120'),
(163, 'batch61', 'Rajeev Tewari ', '2021-07-31 18:55:33', '9819652385', '2021-07-31 18:55:33', '2021-07-31 20:22:11', 1, '', 'ffdirp211120'),
(164, 'batch61', 'Rajshree Tamhankar', '2021-07-31 18:56:36', '9820617388', '2021-07-31 18:56:36', '2021-07-31 19:00:06', 1, '', 'ffdirp211120'),
(165, 'batch61', 'S p Deshmukh', '2021-07-31 18:56:51', '9833995622', '2021-07-31 18:58:24', '2021-07-31 19:03:56', 1, '', 'ffdirp211120'),
(166, 'batch61', 'Ashok Kumar', '2021-07-31 18:57:14', '9740733533', '2021-07-31 18:57:14', '2021-07-31 21:02:04', 1, '', 'ffdirp211120'),
(167, 'batch61', 'Renu Modi', '2021-07-31 18:59:16', '9819951208', '2021-07-31 19:11:27', '2021-07-31 19:19:58', 1, '', 'ffdirp211120'),
(168, 'batch61', 'Riyaz Mehmood Admani', '2021-07-31 19:03:43', '9978906807', '2021-07-31 19:03:43', '2021-07-31 19:23:44', 1, '', 'ffdirp211120'),
(169, 'batch61', 'Rajesh ', '2021-07-31 19:04:22', '9916310693', '2021-07-31 19:08:44', '2021-07-31 20:23:14', 1, '', 'ffdirp211120'),
(170, 'batch61', 'VIKAS Gupta', '2021-07-31 19:05:39', '9004699002', '2021-07-31 19:05:39', '2021-07-31 20:07:20', 1, '', 'ffdirp211120'),
(171, 'batch61', 'Alok', '2021-07-31 19:06:22', '9922915292', '2021-07-31 19:06:22', '2021-07-31 20:03:22', 1, '', 'ffdirp211120'),
(172, 'batch61', 'Ramesh Behera', '2021-07-31 19:08:16', '9320388878', '2021-07-31 20:35:47', '2021-07-31 20:41:48', 1, '', 'ffdirp211120'),
(173, 'batch61', 'Nagaraju V Jayaram ', '2021-07-31 19:08:17', '9543446444', '2021-07-31 19:08:17', '2021-07-31 20:39:18', 1, '', 'ffdirp211120'),
(174, 'batch61', 'Umesh', '2021-07-31 19:08:31', '9216732444', '2021-07-31 21:00:29', '2021-07-31 21:01:30', 1, '91', 'ffdirp211120'),
(175, 'batch61', 'Molly', '2021-07-31 19:08:46', '8242435085', '2021-07-31 19:08:46', '2021-07-31 19:27:52', 1, '', 'ffdirp211120'),
(176, 'batch61', 'Naved Shamsi', '2021-07-31 19:09:34', '7983032164', '2021-07-31 19:09:34', '2021-07-31 20:40:41', 0, '', 'ffdirp211120'),
(177, 'batch61', 'Ramnath', '2021-07-31 19:10:16', '8600410994', '2021-07-31 20:20:31', '2021-07-31 20:28:56', 0, '91', 'ffdirp211120'),
(178, 'batch61', 'Shailesh Saxena', '2021-07-31 19:11:49', '9177778003', '2021-07-31 19:11:49', '2021-07-31 20:41:53', 1, '', 'ffdirp211120'),
(179, 'batch61', 'Vasudha', '2021-07-31 19:12:42', '9822295524', '2021-07-31 19:12:42', '2021-07-31 19:13:12', 1, '', 'ffdirp211120'),
(180, 'batch61', 'Vasudha Chavan', '2021-07-31 19:13:23', '9146022109', '2021-07-31 19:46:32', '2021-07-31 20:42:02', 1, '', 'ffdirp211120'),
(181, 'batch61', 'Sudha singh', '2021-07-31 19:13:42', '9990217610', '2021-07-31 19:13:42', '2021-07-31 19:29:49', 1, '91', 'ffdirp211120'),
(182, 'batch61', 'Dr.Amiya Kumar', '2021-07-31 19:15:40', '09161491891', '2021-07-31 20:16:20', '2021-07-31 20:51:47', 1, '', 'ffdirp211120'),
(183, 'batch61', 'sanjana', '2021-07-31 19:16:31', '7038338998', '2021-07-31 19:16:31', '2021-07-31 19:18:02', 1, '91', 'ffdirp211120'),
(184, 'batch61', 'rajshekhar patil', '2021-07-31 19:18:38', '8949474078', '2021-07-31 19:18:38', '2021-07-31 20:38:39', 1, '91', 'ffdirp211120'),
(185, 'batch61', 'Samsung ', '2021-07-31 19:23:16', '9653151667', '2021-07-31 19:23:16', '2021-07-31 20:43:18', 1, '', 'ffdirp211120'),
(186, 'batch61', 'Sharat Kumar Dehuri', '2021-07-31 19:24:56', '9437368061', '2021-07-31 20:07:34', '2021-07-31 20:24:35', 1, '', 'ffdirp211120'),
(187, 'batch61', 'Surekha Dange', '2021-07-31 19:25:00', '09663149387', '2021-07-31 19:25:00', '2021-07-31 20:23:50', 1, '91', 'ffdirp211120'),
(188, 'batch61', 'Vijay kumar B', '2021-07-31 19:25:38', '9886346245', '2021-07-31 19:25:38', '2021-07-31 20:16:38', 1, '', 'ffdirp211120'),
(189, 'batch61', 'Rajendra Hosmani', '2021-07-31 19:26:09', '8806660780', '2021-07-31 19:26:09', '2021-07-31 19:30:35', 1, '', 'ffdirp211120'),
(190, 'batch61', 'Milky', '2021-07-31 19:27:43', '8242435084', '2021-07-31 19:27:43', '2021-07-31 20:42:49', 1, '', 'ffdirp211120'),
(191, 'batch61', 'Vaishali', '2021-07-31 19:28:47', '9845733100', '2021-07-31 19:53:56', '2021-07-31 20:41:56', 1, '91', 'ffdirp211120'),
(192, 'batch61', 'Aqtedar ', '2021-07-31 19:34:57', '95767236', '2021-07-31 19:34:57', '2021-07-31 19:41:30', 1, '968', 'ffdirp211120'),
(193, 'batch61', 'Mahalingam Iyer', '2021-07-31 19:35:03', '9821301062', '2021-07-31 19:35:03', '2021-07-31 20:22:24', 0, '91', 'ffdirp211120'),
(194, 'batch61', 'Pichai Ramesh', '2021-07-31 19:35:55', '994044466', '2021-07-31 19:35:55', '2021-07-31 19:41:20', 0, '91', 'ffdirp211120'),
(195, 'batch61', 'Shreya Krishna Rao ', '2021-07-31 19:37:02', '08310739045', '2021-07-31 19:37:02', '2021-07-31 19:50:02', 1, '91', 'ffdirp211120'),
(196, 'batch61', 'JOG BOJANNA ALAMENGADA SOMAIYA', '2021-07-31 19:37:33', '8105569976', '2021-07-31 19:37:33', '2021-07-31 19:44:05', 1, '', 'ffdirp211120'),
(197, 'batch61', 'Smita Sawant ', '2021-07-31 19:39:04', '9869058878', '2021-08-16 20:19:56', '2021-08-16 20:20:26', 1, '', 'ffdirp211120'),
(198, 'batch61', 'Bhagyasree', '2021-07-31 19:41:31', '9019136636', '2021-07-31 19:41:31', '2021-07-31 20:06:02', 1, '', 'ffdirp211120'),
(199, 'batch61', 'Jayasri', '2021-07-31 19:44:56', '9246462255', '2021-07-31 21:09:05', '2021-07-31 21:09:35', 1, '', 'ffdirp211120'),
(200, 'batch61', 'Divya Gupta', '2021-07-31 19:48:30', '8800588976', '2021-07-31 19:48:30', '2021-07-31 20:40:01', 1, '', 'ffdirp211120'),
(201, 'batch61', 'Shashi saraf', '2021-07-31 19:54:36', '9330996281', '2021-07-31 19:54:36', '2021-07-31 20:18:37', 1, '', 'ffdirp211120'),
(202, 'batch61', 'Archana Balasubramanian', '2021-07-31 19:55:32', '2064122724', '2021-08-03 03:26:30', '2021-08-03 03:27:00', 1, '1', 'ffdirp211120'),
(203, 'batch61', 'Sanjay Biradar', '2021-07-31 19:59:46', '9850555812', '2021-07-31 19:59:46', '2021-07-31 20:18:18', 1, '', 'ffdirp211120'),
(204, 'batch61', 'Jayshree dilip Chaudhary', '2021-07-31 20:05:13', '9403190408', '2021-07-31 20:05:13', '2021-07-31 20:42:43', 1, '91', 'ffdirp211120'),
(205, 'batch61', 'VIJAYANAND POTDAR ', '2021-07-31 20:10:16', '9899394341', '2021-07-31 20:10:16', '2021-07-31 20:24:47', 1, '91', 'ffdirp211120'),
(206, 'batch61', 'Dilip Chaudhari', '2021-07-31 20:12:03', '09823114260', '2021-07-31 20:17:29', '2021-07-31 20:41:59', 1, '', 'ffdirp211120'),
(207, 'batch61', 'Kalpana Dutt', '2021-07-31 20:12:30', '09917942020', '2021-07-31 20:12:30', '2021-07-31 21:06:45', 1, '91', 'ffdirp211120'),
(208, 'batch61', 'Sanjsy thorat', '2021-07-31 20:14:28', '9623626545', '2021-07-31 20:40:32', '2021-07-31 20:56:47', 1, '91', 'ffdirp211120'),
(209, 'batch61', 'Dr Niyati Patel', '2021-07-31 20:17:46', '09930017337', '2021-07-31 20:17:46', '2021-07-31 20:30:15', 1, '', 'ffdirp211120'),
(210, 'batch61', 'MAHA SINGH', '2021-07-31 20:17:55', '9210637744', '2021-07-31 20:17:55', '2021-07-31 20:37:52', 1, '91', 'ffdirp211120'),
(211, 'batch61', 'Hrishikesh Gandhi', '2021-07-31 20:18:20', '09371000230', '2021-07-31 20:28:54', '2021-07-31 20:57:25', 1, '91', 'ffdirp211120'),
(212, 'batch61', 'N RAJI', '2021-07-31 20:22:15', '8073118612', '2021-07-31 20:22:15', '2021-07-31 20:29:16', 1, '', 'ffdirp211120'),
(213, 'batch61', 'G K Sinha', '2021-07-31 20:26:47', '9818299153', '2021-07-31 20:26:47', '2021-07-31 21:03:18', 1, '', 'ffdirp211120'),
(214, 'batch61', 'Gauri', '2021-07-31 20:33:56', '9835292736', '2021-07-31 20:33:56', '2021-07-31 20:43:41', 1, '', 'ffdirp211120'),
(215, 'batch61', 'Manu', '2021-07-31 20:54:14', '7089156509', '2021-07-31 20:54:14', '2021-07-31 20:54:44', 1, '', 'ffdirp211120'),
(216, 'batch61', 'Nilesh Barot', '2021-07-31 21:53:28', '9898040390', '2021-07-31 21:53:28', '2021-07-31 21:53:58', 1, '', 'ffdirp211120'),
(217, 'batch61', 'RAMESH BHAT', '2021-07-31 22:25:22', '9176653439', '2021-07-31 22:25:22', '2021-07-31 22:25:52', 1, '91', 'ffdirp211120'),
(218, 'batch61', 'Ravi', '2021-08-01 16:45:23', '9971394929', '2021-08-01 16:45:23', '2021-08-01 16:45:53', 1, '', 'ffdirp211120'),
(219, 'batch61', 'ashok bansal', '2021-08-01 18:13:33', '9824076145', '2021-08-01 18:13:33', '2021-08-01 19:06:34', 1, '', 'ffdirp211120'),
(220, 'batch61', 'Govind Kulkarni', '2021-08-01 18:30:05', '9833782482', '2021-08-01 18:30:05', '2021-08-01 18:32:35', 1, '', 'ffdirp211120'),
(221, 'batch61', 'Ashok Bansal ', '2021-08-01 18:51:15', '9824076148', '2021-08-01 18:51:15', '2021-08-01 18:55:20', 1, '', 'ffdirp211120'),
(222, 'batch61', 'Vishal Malhotra', '2021-08-01 19:06:00', '09810055846', '2021-08-01 19:06:00', '2021-08-01 19:06:30', 1, '', 'ffdirp211120'),
(223, 'batch61', 'Prem ugale', '2021-08-01 19:46:14', '8296191702', '2021-08-01 19:47:04', '2021-08-01 19:52:13', 1, '91', 'ffdirp211120'),
(224, 'batch61', 'Mahesh Kumar', '2021-08-03 18:42:22', '977352087', '2021-08-03 18:42:22', '2021-08-03 18:42:52', 1, '', 'ffdirp211120');

--
-- Indexes for dumped tables
--

--
-- Indexes for table `tbl_questions`
--
ALTER TABLE `tbl_questions`
  ADD PRIMARY KEY (`id`);

--
-- Indexes for table `tbl_users`
--
ALTER TABLE `tbl_users`
  ADD PRIMARY KEY (`id`);

--
-- AUTO_INCREMENT for dumped tables
--

--
-- AUTO_INCREMENT for table `tbl_questions`
--
ALTER TABLE `tbl_questions`
  MODIFY `id` int(11) NOT NULL AUTO_INCREMENT, AUTO_INCREMENT=358;
--
-- AUTO_INCREMENT for table `tbl_users`
--
ALTER TABLE `tbl_users`
  MODIFY `id` int(3) NOT NULL AUTO_INCREMENT, AUTO_INCREMENT=225;
/*!40101 SET CHARACTER_SET_CLIENT=@OLD_CHARACTER_SET_CLIENT */;
/*!40101 SET CHARACTER_SET_RESULTS=@OLD_CHARACTER_SET_RESULTS */;
/*!40101 SET COLLATION_CONNECTION=@OLD_COLLATION_CONNECTION */;
