-- phpMyAdmin SQL Dump
-- version 4.6.6deb5ubuntu0.5
-- https://www.phpmyadmin.net/
--
-- Host: localhost:3306
-- Generation Time: Feb 09, 2022 at 06:51 AM
-- Server version: 5.7.36-0ubuntu0.18.04.1
-- PHP Version: 7.2.24-0ubuntu0.18.04.10

SET SQL_MODE = "NO_AUTO_VALUE_ON_ZERO";
SET time_zone = "+00:00";


/*!40101 SET @OLD_CHARACTER_SET_CLIENT=@@CHARACTER_SET_CLIENT */;
/*!40101 SET @OLD_CHARACTER_SET_RESULTS=@@CHARACTER_SET_RESULTS */;
/*!40101 SET @OLD_COLLATION_CONNECTION=@@COLLATION_CONNECTION */;
/*!40101 SET NAMES utf8mb4 */;

--
-- Database: `coact_ffd_13march`
--

-- --------------------------------------------------------

--
-- Table structure for table `tbl_countries`
--

CREATE TABLE `tbl_countries` (
  `country` varchar(43) DEFAULT NULL,
  `cntry_code` varchar(5) DEFAULT NULL
) ENGINE=MyISAM DEFAULT CHARSET=utf8;

--
-- Dumping data for table `tbl_countries`
--

INSERT INTO `tbl_countries` (`country`, `cntry_code`) VALUES
('Afghanistan', '93'),
('Albania', '355'),
('Algeria', '213'),
('American Samoa', '1-684'),
('Andorra', '376'),
('Angola', '244'),
('Anguilla', '1-264'),
('Antarctica', '672'),
('Antigua', '1-268'),
('Argentina', '54'),
('Armenia', '374'),
('Aruba', '297'),
('Ascension', '247'),
('Australia', '61'),
('Australian External Territories', '672'),
('Austria', '43'),
('Azerbaijan', '994'),
('Bahamas', '1-242'),
('Bahrain', '973'),
('Bangladesh', '880'),
('Barbados', '1-246'),
('Barbuda', '1-268'),
('Belarus', '375'),
('Belgium', '32'),
('Belize', '501'),
('Benin', '229'),
('Bermuda', '1-441'),
('Bhutan', '975'),
('Bolivia', '591'),
('Bosnia & Herzegovina', '387'),
('Botswana', '267'),
('Brazil', '55'),
('British Virgin Islands', '1-284'),
('Brunei Darussalam', '673'),
('Bulgaria', '359'),
('Burkina Faso', '226'),
('Burundi', '257'),
('Cambodia', '855'),
('Cameroon', '237'),
('Canada', '1'),
('Cape Verde Islands', '238'),
('Cayman Islands', '1-345'),
('Central African Republic', '236'),
('Chad', '235'),
('Chatham Island (New Zealand)', '64'),
('Chile', '56'),
('China (PRC)', '86'),
('Christmas Island', '61-8'),
('', ''),
('Cocos-Keeling Islands', '61'),
('Colombia', '57'),
('Comoros', '269'),
('Congo', '242'),
('Congo, Dem. Rep. of?', '243'),
('Cook Islands', '682'),
('Costa Rica', '506'),
('C?te d\'Ivoire', '225'),
('Croatia', '385'),
('Cuba', '53'),
('Cuba', '5399'),
('Cura?ao', '599'),
('Cyprus', '357'),
('Czech Republic', '420'),
('Denmark', '45'),
('Diego Garcia', '246'),
('Djibouti', '253'),
('Dominica', '1-767'),
('Dominican Republic', '1-809'),
('East Timor', '670'),
('Easter Island', '56'),
('Ecuador', '593'),
('Egypt', '20'),
('El Salvador', '503'),
('Equatorial Guinea', '240'),
('Eritrea', '291'),
('Estonia', '372'),
('Ethiopia', '251'),
('Falkland Islands', '500'),
('Faroe Islands', '298'),
('Fiji Islands', '679'),
('Finland', '358'),
('France', '33'),
('French Antilles', '596'),
('French Guiana', '594'),
('French Polynesia', '689'),
('Gabonese Republic', '241'),
('Gambia', '220'),
('Georgia', '995'),
('Germany', '49'),
('Ghana', '233'),
('Gibraltar', '350'),
('Greece', '30'),
('Greenland', '299'),
('Grenada', '1-473'),
('Guadeloupe', '590'),
('Guam', '1-671'),
('Guantanamo Bay', '5399'),
('Guatemala', '502'),
('Guinea-Bissau', '245'),
('Guinea', '224'),
('Guyana', '592'),
('Haiti', '509'),
('Honduras', '504'),
('Hong Kong', '852'),
('Hungary', '36'),
('Iceland', '354'),
('India', '91'),
('Indonesia', '62'),
('Inmarsat (Atlantic Ocean - East)', '871'),
('Inmarsat (Atlantic Ocean - West)', '874'),
('Inmarsat (Indian Ocean)', '873'),
('Inmarsat (Pacific Ocean)', '872'),
('International Freephone Service', '800'),
('International Shared Cost Service (ISCS)', '808'),
('Iran', '98'),
('Iraq', '964'),
('Ireland', '353'),
('Iridium', '8816'),
('Israel', '972'),
('Italy', '39'),
('Jamaica', '1-876'),
('Japan', '81'),
('Jordan', '962'),
('Kazakhstan', '7'),
('Kenya', '254'),
('Kiribati', '686'),
('Korea (North)', '850'),
('Korea (South)', '82'),
('Kuwait', '965'),
('Kyrgyz Republic', '996'),
('Laos', '856'),
('Latvia', '371'),
('Lebanon', '961'),
('Lesotho', '266'),
('Liberia', '231'),
('Libya', '218'),
('Liechtenstein', '423'),
('Lithuania', '370'),
('Luxembourg', '352'),
('Macao', '853'),
('Macedonia', '389'),
('Madagascar', '261'),
('Malawi', '265'),
('Malaysia', '60'),
('Maldives', '960'),
('Mali Republic', '223'),
('Malta', '356'),
('Marshall Islands', '692'),
('Martinique', '596'),
('Mauritania', '222'),
('Mauritius', '230'),
('Mayotte Island', '269'),
('Mexico', '52'),
('Micronesia, (Federal States of)', '691'),
('Midway Island', '1-808'),
('Moldova', '373'),
('Monaco', '377'),
('Mongolia', '976'),
('Montenegro', '382'),
('Montserrat', '1-664'),
('Morocco', '212'),
('Mozambique', '258'),
('Myanmar', '95'),
('Namibia', '264'),
('Nauru', '674'),
('Nepal', '977'),
('Netherlands', '31'),
('Netherlands Antilles', '599'),
('Nevis', '1-869'),
('New Caledonia', '687'),
('New Zealand', '64'),
('Nicaragua', '505'),
('Niger', '227'),
('Nigeria', '234'),
('Niue', '683'),
('Norfolk Island', '672'),
('Northern Marianas Islands', '1-670'),
('', ''),
('Norway', '47'),
('Oman', '968'),
('Pakistan', '92'),
('Palau', '680'),
('Palestinian Settlements', '970'),
('Panama', '507'),
('Papua New Guinea', '675'),
('Paraguay', '595'),
('Peru', '51'),
('Philippines', '63'),
('Poland', '48'),
('Portugal', '351'),
('Puerto Rico', '1-787'),
('Qatar', '974'),
('R?union Island', '262'),
('Romania', '40'),
('Russia', '7'),
('Rwandese Republic', '250'),
('St. Helena', '290'),
('St. Kitts/Nevis', '1-869'),
('St. Lucia', '-757'),
('St. Pierre & Miquelon', '508'),
('St. Vincent & Grenadines', '1-784'),
('Samoa', '685'),
('San Marino', '378'),
('S?o Tom? and Principe', '239'),
('Saudi Arabia', '966'),
('Senegal', '221'),
('Serbia', '381'),
('Seychelles Republic', '248'),
('Sierra Leone', '232'),
('Singapore', '65'),
('Slovak Republic', '421'),
('Slovenia', '386'),
('Solomon Islands', '677'),
('Somali Democratic Republic', '252'),
('South Africa', '27'),
('Spain', '34'),
('Sri Lanka', '94'),
('Sudan', '249'),
('Suriname', '597'),
('Swaziland', '268'),
('Sweden', '46'),
('Switzerland', '41'),
('Syria', '963'),
('Taiwan', '886'),
('Tajikistan', '992'),
('Tanzania', '255'),
('Thailand', '66'),
('Thuraya (Mobile Satellite service)', '88216'),
('Timor Leste', '670'),
('Togolese Republic', '228'),
('Tokelau', '690'),
('Tonga Islands', '676'),
('Trinidad & Tobago', '1-868'),
('Tunisia', '216'),
('Turkey', '90'),
('Turkmenistan', '993'),
('Turks and Caicos Islands', '1-649'),
('Tuvalu', '688'),
('Uganda', '256'),
('Ukraine', '380'),
('United Arab Emirates', '971'),
('United Kingdom', '44'),
('United States of America', '1'),
('US Virgin Islands', '1-340'),
('Universal Personal Telecommunications (UPT)', '878'),
('Uruguay', '598'),
('Uzbekistan', '998'),
('Vanuatu', '678'),
('Vatican City', '39'),
('Venezuela', '58'),
('Vietnam', '84'),
('Wake Island', '808');

-- --------------------------------------------------------

--
-- Table structure for table `tbl_questions`
--

CREATE TABLE `tbl_questions` (
  `id` int(11) NOT NULL,
  `user_batch` varchar(10) NOT NULL,
  `user_name` varchar(255) NOT NULL,
  `user_phone` varchar(15) NOT NULL,
  `user_question` varchar(500) NOT NULL,
  `asked_at` datetime NOT NULL,
  `user_code` varchar(10) NOT NULL,
  `speaker` int(11) NOT NULL DEFAULT '0',
  `answered` int(11) NOT NULL DEFAULT '0',
  `eventname` varchar(50) NOT NULL,
  `responded` int(11) DEFAULT '0',
  `doctor` int(11) DEFAULT '0',
  `diet` int(11) DEFAULT '0',
  `exercise` int(11) DEFAULT '0',
  `mentor` int(11) DEFAULT '0',
  `operations` int(11) DEFAULT '0',
  `remark` varchar(250) DEFAULT NULL
) ENGINE=MyISAM DEFAULT CHARSET=latin1;

--
-- Dumping data for table `tbl_questions`
--

INSERT INTO `tbl_questions` (`id`, `user_batch`, `user_name`, `user_phone`, `user_question`, `asked_at`, `user_code`, `speaker`, `answered`, `eventname`, `responded`, `doctor`, `diet`, `exercise`, `mentor`, `operations`, `remark`) VALUES
(2, 'batch56', 'neeraj', '64102', 'hello', '2021-03-03 18:06:41', '43', 0, 0, 'ffdirp211120', 0, 0, 0, 0, 0, 0, NULL),
(3, 'batch56', 'Vandana Sharma ', '9860131722', 'Check up blood test kab kerna h...creatinine ka......ko of ki vaccine le sakte h?', '2021-03-04 10:08:38', '', 0, 0, 'ffdirp211120', 0, 0, 0, 0, 0, 0, 'hello'),
(4, 'batch56', 'akshat', '9700467764', 'hello', '2021-03-04 12:05:13', '', 0, 0, 'ffdirp211120', 0, 0, 0, 0, 1, 1, 'hello'),
(5, 'batch56', 'Chakilam Hemachander', '9848345450', 'When will I become free from medications', '2021-03-04 18:35:05', '91', 0, 0, 'ffdirp211120', 0, 0, 0, 0, 0, 0, NULL),
(6, 'batch56', 'Chakilam Hemachander', '9848345450', 'When will I become free from medications', '2021-03-04 18:35:09', '91', 0, 0, 'ffdirp211120', 0, 0, 0, 0, 0, 0, NULL),
(7, 'batch56', 'Udayappanperiyanan', '9894448060', 'What to do to continue as ffd. I would like to be mentor for Tamil Nadu to help Tamil speaking people. Kindly help. Udayappan', '2021-03-04 22:12:49', '', 0, 0, 'ffdirp211120', 0, 0, 0, 0, 0, 0, NULL),
(8, 'batch56', 'ASHOK THAKKAR', '9920366162', 'When we have to give gtg test those have not given part in last season, when ever we needs help form you how you will help us in future,live season video of our group we can see if we can wish,our app will close or what you will do', '2021-03-05 02:11:37', '91', 0, 0, 'ffdirp211120', 0, 0, 0, 0, 0, 0, NULL),
(9, 'batch56', 'Rupali Tad', '9168574090', 'Hi sir l am Rupali Tad  mazya mistrani sudha FFD join kelel pan kahi karnani tyana te bandavayche aahe bach no 61 madhe aahet name:  Rahul Tad , contact number: 9765653209 tyana paice tari vapas pahijet kiva mala tari tyanchya pyement madhe join  karave ðŸ™ my contact number : 9168574090 ', '2021-03-05 20:26:11', '', 0, 0, 'ffdirp211120', 0, 0, 0, 0, 0, 0, NULL),
(10, 'batch56', 'Jainendra Pant', '09717971871', 'Thanks Team FFD ', '2021-03-06 06:21:34', '', 0, 0, 'ffdirp211120', 0, 0, 0, 0, 0, 0, NULL),
(11, 'batch56', 'Pritam Singh Thakur', '9969236555', 'How to download my data in app including videos of all sessions for future use once the app closes on completion of the course. ', '2021-03-06 06:30:39', '91', 0, 0, 'ffdirp211120', 0, 0, 0, 0, 0, 0, NULL),
(12, 'batch56', 'varsha sharad bhade', '9689312954', 'Is there any plans to conduct only TRP for \'lock down\' batches? of course in confessional rates :)', '2021-03-06 15:09:27', '', 0, 0, 'ffdirp211120', 0, 0, 0, 0, 0, 0, NULL),
(13, 'batch56', 'varsha sharad bhade', '9689312954', 'I have cleared GTT but my BP medicines are continue, should I extend program?', '2021-03-06 15:11:36', '', 0, 0, 'ffdirp211120', 0, 0, 0, 0, 0, 0, NULL),
(14, 'batch56', 'varsha sharad bhade', '9689312954', 'Don\'t you feel that there should be more communication through app only with assigned experts rather than whatsapp groups?', '2021-03-06 15:22:47', '', 0, 0, 'ffdirp211120', 0, 0, 0, 0, 0, 0, NULL),
(15, 'batch56', 'Ramyareka', '7801964031', 'what is your advice to people who were not yet medicine free?.. ', '2021-03-06 15:28:52', '', 0, 0, 'ffdirp211120', 0, 0, 0, 0, 0, 0, NULL),
(16, 'batch56', 'Ramyareka', '7801964031', 'could you please extend the access to education portal', '2021-03-06 15:30:57', '', 0, 0, 'ffdirp211120', 0, 0, 0, 0, 0, 0, NULL),
(17, 'batch56', 'Vandana Sharma ', '9860131722', 'Dr meri creatinine ki medicine aur Baki medicine Chaaruu Rachna h  aur blood test kab kerna h?', '2021-03-06 16:39:13', '', 0, 0, 'ffdirp211120', 0, 0, 0, 0, 0, 0, NULL),
(18, 'batch56', 'Rajiv Nag ', '9810112893', 'I want to extend by 3 months.  How do I do so?  ', '2021-03-06 17:46:42', '', 0, 0, 'ffdirp211120', 0, 0, 0, 0, 0, 0, NULL),
(19, 'batch56', 'Madhuri Patil ', '7021837129', 'Can we have axes of  ffd group ', '2021-03-06 17:57:23', '91', 0, 0, 'ffdirp211120', 0, 0, 0, 0, 0, 0, NULL),
(20, 'batch56', 'Udaya', '9448010880', 'Thanks to FFD team for reversing diabetes. Can I take tablets on my own after watching pp1 , pp2 etc.Of course now I have learnt how to adjust my meals etc . But one thing is sure weight gain  and controlling BSL is very difficult task.', '2021-03-06 18:21:08', '91', 0, 0, 'ffdirp211120', 0, 0, 0, 0, 0, 0, NULL),
(21, 'batch56', 'Ramachandra ', '9482771900', 'I have been asked to get the medical test done on 18-3-2021 ,to be submitted to FFD , followed by consultation with the doctor.  Since my course started from 19-3-2020 whether my consultation with the doctor will be valid?', '2021-03-06 18:22:20', '', 0, 0, 'ffdirp211120', 0, 0, 0, 0, 0, 0, NULL),
(22, 'batch56', 'Vandana Sharma ', '9860131722', 'Creatinine bada h jo medicine chalu h us ko continue kerna h..do din se. sciatica ka dard h. Kya Kari?', '2021-03-06 18:23:55', '', 0, 0, 'ffdirp211120', 0, 0, 0, 0, 0, 0, NULL),
(23, 'batch56', 'Lopa Bhatt ', '504256697', 'I will be coming to India in July and would like to attend the residential program. How does one register for that? Will you accommodate me according to my dates or do you have set dates?', '2021-03-06 18:24:38', '971', 0, 0, 'ffdirp211120', 0, 0, 0, 0, 0, 0, NULL),
(24, 'batch56', 'Sandeep P Sawant ', '8850104403', 'How can you help me reverse my diabetes to less than 140 after meals and pass GTT,  without any further charges.,  and proper assistance as current one didn\'t do it. ', '2021-03-06 18:24:46', '91', 0, 0, 'ffdirp211120', 0, 0, 0, 0, 0, 0, NULL),
(25, 'batch56', 'Lalitha Mahender ', '7083813020', 'I am planning to go to U S in the near future for 6 months.l want to continue to take the guidance of ffd for a year .Is it possible,or should I join after I come back.', '2021-03-06 18:25:24', '', 0, 0, 'ffdirp211120', 0, 0, 0, 0, 0, 0, NULL),
(26, 'batch56', 'Rakesh j khanna', '9820146715', 'Grt job done by dr pramod sir n entire team\r\n1.5 type 1 diabitic am now oi nsulin free after more than 30 years', '2021-03-06 18:27:37', '91', 0, 0, 'ffdirp211120', 0, 0, 0, 0, 0, 0, NULL),
(27, 'batch56', 'Meena Gautam Joshi', '9821887320', 'How can I stop getting body rashes .?', '2021-03-06 18:30:26', '91', 0, 0, 'ffdirp211120', 0, 0, 0, 0, 0, 0, NULL),
(28, 'batch56', 'Venkata krishna ', '9986913284', 'My bsl is around 200 before age now a days and coming down to 150...what else needs to be done? ', '2021-03-06 18:30:54', '', 0, 0, 'ffdirp211120', 0, 0, 0, 0, 0, 0, NULL),
(29, 'batch56', 'Kshama Awasthi ', '8355822736', 'My fasting sugar is mostly above 130 so what should  l do?', '2021-03-06 18:31:59', '', 0, 0, 'ffdirp211120', 0, 0, 0, 0, 0, 0, NULL),
(30, 'batch56', 'ASHA SHETTY', '09987251399', 'Education portal should be available even later \r\n', '2021-03-06 18:36:00', '', 0, 0, 'ffdirp211120', 0, 0, 0, 0, 0, 0, NULL),
(31, 'batch56', 'Kavita Ravi', '502550230', 'No Audio', '2021-03-06 18:37:32', '971', 0, 0, 'ffdirp211120', 0, 0, 0, 0, 0, 0, NULL),
(32, 'batch56', 'Jainendra Pant', '09717971871', 'Consider calling this session as BEGINNING OF NEW JOURNEY Session, it takes away CLOSE/ENDING  from the message ', '2021-03-06 18:38:08', '', 0, 0, 'ffdirp211120', 0, 0, 0, 0, 0, 0, NULL),
(33, 'batch56', 'Kavita Ravi', '502550230', 'NO Audio', '2021-03-06 18:38:41', '971', 0, 0, 'ffdirp211120', 0, 0, 0, 0, 0, 0, NULL),
(34, 'batch56', 'Udayappanperiyanan', '9894448060', 'What to do to continue in ffd', '2021-03-06 18:40:21', '', 0, 0, 'ffdirp211120', 0, 0, 0, 0, 0, 0, NULL),
(35, 'batch56', 'Sachin Kale', '7798982359', 'I was covid positive in last 15 days. Due to weakness ,I am not able to perform my exercise. But now post covid treatment,I found my sugar level increase ,it is between  120 to 150. I have passed GTT and before covid sugar is below 120. Should I start sugar medicine for time being?', '2021-03-06 18:41:19', '', 0, 0, 'ffdirp211120', 0, 0, 0, 0, 0, 0, NULL),
(36, 'batch56', 'Sri Prakash Singh', '9833998833', 'Good evening ', '2021-03-06 18:43:20', '91', 0, 0, 'ffdirp211120', 0, 0, 0, 0, 0, 0, NULL),
(37, 'batch56', 'Sri Prakash Singh', '9833998833', 'No sound', '2021-03-06 18:43:54', '91', 0, 0, 'ffdirp211120', 0, 0, 0, 0, 0, 0, NULL),
(38, 'batch56', 'Sri Prakash Singh', '9833998833', 'Ok now', '2021-03-06 18:44:09', '91', 0, 0, 'ffdirp211120', 0, 0, 0, 0, 0, 0, NULL),
(39, 'batch56', 'Janaky mk', '09061464882', 'G  evining Dr Thank you very much for your support every thing Milthe rehna Sir Raath ka medicine Abhi thak stop nehi hua Abhi bhi protocol cotinue kar reha hai Aap ko bulane se Milthe nehi other Drs kaaphi help kiya Thanks to all thanks lot', '2021-03-06 18:44:44', '91', 0, 0, 'ffdirp211120', 0, 0, 0, 0, 0, 0, NULL),
(40, 'batch56', 'Kavita Ravi', '502550230', 'no audio\r\n', '2021-03-06 18:46:00', '971', 0, 0, 'ffdirp211120', 0, 0, 0, 0, 0, 0, NULL),
(41, 'batch56', 'Dwarkabai bhosale', '9673112792', 'Hello sir till I am not medicine free .today I take .. Medicine   Human insulin 50/50__{26/4}...Vogs..0.3...{1}.....dynaglipt 20 mg.    {1/1}what should I do in my day to day life ', '2021-03-06 18:46:58', '', 0, 0, 'ffdirp211120', 0, 0, 0, 0, 0, 0, NULL),
(42, 'batch56', 'Honnappa Gowda', '9600072608', 'I am diabetic for last 25 years. I was taking tablets 3 times daily. Now I am taking only 1 tablet per day. I am verythankful to FFD team for their continuous support. I  have the confident that I will become free from taboets for ever. ', '2021-03-06 18:51:03', '91', 0, 0, 'ffdirp211120', 0, 0, 0, 0, 0, 0, NULL),
(43, 'batch56', 'Anita vashisht', '9560952111', 'After following Ffd protocol I lost my hair and all charm . I look 5 yrs more as what my closed one says . So how can I maintain good weight as well as sugar levels ?one more query What can I do to get rid of throbbing pain in my two ring fingers and how long we need to avoid tea , curds , white rice and wheat flour ? Will it be whole life ? ', '2021-03-06 18:52:10', '', 0, 0, 'ffdirp211120', 0, 0, 0, 0, 0, 0, NULL),
(44, 'batch56', 'Rajiv Nag', '9810112893', 'I want to extend my membership by 3 months. How do I do it? ', '2021-03-06 18:53:41', '', 0, 0, 'ffdirp211120', 1, 0, 0, 0, 0, 1, NULL),
(45, 'batch56', 'Kavita Ravi', '502550230', 'Want to continue with ffd, diet , exercise experts and Doctor consultation. How do we go about it?', '2021-03-06 18:58:44', '971', 0, 0, 'ffdirp211120', 1, 0, 0, 0, 0, 1, NULL),
(46, 'batch56', 'Mahesh H.Shah', '8879107729', 'Yes sir', '2021-03-06 18:59:10', '91', 0, 0, 'ffdirp211120', 1, 0, 0, 0, 0, 0, NULL),
(47, 'batch56', 'Jainendra Pant', '09717971871', 'Super human ', '2021-03-06 18:59:21', '', 0, 0, 'ffdirp211120', 1, 0, 0, 0, 0, 0, NULL),
(48, 'batch56', 'Rakhi Mathur', '08451844820', 'Awesome sir', '2021-03-06 18:59:28', '', 0, 0, 'ffdirp211120', 1, 0, 0, 0, 0, 0, NULL),
(49, 'batch56', 'Shubhangi', '09322026324', 'Yes enjoyed', '2021-03-06 18:59:37', '91', 0, 0, 'ffdirp211120', 0, 0, 0, 0, 0, 0, NULL),
(50, 'batch56', 'Mahesh H.Shah', '8879107729', 'Off course sir', '2021-03-06 18:59:38', '91', 0, 0, 'ffdirp211120', 0, 0, 0, 0, 0, 0, NULL),
(51, 'batch56', 'Dwarkabai bhosale', '9673112792', 'Suparb', '2021-03-06 18:59:39', '', 0, 0, 'ffdirp211120', 1, 0, 0, 0, 0, 0, NULL),
(52, 'batch56', 'Prakash Tripathi', '9967645400', 'Loved the report. Thanks. Congratulations to all and Congratulations to the FFD team too !!', '2021-03-06 18:59:39', '', 0, 0, 'ffdirp211120', 1, 0, 0, 0, 0, 0, NULL),
(53, 'batch56', 'Sachin Kale', '7798982359', 'Excellent', '2021-03-06 18:59:45', '', 0, 0, 'ffdirp211120', 0, 0, 0, 0, 0, 0, NULL),
(54, 'batch56', 'vadla ramesh ', '9398439409', 'yes sir \r\n', '2021-03-06 18:59:48', '', 0, 0, 'ffdirp211120', 1, 0, 0, 0, 0, 0, NULL),
(55, 'batch56', 'Sri Prakash Singh', '9833998833', 'Good Report', '2021-03-06 18:59:49', '91', 0, 0, 'ffdirp211120', 1, 0, 0, 0, 0, 0, NULL),
(56, 'batch56', 'Ishrat', '53375142', 'Report is awasome ', '2021-03-06 18:59:53', '966', 0, 0, 'ffdirp211120', 1, 0, 0, 0, 0, 0, NULL),
(57, 'batch56', 'Lopa Bhatt ', '504256697', 'Yes. Inspiring \r\n', '2021-03-06 18:59:56', '971', 0, 0, 'ffdirp211120', 1, 0, 0, 0, 0, 0, NULL),
(58, 'batch56', 'Usha Dubey', '9822001836', 'Great', '2021-03-06 18:59:58', '33', 0, 0, 'ffdirp211120', 1, 0, 0, 0, 0, 0, NULL),
(59, 'batch56', 'Kavita Ravi', '502550230', 'Excellent. Feels good to be part of it', '2021-03-06 18:59:59', '971', 0, 0, 'ffdirp211120', 1, 0, 0, 0, 0, 0, NULL),
(60, 'batch56', 'Vaibhav Aurangabadkar ', '8118800202', 'Gr8', '2021-03-06 18:59:59', '62', 0, 0, 'ffdirp211120', 1, 0, 0, 0, 0, 0, NULL),
(61, 'batch56', 'Bhuma Sachdeva', '9717753877', 'Free from insulin but name is missing- Bhuma Sachdeva', '2021-03-06 19:00:01', '91', 0, 0, 'ffdirp211120', 1, 0, 0, 0, 0, 1, NULL),
(62, 'batch56', 'Jesal Kanani', '9833561832', 'Excellent! Want more people to join in becoming GTT free! All my beet wishes! ', '2021-03-06 19:00:06', '', 0, 0, 'ffdirp211120', 0, 0, 0, 0, 0, 0, NULL),
(63, 'batch56', 'Lopa Bhatt ', '504256697', 'Yes. Inspiring ', '2021-03-06 19:00:08', '971', 0, 0, 'ffdirp211120', 0, 0, 0, 0, 0, 0, NULL),
(64, 'batch56', 'Ramyareka', '7801964031', 'yes.... very nice report... my 150 units of insulin stoppef', '2021-03-06 19:00:12', '', 0, 0, 'ffdirp211120', 0, 0, 0, 0, 0, 0, NULL),
(65, 'batch56', 'Ishrat', '53375142', 'You are superman for us', '2021-03-06 19:00:15', '966', 0, 0, 'ffdirp211120', 0, 0, 0, 0, 0, 0, NULL),
(66, 'batch56', 'Chandrabhushan', '9826719654', 'Good', '2021-03-06 19:00:15', '', 0, 0, 'ffdirp211120', 0, 0, 0, 0, 0, 0, NULL),
(67, 'batch56', 'Shubhangi', '09322026324', 'Awesome ðŸ‘ðŸ‘ðŸ‘ðŸ‘ðŸŽŠðŸŽ‰ðŸŽ‰ðŸ‘ðŸ‘ðŸ‘ðŸ‘', '2021-03-06 19:00:16', '91', 0, 0, 'ffdirp211120', 0, 0, 0, 0, 0, 0, NULL),
(68, 'batch56', 'Udaya', '9448010880', 'Very good report', '2021-03-06 19:00:17', '91', 0, 0, 'ffdirp211120', 0, 0, 0, 0, 0, 0, NULL),
(69, 'batch56', 'Swapnil', '9922990617', 'Yes Sir,But my name is missing from GTT passing list\r\n', '2021-03-06 19:00:19', '', 0, 0, 'ffdirp211120', 0, 0, 0, 0, 0, 0, NULL),
(70, 'batch56', 'Raghuraman kumar', '9953822161', 'I have reduced my hba1c by more than 3 points and also reduced my BMI below 23. And also free of medicines.', '2021-03-06 19:00:20', '', 0, 0, 'ffdirp211120', 0, 0, 0, 0, 0, 0, NULL),
(71, 'batch56', 'Krutika burse', '9049009621', 'yes. prou member of 56', '2021-03-06 19:00:22', '91', 0, 0, 'ffdirp211120', 0, 0, 0, 0, 0, 0, NULL),
(72, 'batch56', 'Loganathan Dakshinamoorthy', '3129122018', 'Thank you very much for guiding us and achieve this stage to be medicine free', '2021-03-06 19:00:28', '1', 0, 0, 'ffdirp211120', 0, 0, 0, 0, 0, 0, NULL),
(73, 'batch56', 'ARUN VISHNUPANT DESHPANDE', '9850035950', 'good report', '2021-03-06 19:00:29', '', 0, 0, 'ffdirp211120', 0, 0, 0, 0, 0, 0, NULL),
(74, 'batch56', 'Uma', '99018196', 'Detailed and interesting', '2021-03-06 19:00:32', '965', 0, 0, 'ffdirp211120', 0, 0, 0, 0, 0, 0, NULL),
(75, 'batch56', 'Raghuraman kumar', '9953822161', 'How do i renew\r\n', '2021-03-06 19:00:33', '', 0, 0, 'ffdirp211120', 0, 0, 0, 0, 0, 0, NULL),
(76, 'batch56', 'Swarna Dash', '9437488501', 'Very encouraging', '2021-03-06 19:00:34', '', 0, 0, 'ffdirp211120', 0, 0, 0, 0, 0, 0, NULL),
(77, 'batch56', 'Manasi m phadke', '8788377029', 'I liked progress report.', '2021-03-06 19:00:39', '', 0, 0, 'ffdirp211120', 0, 0, 0, 0, 0, 0, NULL),
(78, 'batch56', 'Chintamani Hudlikar', '8850477259', 'Dr you and your team have worked hard to achieve this best report.', '2021-03-06 19:00:43', '', 0, 0, 'ffdirp211120', 0, 0, 0, 0, 0, 0, NULL),
(79, 'batch56', 'Mamata Rai', '9372405527', 'Excellent', '2021-03-06 19:00:46', '91', 0, 0, 'ffdirp211120', 0, 0, 0, 0, 0, 0, NULL),
(80, 'batch56', 'Raghuraman kumar', '9953822161', 'Great\r\n', '2021-03-06 19:00:52', '', 0, 0, 'ffdirp211120', 0, 0, 0, 0, 0, 0, NULL),
(81, 'batch56', 'Santosh L Ghonasgi', '7760984891', 'Yes Sir..... enjoyed the past 1 year with FFD. Hope to continue with FFD always', '2021-03-06 19:00:55', '', 0, 0, 'ffdirp211120', 0, 0, 0, 0, 0, 0, NULL),
(82, 'batch56', 'usha vinod', '09632711151', 'addicted to FFD way of life.', '2021-03-06 19:01:08', '91', 0, 0, 'ffdirp211120', 0, 0, 0, 0, 0, 0, NULL),
(83, 'batch56', 'Gireesh Babu Bhat', '98319424', 'Dr Pramod this has been a greatest and fruitful experience . Would like to know the steps how to make it sustainable. My H1aB has come down from 8 to 6.6 and free of medication . Many thanks to entire team. ', '2021-03-06 19:01:31', '65', 0, 0, 'ffdirp211120', 0, 0, 0, 0, 0, 0, NULL),
(84, 'batch56', 'Means Godhwani', '9822418440', 'Congratulations for best report.God bless you', '2021-03-06 19:01:31', '91', 0, 0, 'ffdirp211120', 0, 0, 0, 0, 0, 0, NULL),
(85, 'batch56', 'Mahesh H.Shah', '8879107729', 'Sir pl pl talk in Hindi more', '2021-03-06 19:01:38', '91', 0, 0, 'ffdirp211120', 0, 0, 0, 0, 0, 0, NULL),
(86, 'batch56', 'Anita vashisht', '9560952111', 'Thanx to u Dr my reports have improved a lot', '2021-03-06 19:01:43', '', 0, 0, 'ffdirp211120', 0, 0, 0, 0, 0, 0, NULL),
(87, 'batch56', 'Mahesh H.Shah', '8879107729', 'Sir à¤¹à¤¿à¤¨à¥à¤¦à¥€ pl ', '2021-03-06 19:02:11', '91', 0, 0, 'ffdirp211120', 0, 0, 0, 0, 0, 0, NULL),
(88, 'batch56', 'Govindarasu', '523862086', 'The report is awesome, sir .last year same month on our position and now  I have a lot of confidence. thanks for all and FFD and special thanks to you sir', '2021-03-06 19:02:15', '971', 0, 0, 'ffdirp211120', 1, 0, 0, 0, 0, 0, NULL),
(89, 'batch56', 'Swarna Dash', '9437488501', 'Benefitted a lot. Still on one tab daily. Need.ore guidance ahead.', '2021-03-06 19:03:25', '', 0, 0, 'ffdirp211120', 0, 0, 0, 0, 0, 0, NULL),
(90, 'batch56', 'Swarna Dash', '9437488501', 'Benefitted a lot. Still on one tab daily. Need.ore guidance ahead.', '2021-03-06 19:03:32', '', 0, 0, 'ffdirp211120', 0, 0, 0, 0, 0, 0, NULL),
(91, 'batch56', 'Mahesh H.Shah', '8879107729', 'Sir pl speak in Hindi pl', '2021-03-06 19:04:31', '91', 0, 0, 'ffdirp211120', 0, 0, 0, 0, 0, 0, NULL),
(92, 'batch56', 'Mrs. Rahila Abid', '508454630', 'This video will be available to watch later?', '2021-03-06 19:05:07', '971', 0, 0, 'ffdirp211120', 1, 0, 0, 0, 0, 0, NULL),
(93, 'batch56', 'Mrs. Rahila Abid', '508454630', 'If I have any question later in life, can I still ask you?', '2021-03-06 19:05:55', '971', 0, 0, 'ffdirp211120', 1, 0, 0, 0, 0, 0, NULL),
(94, 'batch56', 'Chintamani Hudlikar', '8850477259', 'Sir, can you share those Videos for our reference so that it will also keep us motivated.\r\n', '2021-03-06 19:08:33', '', 0, 0, 'ffdirp211120', 1, 0, 0, 0, 0, 0, NULL),
(95, 'batch56', 'Mahesh H.Shah', '8879107729', 'Sir pl talk in hindi', '2021-03-06 19:11:57', '91', 0, 0, 'ffdirp211120', 0, 0, 0, 0, 0, 0, NULL),
(96, 'batch56', 'Mahesh H.Shah', '8879107729', 'Toooo much English, my hubby is not understanding anything pl', '2021-03-06 19:12:28', '91', 0, 0, 'ffdirp211120', 1, 0, 0, 0, 0, 0, NULL),
(97, 'batch56', 'Jainendra Pant', '09717971871', 'Inner transformation was force Multiplier ', '2021-03-06 19:15:36', '', 0, 0, 'ffdirp211120', 1, 0, 0, 0, 0, 0, NULL),
(98, 'batch56', 'Jainendra Pant', '09717971871', '1000 kms walking in 206 days and its continuing ', '2021-03-06 19:19:19', '', 0, 0, 'ffdirp211120', 1, 0, 0, 0, 0, 0, NULL),
(99, 'batch56', 'Jainendra Pant', '09717971871', '233 days of Journal Writing and Meditation till today and it\'s an ongoing process ', '2021-03-06 19:20:30', '', 0, 0, 'ffdirp211120', 1, 0, 0, 0, 0, 0, NULL),
(100, 'batch56', 'ARUN VISHNUPANT DESHPANDE', '9850035950', 'weekly one day 10 km waking\r\n', '2021-03-06 19:21:28', '', 0, 0, 'ffdirp211120', 1, 0, 0, 0, 0, 0, NULL),
(101, 'batch56', 'Loganathan Dakshinamoorthy', '3129122018', '500 miles of biking', '2021-03-06 19:21:40', '1', 0, 0, 'ffdirp211120', 1, 0, 0, 0, 0, 0, NULL),
(102, 'batch56', 'Tushar Mistry', '9916292842', 'Rode 100km in 5 hrs on a bicycle for the first time in my life.', '2021-03-06 19:21:57', '91', 0, 0, 'ffdirp211120', 1, 0, 0, 0, 0, 0, NULL),
(103, 'batch56', 'Anita Kulkarni', '9850970499', 'I have had issues with sleep for the last many years. The Breathwork meditation has helped me sleep better. Thankyou so much. ', '2021-03-06 19:22:20', '', 0, 0, 'ffdirp211120', 1, 0, 0, 0, 0, 0, NULL),
(104, 'batch56', 'Thomas.p', '9920023080', 'I could Cycle 56 kms nonstop this week at this young age of 69 .Cycling took up after 46 years..', '2021-03-06 19:22:26', '91', 0, 0, 'ffdirp211120', 1, 0, 0, 0, 0, 0, NULL),
(105, 'batch56', 'K.R.Ranjan ', '9969702262', 'Report was excellent, had clear my IGT , next year sure will clear GTT', '2021-03-06 19:22:34', '', 0, 0, 'ffdirp211120', 1, 0, 0, 0, 0, 0, NULL),
(106, 'batch56', 'usha vinod', '09632711151', '100 Suryanamaskar..Chair only', '2021-03-06 19:22:48', '91', 0, 0, 'ffdirp211120', 1, 0, 0, 0, 0, 0, NULL),
(107, 'batch56', 'Swapnil', '9922990617', 'every day 10km Cycling and 1 hr. Weight training\r\n', '2021-03-06 19:22:49', '', 0, 0, 'ffdirp211120', 1, 0, 0, 0, 0, 0, NULL),
(108, 'batch56', 'Raghuraman kumar', '9953822161', 'Daily fast walking almost jogging about 6kms', '2021-03-06 19:22:51', '', 0, 0, 'ffdirp211120', 1, 0, 0, 0, 0, 0, NULL),
(109, 'batch56', 'Tasneem Bhavnagarwala', '09840997647', 'yes.. did 108 surya namaskaras\r\n', '2021-03-06 19:22:59', '91', 0, 0, 'ffdirp211120', 1, 0, 0, 0, 0, 0, NULL),
(110, 'batch56', 'Rakhi Mathur', '08451844820', 'I did 108 surya namaskar\r\n', '2021-03-06 19:23:01', '', 0, 0, 'ffdirp211120', 1, 0, 0, 0, 0, 0, NULL),
(111, 'batch56', 'Mamata Rai', '9372405527', 'Started running again after almost 35 yrs', '2021-03-06 19:23:03', '91', 0, 0, 'ffdirp211120', 1, 0, 0, 0, 0, 0, NULL),
(112, 'batch56', 'Amritendu Samanta', '9477054842', 'Can do 100 push up everyday', '2021-03-06 19:23:06', '', 0, 0, 'ffdirp211120', 1, 0, 0, 0, 0, 0, NULL),
(113, 'batch56', 'Usha dubey', '9822001836', 'After 50 yrs I started cycling', '2021-03-06 19:23:12', '91', 0, 0, 'ffdirp211120', 1, 0, 0, 0, 0, 0, NULL),
(114, 'batch56', 'Jainendra Pant', '09717971871', '108 chair Surya Namaskar 2 times\r\nMinimum 12 every day ', '2021-03-06 19:23:14', '', 0, 0, 'ffdirp211120', 1, 0, 0, 0, 0, 0, NULL),
(115, 'batch56', 'Dayanand C Nalamutt', '983129105', 'Where is the link to share the feedback\r\n', '2021-03-06 19:23:15', '91', 0, 0, 'ffdirp211120', 1, 0, 0, 0, 0, 0, NULL),
(116, 'batch56', 'ARUN VISHNUPANT DESHPANDE', '9850035950', '15 minutes meditation morning & night\r\n', '2021-03-06 19:23:43', '', 0, 0, 'ffdirp211120', 1, 0, 0, 0, 0, 0, NULL),
(117, 'batch56', 'Ramyareka', '7801964031', 'dancing ðŸ’ƒðŸ’ƒ1 hr daily', '2021-03-06 19:23:50', '', 0, 0, 'ffdirp211120', 1, 0, 0, 0, 0, 0, NULL),
(118, 'batch56', 'K.R.Ranjan ', '9969702262', '108 soorya namaskar with bij mantra & when doing ho oponopono body start vibrating & trying to cure one of my family member by this meditation ', '2021-03-06 19:24:07', '', 0, 0, 'ffdirp211120', 1, 0, 0, 0, 0, 0, NULL),
(119, 'batch56', 'Jesal Kanani', '9833561832', 'Thank you for your wisdom. Changed my life perspective. I', '2021-03-06 19:24:41', '', 0, 0, 'ffdirp211120', 0, 0, 0, 0, 0, 0, NULL),
(120, 'batch56', 'Raghuraman kumar', '9953822161', 'Reduced BMI from 26.8 to 21 and Hab1c from 9.8 to 6.4 and completely off medicines', '2021-03-06 19:24:44', '', 0, 0, 'ffdirp211120', 0, 0, 0, 0, 0, 0, NULL),
(121, 'batch56', 'Raghuraman kumar', '9953822161', 'When can I go for GTT', '2021-03-06 19:25:02', '', 0, 0, 'ffdirp211120', 0, 0, 0, 0, 0, 0, NULL),
(122, 'batch56', 'Jainendra Pant', '09717971871', '2.30 minutes max Palm Plank with my Special Arm', '2021-03-06 19:25:11', '', 0, 0, 'ffdirp211120', 0, 0, 0, 0, 0, 0, NULL),
(123, 'batch56', 'Ramachandra ', '9482771900', '108 Surya namaskars & 5min in palm planks position ', '2021-03-06 19:25:12', '', 0, 0, 'ffdirp211120', 0, 0, 0, 0, 0, 0, NULL),
(124, 'batch56', 'Ramyareka', '7801964031', 'started walking 1 hr daily.. bit of jogging.. with my 2 yr old kid', '2021-03-06 19:25:12', '', 0, 0, 'ffdirp211120', 0, 0, 0, 0, 0, 0, NULL),
(125, 'batch56', 'Thomas.p', '9920023080', 'Doing Shirshasana, daily...', '2021-03-06 19:25:28', '91', 0, 0, 'ffdirp211120', 0, 0, 0, 0, 0, 0, NULL),
(126, 'batch56', 'Sunita dubey', '9425320312', 'I have don 100 surya namaskar', '2021-03-06 19:25:33', '', 0, 0, 'ffdirp211120', 0, 0, 0, 0, 0, 0, NULL),
(127, 'batch56', 'Abhay raj tomar', '7080900708', 'Abhay - type 1 (15 years)  bench press started with 10 k.g and now he is doing it with 60 k.g.\r\n', '2021-03-06 19:25:41', '', 0, 0, 'ffdirp211120', 0, 0, 0, 0, 0, 0, NULL),
(128, 'batch56', 'Roya aryaei', '9133513309', 'How can i be connected to ffd?', '2021-03-06 19:27:04', '98', 0, 0, 'ffdirp211120', 0, 0, 0, 0, 0, 0, NULL),
(129, 'batch56', 'Abhay raj tomar', '7080900708', 'Type1 Abhay-  insulin free (one year completed )', '2021-03-06 19:27:08', '', 0, 0, 'ffdirp211120', 0, 0, 0, 0, 0, 0, NULL),
(130, 'batch56', 'Sonia lalwani', '8850791118', 'I\'m not able to loose my weight and my ðŸ’Šmedicine are still not lessen still I\'m not doing properly exercise due to leg plz help me what to do? Can we continue our program \r\n till we meet personally. Can we see your videos after closing also or it will be closed and even our Dr support will be closed. ', '2021-03-06 19:27:24', '91', 0, 0, 'ffdirp211120', 0, 0, 0, 0, 0, 0, NULL),
(131, 'batch56', 'Sunita dubey', '9425320312', 'Sunita dubey \r\nHumne 100 surya namaskar kara hai', '2021-03-06 19:28:19', '', 0, 0, 'ffdirp211120', 0, 0, 0, 0, 0, 0, NULL),
(132, 'batch56', 'Arvind kumar', '9801518020', 'There are information in group which we refer. ', '2021-03-06 19:28:51', '', 0, 0, 'ffdirp211120', 0, 0, 0, 0, 0, 0, NULL),
(133, 'batch56', 'Anju Mutreja', '09923230302', 'Great sir will be thankful to ffd', '2021-03-06 19:29:13', '91', 0, 0, 'ffdirp211120', 0, 0, 0, 0, 0, 0, NULL),
(134, 'batch56', 'usha vinod', '09632711151', '3  2  1  4\r\n', '2021-03-06 19:29:28', '91', 0, 0, 'ffdirp211120', 0, 0, 0, 0, 0, 0, NULL),
(135, 'batch56', 'Mamata Rai', '9372405527', '3214', '2021-03-06 19:29:30', '91', 0, 0, 'ffdirp211120', 0, 0, 0, 0, 0, 0, NULL),
(136, 'batch56', 'Kavita Ravi', '502550230', '3214', '2021-03-06 19:29:36', '971', 0, 0, 'ffdirp211120', 0, 0, 0, 0, 0, 0, NULL),
(137, 'batch56', 'Dayanand C Nalamutt', '983129105', '3214', '2021-03-06 19:29:37', '91', 0, 0, 'ffdirp211120', 0, 0, 0, 0, 0, 0, NULL),
(138, 'batch56', 'Raghuraman kumar', '9953822161', '3214', '2021-03-06 19:29:37', '', 0, 0, 'ffdirp211120', 0, 0, 0, 0, 0, 0, NULL),
(139, 'batch56', 'Rakhi Mathur', '08451844820', '3214', '2021-03-06 19:29:38', '', 0, 0, 'ffdirp211120', 0, 0, 0, 0, 0, 0, NULL),
(140, 'batch56', 'Krutika Burse', '9049006680', '3,2,1,4', '2021-03-06 19:29:39', '', 0, 0, 'ffdirp211120', 0, 0, 0, 0, 0, 0, NULL),
(141, 'batch56', 'K.R.Ranjan ', '9969702262', '3214', '2021-03-06 19:29:40', '', 0, 0, 'ffdirp211120', 0, 0, 0, 0, 0, 0, NULL),
(142, 'batch56', 'Sovik Bromha', '9619965652', '3, 2, 4. 1\r\n', '2021-03-06 19:29:40', '', 0, 0, 'ffdirp211120', 0, 0, 0, 0, 0, 0, NULL),
(143, 'batch56', 'Prakash Tripathi', '9967645400', '3214', '2021-03-06 19:29:41', '', 0, 0, 'ffdirp211120', 0, 0, 0, 0, 0, 0, NULL),
(144, 'batch56', 'Tushar Mistry', '9916292842', '3 2 1 4', '2021-03-06 19:29:43', '91', 0, 0, 'ffdirp211120', 0, 0, 0, 0, 0, 0, NULL),
(145, 'batch56', 'Ishrat', '53375142', '3,2,1,4', '2021-03-06 19:29:43', '966', 0, 0, 'ffdirp211120', 0, 0, 0, 0, 0, 0, NULL),
(146, 'batch56', 'Vidhubala Sathish ', '9865457643', '3 2 1 4', '2021-03-06 19:29:43', '91', 0, 0, 'ffdirp211120', 0, 0, 0, 0, 0, 0, NULL),
(147, 'batch56', 'Shashidhar Kalwa', '9986010064', '3,2,1,4', '2021-03-06 19:29:44', '', 0, 0, 'ffdirp211120', 0, 0, 0, 0, 0, 0, NULL),
(148, 'batch56', 'Usha dubey', '9822001836', '4231', '2021-03-06 19:29:45', '91', 0, 0, 'ffdirp211120', 0, 0, 0, 0, 0, 0, NULL),
(149, 'batch56', 'Swapnil', '9922990617', '3 2 1 4\r\n', '2021-03-06 19:29:46', '', 0, 0, 'ffdirp211120', 0, 0, 0, 0, 0, 0, NULL),
(150, 'batch56', 'Tasneem Bhavnagarwala', '09840997647', '2314\r\n', '2021-03-06 19:29:47', '91', 0, 0, 'ffdirp211120', 0, 0, 0, 0, 0, 0, NULL),
(151, 'batch56', 'Anju Mutreja', '09923230302', '3214', '2021-03-06 19:29:47', '91', 0, 0, 'ffdirp211120', 0, 0, 0, 0, 0, 0, NULL),
(152, 'batch56', 'Dwarkabai bhosale', '9673112792', '3 2 1 4', '2021-03-06 19:29:47', '', 0, 0, 'ffdirp211120', 0, 0, 0, 0, 0, 0, NULL),
(153, 'batch56', 'Sangeeta Mathur', '9968287995', '3214', '2021-03-06 19:29:47', '91', 0, 0, 'ffdirp211120', 0, 0, 0, 0, 0, 0, NULL),
(154, 'batch56', 'Uma', '99018196', '3214', '2021-03-06 19:29:49', '965', 0, 0, 'ffdirp211120', 0, 0, 0, 0, 0, 0, NULL),
(155, 'batch56', 'Chintamani Hudlikar', '8850477259', '3,2,1 and 4\r\n', '2021-03-06 19:29:49', '', 0, 0, 'ffdirp211120', 0, 0, 0, 0, 0, 0, NULL),
(156, 'batch56', 'Satish Poondla ', '9920039327', '2 3 1 4', '2021-03-06 19:29:49', '', 0, 0, 'ffdirp211120', 0, 0, 0, 0, 0, 0, NULL),
(157, 'batch56', 'BhuvanKumar DB', '09771404753', '3,2,1,4 ', '2021-03-06 19:29:50', '91', 0, 0, 'ffdirp211120', 0, 0, 0, 0, 0, 0, NULL),
(158, 'batch56', 'vipul Gupta', '09998959009', '3214', '2021-03-06 19:29:50', '91', 0, 0, 'ffdirp211120', 0, 0, 0, 0, 0, 0, NULL),
(159, 'batch56', 'Ramyareka', '7801964031', '3214', '2021-03-06 19:29:53', '', 0, 0, 'ffdirp211120', 0, 0, 0, 0, 0, 0, NULL),
(160, 'batch56', 'Venkata krishna ', '9986913284', '3,2,1,4', '2021-03-06 19:29:54', '', 0, 0, 'ffdirp211120', 0, 0, 0, 0, 0, 0, NULL),
(161, 'batch56', 'ARUN VISHNUPANT DESHPANDE', '9850035950', '3, 2,4,1', '2021-03-06 19:29:56', '', 0, 0, 'ffdirp211120', 0, 0, 0, 0, 0, 0, NULL),
(162, 'batch56', 'Mahesh H.Shah', '8879107729', '3,2,4,1', '2021-03-06 19:29:56', '91', 0, 0, 'ffdirp211120', 0, 0, 0, 0, 0, 0, NULL),
(163, 'batch56', 'Amritendu Samanta', '9477054842', '3214', '2021-03-06 19:29:57', '', 0, 0, 'ffdirp211120', 0, 0, 0, 0, 0, 0, NULL),
(164, 'batch56', 'Shubhangi', '09322026324', '3, 2, 1,4', '2021-03-06 19:29:59', '91', 0, 0, 'ffdirp211120', 0, 0, 0, 0, 0, 0, NULL),
(165, 'batch56', 'Asmita Tambe', '09767726431', '3214', '2021-03-06 19:30:00', '91', 0, 0, 'ffdirp211120', 0, 0, 0, 0, 0, 0, NULL),
(166, 'batch56', 'Santosh L Ghonasgi', '7760984891', '3 2 1 4', '2021-03-06 19:30:01', '', 0, 0, 'ffdirp211120', 0, 0, 0, 0, 0, 0, NULL),
(167, 'batch56', 'Neena Gupta', '9868217455', '3214', '2021-03-06 19:30:01', '', 0, 0, 'ffdirp211120', 0, 0, 0, 0, 0, 0, NULL),
(168, 'batch56', 'Loganathan Dakshinamoorthy', '3129122018', '3.2.1.4', '2021-03-06 19:30:04', '1', 0, 0, 'ffdirp211120', 0, 0, 0, 0, 0, 0, NULL),
(169, 'batch56', 'Crb', '9826719654', '3421', '2021-03-06 19:30:07', '', 0, 0, 'ffdirp211120', 0, 0, 0, 0, 0, 0, NULL),
(170, 'batch56', 'Rajyalakshmi', '9500049562', '2 3 1 4\r\n', '2021-03-06 19:30:07', '', 0, 0, 'ffdirp211120', 0, 0, 0, 0, 0, 0, NULL),
(171, 'batch56', 'Lopa Bhatt ', '504256697', '3,2,1,4', '2021-03-06 19:30:07', '971', 0, 0, 'ffdirp211120', 0, 0, 0, 0, 0, 0, NULL),
(172, 'batch56', 'Sri Prakash Singh', '9833998833', '3 241', '2021-03-06 19:30:07', '91', 0, 0, 'ffdirp211120', 0, 0, 0, 0, 0, 0, NULL),
(173, 'batch56', 'Dipti Kotecha', '9574108546', '3214', '2021-03-06 19:30:09', '', 0, 0, 'ffdirp211120', 0, 0, 0, 0, 0, 0, NULL),
(174, 'batch56', 'Sachin Kale', '7798982359', '3214', '2021-03-06 19:30:10', '', 0, 0, 'ffdirp211120', 0, 0, 0, 0, 0, 0, NULL),
(175, 'batch56', 'Suman nagpaul', '8860970972', '3,2,1,4', '2021-03-06 19:30:10', '', 0, 0, 'ffdirp211120', 0, 0, 0, 0, 0, 0, NULL),
(176, 'batch56', 'Udaya', '9448010880', '4,2_3,1', '2021-03-06 19:30:12', '91', 0, 0, 'ffdirp211120', 0, 0, 0, 0, 0, 0, NULL),
(177, 'batch56', 'Gireesh Babu Bhat', '98319424', '3214', '2021-03-06 19:30:15', '65', 0, 0, 'ffdirp211120', 0, 0, 0, 0, 0, 0, NULL),
(178, 'batch56', 'Kalpana', '9845683831', '3 2 1 4', '2021-03-06 19:30:15', '91', 0, 0, 'ffdirp211120', 0, 0, 0, 0, 0, 0, NULL),
(179, 'batch56', 'Suchita Kumthekar', '9898416106', '3 2 14', '2021-03-06 19:30:17', '', 0, 0, 'ffdirp211120', 0, 0, 0, 0, 0, 0, NULL),
(180, 'batch56', 'Govindarasu', '523862086', '3,2,1,4', '2021-03-06 19:30:18', '971', 0, 0, 'ffdirp211120', 0, 0, 0, 0, 0, 0, NULL),
(181, 'batch56', 'Charuta Belhe', '9623710719', '3214', '2021-03-06 19:30:23', '', 0, 0, 'ffdirp211120', 0, 0, 0, 0, 0, 0, NULL),
(182, 'batch56', 'Vaibhav Aurangabadkar ', '8118800202', '3241', '2021-03-06 19:30:23', '62', 0, 0, 'ffdirp211120', 0, 0, 0, 0, 0, 0, NULL),
(183, 'batch56', 'Shasi Kant Singh', '9439867499', '3-2-1-4', '2021-03-06 19:30:26', '', 0, 0, 'ffdirp211120', 0, 0, 0, 0, 0, 0, NULL),
(184, 'batch56', 'Gyanendra Mohan Garg ', '9205569707', '3214 ', '2021-03-06 19:30:27', '', 0, 0, 'ffdirp211120', 0, 0, 0, 0, 0, 0, NULL),
(185, 'batch56', 'PRASAD MOPKAR', '9822121213', '3214\r\n\r\n', '2021-03-06 19:30:28', '91', 0, 0, 'ffdirp211120', 0, 0, 0, 0, 0, 0, NULL),
(186, 'batch56', 'Roya aryaei', '9133513309', '3214', '2021-03-06 19:30:29', '98', 0, 0, 'ffdirp211120', 0, 0, 0, 0, 0, 0, NULL),
(187, 'batch56', 'Anoop Singh', '09999684919', '3214', '2021-03-06 19:30:47', '', 0, 0, 'ffdirp211120', 0, 0, 0, 0, 0, 0, NULL),
(188, 'batch56', 'Prachi Gajinkar', '9820772267', 'Sir apka wow Wednesday chalu rahega?', '2021-03-06 19:31:03', '', 0, 0, 'ffdirp211120', 0, 0, 0, 0, 0, 0, NULL),
(189, 'batch56', 'Udayappanperiyanan', '9894448060', 'Can we have  2 cycle after few months', '2021-03-06 19:31:04', '', 0, 0, 'ffdirp211120', 0, 0, 0, 0, 0, 0, NULL),
(190, 'batch56', 'Kavita Ravi', '502550230', '3142', '2021-03-06 19:31:26', '971', 0, 0, 'ffdirp211120', 0, 0, 0, 0, 0, 0, NULL),
(191, 'batch56', 'Venkata krishna ', '9986913284', '3,1,4,2', '2021-03-06 19:31:27', '', 0, 0, 'ffdirp211120', 0, 0, 0, 0, 0, 0, NULL),
(192, 'batch56', 'Vidhubala Sathish ', '9865457643', '3142', '2021-03-06 19:31:28', '91', 0, 0, 'ffdirp211120', 0, 0, 0, 0, 0, 0, NULL),
(193, 'batch56', 'Raghuraman kumar', '9953822161', '3142', '2021-03-06 19:31:28', '', 0, 0, 'ffdirp211120', 0, 0, 0, 0, 0, 0, NULL),
(194, 'batch56', 'usha vinod', '09632711151', '3, 1 4  2\r\n', '2021-03-06 19:31:28', '91', 0, 0, 'ffdirp211120', 0, 0, 0, 0, 0, 0, NULL),
(195, 'batch56', 'Mamata Rai', '9372405527', '3142', '2021-03-06 19:31:28', '91', 0, 0, 'ffdirp211120', 0, 0, 0, 0, 0, 0, NULL),
(196, 'batch56', 'K.R.Ranjan ', '9969702262', '3142', '2021-03-06 19:31:29', '', 0, 0, 'ffdirp211120', 0, 0, 0, 0, 0, 0, NULL),
(197, 'batch56', 'Nikhil G', '9833915707', '3142', '2021-03-06 19:31:30', '', 0, 0, 'ffdirp211120', 0, 0, 0, 0, 0, 0, NULL),
(198, 'batch56', 'Dayanand C Nalamutt', '983129105', '3142', '2021-03-06 19:31:31', '91', 0, 0, 'ffdirp211120', 0, 0, 0, 0, 0, 0, NULL),
(199, 'batch56', 'vipul Gupta', '09998959009', '3124', '2021-03-06 19:31:31', '91', 0, 0, 'ffdirp211120', 0, 0, 0, 0, 0, 0, NULL),
(200, 'batch56', 'PRASAD MOPKAR', '9822121213', '3141', '2021-03-06 19:31:32', '91', 0, 0, 'ffdirp211120', 0, 0, 0, 0, 0, 0, NULL),
(201, 'batch56', 'Rajyalakshmi', '9500049562', '3142', '2021-03-06 19:31:32', '', 0, 0, 'ffdirp211120', 0, 0, 0, 0, 0, 0, NULL),
(202, 'batch56', 'Krutika Burse', '9049006680', '3,1,4,2', '2021-03-06 19:31:32', '', 0, 0, 'ffdirp211120', 0, 0, 0, 0, 0, 0, NULL),
(203, 'batch56', 'Charuta Belhe', '9623710719', '3142', '2021-03-06 19:31:32', '', 0, 0, 'ffdirp211120', 0, 0, 0, 0, 0, 0, NULL),
(204, 'batch56', 'Tushar Mistry', '9916292842', '3142', '2021-03-06 19:31:33', '91', 0, 0, 'ffdirp211120', 0, 0, 0, 0, 0, 0, NULL),
(205, 'batch56', 'Tasneem Bhavnagarwala', '09840997647', '1324\r\n\r\n', '2021-03-06 19:31:35', '91', 0, 0, 'ffdirp211120', 0, 0, 0, 0, 0, 0, NULL),
(206, 'batch56', 'Usha dubey', '9822001836', '3124', '2021-03-06 19:31:36', '91', 0, 0, 'ffdirp211120', 0, 0, 0, 0, 0, 0, NULL),
(207, 'batch56', 'Ishrat', '53375142', '3,1,4,2', '2021-03-06 19:31:37', '966', 0, 0, 'ffdirp211120', 0, 0, 0, 0, 0, 0, NULL),
(208, 'batch56', 'Asmita Tambe', '09767726431', '3142', '2021-03-06 19:31:38', '91', 0, 0, 'ffdirp211120', 0, 0, 0, 0, 0, 0, NULL),
(209, 'batch56', 'Swapnil', '9922990617', '3 1 2 4\r\n', '2021-03-06 19:31:38', '', 0, 0, 'ffdirp211120', 0, 0, 0, 0, 0, 0, NULL),
(210, 'batch56', 'Sangeeta Mathur', '9968287995', '3124', '2021-03-06 19:31:38', '91', 0, 0, 'ffdirp211120', 0, 0, 0, 0, 0, 0, NULL),
(211, 'batch56', 'Uma', '99018196', '3142', '2021-03-06 19:31:40', '965', 0, 0, 'ffdirp211120', 0, 0, 0, 0, 0, 0, NULL),
(212, 'batch56', 'Prakash Tripathi', '9967645400', '3412', '2021-03-06 19:31:40', '', 0, 0, 'ffdirp211120', 0, 0, 0, 0, 0, 0, NULL),
(213, 'batch56', 'Satish Poondla ', '9920039327', '3 1 4 2', '2021-03-06 19:31:41', '', 0, 0, 'ffdirp211120', 0, 0, 0, 0, 0, 0, NULL),
(214, 'batch56', 'Chintamani Hudlikar', '8850477259', '3142', '2021-03-06 19:31:41', '', 0, 0, 'ffdirp211120', 0, 0, 0, 0, 0, 0, NULL),
(215, 'batch56', 'Dwarkabai bhosale', '9673112792', '3124', '2021-03-06 19:31:42', '', 0, 0, 'ffdirp211120', 0, 0, 0, 0, 0, 0, NULL),
(216, 'batch56', 'Gyanendra Mohan Garg ', '9205569707', '3214 ', '2021-03-06 19:31:44', '', 0, 0, 'ffdirp211120', 0, 0, 0, 0, 0, 0, NULL),
(217, 'batch56', 'Udaya', '9448010880', '3,1,2_4', '2021-03-06 19:31:45', '91', 0, 0, 'ffdirp211120', 0, 0, 0, 0, 0, 0, NULL),
(218, 'batch56', 'Dipti Kotecha', '9574108546', '3142', '2021-03-06 19:31:45', '', 0, 0, 'ffdirp211120', 0, 0, 0, 0, 0, 0, NULL),
(219, 'batch56', 'ARUN VISHNUPANT DESHPANDE', '9850035950', '1,3,2,4', '2021-03-06 19:31:46', '', 0, 0, 'ffdirp211120', 0, 0, 0, 0, 0, 0, NULL),
(220, 'batch56', 'Amritendu Samanta', '9477054842', '1324', '2021-03-06 19:31:46', '', 0, 0, 'ffdirp211120', 0, 0, 0, 0, 0, 0, NULL),
(221, 'batch56', 'Ramyareka', '7801964031', '3142', '2021-03-06 19:31:48', '', 0, 0, 'ffdirp211120', 0, 0, 0, 0, 0, 0, NULL),
(222, 'batch56', 'Suman nagpaul', '8860970972', '1,3,2,4', '2021-03-06 19:31:48', '', 0, 0, 'ffdirp211120', 0, 0, 0, 0, 0, 0, NULL),
(223, 'batch56', 'Mahesh H.Shah', '8879107729', '3,1,4,2', '2021-03-06 19:31:49', '91', 0, 0, 'ffdirp211120', 0, 0, 0, 0, 0, 0, NULL),
(224, 'batch56', 'Sri Prakash Singh', '9833998833', '1324', '2021-03-06 19:31:49', '91', 0, 0, 'ffdirp211120', 0, 0, 0, 0, 0, 0, NULL),
(225, 'batch56', 'Kalpana', '9845683831', '1 3 4 2', '2021-03-06 19:31:50', '91', 0, 0, 'ffdirp211120', 0, 0, 0, 0, 0, 0, NULL),
(226, 'batch56', 'Govindarasu', '523862086', '1,3,2,4', '2021-03-06 19:31:50', '971', 0, 0, 'ffdirp211120', 0, 0, 0, 0, 0, 0, NULL),
(227, 'batch56', 'Vaibhav Aurangabadkar ', '8118800202', '3142', '2021-03-06 19:31:50', '62', 0, 0, 'ffdirp211120', 0, 0, 0, 0, 0, 0, NULL),
(228, 'batch56', 'Neena Gupta', '9868217455', '3124', '2021-03-06 19:31:51', '', 0, 0, 'ffdirp211120', 0, 0, 0, 0, 0, 0, NULL),
(229, 'batch56', 'BhuvanKumar DB', '09771404753', '3,1,4,2', '2021-03-06 19:31:51', '91', 0, 0, 'ffdirp211120', 0, 0, 0, 0, 0, 0, NULL),
(230, 'batch56', 'Abhay raj tomar', '7080900708', '3 124', '2021-03-06 19:31:52', '', 0, 0, 'ffdirp211120', 0, 0, 0, 0, 0, 0, NULL),
(231, 'batch56', 'Loganathan Dakshinamoorthy', '3129122018', '3,1,2,4', '2021-03-06 19:31:52', '1', 0, 0, 'ffdirp211120', 0, 0, 0, 0, 0, 0, NULL),
(232, 'batch56', 'Rakhi Mathur', '08451844820', '3142', '2021-03-06 19:31:57', '', 0, 0, 'ffdirp211120', 0, 0, 0, 0, 0, 0, NULL),
(233, 'batch56', 'Suchita Kumthekar', '9898416106', '3142', '2021-03-06 19:31:58', '', 0, 0, 'ffdirp211120', 0, 0, 0, 0, 0, 0, NULL),
(234, 'batch56', 'Tushar Nikam', '9930090805', '3142', '2021-03-06 19:31:59', '91', 0, 0, 'ffdirp211120', 0, 0, 0, 0, 0, 0, NULL),
(235, 'batch56', 'Sachin Kale', '7798982359', '3142', '2021-03-06 19:32:03', '', 0, 0, 'ffdirp211120', 0, 0, 0, 0, 0, 0, NULL),
(236, 'batch56', 'Lopa Bhatt ', '504256697', '3142 ', '2021-03-06 19:32:06', '971', 0, 0, 'ffdirp211120', 0, 0, 0, 0, 0, 0, NULL),
(237, 'batch56', 'Anoop Singh', '09999684919', '1342', '2021-03-06 19:32:06', '', 0, 0, 'ffdirp211120', 0, 0, 0, 0, 0, 0, NULL),
(238, 'batch56', 'Tushar patel', '9892027070', '3 1,4,2', '2021-03-06 19:32:08', '', 0, 0, 'ffdirp211120', 0, 0, 0, 0, 0, 0, NULL),
(239, 'batch56', 'Anju Mutreja', '09923230302', '3142', '2021-03-06 19:32:10', '91', 0, 0, 'ffdirp211120', 0, 0, 0, 0, 0, 0, NULL),
(240, 'batch56', 'Arun', '90265044', 'Hello Dr Tripathi, I have been working out at the gym for the last 6m for 1hr daily for 4-5 days a week - I am really happy to have been away from medication for the last 10-11 months.  My concern is I have not been able to bring my fasting sugars down and have my sugar spikes up significantly when I deviate from my diet.', '2021-03-06 19:32:11', '65', 0, 0, 'ffdirp211120', 0, 0, 0, 0, 0, 0, NULL),
(241, 'batch56', 'Crb', '9826719654', '3142', '2021-03-06 19:32:13', '', 0, 0, 'ffdirp211120', 0, 0, 0, 0, 0, 0, NULL),
(242, 'batch56', 'Sandeep P Sawant ', '8850104403', 'Phase 3,2,14', '2021-03-06 19:32:15', '91', 0, 0, 'ffdirp211120', 0, 0, 0, 0, 0, 0, NULL),
(243, 'batch56', 'Akkamahadevi Byali', '9868260998', '3,1,4,2', '2021-03-06 19:32:15', '91', 0, 0, 'ffdirp211120', 0, 0, 0, 0, 0, 0, NULL),
(244, 'batch56', 'Raghuraman kumar', '9953822161', '4123', '2021-03-06 19:33:42', '', 0, 0, 'ffdirp211120', 0, 0, 0, 0, 0, 0, NULL),
(245, 'batch56', 'Venkata krishna ', '9986913284', '4,1,2,3', '2021-03-06 19:33:44', '', 0, 0, 'ffdirp211120', 0, 0, 0, 0, 0, 0, NULL),
(246, 'batch56', 'Krutika Burse', '9049006680', '4132', '2021-03-06 19:33:45', '', 0, 0, 'ffdirp211120', 1, 0, 0, 0, 0, 0, NULL),
(247, 'batch56', 'vipul Gupta', '09998959009', '4123', '2021-03-06 19:33:45', '91', 0, 0, 'ffdirp211120', 0, 0, 0, 0, 0, 0, NULL),
(248, 'batch56', 'K.R.Ranjan ', '9969702262', '4231', '2021-03-06 19:33:45', '', 0, 0, 'ffdirp211120', 0, 0, 0, 0, 0, 0, NULL),
(249, 'batch56', 'Asmita Tambe', '09767726431', '4132', '2021-03-06 19:33:48', '91', 0, 0, 'ffdirp211120', 0, 0, 0, 0, 0, 0, NULL),
(250, 'batch56', 'Rakhi Mathur', '08451844820', '4132', '2021-03-06 19:33:48', '', 0, 0, 'ffdirp211120', 0, 0, 0, 0, 0, 0, NULL),
(251, 'batch56', 'Dayanand C Nalamutt', '983129105', '3214', '2021-03-06 19:33:48', '91', 0, 0, 'ffdirp211120', 0, 0, 0, 0, 0, 0, NULL),
(252, 'batch56', 'Anju Mutreja', '09923230302', '4123', '2021-03-06 19:33:48', '91', 0, 0, 'ffdirp211120', 0, 0, 0, 0, 0, 0, NULL),
(253, 'batch56', 'PRASAD MOPKAR', '9822121213', '4213', '2021-03-06 19:33:50', '91', 0, 0, 'ffdirp211120', 0, 0, 0, 0, 0, 0, NULL),
(254, 'batch56', 'Mamata Rai', '9372405527', '4123', '2021-03-06 19:33:53', '91', 0, 0, 'ffdirp211120', 0, 0, 0, 0, 0, 0, NULL),
(255, 'batch56', 'Satish Poondla ', '9920039327', '4 3 2 1', '2021-03-06 19:33:53', '', 0, 0, 'ffdirp211120', 0, 0, 0, 0, 0, 0, NULL),
(256, 'batch56', 'Charuta Belhe', '9623710719', '4132', '2021-03-06 19:33:54', '', 0, 0, 'ffdirp211120', 0, 0, 0, 0, 0, 0, NULL),
(257, 'batch56', 'Tushar Mistry', '9916292842', '4123', '2021-03-06 19:33:57', '91', 0, 0, 'ffdirp211120', 0, 0, 0, 0, 0, 0, NULL),
(258, 'batch56', 'Amritendu Samanta', '9477054842', '4132', '2021-03-06 19:33:57', '', 0, 0, 'ffdirp211120', 0, 0, 0, 0, 0, 0, NULL),
(259, 'batch56', 'Mahesh H.Shah', '8879107729', '4213', '2021-03-06 19:33:57', '91', 0, 0, 'ffdirp211120', 0, 0, 0, 0, 0, 0, NULL),
(260, 'batch56', 'Uma', '99018196', '4123', '2021-03-06 19:33:59', '965', 0, 0, 'ffdirp211120', 0, 0, 0, 0, 0, 0, NULL),
(261, 'batch56', 'usha vinod', '09632711151', '4, 1, 3,2\r\n', '2021-03-06 19:34:02', '91', 0, 0, 'ffdirp211120', 0, 0, 0, 0, 0, 0, NULL),
(262, 'batch56', 'Tasneem Bhavnagarwala', '09840997647', '4312\r\n', '2021-03-06 19:34:03', '91', 0, 0, 'ffdirp211120', 0, 0, 0, 0, 0, 0, NULL),
(263, 'batch56', 'Sachin Kale', '7798982359', '4123', '2021-03-06 19:34:06', '', 0, 0, 'ffdirp211120', 0, 0, 0, 0, 0, 0, NULL),
(264, 'batch56', 'Suchita Kumthekar', '9898416106', '4123', '2021-03-06 19:34:06', '', 0, 0, 'ffdirp211120', 0, 0, 0, 0, 0, 0, NULL),
(265, 'batch56', 'ARUN VISHNUPANT DESHPANDE', '9850035950', '4,2,1,3', '2021-03-06 19:34:07', '', 0, 0, 'ffdirp211120', 0, 0, 0, 0, 0, 0, NULL),
(266, 'batch56', 'Chintamani Hudlikar', '8850477259', '4213', '2021-03-06 19:34:08', '', 0, 0, 'ffdirp211120', 0, 0, 0, 0, 0, 0, NULL),
(267, 'batch56', 'Neena Gupta', '9868217455', '4123', '2021-03-06 19:34:08', '', 0, 0, 'ffdirp211120', 0, 0, 0, 0, 0, 0, NULL),
(268, 'batch56', 'BhuvanKumar DB', '09771404753', '4,,2,1,3', '2021-03-06 19:34:11', '91', 0, 0, 'ffdirp211120', 0, 0, 0, 0, 0, 0, NULL),
(269, 'batch56', 'Shubhangi', '09322026324', '4213', '2021-03-06 19:34:13', '91', 0, 0, 'ffdirp211120', 0, 0, 0, 0, 0, 0, NULL),
(270, 'batch56', 'Nikhil G', '9833915707', '4132', '2021-03-06 19:34:14', '', 0, 0, 'ffdirp211120', 0, 0, 0, 0, 0, 0, NULL),
(271, 'batch56', 'Tushar Nikam', '9930090805', '4321', '2021-03-06 19:34:15', '91', 0, 0, 'ffdirp211120', 0, 0, 0, 0, 0, 0, NULL),
(272, 'batch56', 'Loganathan Dakshinamoorthy', '3129122018', '4123', '2021-03-06 19:34:18', '1', 0, 0, 'ffdirp211120', 0, 0, 0, 0, 0, 0, NULL),
(273, 'batch56', 'Kavita Ravi', '502550230', '4132', '2021-03-06 19:34:23', '971', 0, 0, 'ffdirp211120', 0, 0, 0, 0, 0, 0, NULL),
(274, 'batch56', 'Tushar patel', '9892027070', '4,1,3,2', '2021-03-06 19:34:26', '', 0, 0, 'ffdirp211120', 0, 0, 0, 0, 0, 0, NULL),
(275, 'batch56', 'Abhay raj tomar', '7080900708', '4132', '2021-03-06 19:34:30', '', 0, 0, 'ffdirp211120', 0, 0, 0, 0, 0, 0, NULL),
(276, 'batch56', 'Ishrat', '53375142', '4,1,3,2', '2021-03-06 19:34:34', '966', 0, 0, 'ffdirp211120', 0, 0, 0, 0, 0, 0, NULL),
(277, 'batch56', 'Crb', '9826719654', '4132', '2021-03-06 19:34:36', '', 0, 0, 'ffdirp211120', 0, 0, 0, 0, 0, 0, NULL),
(278, 'batch56', 'Ramyareka', '7801964031', '4132', '2021-03-06 19:34:37', '', 0, 0, 'ffdirp211120', 0, 0, 0, 0, 0, 0, NULL),
(279, 'batch56', 'Mamata Rai', '9372405527', 'Yes', '2021-03-06 19:35:42', '91', 0, 0, 'ffdirp211120', 0, 0, 0, 0, 0, 0, NULL),
(280, 'batch56', 'Vidhubala Sathish ', '9865457643', 'Yes sir ', '2021-03-06 19:35:49', '91', 0, 0, 'ffdirp211120', 0, 0, 0, 0, 0, 0, NULL),
(281, 'batch56', 'Kavita Ravi', '502550230', 'Thoroughly enjoyed ', '2021-03-06 19:35:49', '971', 0, 0, 'ffdirp211120', 0, 0, 0, 0, 0, 0, NULL),
(282, 'batch56', 'Mahesh H.Shah', '8879107729', 'Yes sir', '2021-03-06 19:35:49', '91', 0, 0, 'ffdirp211120', 0, 0, 0, 0, 0, 0, NULL),
(283, 'batch56', 'vipul Gupta', '09998959009', 'yas maza aaya sir\r\n', '2021-03-06 19:35:50', '91', 0, 0, 'ffdirp211120', 0, 0, 0, 0, 0, 0, NULL),
(284, 'batch56', 'Ishrat', '53375142', 'Yes', '2021-03-06 19:35:50', '966', 0, 0, 'ffdirp211120', 0, 0, 0, 0, 0, 0, NULL),
(285, 'batch56', 'Loganathan Dakshinamoorthy', '3129122018', 'Yes, it is a joy\r\n', '2021-03-06 19:35:57', '1', 0, 0, 'ffdirp211120', 0, 0, 0, 0, 0, 0, NULL),
(286, 'batch56', 'Sneha', '9881378365', 'Maze medicine parat start zale ahe pude tech rahu dyache ka. maza report baki ahe.', '2021-03-06 19:36:03', '91', 0, 0, 'ffdirp211120', 0, 0, 0, 0, 0, 0, NULL),
(287, 'batch56', 'Prakash Tripathi', '9967645400', 'Wonderful quiz !! Thanks ', '2021-03-06 19:36:16', '', 0, 0, 'ffdirp211120', 0, 0, 0, 0, 0, 0, NULL),
(288, 'batch56', 'K.R.Ranjan ', '9969702262', 'Enjoy a lot', '2021-03-06 19:36:19', '', 0, 0, 'ffdirp211120', 0, 0, 0, 0, 0, 0, NULL),
(289, 'batch56', 'Chintamani Hudlikar', '8850477259', 'yes', '2021-03-06 19:36:50', '', 0, 0, 'ffdirp211120', 0, 0, 0, 0, 0, 0, NULL),
(290, 'batch56', 'Tasneem Bhavnagarwala', '09840997647', 'good', '2021-03-06 19:36:51', '91', 0, 0, 'ffdirp211120', 0, 0, 0, 0, 0, 0, NULL),
(291, 'batch56', 'PRASAD MOPKAR', '9822121213', 'AMAZING', '2021-03-06 19:36:52', '91', 0, 0, 'ffdirp211120', 0, 0, 0, 0, 0, 0, NULL),
(292, 'batch56', 'Dayanand C Nalamutt', '983129105', 'Enjoyed', '2021-03-06 19:36:55', '91', 0, 0, 'ffdirp211120', 0, 0, 0, 0, 0, 0, NULL),
(293, 'batch56', 'usha vinod', '09632711151', 'enjoyed it totally\r\n', '2021-03-06 19:36:57', '91', 0, 0, 'ffdirp211120', 0, 0, 0, 0, 0, 0, NULL),
(294, 'batch56', 'BhuvanKumar DB', '09771404753', 'Yes, enjoyed', '2021-03-06 19:37:01', '91', 0, 0, 'ffdirp211120', 0, 0, 0, 0, 0, 0, NULL),
(295, 'batch56', 'Sri Prakash Singh', '9833998833', 'Yes', '2021-03-06 19:37:03', '91', 0, 0, 'ffdirp211120', 0, 0, 0, 0, 0, 0, NULL),
(296, 'batch56', 'Amritendu Samanta', '9477054842', 'Great', '2021-03-06 19:37:05', '', 0, 0, 'ffdirp211120', 0, 0, 0, 0, 0, 0, NULL),
(297, 'batch56', 'Krutika Burse', '9049006680', 'à¤§à¤®à¤¾à¤² à¤†à¤¯à¤¾!', '2021-03-06 19:37:05', '', 0, 0, 'ffdirp211120', 0, 0, 0, 0, 0, 0, NULL),
(298, 'batch56', 'Rakhi Mathur', '08451844820', 'Yes sir,enjoyed', '2021-03-06 19:37:05', '', 0, 0, 'ffdirp211120', 0, 0, 0, 0, 0, 0, NULL),
(299, 'batch56', 'Neena Gupta', '9868217455', 'wonderful\r\n', '2021-03-06 19:37:29', '', 0, 0, 'ffdirp211120', 0, 0, 0, 0, 0, 0, NULL),
(300, 'batch56', 'Mahesh H.Shah', '8879107729', 'à¤¹à¤¿à¤¨à¥à¤¦à¥€ pl', '2021-03-06 19:37:40', '91', 0, 0, 'ffdirp211120', 0, 0, 0, 0, 0, 0, NULL),
(301, 'batch56', 'PRASAD MOPKAR', '9822121213', 'QUIZ IS A GREAT WAY OF MEMORIZING THE ENTIRE PROGRAMME', '2021-03-06 19:38:00', '91', 0, 0, 'ffdirp211120', 0, 0, 0, 0, 0, 0, NULL),
(302, 'batch56', 'Lopa Bhatt ', '504256697', 'I have become a mentor and mentoring 3 students. Do I get free doctor support? Or do I have to pay till you approve of me? ', '2021-03-06 19:38:31', '971', 0, 0, 'ffdirp211120', 0, 0, 0, 0, 0, 0, NULL),
(303, 'batch56', 'Dayanand C Nalamutt', '983129105', 'Mental health is a great contributor', '2021-03-06 19:40:53', '91', 0, 0, 'ffdirp211120', 0, 0, 0, 0, 0, 0, NULL),
(304, 'batch56', 'Arvind kumar', '9801518020', 'Ideal fasting sugar and pp sugar', '2021-03-06 19:45:13', '', 0, 0, 'ffdirp211120', 0, 0, 0, 0, 0, 0, NULL),
(305, 'batch56', 'Mahesh H.Shah', '8879107729', 'à¤¹à¤¿à¤¨à¥à¤¦à¥€ pl', '2021-03-06 19:45:45', '91', 0, 0, 'ffdirp211120', 0, 0, 0, 0, 0, 0, NULL),
(306, 'batch56', 'Raghuraman kumar', '9953822161', 'My wife has continuous allergy to so many things. do we have a programme for this', '2021-03-06 19:45:48', '', 0, 0, 'ffdirp211120', 0, 0, 0, 0, 0, 0, NULL),
(307, 'batch56', 'Mahesh H.Shah', '8879107729', 'Sir, muje to session à¤¹à¥€ chodna padega pl sirðŸ˜”ðŸ˜”ðŸ˜”ðŸ˜”', '2021-03-06 19:46:14', '91', 0, 0, 'ffdirp211120', 0, 0, 0, 0, 0, 0, NULL),
(308, 'batch56', 'Arvind kumar', '9801518020', 'Fasting sugar is around 120 but pp goes to 180 to 190. Should we take pp below 200 normal', '2021-03-06 19:46:19', '', 0, 0, 'ffdirp211120', 0, 0, 0, 0, 0, 0, NULL),
(309, 'batch56', 'Raghuraman kumar', '9953822161', 'Request you to put us on a programme for going off allergies', '2021-03-06 19:46:21', '', 0, 0, 'ffdirp211120', 0, 0, 0, 0, 0, 0, NULL),
(310, 'batch56', 'Mahesh H.Shah', '8879107729', 'Sir pl à¤¹à¤¿à¤¨à¥à¤¦à¥€ à¤®à¥‡ boliye', '2021-03-06 19:49:26', '91', 0, 0, 'ffdirp211120', 0, 0, 0, 0, 0, 0, NULL);
INSERT INTO `tbl_questions` (`id`, `user_batch`, `user_name`, `user_phone`, `user_question`, `asked_at`, `user_code`, `speaker`, `answered`, `eventname`, `responded`, `doctor`, `diet`, `exercise`, `mentor`, `operations`, `remark`) VALUES
(311, 'batch56', 'Arvind kumar', '9801518020', 'What type of cycle is good investment', '2021-03-06 19:51:05', '', 0, 0, 'ffdirp211120', 0, 0, 0, 0, 0, 0, NULL),
(312, 'batch56', 'Tasneem Bhavnagarwala', '09840997647', 'please share the video on our group sir..\r\n', '2021-03-06 19:51:27', '91', 0, 0, 'ffdirp211120', 0, 0, 0, 0, 0, 0, NULL),
(313, 'batch56', 'Rakhi Mathur', '08451844820', 'Not getting vedio', '2021-03-06 19:51:41', '', 0, 0, 'ffdirp211120', 0, 0, 0, 0, 0, 0, NULL),
(314, 'batch56', 'Loganathan Dakshinamoorthy', '3129122018', 'we lost the video\r\n', '2021-03-06 19:51:42', '1', 0, 0, 'ffdirp211120', 0, 0, 0, 0, 0, 0, NULL),
(315, 'batch56', 'Narinder ', '9810008640', 'Make FFD Alumani , we need to be in touch in future , allow us to rejoice important sessions of future groups also', '2021-03-06 19:53:36', '', 0, 0, 'ffdirp211120', 0, 0, 0, 0, 0, 0, NULL),
(316, 'batch56', 'K.R.Ranjan ', '9969702262', '108 yogic push up', '2021-03-06 19:54:51', '', 0, 0, 'ffdirp211120', 0, 0, 0, 0, 0, 0, NULL),
(317, 'batch56', 'Tasneem Bhavnagarwala', '09840997647', 'like to start journalizing and meditation ', '2021-03-06 19:55:03', '91', 0, 0, 'ffdirp211120', 0, 0, 0, 0, 0, 0, NULL),
(318, 'batch56', 'vipul Gupta', '09998959009', 'Sir, Will achieve 75 km cycling in next three months', '2021-03-06 19:55:03', '91', 0, 0, 'ffdirp211120', 0, 0, 0, 0, 0, 0, NULL),
(319, 'batch56', 'Santosh L Ghonasgi', '7760984891', '108 push-ups and squats', '2021-03-06 19:55:16', '', 0, 0, 'ffdirp211120', 0, 0, 0, 0, 0, 0, NULL),
(320, 'batch56', 'Neena Gupta', '9868217455', '5km running\r\n', '2021-03-06 19:55:21', '', 0, 0, 'ffdirp211120', 0, 0, 0, 0, 0, 0, NULL),
(321, 'batch56', 'Sri Prakash Singh', '9833998833', '108 Surynamaskar ', '2021-03-06 19:55:30', '91', 0, 0, 'ffdirp211120', 0, 0, 0, 0, 0, 0, NULL),
(322, 'batch56', 'N VAIDYANATHAN', '9820026689', 'Can we add milk products now in our  meals now', '2021-03-06 19:55:33', '91', 0, 0, 'ffdirp211120', 0, 0, 0, 0, 0, 0, NULL),
(323, 'batch56', 'vipul Gupta', '09998959009', '51 suryanamaskar with in next 07 days.\r\n', '2021-03-06 19:55:37', '91', 0, 0, 'ffdirp211120', 0, 0, 0, 0, 0, 0, NULL),
(324, 'batch56', 'ARUN VISHNUPANT DESHPANDE', '9850035950', 'suryanamaskar & yoga & meditation ', '2021-03-06 19:56:00', '', 0, 0, 'ffdirp211120', 0, 0, 0, 0, 0, 0, NULL),
(325, 'batch56', 'Prakash Tripathi', '9967645400', 'My BMI increased to 25 and I will bring back my BMI on 1 June 2021 to 23 and bring BMI to 22 by 1 sept 2021.\r\n\r\nI will buy a bicycle and start swimming by 13th March 2021.', '2021-03-06 19:57:20', '', 0, 0, 'ffdirp211120', 0, 0, 0, 0, 0, 0, NULL),
(326, 'batch56', 'usha vinod', '09632711151', 'congratulations!', '2021-03-06 19:59:50', '91', 0, 0, 'ffdirp211120', 0, 0, 0, 0, 0, 0, NULL),
(327, 'batch56', 'Dayanand C Nalamutt', '983129105', 'Wow', '2021-03-06 19:59:58', '91', 0, 0, 'ffdirp211120', 0, 0, 0, 0, 0, 0, NULL),
(328, 'batch56', 'Tasneem Bhavnagarwala', '09840997647', 'but mentors never kept in touch.. or ddint answer..\r\n', '2021-03-06 20:00:15', '91', 0, 0, 'ffdirp211120', 0, 0, 0, 0, 0, 0, NULL),
(329, 'batch56', 'Udayappanperiyanan', '9894448060', 'Want to become mentor for Tamil Ian\'s say Tamil nadu', '2021-03-06 20:00:32', '', 0, 0, 'ffdirp211120', 0, 0, 0, 0, 0, 0, NULL),
(330, 'batch56', 'Udayappanperiyanan', '9894448060', 'Want to become mentor for Tamilians. Pl enroll me. ', '2021-03-06 20:01:38', '', 0, 0, 'ffdirp211120', 0, 0, 0, 0, 0, 0, NULL),
(331, 'batch56', 'Jainendra Pant', '09717971871', 'Thanx Dr Tripathi and Team \r\nI\'m with you to assist in you Mission ', '2021-03-06 20:01:55', '', 0, 0, 'ffdirp211120', 0, 0, 0, 0, 0, 0, NULL),
(332, 'batch56', 'Dayanand C Nalamutt', '983129105', 'Congratulations', '2021-03-06 20:02:43', '91', 0, 0, 'ffdirp211120', 0, 0, 0, 0, 0, 0, NULL),
(333, 'batch56', 'ARUN VISHNUPANT DESHPANDE', '9850035950', 'please declare this batch is covid batch. due to covid this batch can extend two month & get one off line session', '2021-03-06 20:04:37', '', 0, 0, 'ffdirp211120', 0, 0, 0, 0, 0, 0, NULL),
(334, 'batch56', 'ASHOK THAKKAR', '9920366162', 'Please do someting your live recording we can see after expiry of our 56 beach at lest for 3, month for revision,you should give us recording  for this course,Please understand our problem we are senior citizen', '2021-03-06 20:05:48', '91', 0, 0, 'ffdirp211120', 0, 0, 0, 0, 0, 0, NULL),
(335, 'batch56', 'Vidhubala Sathish ', '9865457643', 'How to get consultation once every 3 to 6 month sir please explain the same ', '2021-03-06 20:07:16', '91', 0, 0, 'ffdirp211120', 0, 0, 0, 0, 0, 0, NULL),
(336, 'batch56', 'SANDEEP P SAWANT', '8850104403', 'Once a year consultation charges?', '2021-03-06 20:07:22', '91', 0, 0, 'ffdirp211120', 0, 0, 0, 0, 0, 0, NULL),
(337, 'batch56', 'Prachi Gajinkar', '9820772267', ' Tin tin mahineka extantion mile ga', '2021-03-06 20:09:41', '', 0, 0, 'ffdirp211120', 0, 0, 0, 0, 0, 0, NULL),
(338, 'batch56', 'Jainendra Pant', '09717971871', 'I found my IKIGAI joining FFD and serving people, helping them in a journey to good health \r\nI have reached Okinawa ', '2021-03-06 20:09:47', '', 0, 0, 'ffdirp211120', 0, 0, 0, 0, 0, 0, NULL),
(339, 'batch56', 'Prachi Gajinkar', '9820772267', 'Three, three month Ka extantion mile GA kya', '2021-03-06 20:10:36', '', 0, 0, 'ffdirp211120', 0, 0, 0, 0, 0, 0, NULL),
(340, 'batch56', 'Arvind kumar', '9801518020', 'Pl repeat name of book for people who crossed 60 years by a Japanese author', '2021-03-06 20:10:50', '', 0, 0, 'ffdirp211120', 0, 0, 0, 0, 0, 0, NULL),
(341, 'batch56', 'PRASAD MOPKAR', '9822121213', 'LOTS OF GRATITUDE TO YOU DR. PRAMOD FOR MAKING A BIG SHIFT IN OUR LIVES.YOU ARE AN AWESOME INSPIRATIONAL PERSONALITY AND MAY YOU BE BLESSED WITH ABUNDANCE JOY AND HAPPINESS.', '2021-03-06 20:12:26', '91', 0, 0, 'ffdirp211120', 0, 0, 0, 0, 0, 0, NULL),
(342, 'batch56', 'Akkamahadevi Byali', '9868260998', 'Good evening  Dr.Pramod sir,Thank you for giving meaningful life.', '2021-03-06 20:13:56', '91', 0, 0, 'ffdirp211120', 0, 0, 0, 0, 0, 0, NULL),
(343, 'batch56', 'Ashok Thakkar', '9920366162', 'Sir 56 group,please do favor we aree senior citizen for revision we needs for revision your live recording for at list for 3,months,or give we recording for revision please do Sir', '2021-03-06 20:14:21', '91', 0, 0, 'ffdirp211120', 0, 0, 0, 0, 0, 0, NULL),
(344, 'batch56', 'Sri Prakash Singh', '9833998833', 'Thanks a lot..', '2021-03-06 20:14:31', '91', 0, 0, 'ffdirp211120', 0, 0, 0, 0, 0, 0, NULL),
(345, 'batch56', 'SANDEEP P SAWANT', '8850104403', 'Do I have IKIGAI pdf please forward on WhatsApp', '2021-03-06 20:14:40', '91', 0, 0, 'ffdirp211120', 0, 0, 0, 0, 0, 0, NULL),
(346, 'batch56', 'Loganathan Dakshinamoorthy', '3129122018', 'what about access to FFD application as it has wealth of information that we would like to keep referring\r\n', '2021-03-06 20:14:54', '1', 0, 0, 'ffdirp211120', 0, 0, 0, 0, 0, 0, NULL),
(347, 'batch56', 'Raghuraman kumar', '9953822161', 'Really thank you for all the contribution in our life. Wonderful to be associated with', '2021-03-06 20:15:39', '', 0, 0, 'ffdirp211120', 0, 0, 0, 0, 0, 0, NULL),
(348, 'batch56', 'Dwarkabai bhosale', '9673112792', 'I am proud to be a FFDiean', '2021-03-06 20:15:47', '', 0, 0, 'ffdirp211120', 0, 0, 0, 0, 0, 0, NULL),
(349, 'batch56', 'SANDEEP P SAWANT', '8850104403', 'Because I am in 56th batch, I am happy', '2021-03-06 20:16:20', '91', 0, 0, 'ffdirp211120', 0, 0, 0, 0, 0, 0, NULL),
(350, 'batch56', 'Krutika Burse', '9049006680', 'Great session! Grateful to you for giving us so much of knowledge, wisdomðŸ™ðŸ» 1 year... beautiful journey', '2021-03-06 20:16:31', '', 0, 0, 'ffdirp211120', 0, 0, 0, 0, 0, 0, NULL),
(351, 'batch56', 'usha vinod', '09632711151', 'Thank you!', '2021-03-06 20:16:41', '91', 0, 0, 'ffdirp211120', 1, 0, 0, 0, 0, 0, NULL),
(352, 'batch56', 'Uma', '99018196', 'Thank you doctor and the entire team of ffd... It was a great learning  of life', '2021-03-06 20:16:48', '965', 0, 0, 'ffdirp211120', 1, 0, 0, 0, 0, 0, NULL),
(353, 'batch56', 'Satish Poondla ', '9920039327', 'Thank you so much. We will keep connected. ', '2021-03-06 20:17:14', '', 0, 0, 'ffdirp211120', 1, 0, 0, 0, 0, 0, NULL),
(354, 'batch56', 'BhuvanKumar DB', '09771404753', 'I was free of medicines within 24 days of joining FFD. I passed IGT also in October. I was infected by COVID  at the end of 2020. Even during and after COVID, my sugar levels are quite good and my Hb1Ac in Feb-21 is 5.8. But by the end of February my Sugar levels started increasing and as a result, after stopping medicines for 11 months, now I had to start medicines, more than what I was taking before joining FFD. Back to square!!!.  What should I do?', '2021-03-06 20:17:16', '91', 0, 0, 'ffdirp211120', 1, 0, 0, 0, 0, 0, NULL),
(355, 'batch56', 'Kavita Ravi', '502550230', 'Thank you Doctor. Really grateful. Best Wishes and Love', '2021-03-06 20:17:19', '971', 0, 0, 'ffdirp211120', 0, 0, 0, 0, 0, 0, NULL),
(356, 'batch56', 'SANDEEP P SAWANT', '8850104403', 'Thank you\r\n', '2021-03-06 20:17:31', '91', 0, 0, 'ffdirp211120', 1, 0, 0, 0, 0, 0, NULL),
(357, 'batch56', 'Dayanand C Nalamutt', '983129105', 'Will the app be available to record our progress for monitoring if we do not extend our registration', '2021-03-06 20:17:34', '91', 0, 0, 'ffdirp211120', 1, 0, 0, 0, 0, 0, NULL),
(358, 'batch56', 'Akkamahadevi Byali', '9868260998', 'Sir, we need one offline interaction in Pune', '2021-03-06 20:17:36', '91', 0, 0, 'ffdirp211120', 0, 0, 0, 0, 0, 0, NULL),
(359, 'batch56', 'Anita Kulkarni', '9850970499', 'Listening to you is an inspiration. How about having an online motivation session once in a while for the entire batch ?', '2021-03-06 20:17:39', '', 0, 0, 'ffdirp211120', 1, 0, 0, 0, 0, 0, NULL),
(360, 'batch56', 'Mahesh H.Shah', '8879107729', 'Tysm sir ', '2021-03-06 20:17:41', '91', 0, 0, 'ffdirp211120', 1, 0, 0, 0, 0, 0, NULL),
(361, 'batch56', 'Shashidhar Kalwa', '9986010064', 'Thank You very much !!!', '2021-03-06 20:17:43', '', 0, 0, 'ffdirp211120', 1, 0, 0, 0, 0, 0, NULL),
(362, 'batch56', 'Asmita Tambe', '09767726431', 'You changed my life 360 degree in positive sense. I started living with this program.  Lots of positive energy to FFD team and all my fellow program members. Thank you so much.', '2021-03-06 20:17:45', '91', 0, 0, 'ffdirp211120', 1, 0, 0, 0, 0, 0, NULL),
(363, 'batch56', 'Dipti Kotecha', '9574108546', 'Yeh dosti hum nahi Todenge ', '2021-03-06 20:17:46', '', 0, 0, 'ffdirp211120', 1, 0, 0, 0, 0, 0, NULL),
(364, 'batch56', 'Anju Mutreja', '09923230302', 'Want to meet you , thanks to ffd can not be expressed in words ,god bless you', '2021-03-06 20:18:03', '91', 0, 0, 'ffdirp211120', 1, 0, 0, 0, 0, 0, NULL),
(365, 'batch56', 'Mahesh H.Shah', '8879107729', 'Decipline, constant touch of Dr ', '2021-03-06 20:18:12', '91', 0, 0, 'ffdirp211120', 0, 0, 0, 0, 0, 0, NULL),
(366, 'batch56', 'usha vinod', '09632711151', 'your energy', '2021-03-06 20:18:29', '91', 0, 0, 'ffdirp211120', 0, 0, 0, 0, 0, 0, NULL),
(367, 'batch56', 'Prachi Gajinkar', '9820772267', 'Dr. Thanks,  Dr. Ritu Thripati ne muje stress relise karneka tarika sikaya bahoot achya  laga thanks Dr.Ritu ki.', '2021-03-06 20:18:33', '', 0, 0, 'ffdirp211120', 0, 0, 0, 0, 0, 0, NULL),
(368, 'batch56', 'Mamata Rai', '9372405527', 'When will we get meet you  in-person ', '2021-03-06 20:18:33', '91', 0, 0, 'ffdirp211120', 0, 0, 0, 0, 0, 0, NULL),
(369, 'batch56', 'Sovik Bromha', '9619965652', 'Thank you and FFD very much for changing my life.', '2021-03-06 20:18:34', '', 0, 0, 'ffdirp211120', 0, 0, 0, 0, 0, 0, NULL),
(370, 'batch56', 'Tasneem Bhavnagarwala', '09840997647', 'u are a great motivator Doc.  love listening to you.. please keep posting your videos.\r\n', '2021-03-06 20:18:36', '91', 0, 0, 'ffdirp211120', 0, 0, 0, 0, 0, 0, NULL),
(371, 'batch56', 'Arun', '90265044', 'Motivated me to do exercise', '2021-03-06 20:18:36', '65', 0, 0, 'ffdirp211120', 0, 0, 0, 0, 0, 0, NULL),
(372, 'batch56', 'Satish Poondla ', '9920039327', 'Intermittent fasting. ', '2021-03-06 20:18:41', '', 0, 0, 'ffdirp211120', 0, 0, 0, 0, 0, 0, NULL),
(373, 'batch56', 'SANDEEP P SAWANT', '8850104403', 'Diabetes', '2021-03-06 20:18:41', '91', 0, 0, 'ffdirp211120', 0, 0, 0, 0, 0, 0, NULL),
(374, 'batch56', 'Sri Prakash Singh', '9833998833', 'You inspire', '2021-03-06 20:18:46', '91', 0, 0, 'ffdirp211120', 0, 0, 0, 0, 0, 0, NULL),
(375, 'batch56', 'Raghuraman kumar', '9953822161', 'The people and the approach. Juice feasting', '2021-03-06 20:18:53', '', 0, 0, 'ffdirp211120', 0, 0, 0, 0, 0, 0, NULL),
(376, 'batch56', 'Loganathan Dakshinamoorthy', '3129122018', 'You helped  us to create to discover our Newer version of us every day', '2021-03-06 20:18:59', '1', 0, 0, 'ffdirp211120', 0, 0, 0, 0, 0, 0, NULL),
(377, 'batch56', 'Mamata Rai', '9372405527', 'My attitude to life has changed', '2021-03-06 20:19:04', '91', 0, 0, 'ffdirp211120', 0, 0, 0, 0, 0, 0, NULL),
(378, 'batch56', 'Krutika Burse', '9049006680', 'Power pack session! Charged up thoroughlyðŸ’ªðŸ»âœŒðŸ»\r\nYour live sessions were great take aways', '2021-03-06 20:19:09', '', 0, 0, 'ffdirp211120', 0, 0, 0, 0, 0, 0, NULL),
(379, 'batch56', 'Meena Godhwani', '9822418440', 'Positive thinking', '2021-03-06 20:19:15', '91', 0, 0, 'ffdirp211120', 0, 0, 0, 0, 0, 0, NULL),
(380, 'batch56', 'Vivek Bhamare', '9225126371', 'Thanks a Lot to entire FFD team ! God bless you !!!', '2021-03-06 20:19:28', '91', 0, 0, 'ffdirp211120', 0, 0, 0, 0, 0, 0, NULL),
(381, 'batch56', 'Anju Mutreja', '09923230302', 'Always after your sections feel more motivated', '2021-03-06 20:19:34', '91', 0, 0, 'ffdirp211120', 0, 0, 0, 0, 0, 0, NULL),
(382, 'batch56', 'Neena Gupta', '9868217455', 'inner transformation is change my self thanks  for this', '2021-03-06 20:19:34', '', 0, 0, 'ffdirp211120', 0, 0, 0, 0, 0, 0, NULL),
(383, 'batch56', 'Venkata krishna ', '9986913284', 'Diet seems 80-90% helps to be healthy and next 10-15% exercise is my takeaway', '2021-03-06 20:19:38', '', 0, 0, 'ffdirp211120', 0, 0, 0, 0, 0, 0, NULL),
(384, 'batch56', 'Prachi Gajinkar', '9820772267', 'Thanks Dr Ritu Thripati', '2021-03-06 20:19:44', '', 0, 0, 'ffdirp211120', 0, 0, 0, 0, 0, 0, NULL),
(385, 'batch56', 'Thomas.p', '9920023080', 'I could choose my Athletic Identity as Cyclist...', '2021-03-06 20:19:46', '91', 0, 0, 'ffdirp211120', 0, 0, 0, 0, 0, 0, NULL),
(386, 'batch56', 'Raghuraman kumar', '9953822161', 'Request for a programme on going off allergies', '2021-03-06 20:19:57', '', 0, 0, 'ffdirp211120', 0, 0, 0, 0, 0, 0, NULL),
(387, 'batch56', 'Lopa Bhatt ', '504256697', 'If we are mentors do we get Dr support for free from now?', '2021-03-06 20:20:15', '971', 0, 0, 'ffdirp211120', 0, 0, 0, 0, 0, 0, NULL),
(388, 'batch56', 'Sangeeta Mathur', '9968287995', 'Awesome program with great intention Thankyou Doctor Pramod ðŸ™', '2021-03-06 20:20:17', '91', 0, 0, 'ffdirp211120', 0, 0, 0, 0, 0, 0, NULL),
(389, 'batch56', 'ARUN VISHNUPANT DESHPANDE', '9850035950', 'expire due to your motivation & positive thinking.  ', '2021-03-06 20:20:27', '', 0, 0, 'ffdirp211120', 0, 0, 0, 0, 0, 0, NULL),
(390, 'batch56', 'Rakhi Mathur', '08451844820', 'Got great learning of managing diabetes,and most important thing is when I came to know that maintaing HBa1c is important than getting worried on daily sugar readings', '2021-03-06 20:20:28', '', 0, 0, 'ffdirp211120', 0, 0, 0, 0, 0, 0, NULL),
(391, 'batch56', 'Rajyalakshmi', '9500049562', 'corona period is an advantage because I could concentrate and do everything literally.  But once office has started, though I followed but there is little bit lagging.  Thank you.\r\n\r\n', '2021-03-06 20:20:33', '', 0, 0, 'ffdirp211120', 0, 0, 0, 0, 0, 0, NULL),
(392, 'batch56', 'Dwarkabai bhosale', '9673112792', 'Give information is doctor.     Very very thank you', '2021-03-06 20:20:41', '1-684', 0, 0, 'ffdirp211120', 1, 0, 0, 0, 0, 0, NULL),
(393, 'batch56', 'Kavita Ravi', '502550230', 'Best Part of the Program:  Scientific,  Logical,  Postive ,Spiritual result oriented program.', '2021-03-06 20:20:59', '971', 0, 0, 'ffdirp211120', 1, 0, 0, 0, 0, 0, NULL),
(394, 'batch56', 'Raghuraman kumar', '9953822161', 'I am sure most of us feel younger after this programme', '2021-03-06 20:21:01', '', 0, 0, 'ffdirp211120', 1, 0, 0, 0, 0, 0, NULL),
(395, 'batch56', 'Bishakha jain', '9572514816', 'Thanks Doctor it is great journey with Ffd and nice to be part of this worthful freedom journey ', '2021-03-06 20:21:07', '91', 0, 0, 'ffdirp211120', 0, 0, 0, 0, 0, 0, NULL),
(396, 'batch56', 'Dwarkabai bhosale', '9673112792', 'Dwarka Bai message', '2021-03-06 20:21:37', '1-684', 0, 0, 'ffdirp211120', 0, 0, 0, 0, 0, 0, NULL),
(397, 'batch56', 'Satish Poondla ', '9920039327', 'Great', '2021-03-06 20:21:39', '', 0, 0, 'ffdirp211120', 0, 0, 0, 0, 0, 0, NULL),
(398, 'batch56', 'Rajyalakshmi', '9500049562', 'Thank you for making available the app', '2021-03-06 20:21:53', '', 0, 0, 'ffdirp211120', 0, 0, 0, 0, 0, 0, NULL),
(399, 'batch56', 'Charuta kale', '9422277090', 'Number of essential tests you suggested  are important for health, thanks ffd', '2021-03-06 20:22:01', '91', 0, 0, 'ffdirp211120', 1, 0, 0, 0, 0, 0, NULL),
(400, 'batch56', 'Dipti Kotecha', '9574108546', 'Suraj re jalte rehna ....Jagat kalyan ki khatir Tu janma hein ...karodo ki zindagi ke liye Suraj re jalte rehnaðŸŒŸ', '2021-03-06 20:22:09', '', 0, 0, 'ffdirp211120', 1, 0, 0, 0, 0, 0, NULL),
(401, 'batch56', 'Mahesh H.Shah', '8879107729', 'Sir what will be fees for Dr consultation pl??? ', '2021-03-06 20:22:20', '91', 0, 0, 'ffdirp211120', 1, 0, 0, 0, 0, 0, NULL),
(402, 'batch56', 'Amruta Andankar', '7595950506', 'I enjoyed Einstein \"s theory session which is helping me every now I learn to think\" So what... \"it will improve..\" . Really thanks to you Dr. Pramod for changing my attitude towards the stress busters.. As well as your 28 day Inner Transformation whis is helping me.... Thanks to the FFD team for being biggest support in current Pandemic.\r\nRegards, Amruta ', '2021-03-06 20:22:45', '44', 0, 0, 'ffdirp211120', 1, 0, 0, 0, 0, 0, NULL),
(403, 'batch56', 'ARUN VISHNUPANT DESHPANDE', '9850035950', 'thank you all ffd team', '2021-03-06 20:23:38', '', 0, 0, 'ffdirp211120', 0, 0, 0, 0, 0, 0, NULL),
(404, 'batch56', 'Usha dubey', '9822001836', 'When willl u start personal consultation.  This is for a person who will not be able to follow online consultation. She has diabetes and arthritis. ', '2021-03-06 20:23:49', '91', 0, 0, 'ffdirp211120', 0, 0, 0, 0, 0, 0, NULL),
(405, 'batch56', 'Anita vashisht', '9560952111', 'Thank u ffd . U made a change in my life', '2021-03-06 20:23:57', '', 0, 0, 'ffdirp211120', 0, 0, 0, 0, 0, 0, NULL),
(406, 'batch56', 'Manisha Sanjay  bhavsar', '9552201776', 'à¤–à¥à¤ª à¤•à¤¾à¤¹à¥€ à¤¶à¤¿à¤•à¤¾à¤¯à¤²à¤¾ à¤®à¤¿à¤³à¤¾à¤²à¥‡ à¤†à¤¹à¥‡', '2021-03-06 20:23:57', '', 0, 0, 'ffdirp211120', 0, 0, 0, 0, 0, 0, NULL),
(407, 'batch56', 'usha vinod', '09632711151', 'Surya Namaskar was the turning point in my journey', '2021-03-06 20:24:06', '91', 0, 0, 'ffdirp211120', 0, 0, 0, 0, 0, 0, NULL),
(408, 'batch56', 'Swapnil', '9922990617', 'Became Mentor(Yet Not assigned mentee) to be  remained in touch with FFD and as a  Social duty', '2021-03-06 20:24:16', '', 0, 0, 'ffdirp211120', 0, 0, 0, 0, 0, 0, NULL),
(409, 'batch56', 'Arun', '90265044', 'I have never ever had the guts to skip a meal after being diagnosed diabetic', '2021-03-06 20:24:18', '65', 0, 0, 'ffdirp211120', 0, 0, 0, 0, 0, 0, NULL),
(410, 'batch56', 'Jainendra Pant', '09717971871', 'Inner transformation was best learning ', '2021-03-06 20:24:21', '', 0, 0, 'ffdirp211120', 0, 0, 0, 0, 0, 0, NULL),
(411, 'batch56', 'K.R.Ranjan ', '9969702262', 'One session for all blood test parameter ...what is the meaning of each parameter & affecting factors.......most benefitted from inner transformation process ', '2021-03-06 20:24:23', '', 0, 0, 'ffdirp211120', 0, 0, 0, 0, 0, 0, NULL),
(412, 'batch56', 'Mahesh H.Shah', '8879107729', 'Decipline', '2021-03-06 20:24:27', '91', 0, 0, 'ffdirp211120', 0, 0, 0, 0, 0, 0, NULL),
(413, 'batch56', 'Anita vashisht', '9560952111', 'Thank u ffd ! U made a change in my life', '2021-03-06 20:24:53', '', 0, 0, 'ffdirp211120', 0, 0, 0, 0, 0, 0, NULL),
(414, 'batch56', 'Krutika Burse', '9049006680', 'Being aware, Handling stress was the biggest take away', '2021-03-06 20:24:57', '', 0, 0, 'ffdirp211120', 0, 0, 0, 0, 0, 0, NULL),
(415, 'batch56', 'Vandana Sharma ', '9860131722', 'Thank you dr for your guidanceðŸ™ðŸ» You are always so helpful & inspirational, always enjoy all your programsðŸ™ðŸ» ', '2021-03-06 20:25:02', '', 0, 0, 'ffdirp211120', 0, 0, 0, 0, 0, 0, NULL),
(416, 'batch56', 'Nikhil G', '9833915707', 'jeena seekh gaye ji', '2021-03-06 20:25:06', '', 0, 0, 'ffdirp211120', 0, 0, 0, 0, 0, 0, NULL),
(417, 'batch56', 'Anoop Singh', '09999684919', 'Inner transformation was the best', '2021-03-06 20:25:08', '', 0, 0, 'ffdirp211120', 0, 0, 0, 0, 0, 0, NULL),
(418, 'batch56', 'SANDEEP P SAWANT', '8850104403', 'Don\'t know medical terminologies.', '2021-03-06 20:25:52', '91', 0, 0, 'ffdirp211120', 0, 0, 0, 0, 0, 0, NULL),
(419, 'batch56', 'Thomas.p', '9920023080', 'My Age is 69 but body age is 39...checked with Body Composition Analyser..', '2021-03-06 20:26:20', '91', 0, 0, 'ffdirp211120', 0, 0, 0, 0, 0, 0, NULL),
(420, 'batch56', 'Dwarkabai bhosale', '9673112792', 'Suraj ki to bat chhod chamak ana uska kam hai...Jisne madhun shitole jiwan mai sweet ness kaya pramod sir uska nam hai', '2021-03-06 20:26:34', '', 0, 0, 'ffdirp211120', 0, 0, 0, 0, 0, 0, NULL),
(421, 'batch56', 'Anju Mutreja', '09923230302', 'Self discipline in all aspects exercise ,food ,stress management,feels energetic', '2021-03-06 20:26:58', '91', 0, 0, 'ffdirp211120', 0, 0, 0, 0, 0, 0, NULL),
(422, 'batch56', 'Meena Godhwani', '9822418440', 'Achieved more than expection in everything reversal of diabetes.weight loss positivity.Thank you so much.God bless you and your family', '2021-03-06 20:26:58', '91', 0, 0, 'ffdirp211120', 0, 0, 0, 0, 0, 0, NULL),
(423, 'batch56', 'Govindarasu', '523862086', 'Thank you very much and proud of FFDian , after one year program I have lot of confidence and meaning of goals .doctor advise are very useful ', '2021-03-06 20:27:02', '971', 0, 0, 'ffdirp211120', 0, 0, 0, 0, 0, 0, NULL),
(424, 'batch56', 'Lopa Bhatt ', '504256697', 'I will be coming to India in July. How can I book for residential program?', '2021-03-06 20:27:22', '971', 0, 0, 'ffdirp211120', 0, 0, 0, 0, 0, 0, NULL),
(425, 'batch56', 'Prakash Tripathi', '9967645400', 'Didn\'t realise that it takes so many things to get adoabetic conditions under control. The role of emotions and spiritualism besides reduction of weight and also focus and goal oriented forward looking attitude is also important. Rhanks for bringing it all together through this program and touching everyone\'s lives..\r\nAppreciate! !!!!', '2021-03-06 20:27:23', '', 0, 0, 'ffdirp211120', 0, 0, 0, 0, 0, 0, NULL),
(426, 'batch56', 'Tushar Mistry', '9916292842', 'Finding athletic identity was the best part for me at FFD.', '2021-03-06 20:27:34', '91', 0, 0, 'ffdirp211120', 0, 0, 0, 0, 0, 0, NULL),
(427, 'batch56', 'Sri Prakash Singh', '9833998833', 'Could not get much benefits, but I donâ€™t blame FFD..', '2021-03-06 20:27:37', '91', 0, 0, 'ffdirp211120', 0, 0, 0, 0, 0, 0, NULL),
(428, 'batch56', 'Sneha pandit', '9881378365', 'Great learning', '2021-03-06 20:27:47', '91', 0, 0, 'ffdirp211120', 0, 0, 0, 0, 0, 0, NULL),
(429, 'batch56', 'Krutika Burse', '9049006680', 'Healthy lifestyle, holistic transformation is the biggest take away. ', '2021-03-06 20:27:59', '', 0, 0, 'ffdirp211120', 0, 0, 0, 0, 0, 0, NULL),
(430, 'batch56', 'Gyanendra Mohan Garg ', '9205569707', 'Diet  system ', '2021-03-06 20:27:59', '', 0, 0, 'ffdirp211120', 0, 0, 0, 0, 0, 0, NULL),
(431, 'batch56', 'Sachin Kale', '7798982359', 'Thanks Dr ......ffd is really good', '2021-03-06 20:28:00', '', 0, 0, 'ffdirp211120', 0, 0, 0, 0, 0, 0, NULL),
(432, 'batch56', 'Minal Pendse ', '9920496340', 'Thank you sir ', '2021-03-06 20:28:07', '', 0, 0, 'ffdirp211120', 0, 0, 0, 0, 0, 0, NULL),
(433, 'batch56', 'Dayanand C Nalamutt', '983129105', 'Primary link seems to be down', '2021-03-06 20:28:52', '91', 0, 0, 'ffdirp211120', 0, 0, 0, 0, 0, 0, NULL),
(434, 'batch56', 'Sachin Kale', '7798982359', 'I got knowledge about diet , meditation and exercise... Thanks', '2021-03-06 20:29:01', '', 0, 0, 'ffdirp211120', 0, 0, 0, 0, 0, 0, NULL),
(435, 'batch56', 'Sovik Bromha', '9619965652', 'You have a really motivating and honest team - who binds all of us together and provides 24X7 support - that\'s the hallmark of a great program.  ', '2021-03-06 20:29:32', '', 0, 0, 'ffdirp211120', 0, 0, 0, 0, 0, 0, NULL),
(436, 'batch56', 'Shubhangi', '09322026324', 'Great energy great deciplin and better health is my key take away ', '2021-03-06 20:29:47', '91', 0, 0, 'ffdirp211120', 0, 0, 0, 0, 0, 0, NULL),
(437, 'batch56', 'Akhilesh Sharma', '9990701163', 'Fusion of spiritualaty, yoga, exercise, diet, medicine, psychology. It\'s great. ', '2021-03-06 20:29:52', '', 0, 0, 'ffdirp211120', 0, 0, 0, 0, 0, 0, NULL),
(438, 'batch56', 'Charuta kale', '9422277090', 'Keep get together for all batches once in a year so that we can meet you and get inspiration from you sir', '2021-03-06 20:30:37', '91', 0, 0, 'ffdirp211120', 0, 0, 0, 0, 0, 0, NULL),
(439, 'batch56', 'Deepak Soni ', '9879570966', 'More power to you.. Though I am personally not got reversal.. But will get in near future', '2021-03-06 20:31:02', '91', 0, 0, 'ffdirp211120', 0, 0, 0, 0, 0, 0, NULL),
(440, 'batch56', 'Mahesh H.Shah', '8879107729', 'à¤¸à¥‹à¤šà¤¾ à¤¨à¤¹à¥€à¤‚ à¤¥à¤¾, whuld be free of insuline ', '2021-03-06 20:31:33', '91', 0, 0, 'ffdirp211120', 0, 0, 0, 0, 0, 0, NULL),
(441, 'batch56', 'Dayanand C Nalamutt', '983129105', '4 references joined FFD and out of med', '2021-03-06 20:31:52', '91', 0, 0, 'ffdirp211120', 0, 0, 0, 0, 0, 0, NULL),
(442, 'batch56', 'Sk jain ', '9530207700', 'Easily Selection of food learned ', '2021-03-06 20:33:14', '', 0, 0, 'ffdirp211120', 0, 0, 0, 0, 0, 0, NULL),
(443, 'batch56', 'Manasi m Phadke', '8788377029', 'Achieved  more than expection', '2021-03-06 20:33:22', '', 0, 0, 'ffdirp211120', 0, 0, 0, 0, 0, 0, NULL),
(444, 'batch56', 'Raghuraman kumar', '9953822161', 'Free of misconceptions about diabetes and fasting. Before FFD I was always told NO fasting and NO feasting', '2021-03-06 20:33:25', '', 0, 0, 'ffdirp211120', 0, 0, 0, 0, 0, 0, NULL),
(445, 'batch56', 'Akkamahadevi Byali', '9868260998', 'I got many compliments from friends,relatives , now they are jealous of my health transformation', '2021-03-06 20:33:25', '91', 0, 0, 'ffdirp211120', 0, 0, 0, 0, 0, 0, NULL),
(446, 'batch56', 'Deepak Soni ', '9879570966', 'Please do share the good ranges of key lab tests', '2021-03-06 20:33:37', '91', 0, 0, 'ffdirp211120', 0, 0, 0, 0, 0, 0, NULL),
(447, 'batch56', 'Prachi Gajinkar', '9820772267', 'Is program  se  Mera faty liver revers hova n Mera 10kg weight Kam hova thanks to FFD team', '2021-03-06 20:33:43', '', 0, 0, 'ffdirp211120', 0, 0, 0, 0, 0, 0, NULL),
(448, 'batch56', 'Mamata Rai', '9372405527', 'Learnt to be grateful to energies gathered from sun,water n air', '2021-03-06 20:33:45', '91', 0, 0, 'ffdirp211120', 0, 0, 0, 0, 0, 0, NULL),
(449, 'batch56', 'SANKAR UNNIKRISHNAN', '9769797044', 'Thank you very much Doctor. FFD really was a great experience, and it really helped me a lot. \r\n', '2021-03-06 20:33:49', '', 0, 0, 'ffdirp211120', 0, 0, 0, 0, 0, 0, NULL),
(450, 'batch56', 'Ashok Wanwari', '9323671712', 'May i suggest that we have a physical get together at least once a year', '2021-03-06 20:33:52', '91', 0, 0, 'ffdirp211120', 0, 0, 0, 0, 0, 0, NULL),
(451, 'batch56', 'Dayanand C Nalamutt', '983129105', 'God bless all', '2021-03-06 20:33:56', '91', 0, 0, 'ffdirp211120', 0, 0, 0, 0, 0, 0, NULL),
(452, 'batch56', 'Karuna', '9611588442', '\r\nThank you Dr.Pramod. Thank you team FFD. Having lost 21 plus kg , reaching HBA1c  of 5.3 . My HSCRP was 12 is now less than 3,  Joined with many underlying issues. Feeling so positive and confident, motivated to do better going forward. Great learning. Thank you for everything ðŸ™', '2021-03-06 20:33:59', '91', 0, 0, 'ffdirp211120', 0, 0, 0, 0, 0, 0, NULL),
(453, 'batch56', 'Sangeeta Mathur', '9968287995', 'ðŸ™ðŸ™ðŸ™', '2021-03-06 20:34:11', '91', 0, 0, 'ffdirp211120', 0, 0, 0, 0, 0, 0, NULL),
(454, 'batch56', 'Uma maheshwari', '9819667055', 'Learn the purpose of life.It\'s an eye opener for diabetics.Extremely good program.Thanks from the bottom of my heart.', '2021-03-06 20:34:16', '', 0, 0, 'ffdirp211120', 0, 0, 0, 0, 0, 0, NULL),
(455, 'batch56', 'usha vinod', '09632711151', 'haha!', '2021-03-06 20:34:33', '91', 0, 0, 'ffdirp211120', 0, 0, 0, 0, 0, 0, NULL),
(456, 'batch56', 'Sovik Bromha', '9619965652', 'You are a far better teacher and motivator ;-)\r\n', '2021-03-06 20:36:18', '', 0, 0, 'ffdirp211120', 0, 0, 0, 0, 0, 0, NULL),
(457, 'batch56', 'Thomas.p', '9920023080', 'You are a Yogi plus Singer! Happy for you...', '2021-03-06 20:37:24', '91', 0, 0, 'ffdirp211120', 0, 0, 0, 0, 0, 0, NULL),
(458, 'batch56', 'Dwarkabai bhosale', '9673112792', 'Doctor speak please poem in Marathi      Dwarka Bai message', '2021-03-06 20:38:33', '', 0, 0, 'ffdirp211120', 0, 0, 0, 0, 0, 0, NULL),
(459, 'batch56', 'SANDEEP P SAWANT', '8850104403', 'Property rent also increases by 15% normal inflation', '2021-03-06 20:42:28', '91', 0, 0, 'ffdirp211120', 0, 0, 0, 0, 0, 0, NULL),
(460, 'batch56', 'Satish Poondla ', '9920039327', 'Thank you', '2021-03-06 20:48:18', '', 0, 0, 'ffdirp211120', 0, 0, 0, 0, 0, 0, NULL),
(461, 'batch56', 'K.R.Ranjan ', '9969702262', 'ðŸ™', '2021-03-06 20:48:53', '', 0, 0, 'ffdirp211120', 0, 0, 0, 0, 0, 0, NULL),
(462, 'batch56', 'Tasneem Bhavnagarwala', '09840997647', 'Thank you Doc...', '2021-03-06 20:49:07', '91', 0, 0, 'ffdirp211120', 0, 0, 0, 0, 0, 0, NULL),
(463, 'batch56', 'Prakash Tripathi', '9967645400', 'God bless. Thanks again ', '2021-03-06 20:49:08', '', 0, 0, 'ffdirp211120', 0, 0, 0, 0, 0, 0, NULL),
(464, 'batch56', 'Raghuraman kumar', '9953822161', 'God bless you for giving us a whole new life', '2021-03-06 20:49:11', '', 0, 0, 'ffdirp211120', 0, 0, 0, 0, 0, 0, NULL),
(465, 'batch56', 'Swapnil', '9922990617', 'share meditation on whatsapp  grp.', '2021-03-06 20:49:12', '', 0, 0, 'ffdirp211120', 0, 0, 0, 0, 0, 0, NULL),
(466, 'batch56', 'Suman nagpaul', '8860970972', 'Thanku so much for everything', '2021-03-06 20:49:15', '', 0, 0, 'ffdirp211120', 0, 0, 0, 0, 0, 0, NULL),
(467, 'batch56', 'Sri Prakash Singh', '9833998833', 'Thanks ', '2021-03-06 20:49:35', '91', 0, 0, 'ffdirp211120', 0, 0, 0, 0, 0, 0, NULL),
(468, 'batch56', 'Pravinkumar Sakure', '9422077339', 'I have not been benefited at all. Your doctors only advise to continue it.', '2021-03-07 18:05:29', '91', 0, 0, 'ffdirp211120', 0, 0, 0, 0, 0, 0, NULL),
(469, 'batch56', 'Pravinkumar Sakure', '9422077339', 'I feel swetting on my head while taking food since last 2 month.', '2021-03-07 18:08:51', '91', 0, 0, 'ffdirp211120', 0, 0, 0, 0, 0, 0, NULL),
(470, 'batch56', 'Krishna Subray Bhat', '09448530731', 'Procedure to be adopted post closure of 56 batch', '2021-03-08 20:13:09', '91', 0, 0, 'ffdirp211120', 0, 0, 0, 0, 0, 0, NULL);

-- --------------------------------------------------------

--
-- Table structure for table `tbl_users`
--

CREATE TABLE `tbl_users` (
  `id` int(3) NOT NULL,
  `batch` varchar(10) NOT NULL,
  `name` varchar(100) NOT NULL,
  `reg_date` datetime NOT NULL,
  `mobile_num` varchar(20) NOT NULL,
  `login_date` datetime DEFAULT NULL,
  `logout_date` datetime DEFAULT NULL,
  `logout_status` int(11) DEFAULT '0',
  `cntry_code` varchar(10) DEFAULT NULL,
  `eventname` varchar(50) NOT NULL
) ENGINE=InnoDB DEFAULT CHARSET=utf8;

--
-- Dumping data for table `tbl_users`
--

INSERT INTO `tbl_users` (`id`, `batch`, `name`, `reg_date`, `mobile_num`, `login_date`, `logout_date`, `logout_status`, `cntry_code`, `eventname`) VALUES
(1, 'batch56', 'neeraj', '2021-03-03 18:02:45', '64102', '2021-03-03 18:02:45', '2021-03-03 18:07:16', 1, '43', 'ffdirp211120'),
(2, 'batch56', 'Molouk Jafari ', '2021-03-03 18:19:31', '7410196015', '2021-03-06 19:09:39', '2021-03-06 20:10:26', 1, '', 'ffdirp211120'),
(3, 'batch56', 'Govindarasu', '2021-03-03 18:20:34', '523862086', '2021-03-06 20:18:55', '2021-03-06 20:50:59', 0, '971', 'ffdirp211120'),
(4, 'batch56', 'Sonia lalwani', '2021-03-03 18:25:38', '8850791118', '2021-03-06 19:37:25', '2021-03-06 20:45:27', 1, '91', 'ffdirp211120'),
(5, 'batch56', 'Prachi Gajinkar', '2021-03-03 19:29:54', '9820772267', '2021-03-06 20:40:30', '2021-03-06 20:50:01', 1, '', 'ffdirp211120'),
(6, 'batch56', 'Suresh Nair', '2021-03-03 19:59:36', '9845042117', '2021-03-03 19:59:36', '2021-03-03 20:00:06', 1, '', 'ffdirp211120'),
(7, 'batch56', 'Ramachandra ', '2021-03-03 20:54:02', '9482771900', '2021-03-06 20:20:11', '2021-03-06 20:49:38', 0, '', 'ffdirp211120'),
(8, 'batch56', 'Kshama Awasthi ', '2021-03-03 22:04:53', '8355822736', '2021-03-06 18:27:53', '2021-03-06 20:17:53', 1, '', 'ffdirp211120'),
(9, 'batch56', 'Meena', '2021-03-03 22:25:18', '9892899933', '2021-03-03 22:25:18', '2021-03-03 22:25:48', 1, '', 'ffdirp211120'),
(10, 'batch56', 'Sangita  dattatary mundhekar', '2021-03-03 23:28:37', '9766710812', '2021-03-06 19:57:18', '2021-03-06 20:37:19', 1, '', 'ffdirp211120'),
(11, 'batch56', 'neeraj', '2021-03-04 09:58:53', '97004687764', '2021-03-04 09:58:53', '2021-03-04 12:04:56', 1, '994', 'ffdirp211120'),
(12, 'batch56', 'Vandana Sharma ', '2021-03-04 10:04:38', '9860131722', '2021-03-06 20:06:35', '2021-03-06 20:36:05', 1, '', 'ffdirp211120'),
(13, 'batch56', 'Meena Gulati', '2021-03-04 11:38:48', '9881009214', '2021-03-06 18:55:37', '2021-03-06 20:30:40', 1, '', 'ffdirp211120'),
(14, 'batch56', 'akshat', '2021-03-04 12:05:06', '9700467764', '2021-04-30 16:38:06', '2021-04-30 16:49:13', 1, '', 'ffdirp211120'),
(15, 'batch56', 'Aruna Sarma', '2021-03-04 18:30:41', '9820743352', '2021-03-04 18:30:41', '2021-03-04 18:41:03', 1, '', 'ffdirp211120'),
(16, 'batch56', 'Chakilam Hemachander', '2021-03-04 18:34:04', '9848345450', '2021-03-04 18:34:04', '2021-03-04 18:35:39', 1, '91', 'ffdirp211120'),
(17, 'batch56', 'Satish ', '2021-03-04 18:36:07', '9324537474', '2021-03-04 18:36:07', '2021-03-04 18:37:38', 1, '', 'ffdirp211120'),
(18, 'batch56', 'Arun Kumar ', '2021-03-04 19:57:55', '7046921338', '2021-03-04 22:06:58', '2021-03-04 22:12:57', 1, '1', 'ffdirp211120'),
(19, 'batch56', 'Satish ', '2021-03-04 20:28:17', '9920039327', '2021-03-06 18:57:47', '2021-03-06 20:49:01', 0, '', 'ffdirp211120'),
(20, 'batch56', 'Rajyalakshmi', '2021-03-04 21:53:16', '9500049562', '2021-03-06 18:13:45', '2021-03-06 18:31:16', 1, '91', 'ffdirp211120'),
(21, 'batch56', 'Udayappanperiyanan', '2021-03-04 22:11:21', '9894448060', '2021-03-06 18:39:49', '2021-03-06 21:30:39', 1, '', 'ffdirp211120'),
(22, 'batch56', 'Sunita dubey', '2021-03-04 22:29:38', '9425320312', '2021-03-06 18:04:39', '2021-03-06 20:49:52', 1, '', 'ffdirp211120'),
(23, 'batch56', 'Vidya', '2021-03-04 22:43:10', '9019103802', '2021-03-12 18:24:22', '2021-03-12 18:24:41', 0, '91', 'ffdirp211120'),
(24, 'batch56', 'Vimmy', '2021-03-05 00:22:22', '09888709222', '2021-03-05 00:22:22', '2021-03-05 00:22:52', 1, '', 'ffdirp211120'),
(25, 'batch56', 'ASHOK THAKKAR', '2021-03-05 01:59:23', '9920366162', '2021-03-10 23:57:45', '2021-03-10 23:58:15', 1, '91', 'ffdirp211120'),
(26, 'batch56', 'V', '2021-03-05 15:48:58', '9', '2021-03-05 15:48:58', '2021-03-05 15:49:59', 1, '', 'ffdirp211120'),
(27, 'batch56', 'V', '2021-03-05 16:20:17', '97', '2021-03-05 16:20:17', '2021-03-05 16:37:03', 1, '', 'ffdirp211120'),
(28, '', '', '2021-03-05 16:21:57', '', '2021-03-05 16:21:57', '2021-03-17 19:38:58', 1, '', 'ffdirp211120'),
(29, 'batch56', 'Mahantesh Kamate', '2021-03-05 17:12:04', '9535353637', '2021-03-06 20:36:35', '2021-03-06 20:56:22', 1, '', 'ffdirp211120'),
(30, 'batch56', 'Rupali Tad', '2021-03-05 20:19:17', '9168574090', '2021-03-06 19:03:16', '2021-03-06 19:10:09', 1, '', 'ffdirp211120'),
(31, 'batch56', 'Nirmal gupta', '2021-03-05 20:33:15', '9899056028', '2021-03-05 20:33:15', '2021-03-05 20:33:45', 1, '', 'ffdirp211120'),
(32, 'batch56', 'Pritam Singh Thakur', '2021-03-06 05:04:22', '9969236555', '2021-03-06 19:59:41', '2021-03-06 20:50:12', 1, '91', 'ffdirp211120'),
(33, 'batch56', 'Jainendra Pant', '2021-03-06 06:20:44', '09717971871', '2021-03-06 18:31:26', '2021-03-06 20:49:57', 1, '', 'ffdirp211120'),
(34, 'batch56', 'Ajit Jain', '2021-03-06 06:36:50', '09431214816', '2021-03-06 06:36:50', '2021-03-06 06:37:26', 0, '91', 'ffdirp211120'),
(35, 'batch56', 'Dr chaitrapallavi', '2021-03-06 07:06:14', '9845023247', '2021-03-07 05:43:58', '2021-03-07 05:48:49', 1, '', 'ffdirp211120'),
(36, 'batch56', 'Ashok Wanwari', '2021-03-06 08:11:00', '9323671712', '2021-03-06 18:25:07', '2021-03-06 21:04:38', 1, '91', 'ffdirp211120'),
(37, 'batch56', 'V', '2021-03-06 13:17:01', '9765875731', '2021-03-06 13:17:01', '2021-03-06 13:19:02', 1, '', 'ffdirp211120'),
(38, 'batch56', 'Molouk ', '2021-03-06 14:56:47', '7410196015', '2021-03-06 14:56:47', '2021-03-06 19:08:54', 0, '91', 'ffdirp211120'),
(39, 'batch56', 'varsha sharad bhade', '2021-03-06 15:02:48', '9689312954', '2021-03-06 18:24:34', '2021-03-06 18:50:23', 1, '', 'ffdirp211120'),
(40, 'batch56', 'V', '2021-03-06 15:17:28', '23', '2021-03-06 15:17:28', '2021-03-06 17:11:58', 1, '', 'ffdirp211120'),
(41, 'batch56', 'Shriram Yadav', '2021-03-06 15:26:21', '9324526133', '2021-03-06 15:26:21', '2021-03-06 15:32:10', 1, '91', 'ffdirp211120'),
(42, 'batch56', 'Ramyareka', '2021-03-06 15:27:50', '7801964031', '2021-03-06 20:32:49', '2021-03-06 20:45:51', 1, '', 'ffdirp211120'),
(43, 'batch56', 'N VAIDYANATHAN', '2021-03-06 15:35:56', '9820026689', '2021-03-06 19:54:41', '2021-03-06 19:56:12', 1, '91', 'ffdirp211120'),
(44, 'batch56', 'Subhash', '2021-03-06 15:45:36', '9011088411', '2021-03-06 18:33:57', '2021-03-06 20:28:57', 1, '', 'ffdirp211120'),
(45, 'batch56', 'Meena', '2021-03-06 16:42:14', '9892899933', '2021-03-06 16:42:14', '2021-03-06 16:42:44', 1, '91', 'ffdirp211120'),
(46, 'batch56', 'Aasha', '2021-03-06 16:48:11', '7899427423', '2021-03-06 16:48:11', '2021-03-06 16:48:41', 1, '91', 'ffdirp211120'),
(47, 'batch56', 'SHOBHA MEHRA', '2021-03-06 17:08:17', '09892605050', '2021-03-06 17:08:17', '2021-03-06 17:08:47', 1, '91', 'ffdirp211120'),
(48, 'batch56', 'Rakesh j khanna', '2021-03-06 17:16:31', '9820146715', '2021-03-06 19:41:36', '2021-03-06 20:45:06', 1, '91', 'ffdirp211120'),
(49, 'batch56', 'Nitin shah', '2021-03-06 17:19:46', '9820374722', '2021-03-06 18:36:42', '2021-03-06 18:39:12', 1, '', 'ffdirp211120'),
(50, 'batch56', 'Paresh sheth', '2021-03-06 17:25:26', '9820090430', '2021-03-06 20:07:21', '2021-03-06 20:36:31', 1, '91', 'ffdirp211120'),
(51, 'batch56', 'Rajiv Nag ', '2021-03-06 17:45:55', '9810112893', '2021-03-06 18:52:44', '2021-03-06 20:55:43', 1, '', 'ffdirp211120'),
(52, 'batch56', 'Rekha Vivek Joshi', '2021-03-06 17:48:27', '9820506315', '2021-03-06 17:48:27', '2021-03-06 20:08:58', 1, '91', 'ffdirp211120'),
(53, 'batch56', 'Manasi m Phadke', '2021-03-06 17:51:06', '8788377029', '2021-12-18 20:05:06', '2021-12-18 20:05:36', 1, '', 'ffdirp211120'),
(54, 'batch56', 'Sneha pandit', '2021-03-06 17:51:35', '9881378365', '2021-03-06 20:49:34', '2021-03-06 20:56:12', 1, '91', 'ffdirp211120'),
(55, 'batch56', 'Madhuri Patil ', '2021-03-06 17:54:42', '7021837129', '2021-03-06 17:54:42', '2021-03-06 17:59:13', 1, '91', 'ffdirp211120'),
(56, 'batch56', 'Pramod Kumar', '2021-03-06 18:00:51', '9002080781', '2021-03-06 18:30:46', '2021-03-06 20:49:58', 0, '91', 'ffdirp211120'),
(57, 'batch56', 'Vijay Shanker Bagalur', '2021-03-06 18:02:30', '9845191477', '2021-03-06 19:40:34', '2021-03-06 20:18:53', 1, '', 'ffdirp211120'),
(58, 'batch56', 'Neena Gupta', '2021-03-06 18:05:52', '9868217455', '2021-03-06 18:21:26', '2021-03-06 20:48:40', 0, '', 'ffdirp211120'),
(59, 'batch56', 'Chintamani Hudlikar', '2021-03-06 18:08:41', '8850477259', '2021-03-06 18:08:41', '2021-03-06 20:19:00', 0, '', 'ffdirp211120'),
(60, 'batch56', 'Krutika burse', '2021-03-06 18:09:08', '9049009621', '2021-03-06 18:09:08', '2021-03-06 21:00:09', 1, '91', 'ffdirp211120'),
(61, 'batch56', 'Suman nagpaul', '2021-03-06 18:09:21', '8860970972', '2021-03-06 18:09:21', '2021-03-06 20:50:06', 1, '', 'ffdirp211120'),
(62, 'batch56', 'Krutika Burse', '2021-03-06 18:10:25', '9049006680', '2021-03-06 18:10:25', '2021-03-06 20:50:00', 1, '', 'ffdirp211120'),
(63, 'batch56', 'Rajesh Acharya', '2021-03-06 18:10:58', '9820141317', '2021-03-07 13:00:13', '2021-03-07 13:07:43', 1, '', 'ffdirp211120'),
(64, 'batch56', 'V', '2021-03-06 18:15:17', '546', '2021-03-06 18:15:17', '2021-03-06 18:15:47', 1, '', 'ffdirp211120'),
(65, 'batch56', 'Dwarkabai bhosale', '2021-03-06 18:16:18', '9673112792', '2021-03-06 20:34:13', '2021-03-06 20:46:22', 1, '', 'ffdirp211120'),
(66, 'batch56', 'Umesh Pathak', '2021-03-06 18:16:43', '9591916919', '2021-03-06 18:16:43', '2021-03-06 20:45:02', 1, '91', 'ffdirp211120'),
(67, 'batch56', 'Kalpana', '2021-03-06 18:16:50', '9845683831', '2021-03-06 19:52:35', '2021-03-06 21:56:13', 1, '91', 'ffdirp211120'),
(68, 'batch56', 'Udaya', '2021-03-06 18:16:51', '9448010880', '2021-03-06 18:16:51', '2021-03-06 20:51:22', 1, '91', 'ffdirp211120'),
(69, 'batch56', 'Tushar patel', '2021-03-06 18:17:02', '9892027070', '2021-03-06 20:36:36', '2021-03-06 20:49:21', 1, '', 'ffdirp211120'),
(70, 'batch56', 'Sachin Kale', '2021-03-06 18:17:04', '7798982359', '2021-03-06 20:48:07', '2021-03-06 20:49:46', 0, '', 'ffdirp211120'),
(71, 'batch56', 'Means Godhwani', '2021-03-06 18:18:55', '9822418440', '2021-03-06 20:18:04', '2021-03-06 20:50:07', 0, '91', 'ffdirp211120'),
(72, 'batch56', 'Kavita Ravi', '2021-03-06 18:19:06', '502550230', '2021-03-06 18:47:05', '2021-03-06 20:49:45', 0, '971', 'ffdirp211120'),
(73, 'batch56', 'Renuka Jere', '2021-03-06 18:19:23', '9844083168', '2021-03-06 18:19:23', '2021-03-06 18:27:11', 1, '', 'ffdirp211120'),
(74, 'batch56', 'Lalitha Mahender ', '2021-03-06 18:20:09', '7083813020', '2021-03-06 19:27:48', '2021-03-06 21:09:38', 1, '', 'ffdirp211120'),
(75, 'batch56', 'Sunita dhillon ', '2021-03-06 18:20:55', '9050099485', '2021-03-06 18:20:55', '2021-03-06 18:56:56', 1, '', 'ffdirp211120'),
(76, 'batch56', 'Madhuri Patil ', '2021-03-06 18:20:57', '7021837129', '2021-03-06 18:20:57', '2021-03-06 20:36:48', 1, '', 'ffdirp211120'),
(77, 'batch56', 'Aruna Sarma', '2021-03-06 18:21:05', '9820743352', '2021-03-06 20:22:02', '2021-03-06 20:34:32', 1, '91', 'ffdirp211120'),
(78, 'batch56', 'Kailash Gupta', '2021-03-06 18:21:10', '9323950989', '2021-03-06 18:21:10', '2021-03-06 21:04:24', 1, '', 'ffdirp211120'),
(79, 'batch56', 'Lopa Bhatt ', '2021-03-06 18:21:17', '504256697', '2021-03-06 20:36:21', '2021-03-06 20:40:22', 1, '971', 'ffdirp211120'),
(80, 'batch56', 'Sandeep P Sawant ', '2021-03-06 18:21:25', '8850104403', '2021-03-06 19:38:32', '2021-03-06 20:50:00', 0, '91', 'ffdirp211120'),
(81, 'batch56', 'PRAVEEN', '2021-03-06 18:22:18', '09960800111', '2021-03-06 18:22:18', '2021-03-06 18:24:48', 1, '91', 'ffdirp211120'),
(82, 'batch56', 'Shubhra ', '2021-03-06 18:22:22', '9819685134', '2021-03-06 18:22:22', '2021-03-06 19:23:29', 1, '', 'ffdirp211120'),
(83, 'batch56', 'Vidhubala Sathish ', '2021-03-06 18:22:28', '9865457643', '2021-03-06 18:22:28', '2021-03-06 20:49:04', 0, '91', 'ffdirp211120'),
(84, 'batch56', 'Tasneem Bhavnagarwala', '2021-03-06 18:22:46', '09840997647', '2021-03-06 18:22:46', '2021-03-06 22:17:20', 1, '91', 'ffdirp211120'),
(85, 'batch56', 'Swarna Dash', '2021-03-06 18:23:17', '9437488501', '2021-03-06 18:23:17', '2021-03-06 19:56:49', 1, '', 'ffdirp211120'),
(86, 'batch56', 'Rajyalakshmi', '2021-03-06 18:23:26', '9500049562', '2021-03-06 18:23:26', '2021-03-06 20:49:57', 1, '', 'ffdirp211120'),
(87, 'batch56', 'Thanalakshmi', '2021-03-06 18:23:44', '9840814268', '2021-03-06 18:31:57', '2021-03-06 20:51:28', 1, '', 'ffdirp211120'),
(88, 'batch56', 'Kanagaraj', '2021-03-06 18:23:45', '9884182109', '2021-03-06 18:58:36', '2021-03-06 18:59:33', 0, '91', 'ffdirp211120'),
(89, 'batch56', 'Teja Lotlikar', '2021-03-06 18:24:18', '09922891498', '2021-03-06 19:00:36', '2021-03-06 19:56:38', 1, '', 'ffdirp211120'),
(90, 'batch56', 'Thomas.p', '2021-03-06 18:24:21', '9920023080', '2021-03-06 18:24:21', '2021-03-06 20:51:03', 1, '91', 'ffdirp211120'),
(91, 'batch56', 'Pragathi Gorantla', '2021-03-06 18:24:23', '9940623679', '2021-03-06 19:50:09', '2021-03-06 20:36:09', 1, '', 'ffdirp211120'),
(92, 'batch56', 'Anju Mutreja', '2021-03-06 18:24:33', '09923230302', '2021-03-06 18:24:33', '2021-03-06 20:50:05', 1, '91', 'ffdirp211120'),
(93, 'batch56', 'Prakash Tripathi', '2021-03-06 18:24:35', '9967645400', '2021-03-06 19:04:08', '2021-03-06 20:50:09', 1, '', 'ffdirp211120'),
(94, 'batch56', 'Ajit Thakore', '2021-03-06 18:24:52', '2016591210', '2021-03-06 18:24:52', '2021-03-06 19:33:25', 1, '1', 'ffdirp211120'),
(95, 'batch56', 'shabnam kothare', '2021-03-06 18:24:55', '6464962099', '2021-03-06 18:24:55', '2021-03-06 19:02:26', 1, '1', 'ffdirp211120'),
(96, 'batch56', 'Meghana Sumanth', '2021-03-06 18:24:55', '9945366460', '2021-03-06 18:24:55', '2021-03-06 19:16:25', 1, '', 'ffdirp211120'),
(97, 'batch56', 'vikrant', '2021-03-06 18:25:02', '9158357710', '2021-03-06 19:24:00', '2021-03-06 20:41:09', 1, '', 'ffdirp211120'),
(98, 'batch56', 'Ashok Priyadarshi', '2021-03-06 18:25:03', '09958555981', '2021-03-06 18:25:03', '2021-03-06 20:27:25', 0, '', 'ffdirp211120'),
(99, 'batch56', 'Nikhil G', '2021-03-06 18:25:20', '9833915707', '2021-03-06 19:54:15', '2021-03-06 20:49:51', 0, '', 'ffdirp211120'),
(100, 'batch56', 'PRAVEEN', '2021-03-06 18:25:24', '9960800111', '2021-03-06 18:31:07', '2021-03-06 20:51:53', 1, '91', 'ffdirp211120'),
(101, 'batch56', 'Neela Deshpande', '2021-03-06 18:25:55', '9881007256', '2021-03-06 21:00:23', '2021-03-06 21:00:53', 1, '', 'ffdirp211120'),
(102, 'batch56', 'Usha Dubey', '2021-03-06 18:25:56', '9822001836', '2021-03-06 20:31:21', '2021-03-06 21:16:24', 1, '91', 'ffdirp211120'),
(103, 'batch56', 'Charuta Belhe', '2021-03-06 18:25:58', '9623710719', '2021-03-06 18:25:58', '2021-03-06 20:14:29', 1, '', 'ffdirp211120'),
(104, 'batch56', 'usha vinod', '2021-03-06 18:26:36', '09632711151', '2021-03-06 18:26:36', '2021-03-06 20:48:45', 0, '91', 'ffdirp211120'),
(105, 'batch56', 'PRASAD MOPKAR', '2021-03-06 18:26:51', '9822121213', '2021-03-06 18:26:51', '2021-03-06 20:25:02', 0, '91', 'ffdirp211120'),
(106, 'batch56', 'Matilda sequeira', '2021-03-06 18:26:52', '9322820290', '2021-03-06 19:18:05', '2021-03-06 20:49:08', 1, '91', 'ffdirp211120'),
(107, 'batch56', 'Bharti tandon', '2021-03-06 18:26:54', '9167209661', '2021-03-11 15:30:20', '2021-03-11 15:30:50', 1, '91', 'ffdirp211120'),
(108, 'batch56', 'ASHA SHETTY', '2021-03-06 18:26:57', '09987251399', '2021-03-06 20:30:56', '2021-03-06 20:41:27', 1, '', 'ffdirp211120'),
(109, 'batch56', 'Venkata krishna ', '2021-03-06 18:27:04', '9986913284', '2021-03-06 20:46:38', '2021-03-06 20:55:09', 1, '', 'ffdirp211120'),
(110, 'batch56', 'Suchita G', '2021-03-06 18:27:19', '09821716759', '2021-03-06 18:27:19', '2021-03-06 19:03:50', 1, '91', 'ffdirp211120'),
(111, 'batch56', 'Meena Gautam Joshi', '2021-03-06 18:27:30', '9821887320', '2021-03-06 18:43:30', '2021-03-06 19:55:18', 1, '91', 'ffdirp211120'),
(112, 'batch56', 'Dhiresh shah', '2021-03-06 18:27:49', '9892499933', '2021-03-06 19:49:17', '2021-03-06 20:47:44', 1, '91', 'ffdirp211120'),
(113, 'batch56', 'Shasi Kant Singh', '2021-03-06 18:27:54', '9439867499', '2021-03-06 18:27:54', '2021-03-06 20:48:55', 1, '', 'ffdirp211120'),
(114, 'batch56', 'Amarnath', '2021-03-06 18:28:06', '9945561024', '2021-03-06 18:28:06', '2021-03-06 20:23:23', 1, '', 'ffdirp211120'),
(115, 'batch56', 'Rakhi Mathur', '2021-03-06 18:28:14', '08451844820', '2021-03-06 19:51:55', '2021-03-06 20:49:45', 0, '', 'ffdirp211120'),
(116, 'batch56', 'Deepak Soni ', '2021-03-06 18:28:24', '9879570966', '2021-03-06 19:16:43', '2021-03-06 20:50:14', 1, '91', 'ffdirp211120'),
(117, 'batch56', 'Shipra', '2021-03-06 18:28:36', '9439169606', '2021-03-06 18:44:30', '2021-03-06 20:39:21', 1, '', 'ffdirp211120'),
(118, 'batch56', 'Renuka Jere', '2021-03-06 18:28:40', '9844083168', '2021-03-06 18:28:40', '2021-03-06 20:46:10', 1, '91', 'ffdirp211120'),
(119, 'batch56', 'Manjunath v G', '2021-03-06 18:28:43', '9845872819', '2021-03-06 19:47:31', '2021-03-06 20:50:37', 1, '', 'ffdirp211120'),
(120, 'batch56', 'Swapnil', '2021-03-06 18:28:43', '9922990617', '2021-03-06 18:28:43', '2021-03-06 20:49:44', 1, '', 'ffdirp211120'),
(121, 'batch56', 'Santosh L Ghonasgi', '2021-03-06 18:28:46', '7760984891', '2021-03-06 19:57:08', '2021-03-06 20:49:53', 0, '', 'ffdirp211120'),
(122, 'batch56', 'Asmita Tambe', '2021-03-06 18:29:02', '09767726431', '2021-03-06 19:02:18', '2021-03-06 20:33:17', 0, '91', 'ffdirp211120'),
(123, 'batch56', 'Minal Pendse ', '2021-03-06 18:29:05', '9920496340', '2021-03-06 19:05:45', '2021-03-06 20:49:59', 0, '', 'ffdirp211120'),
(124, 'batch56', 'Akhilesh Sharma', '2021-03-06 18:29:06', '9990701163', '2021-03-06 19:49:55', '2021-03-06 20:44:34', 0, '', 'ffdirp211120'),
(125, 'batch56', 'Sabina Menezes', '2021-03-06 18:29:32', '9284498045', '2021-03-06 18:29:32', '2021-03-06 19:04:32', 1, '', 'ffdirp211120'),
(126, 'batch56', 'Shishir Seth ', '2021-03-06 18:29:34', '9820255287', '2021-03-06 18:36:21', '2021-03-06 20:15:24', 1, '', 'ffdirp211120'),
(127, 'batch56', 'Jayashree Viswanathan', '2021-03-06 18:29:40', '8879601789', '2021-03-06 18:29:40', '2021-03-06 19:10:10', 1, '91', 'ffdirp211120'),
(128, 'batch56', 'Sangeeta pradeep patil', '2021-03-06 18:29:44', '8857863599', '2021-03-06 19:52:25', '2021-03-06 20:49:56', 1, '', 'ffdirp211120'),
(129, 'batch56', 'Dayanand C Nalamutt', '2021-03-06 18:29:55', '983129105', '2021-03-06 18:29:55', '2021-03-06 20:48:26', 0, '91', 'ffdirp211120'),
(130, 'batch56', 'RENUKA MAHAJAN', '2021-03-06 18:30:07', '9657983727', '2021-03-06 19:21:03', '2021-03-06 19:28:04', 1, '91', 'ffdirp211120'),
(131, 'batch56', 'Anoop Singh', '2021-03-06 18:30:08', '09999684919', '2021-03-06 19:53:41', '2021-03-06 20:50:00', 1, '', 'ffdirp211120'),
(132, 'batch56', 'Prakash Sapkal', '2021-03-06 18:30:09', '9850736057', '2021-03-06 18:30:09', '2021-03-06 20:50:29', 1, '91', 'ffdirp211120'),
(133, 'batch56', 'Uma maheshwari', '2021-03-06 18:30:17', '9819667055', '2021-03-06 18:30:17', '2021-03-06 20:55:18', 1, '', 'ffdirp211120'),
(134, 'batch56', 'K.R.Ranjan ', '2021-03-06 18:30:19', '9969702262', '2021-03-06 18:30:19', '2021-03-06 18:32:20', 1, '91', 'ffdirp211120'),
(135, 'batch56', 'Teja Lotlikar', '2021-03-06 18:30:20', '9922891498', '2021-03-06 18:30:20', '2021-03-06 18:56:50', 1, '91', 'ffdirp211120'),
(136, 'batch56', 'Sunil Varghese', '2021-03-06 18:30:23', '9344777254', '2021-03-06 19:23:04', '2021-03-06 20:51:34', 1, '', 'ffdirp211120'),
(137, 'batch56', 'Paresh sheth ', '2021-03-06 18:30:29', '9820090440', '2021-03-06 18:43:34', '2021-03-06 20:07:26', 1, '91', 'ffdirp211120'),
(138, 'batch56', 'Abhijit Tanna', '2021-03-06 18:30:37', '7738248368', '2021-03-06 18:30:37', '2021-03-06 19:12:46', 1, '', 'ffdirp211120'),
(139, 'batch56', 'Narendra T Chaudhari', '2021-03-06 18:30:49', '09869463471', '2021-03-06 18:30:49', '2021-03-06 20:55:12', 0, '91', 'ffdirp211120'),
(140, 'batch56', 'Chandan Roy Choudhury', '2021-03-06 18:30:52', '08826210222', '2021-03-06 18:33:24', '2021-03-06 20:39:33', 1, '', 'ffdirp211120'),
(141, 'batch56', 'Praveen', '2021-03-06 18:31:00', '9960800111', '2021-03-06 18:31:00', '2021-03-06 20:28:03', 1, '', 'ffdirp211120'),
(142, 'batch56', 'Karuna', '2021-03-06 18:31:05', '9611588442', '2021-03-06 20:34:05', '2021-03-06 20:50:06', 1, '91', 'ffdirp211120'),
(143, 'batch56', 'indira', '2021-03-06 18:31:10', '9096567165', '2021-03-06 18:31:10', '2021-03-06 20:59:41', 1, '', 'ffdirp211120'),
(144, 'batch56', 'Lalita Lele', '2021-03-06 18:31:16', '9960558720', '2021-03-06 19:52:16', '2021-03-06 20:54:50', 1, '', 'ffdirp211120'),
(145, 'batch56', 'Ishrat', '2021-03-06 18:31:22', '53375142', '2021-03-06 18:31:22', '2021-03-06 20:25:15', 1, '966', 'ffdirp211120'),
(146, 'batch56', 'Neeta Balam', '2021-03-06 18:31:22', '9221439177', '2021-03-06 18:31:22', '2021-03-06 20:53:49', 0, '91', 'ffdirp211120'),
(147, 'batch56', 'Suchita Kumthekar', '2021-03-06 18:31:27', '9898416106', '2021-03-06 19:05:50', '2021-03-06 20:49:50', 1, '', 'ffdirp211120'),
(148, 'batch56', 'S S GURAV ', '2021-03-06 18:31:29', '9765419244', '2021-03-06 20:04:28', '2021-03-06 20:45:50', 0, '91', 'ffdirp211120'),
(149, 'batch56', 'Umesh', '2021-03-06 18:31:56', '98275596', '2021-03-06 18:31:56', '2021-03-06 20:57:58', 1, '968', 'ffdirp211120'),
(150, 'batch56', 'Vipul gupta', '2021-03-06 18:32:06', '9998959009', '2021-03-06 18:32:06', '2021-03-06 18:54:37', 1, '91', 'ffdirp211120'),
(151, 'batch56', 'Ramchandra V. Kularni', '2021-03-06 18:32:09', '7498836646', '2021-03-06 19:03:31', '2021-03-06 19:04:31', 1, '', 'ffdirp211120'),
(152, 'batch56', 'Charuta Kale', '2021-03-06 18:32:09', '9422277090', '2021-03-06 20:27:43', '2021-03-06 20:50:13', 1, '91', 'ffdirp211120'),
(153, 'batch56', 'Jayanthi Murthy ', '2021-03-06 18:32:11', '8639395075', '2021-03-06 18:53:59', '2021-03-06 19:22:00', 1, '91', 'ffdirp211120'),
(154, 'batch56', 'Tushar Mistry', '2021-03-06 18:32:17', '9916292842', '2021-03-06 18:32:17', '2021-03-06 20:50:18', 1, '91', 'ffdirp211120'),
(155, 'batch56', 'Manisha Sanjay  bhavsar', '2021-03-06 18:32:34', '9552201776', '2021-03-06 18:32:34', '2021-03-06 20:51:46', 1, '', 'ffdirp211120'),
(156, 'batch56', 'chandra shekar chavan', '2021-03-06 18:32:38', '9490751134', '2021-03-06 18:32:38', '2021-03-06 19:25:08', 1, '', 'ffdirp211120'),
(157, 'batch56', 'Gyanendra Mohan Garg ', '2021-03-06 18:32:39', '9205569707', '2021-03-06 19:55:43', '2021-03-06 20:42:44', 1, '', 'ffdirp211120'),
(158, 'batch56', 'ARUN VISHNUPANT DESHPANDE', '2021-03-06 18:32:40', '9850035950', '2021-03-06 18:32:40', '2021-03-06 20:50:11', 1, '', 'ffdirp211120'),
(159, 'batch56', 'K.R.Ranjan ', '2021-03-06 18:32:42', '9969702262', '2021-03-06 18:32:42', '2021-03-06 20:50:12', 1, '', 'ffdirp211120'),
(160, 'batch56', 'uma vasudevan', '2021-03-06 18:32:52', '091', '2021-03-06 18:32:52', '2021-03-06 20:24:53', 1, '91', 'ffdirp211120'),
(161, 'batch56', 'Mamata Rai', '2021-03-06 18:32:57', '9372405527', '2021-03-06 18:58:27', '2021-03-06 20:49:42', 0, '91', 'ffdirp211120'),
(162, 'batch56', 'Bhuma Sachdeva', '2021-03-06 18:33:00', '9717753877', '2021-03-06 19:52:10', '2021-03-06 20:49:44', 0, '91', 'ffdirp211120'),
(163, 'batch56', 'Daya H Gowda', '2021-03-06 18:33:09', '9840991929', '2021-03-06 18:33:09', '2021-03-06 18:49:39', 1, '91', 'ffdirp211120'),
(164, 'batch56', 'Vivek Bhamare', '2021-03-06 18:33:12', '9225126371', '2021-03-06 19:09:51', '2021-03-06 20:19:57', 0, '91', 'ffdirp211120'),
(165, 'batch56', 'Shashidhar Kalwa', '2021-03-06 18:33:16', '9986010064', '2021-03-06 18:33:16', '2021-03-06 20:42:44', 0, '', 'ffdirp211120'),
(166, 'batch56', 'Uma', '2021-03-06 18:33:16', '99018196', '2021-03-06 19:53:25', '2021-03-06 20:48:39', 0, '965', 'ffdirp211120'),
(167, 'batch56', 'Meena Gulati', '2021-03-06 18:33:59', '9881009214', '2021-03-06 18:33:59', '2021-03-06 18:40:31', 1, '91', 'ffdirp211120'),
(168, 'batch56', 'Akkamahadevi Byali', '2021-03-06 18:34:01', '9868260998', '2021-03-06 19:30:41', '2021-03-06 20:50:14', 1, '91', 'ffdirp211120'),
(169, 'batch56', 'Neelam Kumari', '2021-03-06 18:34:47', '9418454535', '2021-03-06 18:59:40', '2021-03-06 19:20:33', 0, '91', 'ffdirp211120'),
(170, 'batch56', 'Loganathan Dakshinamoorthy', '2021-03-06 18:34:56', '3129122018', '2021-03-06 18:34:56', '2021-03-06 20:50:03', 1, '1', 'ffdirp211120'),
(171, 'batch56', 'Mahesh H.Shah', '2021-03-06 18:35:08', '8879107729', '2021-03-06 19:58:06', '2021-03-06 20:50:06', 1, '91', 'ffdirp211120'),
(172, 'batch56', 'Saurabh Gupta', '2021-03-06 18:35:09', '9632072072', '2021-03-06 18:35:09', '2021-03-06 19:23:40', 1, '', 'ffdirp211120'),
(173, 'batch56', 'Janaky mk', '2021-03-06 18:35:30', '09061464882', '2021-03-06 18:35:30', '2021-03-06 21:03:54', 1, '91', 'ffdirp211120'),
(174, 'batch56', 'Narinder Wadhwa', '2021-03-06 18:35:31', '9810008640', '2021-03-06 19:49:36', '2021-03-06 20:06:42', 1, '', 'ffdirp211120'),
(175, 'batch56', 'Shubhangi', '2021-03-06 18:36:05', '09322026324', '2021-03-06 18:43:37', '2021-03-06 20:50:07', 1, '91', 'ffdirp211120'),
(176, 'batch56', 'Honnappa Gowda', '2021-03-06 18:36:36', '9600072608', '2021-03-06 18:36:36', '2021-03-06 19:41:28', 1, '91', 'ffdirp211120'),
(177, 'batch56', 'Gireesh Babu Bhat', '2021-03-06 18:36:40', '98319424', '2021-03-06 18:36:40', '2021-03-06 19:54:11', 1, '65', 'ffdirp211120'),
(178, 'batch56', 'N VAIDYANATHN', '2021-03-06 18:36:44', '9820026689', '2021-03-06 18:36:44', '2021-03-06 19:16:15', 1, '', 'ffdirp211120'),
(179, 'batch56', 'Vaibhav Aurangabadkar ', '2021-03-06 18:37:01', '8118800202', '2021-03-06 19:01:47', '2021-03-06 19:58:35', 1, '62', 'ffdirp211120'),
(180, 'batch56', 'Anita vashisht', '2021-03-06 18:37:46', '9560952111', '2021-03-06 19:16:56', '2021-03-06 20:51:45', 1, '', 'ffdirp211120'),
(181, 'batch56', 'Usha Dubey', '2021-03-06 18:38:38', '9822001836', '2021-03-06 18:38:38', '2021-03-06 19:21:39', 1, '33', 'ffdirp211120'),
(182, 'batch56', 'Dipti M Kotechs', '2021-03-06 18:38:42', '9575108546', '2021-03-06 18:38:42', '2021-03-06 19:26:56', 1, '', 'ffdirp211120'),
(183, 'batch56', 'Brajesh Kumar ', '2021-03-06 18:38:44', '97577404', '2021-03-06 19:09:40', '2021-03-06 20:58:41', 1, '65', 'ffdirp211120'),
(184, 'batch56', 'Priti shah', '2021-03-06 18:38:49', '733614670', '2021-03-06 20:05:34', '2021-03-06 20:19:35', 1, '254', 'ffdirp211120'),
(185, 'batch56', 'Jesal Kanani', '2021-03-06 18:38:55', '9833561832', '2021-03-06 18:38:55', '2021-03-06 19:42:04', 1, '', 'ffdirp211120'),
(186, 'batch56', 'Sheetal ', '2021-03-06 18:39:15', '9986014245', '2021-03-06 18:39:15', '2021-03-06 18:46:46', 1, '', 'ffdirp211120'),
(187, 'batch56', 'Swati Kothary', '2021-03-06 18:39:38', '9727756467', '2021-03-06 18:39:38', '2021-03-06 18:43:27', 1, '', 'ffdirp211120'),
(188, 'batch56', 'Pramod Kumar', '2021-03-06 18:39:42', '9002080781', '2021-03-06 19:07:19', '2021-03-06 20:49:58', 0, '', 'ffdirp211120'),
(189, 'batch56', 'Shweta Modi', '2021-03-06 18:40:00', '7506347974', '2021-03-06 18:40:00', '2021-03-06 18:44:34', 1, '', 'ffdirp211120'),
(190, 'batch56', 'Katrapati Vidyasagar', '2021-03-06 18:40:35', '9490168645', '2021-03-06 19:31:29', '2021-03-06 21:02:33', 1, '', 'ffdirp211120'),
(191, 'batch56', 'Shiva Kumar karai', '2021-03-06 18:40:55', '9848415698', '2021-03-06 18:47:33', '2021-03-06 19:19:53', 1, '91', 'ffdirp211120'),
(192, 'batch56', 'Sangeeta Mathur', '2021-03-06 18:40:58', '9968287995', '2021-03-06 18:40:58', '2021-03-06 20:53:12', 1, '91', 'ffdirp211120'),
(193, 'batch56', 'Mrs. Rahila Abid', '2021-03-06 18:41:25', '508454630', '2021-03-06 18:41:25', '2021-03-06 20:50:18', 1, '971', 'ffdirp211120'),
(194, 'batch56', 'Snehal', '2021-03-06 18:42:38', '9820995909', '2021-03-06 20:01:30', '2021-03-06 20:04:01', 1, '', 'ffdirp211120'),
(195, 'batch56', 'Sri Prakash Singh', '2021-03-06 18:42:51', '9833998833', '2021-03-06 18:42:51', '2021-03-06 20:50:18', 0, '91', 'ffdirp211120'),
(196, 'batch56', 'Harinath ', '2021-03-06 18:43:34', '9445242191', '2021-03-06 18:43:34', '2021-03-06 20:50:07', 1, '91', 'ffdirp211120'),
(197, 'batch56', 'shashidhar', '2021-03-06 18:44:04', '09494940155', '2021-03-06 18:44:04', '2021-03-06 18:48:35', 1, '', 'ffdirp211120'),
(198, 'batch56', 'Seshavalli Gudipudi', '2021-03-06 18:44:25', '07975583086', '2021-03-06 18:44:25', '2021-03-06 19:04:25', 1, '91', 'ffdirp211120'),
(199, 'batch56', 'Shailendra Singh', '2021-03-06 18:44:50', '9339002111', '2021-03-06 18:44:50', '2021-03-06 18:50:00', 1, '91', 'ffdirp211120'),
(200, 'batch56', 'rashmi mathur', '2021-03-06 18:45:34', '9970289322', '2021-03-06 18:45:34', '2021-03-06 18:48:05', 1, '91', 'ffdirp211120'),
(201, 'batch56', 'Archana Gondhali ', '2021-03-06 18:46:50', '9158999869', '2021-03-06 19:34:00', '2021-03-06 20:52:07', 0, '', 'ffdirp211120'),
(202, 'batch56', 'Raghuraman kumar', '2021-03-06 18:47:08', '9953822161', '2021-03-06 18:47:08', '2021-03-06 20:50:09', 1, '', 'ffdirp211120'),
(203, 'batch56', 'Madhumitha', '2021-03-06 18:47:54', '7259107700', '2021-03-06 18:47:54', '2021-03-06 19:01:24', 1, '', 'ffdirp211120'),
(204, 'batch56', 'vadla ramesh ', '2021-03-06 18:48:47', '9398439409', '2021-03-06 18:48:47', '2021-03-06 19:23:27', 1, '', 'ffdirp211120'),
(205, 'batch56', 'Shreya Bellur', '2021-03-06 18:49:50', '9765816644', '2021-03-06 18:49:50', '2021-03-06 18:51:54', 0, '91', 'ffdirp211120'),
(206, 'batch56', 'varsha sharad bhade', '2021-03-06 18:49:54', '09689312954', '2021-03-06 19:26:06', '2021-03-06 19:48:11', 1, '', 'ffdirp211120'),
(207, 'batch56', 'Nanjayan', '2021-03-06 18:49:56', '9448482628', '2021-03-06 18:49:56', '2021-03-06 19:53:22', 1, '91', 'ffdirp211120'),
(208, 'batch56', 'Sovik Bromha', '2021-03-06 18:50:50', '9619965652', '2021-03-06 18:50:50', '2021-03-06 20:45:52', 0, '', 'ffdirp211120'),
(209, 'batch56', 'Rookaiya ', '2021-03-06 18:51:39', '7774006561', '2021-03-06 18:51:39', '2021-03-06 19:12:40', 1, '', 'ffdirp211120'),
(210, 'batch56', 'BhuvanKumar DB', '2021-03-06 18:51:56', '09771404753', '2021-03-06 18:51:56', '2021-03-06 20:49:56', 1, '91', 'ffdirp211120'),
(211, 'batch56', 'vipul Gupta', '2021-03-06 18:53:24', '09998959009', '2021-03-06 18:53:24', '2021-03-06 19:57:25', 1, '91', 'ffdirp211120'),
(212, 'batch56', 'Chandrabhushan', '2021-03-06 18:54:01', '9826719654', '2021-03-06 19:26:01', '2021-03-06 19:52:46', 1, '', 'ffdirp211120'),
(213, 'batch56', 'sunita dhillon', '2021-03-06 18:55:39', '9050099485', '2021-03-06 18:55:39', '2021-03-06 20:50:39', 1, '91', 'ffdirp211120'),
(214, 'batch56', 'Anita Kulkarni', '2021-03-06 18:55:47', '9850970499', '2021-03-06 19:03:03', '2021-03-06 20:50:05', 1, '', 'ffdirp211120'),
(215, 'batch56', 'ramesh yerne', '2021-03-06 18:58:35', '9881989898', '2021-03-06 18:58:35', '2021-03-06 19:04:06', 1, '91', 'ffdirp211120'),
(216, 'batch56', 'Arvind kumar', '2021-03-06 18:58:41', '9801518020', '2021-03-06 20:09:30', '2021-03-06 20:50:54', 1, '', 'ffdirp211120'),
(217, 'batch56', 'Tushar Nikam', '2021-03-06 19:02:06', '9930090805', '2021-03-06 19:02:06', '2021-03-06 19:48:36', 1, '91', 'ffdirp211120'),
(218, 'batch56', 'Abhay raj tomar', '2021-03-06 19:02:38', '7080900708', '2021-03-06 19:49:45', '2021-03-06 21:23:01', 1, '', 'ffdirp211120'),
(219, 'batch56', 'shabnam kothare', '2021-03-06 19:02:55', '6474962099', '2021-03-06 19:02:55', '2021-03-06 19:34:37', 1, '1', 'ffdirp211120'),
(220, 'batch56', 'à¤¦à¤¤à¥à¤¤à¤¾à¤¤à¥à¤°à¤¯ à¤Ÿà¤¾à¤•à¤ªà¤¿à¤°à¥‡', '2021-03-06 19:03:06', '9960124539', '2021-03-06 19:51:06', '2021-03-06 20:50:07', 1, '', 'ffdirp211120'),
(221, 'batch56', 'Monica Gurnani', '2021-03-06 19:03:59', '8511746831', '2021-03-06 19:03:59', '2021-03-06 19:05:30', 1, '', 'ffdirp211120'),
(222, 'batch56', 'Suchita G', '2021-03-06 19:04:13', '09821716759', '2021-03-06 20:43:24', '2021-03-06 20:49:55', 1, '', 'ffdirp211120'),
(223, 'batch56', 'Seshavalli Gudipudi', '2021-03-06 19:04:19', '07975583086', '2021-03-06 19:04:19', '2021-03-06 19:47:32', 1, '', 'ffdirp211120'),
(224, 'batch56', 'Prakash h ', '2021-03-06 19:04:54', '9449250075', '2021-03-06 19:05:26', '2021-03-06 19:05:56', 1, '91', 'ffdirp211120'),
(225, 'batch56', 'Arun', '2021-03-06 19:05:02', '90265044', '2021-03-06 19:18:59', '2021-03-06 23:12:44', 1, '65', 'ffdirp211120'),
(226, 'batch56', 'Rashmi jani', '2021-03-06 19:06:36', '4660220', '2021-03-06 19:06:36', '2021-03-06 20:37:38', 1, '91', 'ffdirp211120'),
(227, 'batch56', 'Malhar ', '2021-03-06 19:06:51', '9850839063', '2021-03-06 19:06:51', '2021-03-06 19:26:51', 1, '91', 'ffdirp211120'),
(228, 'batch56', 'Amritendu Samanta', '2021-03-06 19:07:51', '9477054842', '2021-03-06 20:33:56', '2021-03-06 20:34:46', 0, '', 'ffdirp211120'),
(229, 'batch56', 'Vasudha Chavan', '2021-03-06 19:08:04', '9146022109', '2021-03-06 19:08:04', '2021-03-06 20:33:04', 1, '', 'ffdirp211120'),
(230, 'batch56', 'Jayashree Viswanathan', '2021-03-06 19:09:28', '8879601789', '2021-03-06 19:13:41', '2021-03-06 20:17:40', 1, '', 'ffdirp211120'),
(231, 'batch56', 'Abhijit Tanna', '2021-03-06 19:12:29', '07738248368', '2021-03-06 19:12:29', '2021-03-06 19:52:42', 0, '', 'ffdirp211120'),
(232, 'batch56', 'Sankar Unnikrishnan', '2021-03-06 19:13:29', '9769797044', '2021-03-06 19:34:56', '2021-03-06 20:50:28', 1, '', 'ffdirp211120'),
(233, 'batch56', 'Devireddy mahender reddy', '2021-03-06 19:14:45', '7013482008', '2021-03-06 19:14:45', '2021-03-06 20:46:11', 1, '', 'ffdirp211120'),
(234, 'batch56', 'Hemant Shenai', '2021-03-06 19:14:58', '9820099170', '2021-03-06 19:18:50', '2021-03-06 19:23:20', 1, '', 'ffdirp211120'),
(235, 'batch56', 'N VAIDYANATHN', '2021-03-06 19:16:44', '09920998280', '2021-03-06 19:16:44', '2021-03-06 21:03:17', 1, '91', 'ffdirp211120'),
(236, 'batch56', 'Kamala gopinath', '2021-03-06 19:19:58', '9655463790', '2021-03-06 19:39:53', '2021-03-06 20:20:21', 1, '91', 'ffdirp211120'),
(237, 'batch56', 'Roya aryaei', '2021-03-06 19:25:46', '9133513309', '2021-03-06 19:59:57', '2021-03-06 20:25:13', 1, '98', 'ffdirp211120'),
(238, 'batch56', 'Dipti Kotecha', '2021-03-06 19:27:29', '9574108546', '2021-03-06 19:27:29', '2021-03-06 20:51:00', 0, '', 'ffdirp211120'),
(239, 'batch56', 'Suneel Krishnaswamy', '2021-03-06 19:30:40', '9783945771', '2021-03-06 19:30:40', '2021-03-06 20:52:02', 0, '1', 'ffdirp211120'),
(240, 'batch56', 'Atish Shelar', '2021-03-06 19:33:28', '9930228809', '2021-03-06 19:33:28', '2021-03-06 20:09:16', 0, '', 'ffdirp211120'),
(241, 'batch56', 'Sneha', '2021-03-06 19:36:25', '9881378365', '2021-03-06 19:36:25', '2021-03-06 19:51:40', 0, '', 'ffdirp211120'),
(242, 'batch56', 'N MURALIDHARAN', '2021-03-06 19:42:29', '09444979246', '2021-03-06 19:42:29', '2021-03-06 20:54:30', 1, '', 'ffdirp211120'),
(243, 'batch56', 'Sk jain ', '2021-03-06 19:43:34', '9530207700', '2021-03-06 19:43:34', '2021-03-06 20:49:51', 0, '', 'ffdirp211120'),
(244, 'batch56', 'Mohan Kumar', '2021-03-06 19:45:44', '506339121', '2021-03-06 19:45:44', '2021-03-06 20:42:37', 1, '971', 'ffdirp211120'),
(245, 'batch56', 'Sheetal', '2021-03-06 19:46:11', '9890787650', '2021-03-06 20:28:49', '2021-03-06 20:50:33', 1, '91', 'ffdirp211120'),
(246, 'batch56', 'rachana rao  ', '2021-03-06 19:48:49', '9323975761', '2021-03-06 19:48:49', '2021-03-06 20:50:18', 0, '91', 'ffdirp211120'),
(247, 'batch56', 'Amruta Andankar', '2021-03-06 19:48:52', '7595950506', '2021-03-06 19:48:52', '2021-03-06 21:05:21', 1, '44', 'ffdirp211120'),
(248, 'batch56', 'Bishakha jain', '2021-03-06 19:49:39', '9572514816', '2021-03-06 19:56:30', '2021-03-06 20:46:33', 1, '91', 'ffdirp211120'),
(249, 'batch56', 'Dwarkabai bhosale', '2021-03-06 19:53:10', '9673112792', '2021-03-06 19:53:10', '2021-03-06 20:29:20', 0, '1-684', 'ffdirp211120'),
(250, 'batch56', 'Abhijit Tanna', '2021-03-06 19:53:31', '7738248368', '2021-03-06 19:53:31', '2021-03-06 20:15:00', 1, '91', 'ffdirp211120'),
(251, 'batch56', 'Teja Lotlikar', '2021-03-06 19:55:51', '9922891498', '2021-03-06 19:55:51', '2021-03-06 20:50:53', 1, '', 'ffdirp211120'),
(252, 'batch56', 'Swarna Dash', '2021-03-06 19:56:45', '9437488501', '2021-03-06 19:56:45', '2021-03-06 20:12:20', 1, '91', 'ffdirp211120'),
(253, 'batch56', 'Vandana Shah ', '2021-03-06 19:56:46', '09870189898', '2021-03-06 19:56:46', '2021-03-06 20:50:46', 1, '', 'ffdirp211120'),
(254, 'batch56', 'Aruna Sarma', '2021-03-06 19:57:02', '9820743353', '2021-03-06 19:57:02', '2021-03-06 20:22:02', 1, '91', 'ffdirp211120'),
(255, 'batch56', 'vipul Gupta', '2021-03-06 20:02:20', '09998959009', '2021-03-06 20:02:20', '2021-03-06 20:08:21', 1, '', 'ffdirp211120'),
(256, 'batch56', 'sudhakara dhanireddy', '2021-03-06 20:08:20', '9172153204', '2021-03-06 20:08:20', '2021-03-06 20:23:58', 1, '1', 'ffdirp211120'),
(257, 'batch56', 'Meena Godhwani ', '2021-03-06 20:10:59', '9822418440', '2021-03-06 20:11:55', '2021-03-06 20:50:07', 0, '', 'ffdirp211120'),
(258, 'batch56', 'Swarnamanjari Dash', '2021-03-06 20:12:56', '09437488501', '2021-03-06 20:16:16', '2021-03-06 20:49:18', 1, '91', 'ffdirp211120'),
(259, 'batch56', 'Yaahashree ', '2021-03-06 20:14:20', '8888292079', '2021-03-06 20:14:20', '2021-03-06 20:50:54', 1, '', 'ffdirp211120'),
(260, 'batch56', 'Shahmida', '2021-03-06 20:18:25', '9400449601', '2021-03-06 20:18:25', '2021-03-06 20:22:58', 0, '', 'ffdirp211120'),
(261, 'batch56', 'Pankaj Kumar', '2021-03-06 20:38:10', '07022423245', '2021-03-06 20:38:10', '2021-03-06 20:50:40', 0, '', 'ffdirp211120'),
(262, 'batch56', 'SHOBHA MEHRA', '2021-03-06 22:14:11', '9820098698', '2021-03-21 17:46:56', '2021-03-21 17:47:26', 1, '', 'ffdirp211120'),
(263, 'batch56', 'e Govardhanan', '2021-03-07 07:15:17', '9428826827', '2021-03-07 07:15:17', '2021-03-07 07:15:47', 1, '91', 'ffdirp211120'),
(264, 'batch56', 'Praveen', '2021-03-07 07:28:24', '8056253489', '2021-03-07 07:28:24', '2021-03-07 07:28:54', 1, '', 'ffdirp211120'),
(265, 'batch56', 'Vishal Anand Herenz ', '2021-03-07 08:32:25', '8945887779', '2021-03-07 08:32:25', '2021-03-07 08:32:55', 1, '', 'ffdirp211120'),
(266, 'batch56', 'Anant sowake', '2021-03-07 09:08:20', '9769465556', '2021-03-07 09:08:20', '2021-03-07 09:13:50', 1, '', 'ffdirp211120'),
(267, 'batch56', 'Rahil Bhayani ', '2021-03-07 09:54:41', '9766554488', '2021-03-07 09:54:41', '2021-03-07 09:55:11', 1, '', 'ffdirp211120'),
(268, 'batch56', 'Renu malhotra', '2021-03-07 11:28:05', '9868430167', '2021-03-07 11:28:05', '2021-03-07 11:29:06', 1, '', 'ffdirp211120'),
(269, 'batch56', 'Pravinkumar Sakure', '2021-03-07 17:55:31', '9422077339', '2021-03-07 18:32:08', '2021-03-07 18:44:09', 1, '91', 'ffdirp211120'),
(270, 'batch56', 'Shylaja', '2021-03-07 19:12:48', '8055842334', '2021-03-07 19:12:48', '2021-03-07 19:13:18', 1, '1', 'ffdirp211120'),
(271, 'batch56', 'Girish Katageri', '2021-03-07 21:45:02', '8329547683', '2021-03-07 21:45:02', '2021-03-07 21:45:32', 1, '', 'ffdirp211120'),
(272, 'batch56', 'Jagannathan R', '2021-03-08 09:15:41', '09994059306', '2021-03-08 09:15:41', '2021-03-08 09:16:11', 1, '91', 'ffdirp211120'),
(273, 'batch56', 'Babu varghese', '2021-03-08 13:26:54', '9869253803', '2021-03-08 13:26:54', '2021-03-08 13:28:24', 1, '', 'ffdirp211120'),
(274, 'batch56', 'Mrunali', '2021-03-08 19:16:26', '8850497297', '2021-03-08 19:16:26', '2021-03-08 19:16:56', 1, '91', 'ffdirp211120'),
(275, 'batch56', 'Krishna Subray Bhat', '2021-03-08 20:11:46', '09448530731', '2021-03-08 20:11:46', '2021-03-08 20:13:50', 1, '91', 'ffdirp211120'),
(276, 'batch56', 'samirkumar chaudhati', '2021-03-08 22:57:49', '9099849775', '2021-03-08 22:57:49', '2021-03-08 22:58:19', 1, '91', 'ffdirp211120'),
(277, 'batch56', 'Shyam Verra', '2021-03-09 10:55:38', '9030095528', '2021-03-09 10:55:38', '2021-03-09 10:56:08', 1, '', 'ffdirp211120'),
(278, 'batch56', 'SARITA JALAN', '2021-03-09 22:00:05', '9454212200', '2021-03-09 22:00:05', '2021-03-09 22:02:07', 1, '', 'ffdirp211120'),
(279, 'batch56', 'Rajeev SAMBHAJI Ghodake', '2021-03-10 14:59:58', '09922956999', '2021-03-10 14:59:58', '2021-03-10 15:00:28', 1, '', 'ffdirp211120'),
(280, 'batch56', 'Akhtar jabeen', '2021-03-12 00:44:20', '9393427767', '2021-03-12 00:44:20', '2021-03-12 00:44:50', 1, '', 'ffdirp211120'),
(281, 'batch56', 'guns', '2021-03-14 09:51:36', '9963144599', '2021-03-14 09:51:36', '2021-03-14 09:52:06', 1, '', 'ffdirp211120'),
(282, 'batch58', 'neeraj', '2021-04-30 16:44:09', '97004167764', '2021-04-30 16:44:09', '2021-04-30 16:46:15', 1, '', 'ffdirp211120'),
(283, 'batch58', 'neeraj', '2021-04-30 16:48:09', '9700467764', '2021-04-30 16:48:09', '2021-04-30 16:49:13', 1, '', 'ffdirp211120');

--
-- Indexes for dumped tables
--

--
-- Indexes for table `tbl_questions`
--
ALTER TABLE `tbl_questions`
  ADD PRIMARY KEY (`id`);

--
-- Indexes for table `tbl_users`
--
ALTER TABLE `tbl_users`
  ADD PRIMARY KEY (`id`);

--
-- AUTO_INCREMENT for dumped tables
--

--
-- AUTO_INCREMENT for table `tbl_questions`
--
ALTER TABLE `tbl_questions`
  MODIFY `id` int(11) NOT NULL AUTO_INCREMENT, AUTO_INCREMENT=471;
--
-- AUTO_INCREMENT for table `tbl_users`
--
ALTER TABLE `tbl_users`
  MODIFY `id` int(3) NOT NULL AUTO_INCREMENT, AUTO_INCREMENT=284;
/*!40101 SET CHARACTER_SET_CLIENT=@OLD_CHARACTER_SET_CLIENT */;
/*!40101 SET CHARACTER_SET_RESULTS=@OLD_CHARACTER_SET_RESULTS */;
/*!40101 SET COLLATION_CONNECTION=@OLD_COLLATION_CONNECTION */;
