-- phpMyAdmin SQL Dump
-- version 4.6.6deb5ubuntu0.5
-- https://www.phpmyadmin.net/
--
-- Host: localhost:3306
-- Generation Time: Feb 09, 2022 at 06:53 AM
-- Server version: 5.7.36-0ubuntu0.18.04.1
-- PHP Version: 7.2.24-0ubuntu0.18.04.10

SET SQL_MODE = "NO_AUTO_VALUE_ON_ZERO";
SET time_zone = "+00:00";


/*!40101 SET @OLD_CHARACTER_SET_CLIENT=@@CHARACTER_SET_CLIENT */;
/*!40101 SET @OLD_CHARACTER_SET_RESULTS=@@CHARACTER_SET_RESULTS */;
/*!40101 SET @OLD_COLLATION_CONNECTION=@@COLLATION_CONNECTION */;
/*!40101 SET NAMES utf8mb4 */;

--
-- Database: `coacteh9_ffd280220`
--

-- --------------------------------------------------------

--
-- Table structure for table `tbl_countries`
--

CREATE TABLE `tbl_countries` (
  `country` varchar(43) DEFAULT NULL,
  `cntry_code` varchar(5) DEFAULT NULL
) ENGINE=MyISAM DEFAULT CHARSET=utf8;

--
-- Dumping data for table `tbl_countries`
--

INSERT INTO `tbl_countries` (`country`, `cntry_code`) VALUES
('Afghanistan', '93'),
('Albania', '355'),
('Algeria', '213'),
('American Samoa', '1-684'),
('Andorra', '376'),
('Angola', '244'),
('Anguilla', '1-264'),
('Antarctica', '672'),
('Antigua', '1-268'),
('Argentina', '54'),
('Armenia', '374'),
('Aruba', '297'),
('Ascension', '247'),
('Australia', '61'),
('Australian External Territories', '672'),
('Austria', '43'),
('Azerbaijan', '994'),
('Bahamas', '1-242'),
('Bahrain', '973'),
('Bangladesh', '880'),
('Barbados', '1-246'),
('Barbuda', '1-268'),
('Belarus', '375'),
('Belgium', '32'),
('Belize', '501'),
('Benin', '229'),
('Bermuda', '1-441'),
('Bhutan', '975'),
('Bolivia', '591'),
('Bosnia & Herzegovina', '387'),
('Botswana', '267'),
('Brazil', '55'),
('British Virgin Islands', '1-284'),
('Brunei Darussalam', '673'),
('Bulgaria', '359'),
('Burkina Faso', '226'),
('Burundi', '257'),
('Cambodia', '855'),
('Cameroon', '237'),
('Canada', '1'),
('Cape Verde Islands', '238'),
('Cayman Islands', '1-345'),
('Central African Republic', '236'),
('Chad', '235'),
('Chatham Island (New Zealand)', '64'),
('Chile', '56'),
('China (PRC)', '86'),
('Christmas Island', '61-8'),
('Cocos-Keeling Islands', '61'),
('Colombia', '57'),
('Comoros', '269'),
('Congo', '242'),
('Congo, Dem. Rep. of?', '243'),
('Cook Islands', '682'),
('Costa Rica', '506'),
('C?te d\'Ivoire', '225'),
('Croatia', '385'),
('Cuba', '53'),
('Cuba', '5399'),
('Cura?ao', '599'),
('Cyprus', '357'),
('Czech Republic', '420'),
('Denmark', '45'),
('Diego Garcia', '246'),
('Djibouti', '253'),
('Dominica', '1-767'),
('Dominican Republic', '1-809'),
('East Timor', '670'),
('Easter Island', '56'),
('Ecuador', '593'),
('Egypt', '20'),
('El Salvador', '503'),
('Equatorial Guinea', '240'),
('Eritrea', '291'),
('Estonia', '372'),
('Ethiopia', '251'),
('Falkland Islands', '500'),
('Faroe Islands', '298'),
('Fiji Islands', '679'),
('Finland', '358'),
('France', '33'),
('French Antilles', '596'),
('French Guiana', '594'),
('French Polynesia', '689'),
('Gabonese Republic', '241'),
('Gambia', '220'),
('Georgia', '995'),
('Germany', '49'),
('Ghana', '233'),
('Gibraltar', '350'),
('Greece', '30'),
('Greenland', '299'),
('Grenada', '1-473'),
('Guadeloupe', '590'),
('Guam', '1-671'),
('Guantanamo Bay', '5399'),
('Guatemala', '502'),
('Guinea-Bissau', '245'),
('Guinea', '224'),
('Guyana', '592'),
('Haiti', '509'),
('Honduras', '504'),
('Hong Kong', '852'),
('Hungary', '36'),
('Iceland', '354'),
('India', '91'),
('Indonesia', '62'),
('Inmarsat (Atlantic Ocean - East)', '871'),
('Inmarsat (Atlantic Ocean - West)', '874'),
('Inmarsat (Indian Ocean)', '873'),
('Inmarsat (Pacific Ocean)', '872'),
('International Freephone Service', '800'),
('International Shared Cost Service (ISCS)', '808'),
('Iran', '98'),
('Iraq', '964'),
('Ireland', '353'),
('Iridium', '8816'),
('Israel', '972'),
('Italy', '39'),
('Jamaica', '1-876'),
('Japan', '81'),
('Jordan', '962'),
('Kazakhstan', '7'),
('Kenya', '254'),
('Kiribati', '686'),
('Korea (North)', '850'),
('Korea (South)', '82'),
('Kuwait', '965'),
('Kyrgyz Republic', '996'),
('Laos', '856'),
('Latvia', '371'),
('Lebanon', '961'),
('Lesotho', '266'),
('Liberia', '231'),
('Libya', '218'),
('Liechtenstein', '423'),
('Lithuania', '370'),
('Luxembourg', '352'),
('Macao', '853'),
('Macedonia', '389'),
('Madagascar', '261'),
('Malawi', '265'),
('Malaysia', '60'),
('Maldives', '960'),
('Mali Republic', '223'),
('Malta', '356'),
('Marshall Islands', '692'),
('Martinique', '596'),
('Mauritania', '222'),
('Mauritius', '230'),
('Mayotte Island', '269'),
('Mexico', '52'),
('Micronesia, (Federal States of)', '691'),
('Midway Island', '1-808'),
('Moldova', '373'),
('Monaco', '377'),
('Mongolia', '976'),
('Montenegro', '382'),
('Montserrat', '1-664'),
('Morocco', '212'),
('Mozambique', '258'),
('Myanmar', '95'),
('Namibia', '264'),
('Nauru', '674'),
('Nepal', '977'),
('Netherlands', '31'),
('Netherlands Antilles', '599'),
('Nevis', '1-869'),
('New Caledonia', '687'),
('New Zealand', '64'),
('Nicaragua', '505'),
('Niger', '227'),
('Nigeria', '234'),
('Niue', '683'),
('Norfolk Island', '672'),
('Northern Marianas Islands', '1-670'),
('Norway', '47'),
('Oman', '968'),
('Pakistan', '92'),
('Palau', '680'),
('Palestinian Settlements', '970'),
('Panama', '507'),
('Papua New Guinea', '675'),
('Paraguay', '595'),
('Peru', '51'),
('Philippines', '63'),
('Poland', '48'),
('Portugal', '351'),
('Puerto Rico', '1-787'),
('Qatar', '974'),
('R?union Island', '262'),
('Romania', '40'),
('Russia', '7'),
('Rwandese Republic', '250'),
('St. Helena', '290'),
('St. Kitts/Nevis', '1-869'),
('St. Lucia', '-757'),
('St. Pierre & Miquelon', '508'),
('St. Vincent & Grenadines', '1-784'),
('Samoa', '685'),
('San Marino', '378'),
('S?o Tom? and Principe', '239'),
('Saudi Arabia', '966'),
('Senegal', '221'),
('Serbia', '381'),
('Seychelles Republic', '248'),
('Sierra Leone', '232'),
('Singapore', '65'),
('Slovak Republic', '421'),
('Slovenia', '386'),
('Solomon Islands', '677'),
('Somali Democratic Republic', '252'),
('South Africa', '27'),
('Spain', '34'),
('Sri Lanka', '94'),
('Sudan', '249'),
('Suriname', '597'),
('Swaziland', '268'),
('Sweden', '46'),
('Switzerland', '41'),
('Syria', '963'),
('Taiwan', '886'),
('Tajikistan', '992'),
('Tanzania', '255'),
('Thailand', '66'),
('Thuraya (Mobile Satellite service)', '88216'),
('Timor Leste', '670'),
('Togolese Republic', '228'),
('Tokelau', '690'),
('Tonga Islands', '676'),
('Trinidad & Tobago', '1-868'),
('Tunisia', '216'),
('Turkey', '90'),
('Turkmenistan', '993'),
('Turks and Caicos Islands', '1-649'),
('Tuvalu', '688'),
('Uganda', '256'),
('Ukraine', '380'),
('United Arab Emirates', '971'),
('United Kingdom', '44'),
('United States of America', '1'),
('US Virgin Islands', '1-340'),
('Universal Personal Telecommunications (UPT)', '878'),
('Uruguay', '598'),
('Uzbekistan', '998'),
('Vanuatu', '678'),
('Vatican City', '39'),
('Venezuela', '58'),
('Vietnam', '84'),
('Wake Island', '808');

-- --------------------------------------------------------

--
-- Table structure for table `tbl_questions`
--

CREATE TABLE `tbl_questions` (
  `id` int(11) NOT NULL,
  `user_name` varchar(255) NOT NULL,
  `user_phone` varchar(15) NOT NULL,
  `user_question` varchar(500) NOT NULL,
  `asked_at` datetime NOT NULL,
  `user_code` varchar(10) NOT NULL,
  `speaker` int(11) NOT NULL DEFAULT '0',
  `answered` int(11) NOT NULL DEFAULT '0'
) ENGINE=MyISAM DEFAULT CHARSET=latin1;

--
-- Dumping data for table `tbl_questions`
--

INSERT INTO `tbl_questions` (`id`, `user_name`, `user_phone`, `user_question`, `asked_at`, `user_code`, `speaker`, `answered`) VALUES
(1, 'Umesh Tripathi', '9166852907', 'I am suffering from diabetes for the last two years, kindly advise?', '2020-02-23 10:20:23', '91', 0, 0),
(2, 'ashwin Vora', '8080805125', 'I have my first appointment with Dr. Pramod Tripathi on 27th 2.45 p.m.; whereas the ONLINE session is on 28th.\r\nI have read the book  FFD -manual and recipe book.\r\nSuggest and request to guide whether I need to refer to further study material, prior to the date of the appointment on 27th February.', '2020-02-23 17:46:54', '91', 0, 0),
(3, 'Pamela Paris', '6047196314', 'Do u only tray diabetic patients ...my husband year back , while he did his blood work he was on the border line...at the moment he has artistry blockage ...i have slight enlarged lymph nodes in my interstine...these are the issues I want your help', '2020-02-27 22:19:57', '1', 0, 0),
(4, 'Ashfaq  Ahmed ', '9814266601', 'Sir Your online class does not open', '2020-02-28 07:01:11', '91', 0, 0),
(5, 'Ashfaq  Ahmed ', '9814266601', 'I am unable to see the online session', '2020-02-28 07:01:47', '91', 0, 0),
(6, 'Ashfaq  Ahmed ', '9814266601', 'What the hell you are. Nothing works where is your online class I am trying since 45 minutes  just show this \" PLEASE try again later\"', '2020-02-28 07:31:08', '91', 0, 0),
(7, 'CHAKILAM HEMACHANDER', '9848345450', 'What diet should follow', '2020-02-28 09:27:25', '91', 0, 0),
(8, 'Minoo sharma ', '9833759249', 'I m dibitic since 15 yrs I m in early stage of Neuropathy tingling numbness itching burning sensation in feet can this be cured', '2020-02-28 14:21:01', '91', 0, 0),
(9, 'utpal rajbanshi', '9435046755', 'I am a diabetic taking insulin. My PP level always remain in the higher side.', '2020-02-28 14:34:00', '91', 0, 0),
(10, 'Niranjan simha', '9664443939', 'How do I ensure continuity of the treatment , exercises diet etc since my job entails a lot of travel. Almost 20 days a month I travel', '2020-02-28 15:37:50', '91', 0, 0),
(11, 'Vadla Ramesh', '9492050285', 'Gdxjddjci', '2020-02-28 16:38:04', '91', 0, 0),
(12, 'Premkumar Jackson N', '9486415769', 'Can I get a recording of the sessions via email or DVD since I may miss in the beginning.', '2020-02-28 17:28:56', '91', 0, 0),
(13, 'BS. RAVIKIRAN', '9121271191', 'My child is 9 years old having type 1 diabetes can it be cured by this irp', '2020-02-28 17:29:57', '91', 0, 0),
(14, 'Surya Arora', '99330946', 'Can not log in', '2020-02-28 18:21:02', '968', 0, 0),
(15, 'Surya Arora', '99330946', 'Html15_video:3 error', '2020-02-28 18:21:45', '968', 0, 0),
(16, 'SHASHIDHAR ', '9494940155', 'Can i eat eggs and moderate liquor occassionally during reversal program of diabetes', '2020-02-28 18:24:31', '91', 0, 0),
(17, 'SHASHIDHAR ', '9494940155', 'Ok', '2020-02-28 18:25:08', '91', 0, 0),
(18, 'SHASHIDHAR ', '9494940155', 'Can i eat eggs during reversal', '2020-02-28 18:25:26', '91', 0, 0),
(19, 'SHASHIDHAR ', '9494940155', 'Can i consume moderate liquorduring reversal', '2020-02-28 18:25:47', '91', 0, 0),
(20, 'ramesh kuchibhatla', '9866542778', 'If my C-Peptide levels are normal, it means that my insulin secretion is normal ?', '2020-02-28 18:28:21', '91', 0, 0),
(21, 'Vinod jaggi', '9313381238', 'My suger level is under 110-150 Fasting/ PP and some-time may goes upto 200 and Hbs1c is 7.4..Unable to take much precaution.Taking lot of namkins and fried things.Can I manage my blood suger.', '2020-02-28 18:29:49', '91', 0, 0),
(22, 'Dr.V.Janakiraman', '9865120255', 'Dear brother, l am taking medicine for 11 years. Is it possible for me to come out of the medicine?', '2020-02-28 18:29:54', '91', 0, 0),
(23, 'S Padma Jyothi', '9916659220', 'How to control diabetes n live without medicine', '2020-02-28 18:33:37', '91', 0, 0),
(24, 'Syeda Nazneen Begum', '07259823390', 'Sir is this possible that sugar levels go high if we are suffering from iron deficiency or calcium deficiency???? Iam iron n calcium deficient ,my sugar levels were high so doctor prescribed me to take glycomet 1 tablet before breakfast ...', '2020-02-28 18:39:59', '91', 0, 0),
(25, 'Sapna ahmed ', '9831012542', 'I am a kidney transplant patient. Can I join ffd. My sugar remains very high. I am on steroids', '2020-02-28 18:44:41', '91', 0, 0),
(26, 'Mukta Ratnaparkhi', '9909005971', 'How to get rid of diabetese', '2020-02-28 18:46:57', '91', 0, 0),
(27, 'Mukta Ratnaparkhi', '9909005971', 'How to get rid of diabetese', '2020-02-28 18:47:35', '91', 0, 0),
(28, 'Kappatan Chandran ', '9496147229 ', 'I am a diabetes patient for the last 20 yrs..........', '2020-02-28 18:48:09', '91', 0, 0),
(29, 'Prakash Sastrt', '9325096010', 'Hello,  Will the audio start at 7 pm ?', '2020-02-28 18:51:12', '91', 0, 0),
(30, 'Rishika Rishu', '8828403062', 'Is Diabetes incurable??', '2020-02-28 18:51:23', '91', 0, 0),
(31, 'Sumatha', '9448772130', 'Iam 48 yrs. Since 6 years iam suffered from diabetes.  Its always ups and down. Iam under ayurvedha treatment.', '2020-02-28 18:52:00', '91', 1, 0),
(32, 'Sumatha', '9448772130', 'Iam 48 yrs. Since 6 years iam suffered from diabetes.  Its always ups and down. Iam under ayurvedha treatment.', '2020-02-28 18:52:01', '91', 0, 0),
(33, 'Prakash Sastrt', '9325096010', 'My name on the screen is spelled wrong it is spelled as Prakash Sastrt...it should be Prakash Sastry', '2020-02-28 18:52:06', '91', 0, 0),
(34, 'Asma Zahara ', '9945691344', 'Hello sir, this is Asma Zahara from Bangalore I have thyroid since one year I am taking throxine 25mg, do u suggest anything regarding reversal let me know', '2020-02-28 18:52:10', '91', 0, 0),
(35, 'Premkumar Jackson N', '9486415769', 'Will I get a recording of the same in mail', '2020-02-28 18:52:19', '91', 0, 0),
(36, 'Prasenjit Govande ', '9860330391', 'I am diabetic for last 15 years and for last 4 years on insulin 20-20 unit @ morning and evening', '2020-02-28 18:53:01', '91', 0, 0),
(37, 'Utpal Rajbanshi', '9435046755', 'Hi I am a type 2 diabetic', '2020-02-28 18:53:17', '91', 0, 0),
(38, 'Alok Bharati', '9811874075', 'I often have body ache, locked fingers. My sugar is in control with medicines. Am doing exercise as well. What more to do? Can vaccination as polio be not discovered for diabetes also.?', '2020-02-28 18:53:44', '91', 0, 0),
(39, 'Sumatha', '9448772130', 'I have middle  and upper back pain. And if i eat gassy food it effects a lot. I have gas problems also. If i do fruits diat iam sufferers from gas problems', '2020-02-28 18:53:59', '91', 0, 0),
(40, 'Mangesh Chickermane', '9342635404', 'Sir, \r\n1. I my age is 76. I may not be able to do vigorous exercise. Will my chances of improvement be less due to this?', '2020-02-28 18:54:08', '91', 0, 0),
(41, 'Honnappa Gowda', '9600072608', 'I am a Diabetes patient since 20 years and managing with Tablets. I am 62 years.', '2020-02-28 18:56:03', '91', 0, 0),
(42, 'Sreedhara  Reddi', '09949351566', 'My fasting 115 . Pp 230.  Using ayurveda. How to control', '2020-02-28 18:56:57', '91', 0, 0),
(43, 'Devireddy Mahender Reddy', '7013482008', 'Is program started', '2020-02-28 18:57:00', '91', 0, 0),
(44, 'Manmohan Singh Talwar', '09953142009', 'hello', '2020-02-28 18:57:27', '91', 0, 0),
(45, 'Gauri Jayade', '9850827581', 'ok', '2020-02-28 18:57:39', '91', 0, 0),
(46, 'Jayarajan Suganthi', '91813274', 'thumbs up', '2020-02-28 18:57:55', '65', 0, 0),
(47, 'Sunil Varghese', '9344777254', 'Hi from Chennai!', '2020-02-28 18:57:55', '91', 0, 0),
(48, 'Devireddy Mahender Reddy', '7013482008', 'ðŸ‘', '2020-02-28 18:57:57', '91', 0, 0),
(49, 'Dr RAJENDRA SINGH', '09827004022', 'Hello Sir', '2020-02-28 18:58:00', '91', 0, 0),
(50, 'naveed ahmed', '9849912456', 'hi', '2020-02-28 18:58:06', '91', 0, 0),
(51, 'Udupi Ganesh Mallya', '9810062758', 'What is the time duration for reversal and whether it will be permanent reversal?', '2020-02-28 18:59:35', '91', 0, 0),
(52, 'Manmohan Singh Talwar', '09953142009', 'yes', '2020-02-28 18:59:40', '91', 0, 0),
(53, 'Kishor Reddy', '9483797024', 'Video is breaking', '2020-02-28 18:59:49', '91', 0, 0),
(54, 'B N S BHARATH TEJA', '8309496966', 'Really type 2 diabetes can be reversed', '2020-02-28 18:59:51', '91', 0, 0),
(55, 'Anurag Gupta', '09910012793', 'voice breaking', '2020-02-28 19:00:05', '91', 0, 0),
(56, 'T Davis Paul', '8848766369', 'How long one can take smoohie ? Whether any arrangement for out of station patients so they can stay for some days for there treatment ?', '2020-02-28 19:00:06', '91', 0, 0),
(57, 'Poonam Goel', '56 980 7278', 'Once diabetes is reversed, what are the chances of getting it aagain?', '2020-02-28 19:00:07', '966', 0, 0),
(58, 'Nandini rani', '8950956007', 'Voice is breaking', '2020-02-28 19:00:07', '91', 0, 0),
(59, 'Anjani Dubey', '9893550447', 'My creatinine is 1.5 ,doctors say it is CIN/CKD. Let us watch for some more time. Sugar remains normal with medicines. No BP. Prostate is enlarged.', '2020-02-28 19:00:09', '91', 0, 0),
(60, 'SUCHIT SINGHAL', '9971144360', 'Eco in your voice- repetitive ..', '2020-02-28 19:00:18', '91', 0, 0),
(61, 'Poornima Jain', '7737236901', 'voice breaking', '2020-02-28 19:00:23', '91', 0, 0),
(62, 'Ashfaq  Ahmed ', '9814266601', 'Voice problem', '2020-02-28 19:00:28', '91', 0, 0),
(63, 'Jayarajan Suganthi', '91813274', 'your voice breaking inbetween', '2020-02-28 19:00:37', '65', 0, 0),
(64, 'Chinmay Baidya', '8895859059', 'sir voice breaking', '2020-02-28 19:01:08', '91', 0, 0),
(65, 'Usha Vinod', '9632711151', 'good evening', '2020-02-28 19:01:28', '91', 0, 0),
(66, 'Asma Zahara ', '9945691344', 'Hello sir, this is Asma Zahara from Bangalore I have thyroid since one year I am taking throxine 25mg do you suggest anything regarding reversal thyroid and diabetes kindly let me know', '2020-02-28 19:01:49', '91', 0, 0),
(67, 'sandya advani', '9820286900', 'site is buffering. unable to hear', '2020-02-28 19:02:29', '91', 0, 0),
(68, 'Mohammed Isaq', '9848492695', 'Has the program started, I cannot see the video', '2020-02-28 19:02:38', '91', 0, 0),
(69, 'Lenin babu Yadavalli ', '8330900287', 'Sugarfee life', '2020-02-28 19:02:46', '91', 0, 0),
(70, 'Gopalkrishna', '7406166162', 'I want cure diabties', '2020-02-28 19:03:32', '91', 0, 0),
(71, 'Vivek  Katara ', '8178713606', 'How can I reverse my diabetes', '2020-02-28 19:03:58', '91', 0, 0),
(72, 'Surya ', '7032909200', 'I am unable to hear anything', '2020-02-28 19:04:34', '91', 0, 0),
(73, 'Surya ', '7032909200', 'Session Started or not?', '2020-02-28 19:04:53', '91', 0, 0),
(74, 'Veeresh', '9845460237', 'Can i get the video of this program? Vedi', '2020-02-28 19:05:37', '91', 0, 0),
(75, 'Gopalkrishna', '7406166162', 'I want cure diabaties', '2020-02-28 19:05:45', '91', 0, 0),
(76, 'Srikanth M', '8801147275', 'Sir, your voice is unclear.', '2020-02-28 19:05:52', '91', 0, 0),
(77, 'Nandini rani', '8950956007', 'Four year baby suffering from diabities type 1..please tell how recovered with diet, exercises and what food avoid..', '2020-02-28 19:06:23', '91', 0, 0),
(78, 'Kailash', '9323950989', 'Sir your voice is breaking.', '2020-02-28 19:06:32', '91', 0, 0),
(79, 'ashwarya', '9971388321', 'you look like 35-36. :P', '2020-02-28 19:06:46', '91', 0, 0),
(80, 'Arun kumar', '7046921338', 'voice breaking', '2020-02-28 19:07:00', '1', 0, 0),
(81, 'Chetan Vaghani', '8160525491', 'Which fruits are best for diabetes person', '2020-02-28 19:07:18', '91', 0, 0),
(82, 'Virendra Kumar', '8884058700', 'FFD prescribes pure vegan food, viz. no milk products and no animal products. There are Reports which indicate precautions regarding Vitamin B12 deficiency in those who take vegan food, What is the remedy for it. Are there any medicines required to be taken after diabetes reversal due to only plant based vegan food being taken', '2020-02-28 19:07:36', '91', 0, 0),
(83, 'Chetan Vaghani', '8160525491', 'Which fruits are best for diabetes person', '2020-02-28 19:08:46', '91', 0, 0),
(84, 'viji lakshmi', '9047025020', 'should we take our current medication while on the program', '2020-02-28 19:09:05', '91', 0, 0),
(85, 'Srinivas ', '9885567639', 'Diabetes reversal', '2020-02-28 19:09:16', '91', 0, 0),
(86, 'Krishnaiah koona', '9440821763', 'IAM diabetic and having High B.P., please give. Suggestion for cure', '2020-02-28 19:09:28', '91', 0, 0),
(87, 'Srinivas ', '9885567639', 'Reversal of diabetes', '2020-02-28 19:09:52', '91', 0, 0),
(88, 'sandya advani', '9820286900', 'Looks like too many users logged in  and the site is unable to handle bandwidth needed for so many users. Unable to hear a single word', '2020-02-28 19:11:31', '91', 0, 0),
(89, 'Umesh Tripathi', '+919166852907', 'Is there any possibilities of getting this program in hindi in future please?', '2020-02-28 19:11:51', '91', 0, 0),
(90, 'Kailash', '9323950989', 'Sir your voice is still breaking.', '2020-02-28 19:12:19', '91', 0, 0),
(91, 'Kailash', '9323950989', 'Sir your voice is still breaking.', '2020-02-28 19:13:15', '91', 0, 0),
(92, 'Sunil kumar gupta', '7052187575', 'Prvide information in hindi', '2020-02-28 19:13:45', '91', 0, 0),
(93, 'Mohammed Isaq', '9848492695', 'The images on the PPT are little blur, could you please look into?', '2020-02-28 19:14:28', '91', 0, 0),
(94, 'Kavita Doshi', '6613737819', 'voice is breaking sir', '2020-02-28 19:14:35', '1', 0, 0),
(95, 'Madhav Rao', '09849010828', 'I am suffering from sinusitis ,  it is recurring quite often ( once in three months ) .... can I take up this programme and how it is going to help out.', '2020-02-28 19:18:28', '91', 0, 0),
(96, 'Ishrat', '533375142', 'Sound is breakin', '2020-02-28 19:19:05', '966', 0, 0),
(97, 'Mirza yousuf ALIBAIG', '09490104298', 'Hi', '2020-02-28 19:19:43', '91', 0, 0),
(98, 'Prakash Sastry', '9325096010', 'Do items like Khapli wheat, bajra roti, ragi roti are a better alternative to normal chapati....of course apart from the smoothie etc which you recommend.', '2020-02-28 19:21:20', '91', 0, 0),
(99, 'Veeresh', '9845460237', 'I have retinopathy, cataract ,macular degeneration, floaters and other problems\r\nCan i cure them?', '2020-02-28 19:24:37', '91', 0, 0),
(100, 'ashwarya', '9971388321', 'mine is 2 - acid &  inflammation for many years. I have IBS & stress issues.', '2020-02-28 19:25:03', '91', 0, 0),
(101, 'govind narasimhan', '7760090005', 'i am vegan', '2020-02-28 19:26:05', '91', 0, 0),
(102, 'Sriranjani', '9445648128', 'What about butter milk which is still diary product? We South Indians take once a day with rice.', '2020-02-28 19:27:44', '91', 0, 0),
(103, 'Prakash Sastry', '9325096010', 'Though packaged material is generally not good, are there products which substitute for milk like almond milk powder, and or coconut milk powder....', '2020-02-28 19:27:45', '91', 0, 0),
(104, 'Mangesh Chickermane', '9342635404', 'What is IGF - The full form please', '2020-02-28 19:28:58', '91', 0, 0),
(105, 'Mangesh Chickermane', '9342635404', 'What is IGF - The full form please', '2020-02-28 19:28:58', '91', 0, 0),
(106, 'Gayatri Bhat', '9921846485', 'Which wheat use in diabetes patients', '2020-02-28 19:29:08', '91', 0, 0),
(107, 'R Subramaniam', '0568129558', 'Sir.. Your voice is breaking up', '2020-02-28 19:29:24', '971', 0, 0),
(108, 'Rashmi Gupta', '09820295485', 'It has been 3 weeks since I have joined\r\nMy sugars are fluctuating in a single day from 80 to 250\r\nI cannot follow lunch diet  as sprouts salad billed steamed is causing a lot of stomach issues \r\nConstant burping and gas \r\nFollowing the diet plan without salad \r\nSo not losing weight', '2020-02-28 19:29:50', '91', 0, 0),
(109, 'Asma Zahara ', '9945691344', 'hi', '2020-02-28 19:30:24', '91', 0, 0),
(110, 'Prakash Sastry', '9325096010', 'Drinking one litre of water early in morning before anything - is it a method to improve alkalinity also', '2020-02-28 19:30:50', '91', 0, 0),
(111, 'Syeda Nazneen Begum', '07259823390', 'I am from Karnataka ..I have hypothyroidism problem since 2014.last year I did not take good care of health .I used to have bakery items ,sweatmeats ..iam iron deficient also ,my haemoglobin is only 7.5gm% ..so coz of this weakness may b my sugar went high ..now iam excercing to keep it under control and taking gp 1 since December 11 of 2019 ...my hba1c was 10.2%', '2020-02-28 19:31:15', '91', 0, 0),
(112, 'Dr ARVIND KUMAR', '9801518020', 'pl list seed to use for making body alkaline', '2020-02-28 19:31:52', '91', 0, 0),
(113, 'Syeda Nazneen Begum', '07259823390', 'Can we save this video after it completes?', '2020-02-28 19:31:57', '91', 0, 0),
(114, 'HANEEFA OLAKARA', '9946883366', 'VOICE BRAKING ???', '2020-02-28 19:34:46', '91', 0, 0),
(115, 'Syeda Nazneen Begum', '07259823390', 'After I have stopped eating more white rice , sweatmeats and bakery items iam losing weight .lost 3 kgs already .my height is 5 foot 5 inch and now weight is 68 kg.', '2020-02-28 19:34:48', '91', 0, 0),
(116, 'Asma Zahara ', '9945691344', 'How do we do  reversal of diabetes and thyroid  kindly suggest', '2020-02-28 19:35:34', '91', 0, 0),
(117, 'HANEEFA OLAKARA', '9946883366', 'Can I have a video copy of the program later ???', '2020-02-28 19:36:16', '91', 0, 0),
(118, 'Virendra Kumar', '8884058700', 'Pl. advise names of some supplements required to be taken during IRP and thereafter', '2020-02-28 19:37:29', '91', 0, 0),
(119, 'Virendra Kumar', '8884058700', 'How safe it is to give such a shock by taking FFD diet plan which is basic departure from conventional food, especially for silver citizens aged 75+ and above', '2020-02-28 19:41:26', '91', 0, 0),
(120, 'Vadla Ramesh ', '9492050285', 'Sir I want to meet you personally', '2020-02-28 19:43:08', '91', 0, 0),
(121, 'Premkumar', '9902609268', 'I premkumar  my sugar  first test  171, 161, 158 9i', '2020-02-28 19:43:49', '91', 0, 0),
(122, 'Sumatha', '9448772130', 'Not working', '2020-02-28 19:44:31', '91', 0, 0),
(123, 'Sumatha', '9448772130', 'Not working', '2020-02-28 19:44:35', '91', 0, 0),
(124, 'Sumatha', '9448772130', 'Not working', '2020-02-28 19:44:40', '91', 0, 0),
(125, 'govind narasimhan', '7760090005', 'will pushups help move the stuck up blood?', '2020-02-28 19:45:02', '91', 0, 0),
(126, 'Sumatha', '9448772130', 'Hanged', '2020-02-28 19:45:15', '91', 0, 0),
(127, 'Sumatha', '9448772130', 'Will you send video later', '2020-02-28 19:45:43', '91', 0, 0),
(128, 'TELUGU KUKKALA ANIL KUMAR', '09010172325', 'CAN I SEE IT LATER SIR,BCOZ I AM MOVING', '2020-02-28 19:46:59', '91', 0, 0),
(129, 'Sumatha', '9448772130', 'Iam missing your live video.  My network is weak.  What should I do. Will you send me recorded video', '2020-02-28 19:59:31', '91', 0, 0),
(130, 'Sumatha', '9448772130', 'Iam missing your live video.  My network is weak.  What should I do. Will you send me recorded video', '2020-02-28 19:59:39', '91', 0, 0),
(131, 'Sumatha', '9448772130', 'Iam missing your live video.  My network is weak.  What should I do. Will you send me recorded video', '2020-02-28 19:59:39', '91', 0, 0),
(132, 'Thanalakshmi', '9840814268', 'i am having 1.5 % creatnine in the latest report can I take smoothie?', '2020-02-28 20:03:15', '91', 0, 0),
(133, 'Dr ARVIND KUMAR', '9801518020', 'should i add fruit with smoothie', '2020-02-28 20:03:21', '91', 0, 0),
(134, 'Ravi Kumar Ganju ', '9846490222', 'I travel 15 days a month how to have smoothee in hotel, any other way', '2020-02-28 20:04:21', '91', 0, 0),
(135, 'T swaminathan', '0507083108', 'You said people having thyroid Rey should not have smoothie. So what should they have', '2020-02-28 20:05:48', '971', 0, 0),
(136, 'Samir Bakre', '9422145815', 'I am 47 year old. I had not checked my sugar levels for 3-4 years. Recently when i checked my sugar levels it was 179/315. I started following diet and exercises recommended in your book for last 15 days. My sugar levels are now 125/213. I have not yet started the tablets recommended by my Doctor yet. Should i start my tablets as recommended?. I will continue my diet and exercises as above.', '2020-02-28 20:06:06', '91', 0, 0),
(137, 'Ravi Kumar Ganju ', '9846490222', 'I travel mostly out of India, alternate for smoothee', '2020-02-28 20:09:00', '91', 0, 0),
(138, 'Dr ARVIND KUMAR', '9801518020', 'so one should stop eating chapathi,poha, upma, white rice idli. Then right substitute', '2020-02-28 20:11:37', '91', 0, 0),
(139, 'Rashmi Gupta', '09820295485', 'I have been told not to have sprouts and salad in any form causes stomach issues \r\nPls advise', '2020-02-28 20:13:34', '91', 0, 0),
(140, 'Asra jabeen', '9398596917', 'My suger level is normal I have also on juice on sunday', '2020-02-28 20:15:23', '91', 0, 0),
(141, 'Prakash Sastry', '9325096010', 'Will Juice fasting be recommended for life ?', '2020-02-28 20:15:44', '91', 0, 0),
(142, 'Asra jabeen', '9398596917', 'Now only I join your session', '2020-02-28 20:16:23', '91', 0, 0),
(143, 'Asra jabeen', '9398596917', 'I have thyroid BP problem and diabities also my fasting 124 post lunch 180', '2020-02-28 20:21:24', '91', 0, 0),
(144, 'Asra jabeen', '9398596917', 'Please guide me because I am new for your session', '2020-02-28 20:22:14', '91', 0, 0),
(145, 'Ishrat', '533375142', 'After having breakfast, I feel headache which makes my entire day worst. How I can overcome from this problem.', '2020-02-28 20:22:57', '966', 0, 0),
(146, 'Premkumar Jackson N', '9486415769', 'Will I get the recording of the', '2020-02-28 20:24:23', '91', 0, 0),
(147, 'Prakash Sastry', '9325096010', 'The Inner Transformation exercise you have summarized is truly amazing and  in depth.....Thankyou Thankyou Thankyou.....', '2020-02-28 20:25:12', '91', 0, 0),
(148, 'Premkumar Jackson N', '9486415769', 'Can I stop using tablets and keep my glucose level under control.', '2020-02-28 20:25:49', '91', 0, 0),
(149, 'Asha', '7322107659', 'Doctor, I am US based and I am traveling next week for 3 weeks and it is not going to be easy to start this process immediately. Can I start this reversal process starting April please?', '2020-02-28 20:26:44', '1', 0, 0),
(150, 'Asha', '7322107659', 'Can I get this list immediately please. I can get it done when I travel to India', '2020-02-28 20:28:24', '1', 0, 0),
(151, 'satish kumar', '9391327493', 'Sir, The diet  plan, Exercises slides are not clear. Will you please send these plans', '2020-02-28 20:28:56', '91', 0, 0),
(152, 'SUCHIT SINGHAL', '9971144360', 'Some of my FFD recommended test completed 3 days back from Thyrocare Lab, Shall I repeat all or remaining one from FFD recommended Lab?', '2020-02-28 20:30:53', '91', 0, 0),
(153, 'SUCHIT SINGHAL', '9971144360', 'I have downloaded FFD App- but unable to connect within Doc Chat, My Batch - Do I need Subscribe ?', '2020-02-28 20:32:04', '91', 0, 0),
(154, 'Premkumar Jackson N', '9486415769', 'I am suffering from loss of balance doctor say there may be neuro problem\r\nKindly throw light on the same.', '2020-02-28 20:32:14', '91', 0, 0),
(155, 'Premkumar', '9902609268', 'I premkumar  bp and suggar', '2020-02-28 20:33:44', '91', 0, 0),
(156, 'Virendra Kumar', '8884058700', 'There is no mention about fruit in IRP, except guava, apple, berries, etc. Are all others prohibited?', '2020-02-28 20:34:17', '91', 0, 0),
(157, 'Joseph Anthony', '09846127273', 'Dr. Would you please advise, about burning sensation on feet, eye problems and loss of muscles..', '2020-02-28 20:35:56', '91', 0, 0),
(158, 'Dr ARVIND KUMAR', '9801518020', 'constituents of red juice and white juice', '2020-02-28 20:36:32', '91', 0, 0),
(159, 'Ravinder Kher', '9953033963', 'right time to get blood sugar test daily and how many times at home', '2020-02-28 20:36:54', '91', 0, 0),
(160, 'Premkumar', '9902609268', 'I will meet', '2020-02-28 20:38:19', '91', 0, 0),
(161, 'Ishrat', '533375142', 'Yes', '2020-02-28 20:38:58', '966', 0, 0),
(162, 'R Subramaniam', '0568129558', 'It is obvious that sugar intake has to be zero right?', '2020-02-28 20:40:08', '971', 0, 0),
(163, 'Kavita Doshi', '6613737819', 'can i see the recorded session of today?', '2020-02-28 20:43:12', '1', 0, 0),
(164, 'Sarang A Patel', '8143372408', 'Can we take Pure Desi Ghee / Cow Ghee or should we prohibit it as well?', '2020-02-28 20:43:55', '91', 0, 0),
(165, 'SUCHIT SINGHAL', '9971144360', 'I Need consultation for Supplement and smoothie based on my current medication and reports, how may I get from FFD? Currently I am talking Ensure- Diabetic Care and take GLUCONORM G3 FORTE  twice in a day', '2020-02-28 20:44:15', '91', 0, 0),
(166, 'naveed ahmed', '9849912456', 'what should be added to smoothy if they have thyroid', '2020-02-28 20:44:48', '91', 0, 0),
(167, 'Sarang A Patel', '8143372408', 'Can we eat soaked Fenugreek Seeds?', '2020-02-28 20:45:48', '91', 0, 0),
(168, 'ramesh kuchibhatla', '9866542778', 'my C-peptide levels are normal, that means my pancreas still producing ample insulin', '2020-02-28 20:46:09', '91', 0, 0),
(169, 'Rakesh Bhatia', '09871119686', 'how do we follow the diet in winters of delhi  as Smoothie and salads are very difficult', '2020-02-28 20:48:30', '91', 0, 0),
(170, 'Minoo sharma ', '9833759249', 'If I need to travel wht should I eat', '2020-02-28 20:50:40', '91', 0, 0),
(171, 'Pamela Paris', '6047196314', 'I have slight enlarged lymph nodes and knee arteriesy my lumph nodes are enlarge in the interstine ...husband has arteries blocked  with sist in the kidney also drinking problem ...we need personal guidence from you', '2020-02-28 20:50:47', '1', 0, 0),
(172, 'Kishor Reddy', '9483797024', '1-shall i do this diet with medicines i am right sir. \r\n2-Walking is good r yoga is good r gym is good kindly suggest me.\r\n3-can i take Amaranth and moring leaves in smoothy.', '2020-02-28 20:50:51', '91', 0, 0),
(173, 'Ishrat', '533375142', 'Yes', '2020-02-28 20:50:53', '966', 0, 0),
(174, 'Ishrat', '533375142', 'I would like to go residential programm', '2020-02-28 20:51:19', '966', 0, 0),
(175, 'Naveen M', '9485190582', 'total reversal of type 1 diabetes is assured ?', '2020-02-28 20:51:35', '91', 0, 0),
(176, 'Piyush Pratap Mall', '9453032879', 'Why not fenugreek leaves in Smoothie', '2020-02-28 20:51:38', '91', 0, 0),
(177, 'Raj kumar guru', '09800001267', 'how green tea can help fight diabetes?', '2020-02-28 20:51:47', '91', 0, 0),
(178, 'viji lakshmi', '9047025020', 'eye sight issues can be reversed?', '2020-02-28 20:51:58', '91', 0, 0),
(179, 'Sarang A Patel', '8143372408', 'Can we eat Fenugreek Leaves Dal?', '2020-02-28 20:51:59', '91', 0, 0),
(180, 'Asma Zahara ', '9945691344', 'I am thyroid patient since one year I am taking throxine 25mg do you  suggest anything regarding reversal thyroid kindly reply', '2020-02-28 20:52:26', '91', 0, 0),
(181, 'Piyush Pratap Mall', '9453032879', 'Can we avail the facility of instalment payment of total amount Rs. 24000', '2020-02-28 20:52:40', '91', 0, 0),
(182, 'viji lakshmi', '9047025020', 'will snoring stop in this program?', '2020-02-28 20:52:47', '91', 0, 0),
(183, 'Mohan Kumar', '506339121', 'how to join for 1yr program?', '2020-02-28 20:52:49', '971', 0, 0),
(184, 'Muralikrishnan', '9740539234', 'me and my wife both wanted to join reversal program. both are  diabetic. any discount for two from same family', '2020-02-28 20:53:15', '91', 0, 0),
(185, 'Anand SK', '8095921240', 'can pregnant women join this programme and follow this diet?', '2020-02-28 20:53:24', '91', 0, 0),
(186, 'Surya', '7032909200', 'Can you share video recording of this session.', '2020-02-28 20:53:52', '91', 0, 0),
(187, 'Mohan Kumar', '506339121', 'is it necessary for pre diabetics to attend residential program for more benefits?', '2020-02-28 20:55:46', '971', 0, 0),
(188, 'DR GAURAV RAJ ', '9651064122', '1. can honey  or jaggery be used instead of sugar in small amounts for diabetics .\r\n2. are there any fruit juices with low glycemic index', '2020-02-28 20:55:55', '91', 0, 0),
(189, 'Asma Zahara ', '9945691344', 'I am here on behalf of my mom and husband they are diabetic my mom taking tablet diamicron 500/- before food mornings and night,  galvus met 50/500mg morning and night after food ,ecosprin 75 mg daily 1 ,storvas 5mg daily one in night  too much of craving whole day and night too kindly reply or message me', '2020-02-28 20:56:25', '91', 0, 0),
(190, 'Sujatha ', '0507276510', 'Should non diabetic also do stair climbing after every meal?', '2020-02-28 20:56:26', '971', 0, 0),
(191, 'Asma Zahara ', '9945691344', 'I am here on behalf of my mom and husband they are diabetic my mom taking tablet diamicron 500/- before food mornings and night,  galvus met 50/500mg morning and night after food ,ecosprin 75 mg daily 1 ,storvas 5mg daily one in night  too much of craving whole day and night too kindly reply or message me', '2020-02-28 20:56:27', '91', 0, 0),
(192, 'Bhuvankumar', '9771404753', 'Can I get the recording of this webinar?', '2020-02-28 20:56:30', '91', 0, 0),
(193, 'Anurag Gupta', '09910012793', 'What about if I miss a session?', '2020-02-28 20:56:30', '91', 0, 0),
(194, 'Sarang A Patel', '8143372408', 'Can we take whey protein supplement?', '2020-02-28 20:56:36', '91', 0, 0),
(195, 'Prajapati Nath Sinha', '9431102653', 'I could not copy diet and exercise chart. Could you please send them on mail or whatsapp on this number or mail id- prajapatisinha@gmail.com', '2020-02-28 20:56:47', '91', 0, 0),
(196, 'Poornima Jain', '7737236901', 'tea can be made with coconut milk as u said ...but coconut milk on heating changes into saturated fat which can be harmful. Is it safe to take take such tea? My mother is already taking cholestrol lowering tablet', '2020-02-28 20:57:16', '91', 0, 0),
(197, 'Sandeep Shenoy', '6138235317', 'Hello Dr Tripathi, I am 73 years old. I was recently diagnosed with Peripheral Artery Disease with critical limb ischemia.  I am taking 500mg of metformin once a day. My pp sugars are around 140. Is it safe to do 14 hours of intermittent fasting everyday while taking metformin? Does metformin prevent gluconeogenesis?', '2020-02-28 20:57:19', '1', 0, 0),
(198, 'Jinju Alex', '9620722111', '1) Please provide full phase 1 diet and recipes through WhatsApp group..\r\n2) Slides are not clear .. Please share that also', '2020-02-28 20:57:23', '91', 0, 0),
(199, 'Mohammed Isaq', '9848492695', 'Cab we pay amount in installment?', '2020-02-28 20:57:32', '91', 0, 0),
(200, 'shylaja', '8055842334', 'Do you have instalment pymt method?', '2020-02-28 20:57:36', '1', 0, 0),
(201, 'RAGHURAMAN NAGARAJAN', '9480183353', 'As a part of my job, I deliver lectures and travel across the country for lectures on 3 / 4 day trips. In those locations following the diet regime or exercise becomes very difficult.  How to manage in such situations?', '2020-02-28 20:57:40', '91', 0, 0),
(202, 'Santhosh Prabhakar', '9989856975', 'Can we go to gym and weight lifting during adjustment and acceleration?', '2020-02-28 20:57:43', '91', 0, 0),
(203, 'Sreedhara  Reddi', '09949351566', 'I am suffering severe anxiety and job is travel . I can follow this diet', '2020-02-28 20:57:49', '91', 0, 0),
(204, 'Maddipati Ranga Rao', '9441663725', 'I have my l4. And l5 disc prolapsed what excersie can I do', '2020-02-28 20:57:55', '91', 0, 0),
(205, 'Satyait', '7020567706', 'Hello Sir I am Satyajit  My mom is a diabetic From  Last  1 year Her hba1c is 6.9 If hba1c come under 5  He/she will have no Diabetic   But What about Fasting and Blood Suger How can if control Daily Suger for That we have TO  Follow Diet Lifetime ?', '2020-02-28 20:57:58', '91', 0, 0),
(206, 'Saurabh Gupta', '9632072072', 'Dr Pramod, I am a Pre-diabetic, My last HB1AC test was 4.9. Do i fit for this Intensive diabetes reversal program or should i Join a weigh loss program. If i join this program will i also need to go through all these 4 Phases for diabetes reversal or will it be different and customized.', '2020-02-28 20:58:01', '91', 0, 0),
(207, 'DR. BHAVESH KANABAR', '9427730902', 'WHAT ARE CONSTITUENTS OF GREEN  SMOOTHIE?', '2020-02-28 20:58:17', '91', 0, 0),
(208, 'Poornima Jain', '7737236901', 'no fruits included in diet..can it be included and which ones', '2020-02-28 20:58:17', '91', 0, 0),
(209, 'Poornima Jain', '7737236901', 'no fruits included in diet..can it be included and which ones', '2020-02-28 20:58:17', '91', 0, 0),
(210, 'Mayur', '8800189248', 'I have OCD (obsessive compulsive disorder), fatty liver, cholestrole. Can i reverse diabetes??', '2020-02-28 20:58:19', '91', 0, 0),
(211, 'Vivek', '9820342344', 'Not a question .\r\nExcellent presentation \r\nWe joined the program .', '2020-02-28 20:58:19', '91', 0, 0),
(212, 'Mangesh Chickermane', '9342635404', 'Will the diet change affect digestion? What should we do in this case?', '2020-02-28 20:58:20', '91', 0, 0),
(213, 'Vadla Ramesh ', '9492050285', 'Sir can we use doctor medicines during diet', '2020-02-28 20:58:23', '91', 0, 0),
(214, 'Ishrat', '533375142', 'I have headech always after having morning breakfast', '2020-02-28 20:58:24', '966', 0, 0),
(215, 'Maddipati Ranga Rao', '9441663725', 'Thoughts on gestational diabetes please', '2020-02-28 20:58:26', '91', 0, 0),
(216, 'Nikhil', '9897522529', 'I need to know GAD 65 Antibody test positive, whetehr is type 1 or tyoe 2', '2020-02-28 20:58:29', '91', 0, 0),
(217, 'SHASHIDHAR', '9494940155', 'Can i consume liquor moderately twice a week during the process', '2020-02-28 20:58:33', '91', 0, 0),
(218, 'Santosh L.Ghonasgi', '7760984891', 'I am diabetic since from 12 years, is it safe to eat wheat flour chapati regularly?', '2020-02-28 20:58:40', '91', 0, 0),
(219, 'Shasi Kant Singh', '9439867499', 'Sir.... We should avoid dairy products.... What abt chicken, mutton or fish consumption.... ???', '2020-02-28 20:58:54', '91', 0, 0),
(220, 'SHASHIDHAR', '9494940155', 'Can i consume egg daily ?', '2020-02-28 20:58:58', '91', 0, 0),
(221, 'ANAND D. PRABHAKAR', '9538981515', 'How should I manage this program as I am a marketing person traveling for 15 days a month.', '2020-02-28 20:58:59', '91', 0, 0),
(222, 'Mohammed Isaq', '9848492695', 'Sir, should we eat daal curry or boiled daalls?', '2020-02-28 20:59:00', '91', 0, 0),
(223, 'GURURAJ ', '7349193273', 'Sir iam on insuli for 6 months earlier now i left insulin  can i join diet without', '2020-02-28 20:59:02', '91', 0, 0),
(224, 'abhijit tanna', '07738248368', 'I had taken a test about a year ago which showed almost NIL insulin production. Will the reversal be possible and how any jalebi consumption be taken care of?', '2020-02-28 20:59:11', '91', 0, 0),
(225, 'Irina Banerjee ', '9836873942', 'My Husband is in the police department so how will he be able to follow the series of protocol online ?', '2020-02-28 20:59:12', '91', 0, 0),
(226, 'Veeresh', '9845460237', 'I am already in 4th stage reversal \r\nCan you help me to cure my retinopathy floater double vision', '2020-02-28 20:59:30', '91', 0, 0),
(227, 'Poornima Jain', '7737236901', 'i have been told not to juice fruits..smoothie with fruit juice will not increase sugar levels?', '2020-02-28 20:59:40', '91', 0, 0),
(228, 'Poornima Jain', '7737236901', 'i have been told not to juice fruits..smoothie with fruit juice will not increase sugar levels?', '2020-02-28 20:59:40', '91', 0, 0),
(229, 'Santhosh Prabhakar', '9989856975', 'Can we use whey protein during adjustment and acceleration phase? Of course whey is a byproduct of milk?', '2020-02-28 20:59:44', '91', 0, 0),
(230, 'SUCHIT SINGHAL', '9971144360', 'Some of my FFD recommended test completed 3 days back from Thyrocare Lab, Shall I repeat all or remaining one from FFD recommended Lab?\r\nI Need consultation for Supplement and Smotthy based on my current medication and reports, how may I get from FFD?', '2020-02-28 20:59:47', '91', 0, 0),
(231, 'Prajapati Nath Sinha', '9431102653', 'I could not copy diet and excercise chart. Please send them on this whatsapp no 9431102653', '2020-02-28 20:59:56', '91', 0, 0),
(232, 'Pamela Paris', '6047196314', 'I have sent my question already', '2020-02-28 20:59:56', '1', 0, 0),
(233, 'Sree', '4438342219', 'How do I get into the WhatsApp group', '2020-02-28 20:59:57', '1', 0, 0),
(234, 'Ishrat', '533375142', 'Please could you send today session video on my whatsapp', '2020-02-28 21:00:18', '966', 0, 0),
(235, 'Ishrat', '533375142', 'Please could you send today session video on my whatsapp', '2020-02-28 21:00:19', '966', 0, 0),
(236, 'Gautham. K', '9620111905', 'sir am very thin, what should I do to weight gain', '2020-02-28 21:00:37', '91', 0, 0),
(237, 'Nandini rani', '8950956007', 'Beti 4 yrs ki hai.type 1 diabities hai last week hi diagnose hui hai..novarapid insulin 3 unit 3 times and lantus 8 unit dere hai...please btae complete diet beti ke liye n hoe she recovered...hb 1as is 11.5... urine keton +++ hai...', '2020-02-28 21:00:39', '91', 0, 0),
(238, 'Raj kumar guru', '09800001267', 'can green tea help in fighting diabetes?', '2020-02-28 21:00:57', '91', 0, 0),
(239, 'Akhtar Jabeen ', '9393427767', 'Can supplements be taken if I Am having stone of size 25mm in the gall bladder.', '2020-02-28 21:01:02', '91', 0, 0),
(240, 'Bhuvankumar', '9771404753', 'Can I take Ghee?', '2020-02-28 21:01:10', '91', 0, 0),
(241, 'Bhagyalakshmi Mhaisekar ', '9490116072', 'Sprouts to be consumed raw or cooked?', '2020-02-28 21:01:14', '91', 0, 0),
(242, 'Jinju Alex', '9620722111', 'What are all the food items should avoid for creatine high people?', '2020-02-28 21:01:14', '91', 0, 0),
(243, 'Asma Zahara ', '9945691344', 'My husband also just diagnosed this month he is not taking any medicine but diet started  according to u milk is stop, raw veggies is started too much carving whole day and night too kindly reply', '2020-02-28 21:01:30', '91', 0, 0),
(244, 'T swaminathan', '0507083108', 'Will there be any seperate. Treatment for diAbetic with thyroid', '2020-02-28 21:01:31', '971', 0, 0),
(245, 'Sunil kumar gupta', '7052187575', 'Please give all information in hindi next time', '2020-02-28 21:01:41', '91', 0, 0),
(246, 'Usha Vinod', '9632711151', 'i am not on meds because of naturopathy...can i start without my own doctor', '2020-02-28 21:01:45', '91', 0, 0),
(247, 'Santhosh Prabhakar', '9989856975', 'can i start taking whey protein from phase 3?', '2020-02-28 21:01:47', '91', 0, 0),
(248, 'surya arora', '99330946', 'Surya from Oman. M61\r\nHb1ac 7.5 galvus met 1000/50 BD\r\ndiamichron 60 mg BD\r\nPlease advise can we have NON Veg\r\nHow about Alchohol  resriction', '2020-02-28 21:02:09', '968', 0, 0),
(249, 'Kasiviswanadhan V', '09840437145', 'I am diabetic for 30years,by pass surgery 20years back,2years back stent was kept,can I do stair case exercise', '2020-02-28 21:02:27', '91', 0, 0),
(250, 'Srikant', '9886008849', 'My gluocose level is normal but fasting insulin is slightly more. Is it pre diabitic', '2020-02-28 21:02:34', '91', 0, 0),
(251, 'Jaya Alone', '9928161830', 'I am 42 years old housewife suffering from muscle pain and obesity ,and hypothyroid , please suggest tests', '2020-02-28 21:02:34', '91', 0, 0),
(252, 'Devireddy Mahender Reddy', '7013482008', 'What kind of smoothie will avoid  suffering from Thyroid', '2020-02-28 21:02:44', '91', 0, 0),
(253, 'T . Snitha', '8008101276', 'Can we take fruits?', '2020-02-28 21:02:58', '91', 0, 0),
(254, 'Asma Zahara ', '9945691344', 'My mom age is 85 slightly dementia kindly reply', '2020-02-28 21:03:19', '91', 0, 0),
(255, 'PRASAD MOPKAR', '9822121213', 'sir any ban on consumption of liquor once a week?', '2020-02-28 21:03:22', '91', 0, 0),
(256, 'Sunil kumar gupta', '7052187575', 'Diabities are controled what i eat at present time', '2020-02-28 21:03:32', '91', 0, 0),
(257, 'Sumatha', '9448772130', 'How can i pay now.  My network is weak.  Iam in out of station.  Coming back after 4 days .  Now even i cant start  my diet  from  today.  Can i start from 4th of march.\r\nYou said  honey is bad. But i heard honey has fruictose.  Is it  right?', '2020-02-28 21:03:40', '91', 0, 0),
(258, 'Narendra Prasad M N', '9449080174', 'Can i make payment  next week', '2020-02-28 21:03:54', '91', 0, 0),
(259, 'Asma Zahara ', '9945691344', 'I have thyroid since one year I am taking throxine 25mg do you suggest anything regarding reversal thyroid kindly reply', '2020-02-28 21:03:54', '91', 0, 0),
(260, 'Sree', '4438342219', 'I am outside India. Can I still join intensive reversal program', '2020-02-28 21:04:01', '1', 0, 0),
(261, 'K.V.N.PRATHIBHA KUMARI', '9550103932', 'Is there hair loss problem?', '2020-02-28 21:04:09', '91', 0, 0),
(262, 'Lovekush Parashar', '992202667', 'How can see record video.', '2020-02-28 21:04:20', '91', 0, 0),
(263, 'Asra jabeen', '9398596917', 'I am also taking cholesterol tabletmy cholesterol level is 200 my thyroid level is also normal taking 12.5mg tablet of thyroid and BP tablet diabities tablet 0.5 mg tablet that is half tablet taking bP 20 mg tablet taking', '2020-02-28 21:04:21', '91', 0, 0),
(264, 'Sandeep Shenoy', '6138235317', 'Hello Dr Tripathi, I am 73 years old. I was recently diagnosed with Peripheral Artery Disease with critical limb ischemia.  I am taking 500mg of metformin once a day. My pp sugars are around 140. Is it safe to do 14 hours of intermittent fasting everyday while taking metformin? Does metformin prevent gluconeogenesis?', '2020-02-28 21:04:30', '1', 0, 0),
(265, 'P k jain', '9926782236', 'I could not hear clearly due to net work problem about dinner and exercise', '2020-02-28 21:04:36', '91', 0, 0),
(266, 'surya arora', '99330946', 'Can we have fruits. if yes any restriction\r\nDo we get todays presentation on whatsapp, what is required to be done', '2020-02-28 21:04:45', '968', 0, 0),
(267, 'Piyush Pratap Mall', '9453032879', 'Can we take 500 gms whole fruits of different variety till 12 pm as breakfast if fasting sugar is 296', '2020-02-28 21:04:48', '91', 0, 0),
(268, 'govind narasimhan', '7760090005', 'I feel stressed sometimes after  exercise   especially cardio when i do for 45min to 1 hr. . i am vegan but has not reversed it yet. i have been diabetic for 15 years not taken any mdeicines  at all.  why do I feel  more stressed after excercise some times ? . is it ok to take alchol occsionally when on the FDD intensive program. One last question from a priority which of them is of topmost as some times due to travel have to make do with what food and excercise canot alywas be up to mark', '2020-02-28 21:04:55', '91', 0, 0),
(269, 'Perumal U', '9884620541', 'Is payment is one time or in installment?', '2020-02-28 21:04:56', '91', 0, 0),
(270, 'chandra shekar chavan', '9490751134', 'L4-L5 problem  can be resolved. back pain', '2020-02-28 21:05:14', '91', 0, 0),
(271, 'Sarirtha Navali', '201-314-7216', 'how to follow this diet when we go out on vacation or any parties or temples', '2020-02-28 21:05:22', '1', 0, 0),
(272, 'Mohammed Isaq', '9848492695', 'Would this program help in hair growth?', '2020-02-28 21:05:23', '91', 0, 0),
(273, 'Pamela Paris', '6047196314', 'We want to join for lumph nodes problem and s\r\nArteries blockage...I sent my question alrrady', '2020-02-28 21:05:50', '1', 0, 0),
(274, 'R k  Saxena', '8851049425', 'Will creatinine levels will lower with smoothie.', '2020-02-28 21:05:59', '91', 0, 0),
(275, 'Lovekush Parashar', '992202667', 'I want in Hindi or notes in Hindi', '2020-02-28 21:06:02', '91', 0, 0),
(276, 'Kushal Singh', '7727979526', 'Sir,... Sometime i get attack of hypoglacemiac... will this overcome this condition', '2020-02-28 21:06:33', '91', 0, 0),
(277, 'Nikhil', '9897522529', 'I am on normal medicine now(glucoform 500 mg) but doctor told me your gat 65 antibody high as 363 iu, please guide me , he told me i will be inslulin very sooon', '2020-02-28 21:08:11', '91', 0, 0),
(278, 'sanjeev kumar', '8310841435', 'sir please can u send contact  number of who are succeeded for confirmation which you are showing in the session', '2020-02-28 21:08:17', '91', 0, 0),
(279, 'Sunil kumar gupta', '7052187575', 'My diabities are controled \r\nCan i fallow all phases', '2020-02-28 21:08:51', '91', 0, 0),
(280, 'Anurag Gupta', '09910012793', 'Can I take butter milk?', '2020-02-28 21:09:06', '91', 0, 0),
(281, 'Honnappa Gowda', '9600072608', 'Whether the diet to be continued for life long?', '2020-02-28 21:09:55', '91', 0, 0),
(282, 'SUCHIT SINGHAL', '9971144360', 'Sir- I have registered Intensive Program. Look forward FFD Guidance. :-)', '2020-02-28 21:11:35', '91', 0, 0),
(283, 'Dr ARVIND KUMAR', '9801518020', 'seeds to consume and daily quantity', '2020-02-28 21:11:50', '91', 0, 0),
(284, 'sanjeev kumar', '8310841435', 'sir i have kidney stone problem and since one year effecting from diabeteic of bb-150&290 what are diet should ido', '2020-02-28 21:12:12', '91', 0, 0),
(285, 'Shenaz Ali', '8348220277', 'i m type 1 diabetic since 12 years. can my diabetes will reverse?', '2020-02-28 21:13:18', '91', 0, 0),
(286, 'surya arora', '99330946', 'I,Surya from Oman. Can i join intensive program from Oman', '2020-02-28 21:14:10', '968', 0, 0),
(287, 'abhijit tanna', '07738248368', 'What i the failure rate of people who give up the IRP in between or after its completion?', '2020-02-28 21:14:25', '91', 0, 0),
(288, 'Vijay Shanker B K ', '9845191477', 'diabetic since 20 years, hypertension since 10 years, left eye hemorage one year back adviced vitrectomy but not done,  serum creatanine 1.84, can all this be reversed, can i have smoothies?', '2020-02-28 21:14:44', '91', 0, 0),
(289, 'Premkumar Jackson N', '9486415769', 'I am a diabetic for 20 years.Now I suffer from head ache and loss of balance What should I do', '2020-02-28 21:16:09', '91', 0, 0),
(290, 'Harini A V', '9535145005', 'sir, i am HARINI from bangalore.  I am having diabetese, bp, and sinus tachycardia.  i am unable to walk more than half an hour at one stretch. then how to do exercise sir.  Now a days I dont have\r\nbalance in climbing the stairs without support.  I am 50 yrs old working lady.  I am interested to join your programme and to reverse diabetese', '2020-02-28 21:16:41', '91', 0, 0),
(291, 'DR. BHAVESH KANABAR', '9427730902', 'WHAT  ARE CONSTITUENTS OF GREEN SMOOTHIE?', '2020-02-28 21:16:50', '91', 0, 0),
(292, 'Bibek', '9884317365', 'I am diabetic and taking medicine. But those days i skipped my medicine, my digestion is good and feel good in morning. why it is happening like this, can i able to reverse my diabetic ?', '2020-02-28 21:17:52', '91', 0, 0),
(293, 'Mohammed Isaq', '9848492695', 'Sir last question, should daals be taken in curry form or just boiled?', '2020-02-28 21:18:11', '91', 0, 0),
(294, 'Sapna ahmed ', '9831012542', 'I am a kidney transplant patient and have multiple myloma. Can I do this course', '2020-02-28 21:18:13', '91', 0, 0),
(295, 'PRATYUSH PANIGRAHI', '9937845554', 'does my diabetes effect on my sperm', '2020-02-28 21:18:38', '91', 0, 0),
(296, 'Sandeep Shenoy', '6138235317', 'Could not hear you properly when you answered my question. I am rewriting my question.\r\nHello Dr Tripathi, I am 73 years old. I was recently diagnosed with Peripheral Artery Disease with critical limb ischemia.  I am taking 500mg of metformin once a day. My pp sugars are around 140. Is it safe to do 14 hours of intermittent fasting everyday while taking metformin? Does metformin prevent gluconeogenesis?', '2020-02-28 21:18:58', '1', 0, 0),
(297, 'Asra jabeen', '9398596917', 'How I reverse my diabities thyroid bp', '2020-02-28 21:19:23', '91', 0, 0),
(298, 'Piyush Pratap Mall', '9453032879', 'Does Vipashyana helps to great level in diabetes, should we participate in it', '2020-02-28 21:20:45', '91', 0, 0),
(299, 'Mihir', '9424501234', 'Hi sir ... i am taking 40 mg telvas am for bp , uric acid level is also high 8.99 and triglycerides and cholesterol levels are also high and i am over weight and family history of heart disease... can these be reversed', '2020-02-28 21:20:55', '91', 0, 0),
(300, 'Sree', '4438342219', 'Thank you very much for helping so many through such life transformation. God bless', '2020-02-28 21:22:19', '1', 0, 0),
(301, 'Asha', '7322107659', 'I am US BASED and I am traveling to India next week. Please advise the right time to join. Following the diet for the next 3 weeks is going to be difficult', '2020-02-28 21:24:38', '1', 0, 0),
(302, 'Sampath Kumar Dasari', '9000542554', 'I am 33years old and  Diabetic from past 15years. I am on insulan from 10years do reversal program help  me.', '2020-02-28 21:24:50', '91', 0, 0),
(303, 'SUCHIT SINGHAL', '9971144360', 'Do you also recommend Ayurveda Medicine along with FFD program such as phool makhana, sock methi etc?', '2020-02-28 21:24:53', '91', 0, 0),
(304, 'Amardeep Kandale ', '9371359469', 'I am 25 kg overweight diabetic how reversal helps on Metformin 500 mg od', '2020-02-28 21:25:25', '91', 0, 0),
(305, 'Alok Bharati', '9811874075', 'Damage will also be reversed with this program.', '2020-02-28 21:25:44', '91', 0, 0),
(306, 'Sushil agrawal', '9481635716', 'My husband is taking 500grm of fruits by bisroop Roy diet and Hb1ccome 8.6. What to do again medicine started', '2020-02-28 21:26:10', '91', 0, 0),
(307, 'Poonam Goel', '56 980 7278', 'I am following yoga.....wlaking...plant based diet...still no result in sugar levels', '2020-02-28 21:26:30', '966', 0, 0),
(308, 'Swapneel', '7387544933', 'Anxiety and accidiy and gasses + cough', '2020-02-28 21:26:31', '91', 0, 0),
(309, 'Sushil agrawal', '9481635716', 'What diet we follow confuse', '2020-02-28 21:27:19', '91', 0, 0),
(310, 'YATIN KATHURIA', '9877164312', 'I have type I diabetes, I am 28 yrs old . my wife often gets severe UTI issues. i want to ask is whether her UTI problem related to my diabetes?', '2020-02-28 21:27:31', '91', 0, 0),
(311, 'Shenaz Ali', '8348220277', 'what should i have if i get hypoglycemia? i m on insulin, last 12 years. my age 28 yrs old', '2020-02-28 21:27:40', '91', 0, 0),
(312, 'Anurag Gupta', '09910012793', 'sir, you asked who is remembering me, All diabetics are remembering you that is the reason you got the hiccup :)', '2020-02-28 21:28:08', '91', 0, 0),
(313, 'Sandeep Shenoy', '6138235317', 'For those with diabetic complications, is a pp sugar of 180 too high. What should your ideal pp level be if you have diabetic complications?', '2020-02-28 21:28:56', '1', 0, 0),
(314, 'Pratiksha pathi', '992429115', 'When all parameters become normal still we hv to follow d same life style', '2020-02-28 21:30:36', '91', 0, 0),
(315, 'Premkumar Jackson N', '9486415769', 'Thank you', '2020-02-28 21:30:38', '91', 0, 0);
INSERT INTO `tbl_questions` (`id`, `user_name`, `user_phone`, `user_question`, `asked_at`, `user_code`, `speaker`, `answered`) VALUES
(316, 'govind narasimhan', '7760090005', 'some times after i eat especially after dinner my right feet becomes a bit stiff and some tightness  what could be this because of . Can fasting 18 hours a day help . this is my last one appreciate if u take this last one', '2020-02-28 21:30:51', '91', 0, 0),
(317, 'Aloysius Fernandes', '0566821641', 'Thanks for a very simplified ,highly educative session.', '2020-02-28 21:31:05', '971', 0, 0),
(318, 'SUCHIT SINGHAL', '9971144360', 'How do i identity if I could / may have Kidney Stone issue?', '2020-02-28 21:31:23', '91', 0, 0),
(319, 'SHASHIDHAR', '9494940155', 'Sir eggs are allowed during the process Shashidhar', '2020-02-28 21:31:51', '91', 0, 0),
(320, 'Nikhil', '9897522529', 'My diabetes is normal now and its 80-120, still doctor told me that i will be on insuilin, can i know the reason , why is it so', '2020-02-28 21:32:08', '91', 0, 0),
(321, 'Virendra Kumar', '8884058700', 'You are doing great job, with great passion. May God bless you in your mission', '2020-02-28 21:32:26', '91', 0, 0),
(322, 'Sandeep Shenoy', '6138235317', 'Is coconut oil allowed in Phase 1? If so, how many teaspoons per day?', '2020-02-28 21:33:13', '1', 0, 0),
(323, 'Rajeev', '09922956999', 'How to strengthen muscle', '2020-02-28 21:33:19', '91', 0, 0),
(324, 'Nandini rani', '8950956007', 'Sir please send complete diet in whats app group..', '2020-02-28 21:33:43', '91', 0, 0),
(325, 'Swapneel', '7387544933', 'Can medicine from 15 years for dibetice and bp be stopped', '2020-02-28 21:34:07', '91', 0, 0),
(326, 'SHASHIDHAR', '9494940155', 'God send people with specific purpose, you are messaiah', '2020-02-28 21:37:07', '91', 0, 0),
(327, 'Nanjayan', '9448482628', 'Batch 56 price is mentioned as 12000, why you have increased by 100%<?', '2020-02-28 21:37:22', '91', 0, 0),
(328, 'govind narasimhan', '7760090005', 'thank you ur session was very informative and thanks for taking my questions', '2020-02-28 21:37:43', '91', 0, 0),
(329, 'Mihir', '9424501234', 'My acidic levels are quiet high .... can that reversed too', '2020-02-28 21:38:52', '91', 0, 0),
(330, 'PRATYUSH PANIGRAHI', '9937845554', 'does tabacoo have any effect on increasing diabetes', '2020-02-28 21:38:55', '91', 0, 0),
(331, 'Sandeep Shenoy', '6138235317', 'Can heart disease be reversed by following your program?', '2020-02-28 21:39:35', '1', 0, 0),
(332, 'Nanjayan', '9448482628', 'Thank you for clarifying', '2020-02-28 21:39:47', '91', 0, 0),
(333, 'Rajeev', '09922956999', 'Multiple sclerosis with diabetes ..can ffd help?', '2020-02-28 21:40:19', '91', 0, 0),
(334, 'D A B Vaninadh', '8985621592', 'How to reverse diabetes', '2020-02-28 21:40:38', '91', 0, 0),
(335, 'Irwin bansi ', '7756821087', 'Diabetic for 22 years.  Insulin dependent for 10 years.  What can I expect at end of IRP ?', '2020-02-28 21:40:44', '91', 0, 0),
(336, 'SHASHIDHAR', '9494940155', 'I am diabetic for 7 years, i run for 1500 meters & walk 2000 mtrs, shall  i continue in the program --- Shashidhar', '2020-02-28 21:41:37', '91', 0, 0),
(337, 'K.V.N.PRATHIBHA KUMARI', '9550103932', 'I am using insulin since 6 yrs.can I come out of it', '2020-02-28 21:41:59', '91', 0, 0),
(338, 'Asha', '7322107659', 'I drink black coffee, is it good for diabetics', '2020-02-28 21:42:16', '1', 0, 0),
(339, 'Rajkumar Pandey', '8121522667', 'just i have enrolled but, i have been asked to pay 17500, which i have paid. it looks different from the amount u said. Please help me know what could be the cause of less amount. Important point, please drink water, your hickups are increasing and iam feeling bad for you.', '2020-02-28 21:42:35', '91', 0, 0),
(340, 'Sushil agrawal', '9481635716', 'Snoring mei fayada hoga', '2020-02-28 21:43:30', '91', 0, 0),
(341, 'K.V.N.PRATHIBHA KUMARI', '9550103932', 'Insulin for past 5 yrs can I come out', '2020-02-28 21:44:31', '91', 0, 0),
(342, 'Anurag Gupta', '09910012793', 'Sir registered for the one-year intensive program. thank you for the detailed session. Looking forward to work under FFD guidance. thanks!', '2020-02-28 21:45:02', '91', 0, 0),
(343, 'K.V.N.PRATHIBHA KUMARI', '9550103932', 'On insulin  from 5 yrs can I come out', '2020-02-28 21:45:44', '91', 0, 0),
(344, 'Gopalkrishna', '7406166162', 'My creatine is 1.9 l take smothe', '2020-02-28 21:47:20', '91', 0, 0),
(345, 'Jinju Alex', '9620722111', 'Is there any books available for different phase recipes?', '2020-02-28 21:48:29', '91', 0, 0),
(346, 'Bhuvankumar', '9771404753', 'Is there any restrictions on type of oil to be used for cooking? Is Ghee ok?', '2020-02-28 21:49:19', '91', 0, 0),
(347, 'SHASHIDHAR', '9494940155', 'Is eggs allowed during this programme  - Shashidhar', '2020-02-28 21:50:16', '91', 0, 0),
(348, 'ajit', '9437151019', 'my spouse Seema want to join for weight loss. she is 85kg now', '2020-02-28 21:50:37', '91', 0, 0),
(349, 'SUCHIT SINGHAL', '9971144360', 'Should I stop Sprouts, Card, boiled egg immediately? I dont take milk after watching your YouTube sessions.', '2020-02-28 21:51:31', '91', 0, 0),
(350, 'Saroja V', '9171466221', 'can chronic renal disease be reversed ?', '2020-02-28 21:52:45', '91', 0, 0),
(351, 'Dr ARVIND KUMAR', '9801518020', 'other that wheat, rsagi which other flour is right choice for diabetes person', '2020-02-28 21:52:52', '91', 0, 0),
(352, 'Jayaprakash', '00971553829300', 'what about using fish', '2020-02-28 21:53:48', '971', 0, 0),
(353, 'shylaja', '8055842334', 'can we take quonao?', '2020-02-28 21:54:03', '1', 0, 0),
(354, 'Pradeep P S', '9945170170', 'I would like to join this program. Also I wanted my wife to join, she has spondylosis and Lychenplanus, will this program help. Please advice', '2020-02-28 21:54:06', '91', 0, 0),
(355, 'K v v pavan kumar', '7702717471', 'I coukd not attend the session today. Can you please send the video link to my mobile or my mail ID.', '2020-02-28 23:01:33', '91', 0, 0),
(356, 'Virendra Kumar Sharma', '9598955166', 'Can I join Hindi session', '2020-02-29 06:23:11', '91', 0, 0),
(357, 'Premkumar ', '9902609268', 'I prem', '2020-02-29 07:55:48', '91', 0, 0),
(358, 'Venkata Rama Gopal Potturi', '9849382807', 'I cannot see the video recording of yesterday webinar', '2020-02-29 10:07:09', '91', 0, 0),
(359, 'CHAKILAM HEMACHANDER', '+19848345450', 'How to make smoothie', '2020-02-29 12:07:56', '91', 0, 0),
(360, 'Madhav Rao', '09849010828', 'Hi,  I am suffering from sinusitis also, it recurs once in three months.....Pl let me know whether this programme will help me to get rid of this also...', '2020-02-29 15:14:22', '91', 0, 0),
(361, 'Ramanjaneylu sake', '9182239069', 'Iam diabetic for the last 8 years Iam using tab glimy M2 tablet\r\nPlease guide me', '2020-02-29 15:43:43', '91', 0, 0),
(362, 'Ramanjaneylu sake', '9182239069', 'Yesterday Iam in journey I couldnâ€™t listen your speech Iam very extremely sorry sir', '2020-02-29 15:44:48', '91', 0, 0),
(363, 'Ishrat', '533375142', 'Hello', '2020-02-29 17:07:25', '966', 0, 0),
(364, 'Pratik Nagrecha ', '9428568862', 'Can non diabetic normal kids can have milk and curd in regular diet ?', '2020-02-29 18:41:26', '91', 0, 0),
(365, 'saraswathi', '9959559828', 'Saraswathi here', '2020-02-29 18:45:59', '91', 0, 0),
(366, 'palanichamy', '9842143205', 'How can i access this video after the timeline mentioned ?', '2020-02-29 19:51:54', '91', 0, 0),
(367, 'saraswathi', '9959559828', 'May we get the list of indicated grains, dhals, vegetables, sprouts, seeds, salads etc', '2020-02-29 19:57:03', '91', 0, 0),
(368, 'saraswathi', '9959559828', 'My registration is not successful.Do you suggest me to try again?', '2020-02-29 21:19:08', '91', 0, 0),
(369, 'saraswathi', '9959559828', 'looks like there is an issue with the payment gateway....unable to make payment', '2020-02-29 21:24:44', '91', 0, 0),
(370, 'Prasad Mopkar ', '9822121213', 'How to control diabetes', '2020-03-01 09:15:09', '91', 0, 0),
(371, 'Prasad Mopkar ', '9822121213', 'How to control diabetes', '2020-03-01 09:15:29', '91', 0, 0),
(372, 'Prasad Mopkar ', '9822121213', 'How to reverse diabetes', '2020-03-01 09:16:10', '91', 0, 0),
(373, 'Prakasam miriyala', '9866695133 ', 'Dear sir\r\nI am diabetes, good food plan', '2020-03-01 14:18:20', '91', 0, 0),
(374, 'Nisha', '7781900691', 'What exercise we can do because I was suffering from knee joint pain.no walking,jogging  standing exercise  etc.....', '2020-03-01 16:02:40', '91', 0, 0),
(375, 'P v k s kameswara rao ', '9000455454', 'Sir I am a diabetic  why it is controlling also my weight is 110 kgs', '2020-03-01 16:18:17', '91', 0, 0),
(376, 'S Dharmendra y', '9976627291', 'Guide me for sugar control', '2020-03-01 20:46:33', '91', 0, 0),
(377, 'Basha', '9177184623', 'Diabetic  h to do normal reng', '2020-03-01 22:28:37', '91', 0, 0),
(378, 'Kalyani', '8925137772', 'How to control sugat level?', '2020-03-02 13:24:57', '91', 0, 0),
(379, 'Swamy', '9535096436', 'How to reverse diabetes', '2020-03-03 15:30:38', '91', 0, 0),
(380, 'Kattaswamy', '09535096436', 'How', '2020-03-03 15:31:49', '91', 0, 0),
(381, 'Amjad hussain', '9342002900', 'I could not participate on the live session I was unwell can it be possible to have a recording please', '2020-03-04 17:06:56', '91', 0, 0),
(382, 'Vishwanath Saibaba', '9844454383', 'I brower did not support the playback of the video.', '2020-03-06 12:08:44', '91', 0, 0),
(383, 'SHRIKANT KULKARNI', '9425682088', 'Please send recording of the video.', '2020-03-06 22:00:16', '91', 0, 0),
(384, 'SHRIKANT KULKARNI', '9425682088', 'Please send recording of the video.', '2020-03-06 22:01:16', '91', 0, 0),
(385, 'SHRIKANT KULKARNI', '9425682088', 'please send recording of video', '2020-03-06 22:08:34', '91', 0, 0),
(386, 'Pradeep P S', '9945170170', 'a', '2020-03-11 01:18:29', '91', 0, 0),
(387, 'DHIVAKAR', '8050607356', 'Video Not Playing its saying browser does not support', '2020-03-19 08:09:05', '91', 0, 0),
(388, 'Dr Asad Masih', '9810572049', 'I want join today hindi program 9:00am', '2020-04-04 07:56:35', '91', 0, 0);

-- --------------------------------------------------------

--
-- Table structure for table `tbl_users`
--

CREATE TABLE `tbl_users` (
  `id` int(3) NOT NULL,
  `name` varchar(100) NOT NULL,
  `reg_date` datetime NOT NULL,
  `mobile_num` varchar(20) NOT NULL,
  `login_date` datetime DEFAULT NULL,
  `logout_date` datetime DEFAULT NULL,
  `logout_status` int(11) DEFAULT '0',
  `cntry_code` varchar(12) DEFAULT NULL
) ENGINE=MyISAM DEFAULT CHARSET=utf8;

--
-- Dumping data for table `tbl_users`
--

INSERT INTO `tbl_users` (`id`, `name`, `reg_date`, `mobile_num`, `login_date`, `logout_date`, `logout_status`, `cntry_code`) VALUES
(1, 'Pooja', '2020-02-21 11:39:14', '9768161921', '2020-02-21 11:39:14', '2020-02-28 18:51:39', 0, '91'),
(2, 'Kalyani', '2020-02-22 14:29:00', '7276818211', '2020-02-29 11:48:50', '2020-02-29 12:07:21', 1, '91'),
(3, 'Shasi Kant Singh', '2020-02-23 09:47:54', '9439867499', '2020-03-14 06:26:28', '2020-03-14 06:27:29', 1, '91'),
(4, 'Umesh Tripathi', '2020-02-23 10:18:27', '9166852907', '2020-02-28 18:53:36', '2020-02-28 18:56:37', 1, '91'),
(5, 'Satyajit Tukaram Dhumal', '2020-02-23 12:17:00', '7020567706', '2020-02-28 18:47:50', '2020-02-28 21:08:51', 1, '91'),
(6, 'ashwin Vora', '2020-02-23 17:38:12', '8080805125', '2020-03-03 00:50:22', '2020-03-03 00:50:52', 1, '91'),
(7, 'priyanka', '2020-02-24 11:05:34', '9665426058', '2020-02-24 11:05:34', '2020-02-24 11:13:04', 1, '91'),
(8, 'Shylaja', '2020-02-24 18:28:25', '8055842334', '2020-02-28 19:00:54', '2020-02-28 22:09:27', 1, '1'),
(9, 'Sandeep Shenoy', '2020-02-25 09:38:50', '6132966588', '2020-02-25 09:38:50', '2020-02-25 09:39:53', 1, '1'),
(10, 'MURALIDHARAN PILLAI', '2020-02-26 15:38:03', '8136959636', '2020-02-26 15:38:03', '2020-02-26 15:38:34', 0, '91'),
(11, 'Purushottam', '2020-02-26 17:51:02', '7854585914', '2020-02-29 19:24:32', '2020-03-01 01:45:04', 1, '44'),
(12, 'Narinder Wadhwa ', '2020-02-26 21:06:13', '9810008640', '2020-02-28 19:18:56', '2020-02-28 20:58:58', 1, '91'),
(13, 'Shreyanshraj', '2020-02-26 23:06:35', '9739099702', '2020-02-28 18:41:46', '2020-02-28 21:12:16', 1, '91'),
(14, 'Rupali', '2020-02-26 23:08:06', '8095921959', '2020-02-26 23:08:06', '2020-02-26 23:08:36', 1, '91'),
(15, 'Amaresan', '2020-02-27 11:17:17', '9686191665', '2020-02-28 19:09:14', '2020-02-28 21:40:45', 1, '91'),
(16, 'MURALIDHARAN PILLAI', '2020-02-27 11:33:16', '08136959636', '2020-02-27 11:33:16', '2020-02-27 11:34:12', 0, '91'),
(17, 'Asha', '2020-02-27 11:45:01', '7322107659', '2020-02-28 19:10:30', '2020-02-28 21:57:08', 1, '1'),
(18, 'Gauri jayade', '2020-02-27 16:06:08', '9850827581', '2020-02-28 18:37:42', '2020-02-28 21:15:13', 1, '91'),
(19, 'Ashim jain', '2020-02-27 16:26:19', '9810648767', '2020-02-28 19:08:06', '2020-02-28 21:19:51', 1, '91'),
(20, 'DEEPAK KUMAR SINHA', '2020-02-27 17:05:50', '9450904880', '2020-02-28 20:01:18', '2020-02-28 22:55:04', 1, '91'),
(21, 'Vamsi kakileti', '2020-02-27 18:00:26', '8792364099', '2020-02-27 18:00:26', '2020-02-27 18:00:56', 0, '91'),
(22, 'Vamsi kakileti', '2020-02-27 18:01:25', '9502255563', '2020-03-01 11:29:27', '2020-03-01 11:30:58', 1, '91'),
(23, 'Navya Chandra', '2020-02-27 18:10:33', '7893844359', '2020-02-28 18:17:50', '2020-02-28 20:59:08', 1, '91'),
(24, 'Kishor Reddy', '2020-02-27 18:24:05', '9483797024', '2020-04-11 23:21:01', '2020-04-11 23:27:05', 1, '91'),
(25, 'Matta Satyanarayan', '2020-02-27 18:25:43', '9425295603', '2020-02-29 22:18:36', '2020-02-29 23:26:07', 1, '91'),
(26, 'M Satyanarayana', '2020-02-27 18:37:30', '9618164991', '2020-02-29 18:36:31', '2020-02-29 18:36:49', 0, '91'),
(27, 'Sesha Phani', '2020-02-27 18:39:52', '9676154732', '2020-03-01 21:33:08', '2020-03-01 23:01:26', 1, '91'),
(28, 'Naveen M', '2020-02-27 18:41:21', '9485190582', '2020-02-29 19:02:47', '2020-02-29 20:12:21', 1, '91'),
(29, 'vipul gupta', '2020-02-27 18:53:10', '9998959009', '2020-02-28 22:08:49', '2020-02-28 22:28:19', 1, '91'),
(30, 'Anandakumar ', '2020-02-27 18:59:10', '9840100485', '2020-02-28 19:42:12', '2020-02-28 19:43:58', 1, '91'),
(31, 'Gurumoorthy', '2020-02-27 19:25:39', '9866673423', '2020-02-27 19:25:39', '2020-02-27 19:26:09', 1, '91'),
(32, 'Srikant', '2020-02-27 21:12:39', '9886008849', '2020-02-28 19:11:58', '2020-02-28 21:55:07', 1, '91'),
(33, 'RAGHURAMAN NAGARAJAN ', '2020-02-27 21:29:37', '9480183353', '2020-02-28 18:43:03', '2020-02-28 21:40:34', 1, '91'),
(34, 'Nalinakshan', '2020-02-27 21:30:56', '9948246000', '2020-02-29 20:24:39', '2020-02-29 20:42:21', 1, '91'),
(35, 'Bisnudatta Parhi ', '2020-02-27 21:55:40', '7972618866', '2020-02-28 18:52:15', '2020-02-28 19:36:07', 1, '91'),
(36, 'Pamela Paris', '2020-02-27 22:14:05', '6047196314', '2020-03-04 13:11:45', '2020-03-04 13:12:15', 1, '1'),
(37, 'Arun kumar ', '2020-02-27 22:28:38', '7046921338', '2020-02-28 18:46:50', '2020-02-28 21:57:23', 1, '1'),
(38, 'Ashfaq  Ahmed ', '2020-02-27 23:28:08', '9814266601', '2020-02-28 18:38:52', '2020-02-28 20:55:23', 1, '91'),
(39, 'Dipti M Kotecha', '2020-02-28 07:06:30', '9574108546', '2020-02-29 19:16:00', '2020-02-29 19:32:57', 1, '91'),
(40, 'Dipti Kotecha', '2020-02-28 07:18:37', '9574108556', '2020-02-28 07:18:37', '2020-02-28 07:41:03', 0, '91'),
(41, 'Bhavik Ruparel', '2020-02-28 07:38:36', '9833932729', '2020-02-28 07:38:36', '2020-02-28 07:54:52', 1, '91'),
(42, 'Krishna  Subedi', '2020-02-28 09:16:31', '9862166605', '2020-03-03 10:29:48', '2020-03-03 10:30:18', 1, '91'),
(43, 'CHAKILAM HEMACHANDER', '2020-02-28 09:26:47', '9848345450', '2020-02-29 11:24:05', '2020-02-29 11:24:35', 1, '91'),
(44, 'Anurag Gupta', '2020-02-28 11:37:21', '09910012793', '2020-02-28 18:43:01', '2020-02-28 23:06:02', 1, '91'),
(45, 'Amit', '2020-02-28 11:38:21', '9466400134', '2020-02-28 21:01:34', '2020-02-28 21:18:05', 1, '91'),
(46, 'amarjit singh hira', '2020-02-28 12:21:14', '9815632917', '2020-02-28 18:48:48', '2020-02-28 21:13:47', 1, '91'),
(47, 'Seema Jain', '2020-02-28 12:24:54', '9811453728', '2020-02-28 18:45:59', '2020-02-28 21:08:07', 0, '91'),
(48, 'Viraj', '2020-02-28 13:02:36', '9765875731', '2021-02-05 18:13:18', '2021-02-05 18:14:19', 1, '91'),
(49, 'Pooja', '2020-02-28 13:07:14', '9768161921', '2020-03-02 00:03:01', '2020-03-02 00:05:32', 1, '93'),
(50, 'M', '2020-02-28 13:09:16', '1234', '2020-02-29 10:49:32', '2020-02-29 11:05:02', 1, '91'),
(51, 'Umesh Tripathi', '2020-02-28 13:18:28', '+919166852907', '2020-02-28 18:57:00', '2020-02-28 21:12:31', 1, '91'),
(52, '', '2020-02-28 13:28:06', '', '2020-02-28 18:38:46', '2020-02-28 20:35:47', 1, '91'),
(53, 'Pawan ', '2020-02-28 13:28:30', '9545329222', '2020-02-29 11:59:02', '2020-02-29 12:01:04', 1, '91'),
(54, 'Sujatha', '2020-02-28 13:47:01', '9845563760', '2020-02-28 18:58:54', '2020-02-28 21:25:03', 1, '91'),
(55, 'Naveen Shrivastava', '2020-02-28 14:19:40', '9920262527', '2020-02-28 14:19:40', '2020-02-28 14:20:10', 1, '91'),
(56, 'Minoo sharma ', '2020-02-28 14:19:40', '9833759249', '2020-02-29 17:09:55', '2020-02-29 17:10:25', 1, '91'),
(57, 'Nandini rani', '2020-02-28 14:32:11', '8950956007', '2020-02-29 12:42:33', '2020-02-29 12:43:46', 0, '91'),
(58, 'utpal rajbanshi', '2020-02-28 14:32:56', '9435046755', '2020-02-28 18:52:50', '2020-02-28 20:19:50', 1, '91'),
(59, 'Dinesh Gupta ', '2020-02-28 14:33:58', '9814007511', '2020-02-29 17:56:34', '2020-02-29 18:10:29', 1, '91'),
(60, 'Gayatri Bhat', '2020-02-28 14:45:00', '9448343082', '2020-02-28 14:45:00', '2020-02-28 14:45:30', 1, '91'),
(61, 'CHAITANYA SHAH', '2020-02-28 15:02:51', '9821046040', '2020-02-28 18:57:20', '2020-02-28 22:01:52', 1, '91'),
(62, 'Aloysius Fernandes', '2020-02-28 15:09:23', '0566821641', '2020-02-28 18:58:15', '2020-02-28 21:55:16', 1, '971'),
(63, 'Niranjan simha', '2020-02-28 15:36:17', '9664443939', '2020-02-29 19:05:55', '2020-02-29 19:24:08', 1, '91'),
(64, 'priyanka', '2020-02-28 15:52:49', '7757045213', '2020-03-02 11:32:57', '2020-03-02 14:52:28', 1, '91'),
(65, 'Alok', '2020-02-28 16:28:12', '09015174065', '2020-02-28 16:28:12', '2020-02-28 16:34:19', 1, '91'),
(66, 'Bharatsinh Rathod ', '2020-02-28 16:28:37', '9824504810', '2020-02-29 18:21:16', '2020-02-29 19:23:13', 1, '91'),
(67, 'Saroja V', '2020-02-28 16:32:54', '9171466221', '2020-02-29 00:39:05', '2020-02-29 00:39:35', 1, '91'),
(68, 'Vadla Ramesh', '2020-02-28 16:37:26', '9492050285', '2020-03-01 21:44:14', '2020-03-01 21:46:15', 1, '91'),
(69, 'Sriranjani', '2020-02-28 16:42:01', '9445648128', '2020-02-29 12:26:08', '2020-02-29 14:25:39', 1, '91'),
(70, 'Vishwanath', '2020-02-28 16:46:17', '9966216474', '2020-02-28 18:56:22', '2020-02-28 21:04:23', 1, '91'),
(71, 'B John Michael', '2020-02-28 16:56:37', '09885931540', '2020-02-28 18:44:40', '2020-02-28 22:03:14', 1, '91'),
(72, 'K.V.N. PRATHIBHA KUMARI', '2020-02-28 16:56:54', '9550103932', '2020-02-28 18:48:28', '2020-02-28 21:55:59', 1, '91'),
(73, 'GULSHAN KUMAR', '2020-02-28 16:57:23', '09532986033', '2020-02-28 16:57:23', '2020-02-28 16:57:53', 1, '91'),
(74, 'pratiksha pathik', '2020-02-28 17:03:04', '9924291155', '2020-03-01 20:01:07', '2020-03-01 22:03:01', 0, '91'),
(75, 'Vishal Maru', '2020-02-28 17:03:39', '9920088896', '2020-02-28 17:03:39', '2020-02-28 17:04:09', 1, '91'),
(76, 'Chetan Vaghani', '2020-02-28 17:15:00', '8160525491', '2020-02-28 19:06:04', '2020-02-28 19:18:36', 1, '91'),
(77, 'Vikas Sagar', '2020-02-28 17:15:28', '9900034834', '2020-03-01 22:50:33', '2020-03-01 23:58:35', 1, '91'),
(78, 'Dr.V.Janakiraman', '2020-02-28 17:21:00', '9865120255', '2020-02-28 18:27:30', '2020-02-28 21:17:29', 0, '91'),
(79, 'ravi kumar ganju', '2020-02-28 17:21:51', '9836490222', '2020-03-01 15:22:06', '2020-03-01 15:44:48', 1, '91'),
(80, 'Bharti kumari', '2020-02-28 17:23:20', '8080175454', '2020-03-01 14:11:41', '2020-03-01 14:12:11', 1, '91'),
(81, 'Manmohan Singh Talwar', '2020-02-28 17:23:34', '9953142009', '2020-02-28 17:23:34', '2020-02-28 17:29:35', 1, '91'),
(82, 'Bharti bhole', '2020-02-28 17:23:42', '9324239128', '2020-02-28 17:23:42', '2020-02-28 17:24:22', 0, '64'),
(83, 'Premkumar Jackson N', '2020-02-28 17:25:07', '9486415769', '2020-03-02 13:47:21', '2020-03-02 13:53:46', 1, '91'),
(84, 'BS. RAVIKIRAN', '2020-02-28 17:26:02', '9121271191', '2020-02-28 17:26:02', '2020-02-28 17:30:08', 0, '91'),
(85, 'Usha Vinod', '2020-02-28 17:27:37', '9632711151', '2020-02-28 17:27:37', '2020-02-28 21:55:37', 1, '91'),
(86, 'SUGADEV K', '2020-02-28 17:36:29', '9440843318', '2020-03-01 22:47:46', '2020-03-02 00:42:41', 1, '91'),
(87, 'SHRIKANT KULKARNI', '2020-02-28 17:38:30', '9425682088', '2020-03-19 18:47:37', '2020-03-19 18:48:08', 0, '91'),
(88, 'Vidya Shetty', '2020-02-28 17:38:35', '9820138918', '2020-02-28 21:00:22', '2020-02-28 21:20:31', 1, '91'),
(89, 'Lovekush Parashar', '2020-02-28 17:39:22', '992202667', '2020-02-28 21:03:03', '2020-02-28 21:20:04', 1, '91'),
(90, 'geeta bajpai', '2020-02-28 17:40:56', '9723037539', '2020-02-28 19:22:23', '2020-02-28 21:02:45', 0, '91'),
(91, 'govind narasimhan', '2020-02-28 17:48:36', '7760090005', '2020-02-28 20:18:24', '2020-02-28 21:59:25', 1, '91'),
(92, 'Asra jabeen', '2020-02-28 17:49:41', '9398596917', '2020-02-28 20:02:01', '2020-02-28 21:29:43', 1, '91'),
(93, 'Sreedhara  Reddi', '2020-02-28 17:54:42', '9949351566', '2020-02-28 17:54:42', '2020-02-28 17:55:12', 1, '91'),
(94, 'Lata Jaju', '2020-02-28 17:57:00', '9822200752', '2020-02-28 19:04:10', '2020-02-28 21:00:41', 1, '91'),
(95, 'Ranjan Mandal', '2020-02-28 18:03:00', '7979777019', '2020-02-29 20:39:10', '2020-02-29 20:49:40', 1, '91'),
(96, 'Asma Zahara ', '2020-02-28 18:05:41', '9945691344', '2020-04-07 23:43:42', '2020-04-07 23:44:12', 1, '91'),
(97, 'sadhana varma', '2020-02-28 18:10:54', '9873607090', '2020-03-01 15:24:29', '2020-03-01 15:31:00', 1, '91'),
(98, 'surya arora', '2020-02-28 18:11:00', '99330946', '2020-03-01 21:43:59', '2020-03-01 22:50:17', 1, '968'),
(99, 'Sushil Agrawal', '2020-02-28 18:11:43', '919481635716', '2020-02-28 18:11:43', '2020-02-28 18:13:14', 1, '91'),
(100, 'Atish Sharma', '2020-02-28 18:12:59', '7979904737', '2020-02-29 23:28:20', '2020-03-01 02:37:21', 1, '91'),
(101, 'B Shyam Prasad  Singh', '2020-02-28 18:13:29', '07989775088', '2020-03-01 18:35:21', '2020-03-01 18:36:22', 1, '91'),
(102, 'Sankar subramanian p k', '2020-02-28 18:20:12', '9442611940', '2020-02-28 18:48:10', '2020-02-28 21:18:07', 0, '91'),
(103, 'Purushotham chathunni', '2020-02-28 18:20:53', '9970092906', '2020-03-01 23:00:33', '2020-03-01 23:38:38', 1, '91'),
(104, 'Vinod jaggi', '2020-02-28 18:21:04', '9313381238', '2020-02-28 18:50:59', '2020-02-28 21:38:40', 1, '91'),
(105, 'Rajesh G', '2020-02-28 18:21:16', '9972041971', '2020-03-01 11:32:25', '2020-03-01 11:36:24', 0, '91'),
(106, 'Anu Thomas', '2020-02-28 18:21:43', '9645341988', '2020-02-29 15:17:04', '2020-02-29 15:17:34', 1, '91'),
(107, 'Thanalakshmi', '2020-02-28 18:22:22', '9840814268', '2020-03-01 19:14:57', '2020-03-01 22:01:58', 1, '91'),
(108, 'Usha Ramani', '2020-02-28 18:23:28', '9840889704', '2020-02-28 18:56:37', '2020-02-28 20:51:37', 1, '91'),
(109, 'SHASHIDHAR ', '2020-02-28 18:23:31', '9494940155', '2020-02-28 18:36:08', '2020-02-28 21:55:40', 1, '91'),
(110, 'Kushal Panduranga ', '2020-02-28 18:23:38', '9741445445', '2020-02-28 18:58:30', '2020-02-28 21:24:53', 1, '91'),
(111, 'K Sanjeev Kumar', '2020-02-28 18:25:09', '08310841435', '2020-02-28 18:25:09', '2020-02-28 18:25:39', 1, '91'),
(112, 'Khoobi Jain', '2020-02-28 18:25:15', '09619900676', '2020-02-28 18:25:15', '2020-02-28 18:26:16', 1, '91'),
(113, 'Srikanth M', '2020-02-28 18:25:20', '8801147275', '2020-02-28 18:25:20', '2020-02-28 21:31:21', 1, '91'),
(114, 'Vishwanathan', '2020-02-28 18:25:38', '9945684748', '2020-02-28 20:22:42', '2020-02-28 20:24:26', 1, '91'),
(115, 'Anas mir fasiuddin', '2020-02-28 18:25:44', '9642398870', '2020-02-29 16:14:29', '2020-02-29 16:36:56', 1, '91'),
(116, 'majameelhyd75@gmail.com', '2020-02-28 18:26:09', '7660092476', '2020-02-28 18:59:45', '2020-02-28 19:13:16', 1, '91'),
(117, 'SATISH KHATRI', '2020-02-28 18:26:11', '9999074754', '2020-03-02 13:41:54', '2020-03-02 13:42:24', 1, '91'),
(118, 'Seema Gadkari', '2020-02-28 18:26:18', '9820494401', '2020-02-28 18:26:18', '2020-02-28 22:57:49', 1, '91'),
(119, 'Kailash Agarwal', '2020-02-28 18:26:48', '9435036276', '2020-02-28 18:26:48', '2020-02-28 20:56:51', 1, '91'),
(120, 'Arun Kumar', '2020-02-28 18:26:59', '9916417823', '2020-02-28 18:26:59', '2020-02-28 20:57:26', 1, '91'),
(121, 'ramesh kuchibhatla', '2020-02-28 18:27:29', '9866542778', '2020-02-28 18:44:14', '2020-02-28 20:59:37', 0, '91'),
(122, 'Usha Rani', '2020-02-28 18:27:30', '9948197825', '2020-02-28 18:41:42', '2020-02-28 21:57:42', 1, '91'),
(123, 'MARGHERITA LUCIA TOSTEVIN', '2020-02-28 18:27:42', '0419938953', '2020-02-28 18:27:42', '2020-02-28 21:37:13', 1, '61'),
(124, 'Dr Asad Masih', '2020-02-28 18:28:07', '9434020764', '2020-02-28 20:41:59', '2020-02-28 20:47:22', 0, '91'),
(125, 'sandya advani', '2020-02-28 18:28:09', '9820286900', '2020-02-28 18:28:09', '2020-02-28 19:12:10', 1, '91'),
(126, 'Akanksha Gautam', '2020-02-28 18:28:10', '9404309485', '2020-02-28 18:28:10', '2020-02-28 22:12:40', 1, '91'),
(127, 'Anand SK', '2020-02-28 18:29:11', '8095921240', '2020-02-28 18:29:11', '2020-02-28 21:23:12', 0, '91'),
(128, 'Nirmal Gupta', '2020-02-28 18:29:59', '9899056028', '2020-02-28 18:29:59', '2020-02-28 21:06:30', 1, '91'),
(129, 'Harini A V', '2020-02-28 18:30:43', '9535145005', '2020-02-28 18:30:43', '2020-02-28 22:04:23', 1, '91'),
(130, 'Hari Prasad Gundi', '2020-02-28 18:30:47', '9642893525', '2020-02-28 18:43:47', '2020-02-28 20:27:05', 1, '91'),
(131, 'venkatesh ramamurthy', '2020-02-28 18:31:10', '7323091212', '2020-03-01 04:44:40', '2020-03-01 04:45:10', 1, '1'),
(132, 'Alugoju VENU ', '2020-02-28 18:31:12', '9701045799', '2020-02-28 18:31:12', '2020-02-28 20:33:18', 1, '91'),
(133, 'S Padma Jyothi', '2020-02-28 18:32:06', '9916659220', '2020-02-28 18:32:06', '2020-02-28 18:46:36', 1, '91'),
(134, 'Venkat Satya', '2020-02-28 18:32:07', '9989160487', '2020-02-28 18:32:07', '2020-02-28 22:07:06', 1, '91'),
(135, 'J S MURTHY', '2020-02-28 18:32:39', '8639395075', '2020-02-28 18:32:39', '2020-02-28 21:02:10', 1, '91'),
(136, 'Priyanka Solanki', '2020-02-28 18:32:41', '9930311607', '2020-02-28 18:32:41', '2020-02-28 21:07:08', 1, '91'),
(137, 'Akhtar Jabeen ', '2020-02-28 18:33:07', '9393427767', '2020-02-28 18:33:07', '2020-02-28 21:57:33', 1, '91'),
(138, 'Vijay Shanker B K ', '2020-02-28 18:33:27', '9845191477', '2020-03-01 23:27:03', '2020-03-01 23:38:33', 1, '91'),
(139, 'S R Chandar', '2020-02-28 18:33:27', '9880075714', '2020-03-01 11:31:12', '2020-03-01 11:31:42', 1, '91'),
(140, 'T Davis Paul', '2020-02-28 18:33:45', '8848766369', '2020-02-29 19:59:30', '2020-02-29 20:01:31', 1, '91'),
(141, 'Santhosh Prabhakar', '2020-02-28 18:34:42', '9989856975', '2020-02-29 19:09:47', '2020-02-29 19:46:23', 0, '91'),
(142, 'PRASAD MOPKAR', '2020-02-28 18:35:41', '9822121213', '2020-03-01 10:14:28', '2020-03-01 10:15:28', 1, '91'),
(143, 'Kavita Doshi', '2020-02-28 18:35:46', '6613737819', '2020-03-01 10:00:13', '2020-03-01 11:49:44', 1, '1'),
(144, 'K Nagaraja', '2020-02-28 18:35:54', '09900638398', '2020-03-01 13:35:33', '2020-03-01 14:23:32', 1, '91'),
(145, 'Mamta Mishra', '2020-02-28 18:36:53', '9818627752', '2020-02-28 18:36:53', '2020-02-28 21:16:24', 1, '91'),
(146, 'Ishrat', '2020-02-28 18:37:07', '533375142', '2020-02-29 17:05:36', '2020-02-29 17:11:43', 1, '966'),
(147, 'Narsingrao chavan', '2020-02-28 18:37:18', '8828644054', '2020-03-02 14:00:03', '2020-03-02 14:00:33', 1, '91'),
(148, 'Syeda Nazneen Begum', '2020-02-28 18:37:26', '07259823390', '2020-02-28 18:37:26', '2020-02-28 20:25:01', 1, '91'),
(149, 'chandra shekar chavan', '2020-02-28 18:38:03', '9490751134', '2020-02-29 12:45:29', '2020-02-29 12:46:49', 0, '91'),
(150, 'Vedula Padmavathi', '2020-02-28 18:38:21', '9511847402', '2020-02-29 22:24:30', '2020-02-29 23:04:17', 0, '91'),
(151, 'YATIN', '2020-02-28 18:38:41', '9877164312', '2020-02-28 19:15:33', '2020-02-28 21:39:04', 1, '91'),
(152, 'Renuka Sethu', '2020-02-28 18:38:53', '9930798006', '2020-02-28 19:16:20', '2020-02-28 22:06:13', 1, '91'),
(153, 'abhijt tanna', '2020-02-28 18:39:15', '7738248368', '2020-02-28 18:39:15', '2020-02-28 22:10:46', 1, '91'),
(154, 'Jayaprakash', '2020-02-28 18:39:20', '00971553829300', '2020-02-29 14:12:51', '2020-02-29 19:08:22', 1, '971'),
(155, 'Samir Bakre', '2020-02-28 18:39:23', '9422145815', '2020-03-01 21:18:39', '2020-03-01 22:40:31', 1, '91'),
(156, 'Molouk', '2020-02-28 18:39:24', '7410196015', '2020-02-28 19:19:10', '2020-02-28 20:58:17', 1, '91'),
(157, 'Venkatesh Babu C S', '2020-02-28 18:39:29', '9894559590', '2020-02-28 18:39:29', '2020-02-28 22:28:51', 1, '91'),
(158, 'satish kumar', '2020-02-28 18:39:34', '9391327493', '2020-03-01 12:05:16', '2020-03-01 12:05:46', 1, '91'),
(159, 'Tanuja Singh', '2020-02-28 18:39:54', '9845557575', '2020-02-28 18:39:54', '2020-02-28 22:01:14', 0, '91'),
(160, 'Kalpana Suresh', '2020-02-28 18:40:06', '9845683831', '2020-05-10 10:42:27', '2020-05-10 10:42:49', 0, '91'),
(161, 'Swapneel', '2020-02-28 18:40:32', '7387544933', '2020-02-29 12:46:26', '2020-02-29 13:44:09', 1, '91'),
(162, 'Chinmay Baidya', '2020-02-28 18:40:45', '8895859059', '2020-02-28 18:40:45', '2020-02-28 21:02:28', 1, '91'),
(163, 'GURURAJ ', '2020-02-28 18:40:58', '7349193273', '2020-02-28 20:50:57', '2020-02-28 21:04:53', 1, '91'),
(164, 'Safhishkumar', '2020-02-28 18:41:15', '9962127222', '2020-02-28 20:00:08', '2020-02-28 22:00:09', 1, '91'),
(165, 'Kappatan Chandran ', '2020-02-28 18:41:15', '9496147229 ', '2020-02-29 18:36:30', '2020-02-29 19:04:11', 1, '91'),
(166, 'Danialraj', '2020-02-28 18:41:32', '9600955758', '2020-02-29 15:17:49', '2020-02-29 15:18:19', 1, '91'),
(167, 'Mrs Jahnavi', '2020-02-28 18:41:36', '7795022235', '2020-03-01 22:54:39', '2020-03-01 23:29:05', 1, '91'),
(168, 'Narendra Prasad M N', '2020-02-28 18:41:44', '9449080174', '2020-02-29 09:49:32', '2020-02-29 09:49:42', 0, '91'),
(169, 'Seema ', '2020-02-28 18:42:01', '9820341341', '2020-02-28 18:54:36', '2020-02-28 20:06:23', 1, '91'),
(170, 'Sushil agrawal', '2020-02-28 18:42:03', '9481635716', '2020-02-28 18:49:17', '2020-02-28 21:56:49', 1, '91'),
(171, 'manish tewari', '2020-02-28 18:42:09', '9833864904', '2020-02-28 18:42:09', '2020-02-28 21:11:10', 1, '91'),
(172, 'RAJESH TIWARI', '2020-02-28 18:42:09', '8826192528', '2020-03-01 14:51:25', '2020-03-01 14:53:26', 1, '91'),
(173, 'T . Snitha', '2020-02-28 18:42:10', '8008101276', '2020-03-01 21:18:06', '2020-03-01 21:29:27', 1, '91'),
(174, 'Jaya Alone', '2020-02-28 18:42:18', '9928161830', '2020-02-28 18:42:18', '2020-02-28 21:22:35', 0, '91'),
(175, 'Ganapathi', '2020-02-28 18:42:30', '9986043763', '2020-02-28 18:42:30', '2020-02-28 21:14:00', 1, '91'),
(176, 'Antone Raju sundar', '2020-02-28 18:42:32', '9620192700', '2020-02-28 19:04:56', '2020-02-28 20:02:28', 1, '91'),
(177, 'Sarang A Patel', '2020-02-28 18:42:40', '8143372408', '2020-02-28 18:42:40', '2020-02-28 21:05:40', 1, '91'),
(178, 'Manoj Khandelwal', '2020-02-28 18:42:46', '9754049292', '2020-02-28 18:42:46', '2020-02-28 21:21:17', 1, '91'),
(179, 'Percylou Coutinho', '2020-02-28 18:42:56', '9921762914', '2020-02-29 17:40:42', '2020-02-29 17:41:04', 0, '91'),
(180, 'Pawan mobile ', '2020-02-28 18:43:06', '9545329223', '2020-02-28 18:43:06', '2020-02-28 18:43:36', 1, '91'),
(181, 'Milagres Fernandes', '2020-02-28 18:43:09', '9923053728', '2020-02-28 19:03:03', '2020-02-28 19:36:19', 0, '91'),
(182, 'Sapna ahmed ', '2020-02-28 18:43:10', '9831012542', '2020-02-28 21:19:32', '2020-02-28 21:57:59', 1, '91'),
(183, 'Joseph Anthony', '2020-02-28 18:43:18', '09846127273', '2020-02-28 19:32:56', '2020-02-28 22:02:00', 1, '91'),
(184, 'Kushal Singh', '2020-02-28 18:43:39', '7727979526', '2020-03-02 15:56:11', '2020-03-02 15:56:41', 1, '91'),
(185, 'Yugandhar', '2020-02-28 18:43:54', '9121104520', '2020-02-28 18:43:54', '2020-02-28 22:23:54', 1, '91'),
(186, 'Mangesh Chickermane', '2020-02-28 18:44:09', '9342635404', '2020-02-29 19:48:58', '2020-02-29 20:43:01', 1, '91'),
(187, 'Santosh L.Ghonasgi', '2020-02-28 18:44:18', '7760984891', '2020-02-28 18:44:18', '2020-02-28 21:35:18', 0, '91'),
(188, 'Sandeep Shenoy', '2020-02-28 18:44:25', '6138235317', '2020-03-01 04:36:20', '2020-03-01 06:01:52', 1, '1'),
(189, 'MANIKANTH PARUCHURI', '2020-02-28 18:44:31', '9677289988', '2020-02-28 18:44:31', '2020-02-28 21:04:02', 1, '91'),
(190, 'Saurabh Gupta', '2020-02-28 18:44:33', '9632072072', '2020-02-28 18:44:33', '2020-02-28 23:02:04', 1, '91'),
(191, 'bhumidhar das', '2020-02-28 18:44:56', '7780985466', '2020-02-28 18:44:56', '2020-02-28 20:21:34', 1, '91'),
(192, 'Mohan Kumar', '2020-02-28 18:44:58', '506339121', '2020-02-28 19:19:59', '2020-02-28 21:00:01', 1, '971'),
(193, 'Irwin bansi ', '2020-02-28 18:44:59', '7756821087', '2020-03-01 16:07:16', '2020-03-01 16:34:08', 1, '91'),
(194, 'pawan', '2020-02-28 18:45:10', '7798060088', '2020-02-28 18:45:10', '2020-02-28 19:24:43', 1, '91'),
(195, 'Prabhakar Thummala', '2020-02-28 18:45:15', '2083409442', '2020-03-01 20:40:08', '2020-03-01 20:42:42', 1, '1'),
(196, 'Mithun Banerjee', '2020-02-28 18:45:19', '09051071777', '2020-02-29 13:50:11', '2020-02-29 13:55:47', 1, '91'),
(197, 'Piyush Pratap Mall', '2020-02-28 18:45:44', '9453032879', '2020-02-28 18:45:44', '2020-02-28 21:30:44', 1, '91'),
(198, 'Mukta Ratnaparkhi', '2020-02-28 18:45:59', '9909005971', '2020-02-28 18:45:59', '2020-02-28 20:50:43', 1, '91'),
(199, 'Palanichamy', '2020-02-28 18:45:59', '09842143105', '2020-02-28 19:30:31', '2020-02-28 21:05:32', 0, '91'),
(200, 'Raghunathan ', '2020-02-28 18:46:03', '9845028809', '2020-02-28 18:46:03', '2020-02-28 21:00:52', 1, '91'),
(201, 'Amardeep Kandale ', '2020-02-28 18:46:07', '9371359469', '2020-02-29 14:26:14', '2020-02-29 14:30:23', 1, '91'),
(202, 'Pradeep P S', '2020-02-28 18:46:08', '9945170170', '2020-03-11 01:18:16', '2020-03-11 01:18:46', 1, '91'),
(203, 'Poornima Jain', '2020-02-28 18:46:14', '7737236901', '2020-03-01 15:40:29', '2020-03-01 15:41:52', 0, '91'),
(204, 'Gautham. K', '2020-02-28 18:46:26', '9620111905', '2020-02-28 18:46:26', '2020-02-28 21:10:17', 0, '91'),
(205, 'Subhransu', '2020-02-28 18:46:47', '9663308892', '2020-02-28 18:46:47', '2020-02-28 21:14:48', 1, '91'),
(206, 'naveed ahmed', '2020-02-28 18:46:50', '9849912456', '2020-02-28 18:46:50', '2020-02-28 21:21:50', 1, '91'),
(207, 'Jemamani', '2020-02-28 18:46:50', '7798014674', '2020-02-29 16:18:53', '2020-02-29 18:22:24', 1, '91'),
(208, 'Mohammad Zeeshan', '2020-02-28 18:46:52', '9620077752', '2020-02-28 19:02:10', '2020-02-28 20:33:08', 1, '91'),
(209, 'Ravinder Kher', '2020-02-28 18:46:54', '9953033963', '2020-02-29 23:49:18', '2020-03-01 00:10:23', 1, '91'),
(210, 'S PADMA JYOTHI', '2020-02-28 18:47:07', '09742832693', '2020-02-28 18:47:07', '2020-02-28 18:48:37', 1, '91'),
(211, 'Nisha', '2020-02-28 18:47:10', '7781900691', '2020-03-01 16:01:08', '2020-03-01 16:05:09', 1, '91'),
(212, 'DR ARVIND KUMAR', '2020-02-28 18:47:19', '09801518020', '2020-02-28 18:47:19', '2020-02-28 19:07:00', 1, '91'),
(213, 'sanjay kale', '2020-02-28 18:47:40', '7218359021', '2020-03-01 13:20:25', '2020-03-01 17:00:50', 1, '91'),
(214, 'Nandini Bhaskar', '2020-02-28 18:47:40', '9035327724', '2020-03-01 09:50:08', '2020-03-01 10:20:39', 1, '91'),
(215, 'viji lakshmi', '2020-02-28 18:47:41', '9047025020', '2020-02-28 18:47:41', '2020-02-28 21:10:06', 0, '91'),
(216, 'Chandan ', '2020-02-28 18:47:47', '8826210222', '2020-02-28 18:47:47', '2020-02-28 21:34:01', 0, '91'),
(217, 'Sunil', '2020-02-28 18:47:48', '9972571112', '2020-02-28 18:47:48', '2020-02-28 22:00:22', 1, '91'),
(218, 'Kota Subrahmanya', '2020-02-28 18:47:58', '9845566410', '2020-03-01 17:49:25', '2020-03-01 17:50:26', 1, '91'),
(219, 'Antone Raju sundar', '2020-02-28 18:48:01', '9620192790', '2020-02-28 18:48:01', '2020-02-28 19:03:52', 0, '91'),
(220, 'BALAKUMAR M', '2020-02-28 18:48:11', '9791883217', '2020-02-28 19:12:04', '2020-02-28 21:09:05', 1, '91'),
(221, 'Nikhil', '2020-02-28 18:48:14', '9897522529', '2020-02-28 18:48:14', '2020-02-28 21:55:45', 1, '91'),
(222, 'Shreenath', '2020-02-28 18:48:15', '9880384823', '2020-02-28 18:48:15', '2020-02-28 20:53:12', 1, '91'),
(223, 'Sanjay Shivaji Kale', '2020-02-28 18:48:20', '07218359021', '2020-02-28 19:00:10', '2020-02-28 21:42:10', 1, '91'),
(224, 'Rishika Rishu', '2020-02-28 18:48:36', '8828403062', '2020-02-28 20:04:10', '2020-02-28 21:16:38', 1, '91'),
(225, 'S PADMA JYOTHI', '2020-02-28 18:48:40', '09916659220', '2020-02-28 18:48:40', '2020-02-28 21:24:10', 1, '91'),
(226, 'Syamantak Dhar', '2020-02-28 18:48:41', '0126500793', '2020-03-01 21:11:32', '2020-03-01 21:12:32', 1, '60'),
(227, 'Sheshasaayee JG', '2020-02-28 18:48:42', '9677153399', '2020-02-29 12:02:18', '2020-02-29 12:02:28', 0, '91'),
(228, 'ravi belavadi', '2020-02-28 18:48:43', '9886094935', '2020-02-28 18:53:26', '2020-02-28 21:23:26', 1, '91'),
(229, 'Prakash Sastrt', '2020-02-28 18:48:47', '9325096010', '2020-03-02 18:59:15', '2020-03-02 18:59:45', 1, '91'),
(230, 'Piyush', '2020-02-28 18:48:53', '9940451673', '2020-02-28 20:16:17', '2020-02-28 20:57:18', 1, '91'),
(231, 'Alok Bharati', '2020-02-28 18:48:54', '9811874075', '2020-02-28 19:10:42', '2020-02-28 21:34:24', 1, '91'),
(232, 'Nanjayan', '2020-02-28 18:48:55', '9448482628', '2020-02-28 18:48:55', '2020-02-28 21:59:53', 1, '91'),
(233, 'Shasi Kant Singh', '2020-02-28 18:49:10', '9437035193', '2020-02-28 18:49:10', '2020-02-28 20:57:41', 1, '91'),
(234, 'Mayur', '2020-02-28 18:49:13', '8800189248', '2020-02-28 18:49:13', '2020-02-28 21:00:55', 1, '91'),
(235, 'Monica', '2020-02-28 18:49:40', '8511746831', '2020-02-28 18:49:40', '2020-02-28 21:13:41', 1, '91'),
(236, 'abhijit tanna', '2020-02-28 18:49:43', '07738248368', '2020-02-28 18:52:05', '2020-02-28 22:10:35', 1, '91'),
(237, 'Sunil Varghese', '2020-02-28 18:49:43', '9344777254', '2020-02-29 14:38:41', '2020-02-29 15:02:10', 1, '91'),
(238, 'Shenaz Ali', '2020-02-28 18:49:49', '8348220277', '2020-02-29 17:22:14', '2020-02-29 17:35:45', 1, '91'),
(239, 'Raj kumar guru', '2020-02-28 18:49:55', '09800001267', '2020-02-28 18:49:55', '2020-02-28 21:21:58', 0, '91'),
(240, 'ANAND D. PRABHAKAR', '2020-02-28 18:49:55', '9538981515', '2020-02-28 18:57:27', '2020-02-28 21:13:43', 1, '91'),
(241, 'Girish Tere', '2020-02-28 18:49:56', '09920319945', '2020-02-29 21:52:47', '2020-02-29 21:55:17', 1, '91'),
(242, 'Sumatha', '2020-02-28 18:49:57', '9448772130', '2020-02-29 11:54:35', '2020-02-29 12:52:42', 1, '91'),
(243, 'Vikas Sagar', '2020-02-28 18:50:10', '09900034834', '2020-03-01 21:43:54', '2020-03-01 22:52:55', 1, '91'),
(244, 'Teja Lotlikar', '2020-02-28 18:50:17', '9922891498', '2020-02-28 18:50:17', '2020-02-28 21:56:48', 1, '91'),
(245, 'Anurag Sharma', '2020-02-28 18:50:17', '9831581824', '2020-03-01 22:15:29', '2020-03-01 23:57:30', 1, '91'),
(246, 'Udupi Ganesh Mallya', '2020-02-28 18:50:20', '9810062758', '2020-02-29 16:23:45', '2020-02-29 16:32:53', 1, '91'),
(247, 'Abul Hassan', '2020-02-28 18:50:21', '8925627717', '2020-02-28 18:50:21', '2020-02-28 22:30:52', 1, '91'),
(248, 'Manmohan Singh Talwar', '2020-02-28 18:50:22', '09953142009', '2020-02-28 18:50:22', '2020-02-28 20:52:23', 1, '91'),
(249, 'Anjani Dubey', '2020-02-28 18:50:40', '9893550447', '2020-03-06 21:46:45', '2020-03-06 21:47:15', 1, '91'),
(250, 'Brajesh Kumar', '2020-02-28 18:50:43', '97577404', '2020-03-01 15:44:57', '2020-03-01 15:56:27', 1, '65'),
(251, 'Veeresh', '2020-02-28 18:50:47', '9845460237', '2020-03-02 21:13:18', '2020-03-02 21:13:48', 1, '91'),
(252, 'Ketan Desai', '2020-02-28 18:50:49', '09825151005', '2020-02-28 18:50:49', '2020-02-28 18:59:07', 1, '91'),
(253, 'Bibek', '2020-02-28 18:50:57', '9884317365', '2020-02-28 18:50:57', '2020-02-28 22:28:13', 0, '91'),
(254, 'Shemeez Wilson', '2020-02-28 18:51:04', '754654454', '2020-02-28 18:51:04', '2020-02-28 19:24:07', 1, '255'),
(255, 'Prashant', '2020-02-28 18:51:06', '9740333155', '2020-02-28 18:51:06', '2020-02-28 21:03:13', 1, '91'),
(256, 'Bansi lakhani', '2020-02-28 18:51:07', '201 321 2109', '2020-02-28 19:23:39', '2020-02-28 21:55:16', 0, '1'),
(257, 'Devireddy Mahender Reddy', '2020-02-28 18:51:13', '7013482008', '2020-03-02 13:28:21', '2020-03-02 13:30:52', 1, '91'),
(258, 'Kalairaja narayanan ', '2020-02-28 18:51:25', '9843099104', '2020-02-28 20:17:43', '2020-02-28 20:39:44', 1, '91'),
(259, 'Syamantak Dhar', '2020-02-28 18:51:28', '126500793', '2020-02-28 18:51:28', '2020-02-28 21:20:59', 1, '60'),
(260, 'Bhagyalakshmi Mhaisekar ', '2020-02-28 18:51:29', '9490116072', '2020-02-28 18:51:29', '2020-02-28 21:01:38', 0, '91'),
(261, 'Prasenjit Govande ', '2020-02-28 18:51:29', '9860330391', '2020-03-01 20:26:55', '2020-03-01 23:41:53', 1, '91'),
(262, 'Mahantesh Kamate', '2020-02-28 18:51:40', '9535353637', '2020-02-29 20:08:07', '2020-02-29 21:19:18', 1, '91'),
(263, 'Shilpa Dongre', '2020-02-28 18:51:40', '9870998070', '2020-02-28 18:51:40', '2020-02-28 21:19:11', 1, '91'),
(264, 'Madhav Rao', '2020-02-28 18:52:04', '09849010828', '2020-02-29 14:54:09', '2020-02-29 15:30:10', 1, '91'),
(265, 'Sampath Kumar Dasari', '2020-02-28 18:52:24', '9000542554', '2020-03-01 17:25:18', '2020-03-01 17:29:23', 1, '91'),
(266, 'Sarirtha Navali', '2020-02-28 18:52:32', '201-314-7216', '2020-02-28 18:52:32', '2020-02-28 21:55:25', 0, '1'),
(267, 'Mohammed Isaq', '2020-02-28 18:52:32', '9848492695', '2020-02-28 18:52:32', '2020-02-28 21:49:30', 1, '91'),
(268, 'Syed Mohammad Ilyas', '2020-02-28 18:52:56', '9789086543', '2020-03-01 06:57:46', '2020-03-01 10:55:17', 1, '91'),
(269, 'Poonam Goel', '2020-02-28 18:52:57', '56 980 7278', '2020-02-28 18:52:57', '2020-02-28 21:44:25', 1, '966'),
(270, 'SUCHIT SINGHAL', '2020-02-28 18:53:05', '9971144360', '2020-03-01 09:54:52', '2020-03-01 10:02:52', 1, '91'),
(271, 'Kamlesh Rathod', '2020-02-28 18:53:30', '9998215571', '2020-02-28 18:53:30', '2020-02-28 20:52:08', 1, '91'),
(272, 'Shanmugmam K', '2020-02-28 18:53:42', '9840134770', '2020-03-01 12:37:37', '2020-03-01 12:51:08', 1, '91'),
(273, 'R Subramaniam', '2020-02-28 18:53:48', '0568129558', '2020-02-28 18:53:48', '2020-02-28 20:53:06', 1, '971'),
(274, 'CHUNDURI CHAKARAVARTHI', '2020-02-28 18:54:11', '9121006006', '2020-02-28 18:54:11', '2020-02-28 21:57:15', 1, '91'),
(275, 'Honnappa Gowda', '2020-02-28 18:54:13', '9600072608', '2020-02-28 18:54:13', '2020-02-28 21:57:23', 0, '91'),
(276, 'Suneel Krishnaswamy', '2020-02-28 18:54:14', '9783945771', '2020-02-28 18:54:14', '2020-02-28 21:30:46', 1, '1'),
(277, 'Srinivas', '2020-02-28 18:54:17', '7829068538', '2020-02-28 18:54:17', '2020-02-28 22:04:29', 1, '91'),
(278, 'Prajapati Nath Sinha', '2020-02-28 18:54:25', '9431102653', '2020-02-29 17:25:40', '2020-02-29 17:26:40', 1, '91'),
(279, 'sanjeev kumar', '2020-02-28 18:54:33', '8310841435', '2020-02-28 18:54:33', '2020-02-28 21:16:35', 0, '91'),
(280, 'PRATYUSH PANIGRAHI', '2020-02-28 18:54:33', '9937845554', '2020-02-28 18:54:33', '2020-02-28 21:55:08', 1, '91'),
(281, 'Ravi Kumar Ganju ', '2020-02-28 18:54:40', '9846490222', '2020-02-29 18:16:03', '2020-02-29 18:41:02', 1, '91'),
(282, 'Mamta ashish Bhatt ', '2020-02-28 18:54:45', '7000124972', '2020-02-29 20:48:51', '2020-02-29 22:14:01', 1, '91'),
(283, 'Hina Raza', '2020-02-28 18:54:56', '7038538493', '2020-02-28 18:54:56', '2020-02-28 20:21:35', 1, '1'),
(284, 'Rajesh Kumar Gupta ', '2020-02-28 18:55:23', '9999658000', '2020-03-04 08:34:34', '2020-03-04 08:35:04', 1, '91'),
(285, 'Krishnaiah koona', '2020-02-28 18:55:24', '9440821763', '2020-02-28 23:41:06', '2020-02-28 23:41:36', 1, '91'),
(286, 'ashwarya', '2020-02-28 18:55:30', '9971388321', '2020-02-28 18:55:30', '2020-02-28 21:56:31', 1, '91'),
(287, 'Sreedhara  Reddi', '2020-02-28 18:55:37', '09949351566', '2020-02-28 18:55:37', '2020-02-28 21:18:47', 1, '91'),
(288, 'Jayarajan Suganthi', '2020-02-28 18:55:40', '91813274', '2020-02-28 18:55:40', '2020-02-28 21:27:41', 1, '65'),
(289, 'G Vishwanathan', '2020-02-28 18:55:42', '09945684748', '2020-02-28 18:55:42', '2020-02-28 20:45:12', 1, '91'),
(290, 'Bhuvankumar', '2020-02-28 18:55:47', '9771404753', '2020-02-28 18:55:47', '2020-02-28 21:56:18', 1, '91'),
(291, 'gautam lunawat', '2020-02-28 18:55:50', '9766363267', '2020-02-28 18:55:50', '2020-02-28 21:16:51', 1, '91'),
(292, 'Rakesh Bhatia', '2020-02-28 18:55:50', '09871119686', '2020-02-28 18:55:50', '2020-02-28 20:53:51', 1, '91'),
(293, 'Kavita Ravi', '2020-02-28 18:56:08', '09620659125', '2020-02-28 18:56:08', '2020-02-28 21:02:51', 1, '91'),
(294, 'Gurumoorthy', '2020-02-28 18:56:09', '09866673423', '2020-02-28 18:56:09', '2020-02-28 21:34:17', 1, '91'),
(295, 'Dr RAJENDRA SINGH', '2020-02-28 18:56:16', '09827004022', '2020-02-28 18:56:16', '2020-02-28 21:56:18', 1, '91'),
(296, 'B N S BHARATH TEJA', '2020-02-28 18:56:40', '8309496966', '2020-02-29 16:03:01', '2020-02-29 16:34:14', 0, '91'),
(297, 'Sree', '2020-02-28 18:57:02', '4438342219', '2020-02-29 18:43:48', '2020-02-29 20:16:19', 1, '1'),
(298, 'Irina Banerjee ', '2020-02-28 18:57:14', '9836873942', '2020-02-28 21:16:45', '2020-02-28 21:32:00', 0, '91'),
(299, 'arun kumar pandey', '2020-02-28 18:57:25', '8985482042', '2020-03-05 16:45:39', '2020-03-05 16:45:51', 0, '91'),
(300, 'Saurabh ', '2020-02-28 18:57:40', '9999850868', '2020-02-28 18:57:40', '2020-02-28 20:14:41', 1, '91'),
(301, 'Srs Krishna', '2020-02-28 18:57:55', '919600091365', '2020-02-28 19:00:33', '2020-02-28 19:01:03', 1, '91'),
(302, 'Rajeev', '2020-02-28 18:58:09', '9922956999', '2020-02-28 18:58:09', '2020-02-28 20:00:10', 1, '91'),
(303, 'Ketan Desai', '2020-02-28 18:58:19', '9825151005', '2020-02-28 19:12:42', '2020-02-28 21:33:17', 1, '91'),
(304, 'Mihir', '2020-02-28 18:58:19', '9424501234', '2020-02-29 12:20:04', '2020-02-29 12:38:35', 1, '91'),
(305, 'T swaminathan', '2020-02-28 18:58:23', '0507083108', '2020-02-29 08:32:30', '2020-02-29 08:33:00', 1, '971'),
(306, 'Gayatri Bhat', '2020-02-28 18:58:33', '9921846485', '2020-02-28 18:58:33', '2020-02-28 21:16:42', 0, '91'),
(307, 'Kattaswamy', '2020-02-28 18:58:34', '9535096436', '2020-03-03 15:30:06', '2020-03-03 15:31:06', 1, '91'),
(308, 'Bibhu', '2020-02-28 18:58:35', '8095434145', '2020-02-28 19:08:59', '2020-02-28 21:14:59', 1, '91'),
(309, 'Shravani Kulkarni', '2020-02-28 18:58:39', '8123713111', '2020-03-02 21:15:07', '2020-03-02 21:15:16', 0, '91'),
(310, 'Vadla ramesh', '2020-02-28 18:58:55', '9000730269', '2020-02-28 19:32:43', '2020-02-28 19:32:47', 0, '91'),
(311, 'Paresh shah', '2020-02-28 18:59:05', '9867147777 ', '2020-02-28 19:12:18', '2020-02-28 19:53:41', 1, '91'),
(312, 'Kailash', '2020-02-28 18:59:13', '9323950989', '2020-02-28 18:59:13', '2020-02-28 21:56:06', 0, '91'),
(313, 'Aheesh Bharadwaj', '2020-02-28 18:59:20', '2013147215', '2020-02-28 18:59:20', '2020-02-28 22:10:21', 1, '1'),
(314, 'Virendra Kumar', '2020-02-28 18:59:25', '8884058700', '2020-02-28 18:59:25', '2020-02-28 21:55:11', 0, '91'),
(315, 'Kirit Mandavgane', '2020-02-28 19:00:00', '9881153609', '2020-02-28 19:00:00', '2020-02-28 22:16:33', 1, '91'),
(316, 'Vijayalakshmi nagappan ', '2020-02-28 19:00:07', '2486241861', '2020-03-02 06:19:59', '2020-03-02 06:55:32', 1, '1'),
(317, 'PRAVEEN KUMAR N PAI', '2020-02-28 19:00:11', '9349133344', '2020-02-28 19:00:11', '2020-02-28 20:36:12', 0, '91'),
(318, 'PRARIK NAGRECHA', '2020-02-28 19:00:27', '9428568862', '2020-02-29 21:50:37', '2020-02-29 23:26:17', 1, '91'),
(319, 'HANEEFA OLAKARA', '2020-02-28 19:00:27', '9946883366', '2020-03-07 08:55:44', '2020-03-07 08:55:51', 0, '91'),
(320, 'P k jain', '2020-02-28 19:00:27', '9926782236', '2020-03-03 10:43:30', '2020-03-03 10:44:00', 1, '91'),
(321, 'Jinju Alex', '2020-02-28 19:00:34', '9620722111', '2020-03-01 12:20:47', '2020-03-01 12:30:32', 1, '91'),
(322, 'Kavuri Atmaram', '2020-02-28 19:00:45', '+919441975657', '2020-02-28 19:00:45', '2020-02-28 19:08:48', 1, '91'),
(323, 'hina kraza', '2020-02-28 19:01:18', '70', '2020-02-28 19:01:18', '2020-02-28 22:28:19', 1, '1'),
(324, 'Shivkumar Krishnamoorthy', '2020-02-28 19:01:33', '7738037333', '2020-02-28 19:09:50', '2020-02-28 20:40:59', 1, '91'),
(325, 'Malik khan', '2020-02-28 19:01:38', '9030004033', '2020-02-28 20:17:11', '2020-02-28 22:00:12', 1, '91'),
(326, 'Gopalkrishna', '2020-02-28 19:01:47', '7406166162', '2020-02-29 12:04:19', '2020-02-29 12:41:20', 1, '91'),
(327, 'Dharmil Vora', '2020-02-28 19:01:51', '9819834491', '2020-03-01 18:30:26', '2020-03-01 18:34:08', 1, '91'),
(328, 'senthil kumar', '2020-02-28 19:02:05', '9845345888', '2020-02-28 21:14:59', '2020-02-28 21:16:29', 1, '91'),
(329, 'Lenin babu Yadavalli ', '2020-02-28 19:02:06', '8330900287', '2020-03-01 09:53:39', '2020-03-01 10:00:40', 1, '91'),
(330, 'Perumal', '2020-02-28 19:02:36', '9884920541', '2020-02-28 19:02:36', '2020-02-28 19:39:37', 1, '91'),
(331, 'rajendra singh', '2020-02-28 19:02:51', '9827004022', '2020-02-28 19:02:51', '2020-02-28 19:24:27', 1, '91'),
(332, 'DR. BHAVESH KANABAR', '2020-02-28 19:03:03', '9427730902', '2020-02-29 13:14:27', '2020-02-29 13:25:42', 0, '91'),
(333, 'Surya ', '2020-02-28 19:03:21', '7032909200', '2020-03-01 22:52:27', '2020-03-01 22:52:42', 0, '91'),
(334, 'Vivek  Katara ', '2020-02-28 19:03:21', '8178713606', '2020-02-28 19:03:21', '2020-02-28 21:01:52', 1, '91'),
(335, 'Chaitanya khandelwal', '2020-02-28 19:03:50', '8956811530', '2020-02-28 19:03:50', '2020-02-28 19:05:54', 1, '91'),
(336, 'Parthiban', '2020-02-28 19:04:01', '9611133557', '2020-02-28 19:04:01', '2020-02-28 21:17:01', 1, '91'),
(337, 'Amarnath', '2020-02-28 19:04:01', '9945561024', '2020-02-28 19:04:01', '2020-02-28 22:03:55', 0, '91'),
(338, 'Harsha Venkatesh', '2020-02-28 19:04:11', '9986100184', '2020-02-28 19:04:11', '2020-02-28 21:05:12', 1, '91'),
(339, 'srs krishna', '2020-02-28 19:04:37', '9600091365', '2020-02-28 19:04:37', '2020-02-28 21:28:04', 0, '91'),
(340, 'Maddipati Ranga Rao', '2020-02-28 19:04:55', '9441663725', '2020-03-14 06:05:00', '2020-03-14 06:07:31', 1, '91'),
(341, 'Vinay', '2020-02-28 19:05:47', '4154251799', '2020-03-01 12:17:21', '2020-03-01 12:52:53', 1, '1'),
(342, 'Rajkumar Pandey ', '2020-02-28 19:06:40', '8121522667', '2020-02-28 19:51:41', '2020-02-28 22:16:12', 1, '91'),
(343, 'Sujatha ', '2020-02-28 19:06:57', '507276510', '2020-02-28 19:31:50', '2020-02-28 20:41:51', 1, '971'),
(344, 'Dr ARVIND KUMAR', '2020-02-28 19:07:27', '9801518020', '2020-02-28 19:07:27', '2020-02-28 22:00:57', 1, '91'),
(345, 'DR GAURAV RAJ ', '2020-02-28 19:08:23', '9651064122', '2020-02-28 19:08:23', '2020-02-28 20:56:00', 0, '91'),
(346, 'Ganapathy Subramaniam', '2020-02-28 19:08:34', '09986043763', '2020-02-28 21:13:06', '2020-02-28 21:31:37', 1, '91'),
(347, 'Srinivas ', '2020-02-28 19:08:35', '9885567639', '2020-02-29 14:37:38', '2020-02-29 15:02:09', 1, '91'),
(348, 'Archana Gondhali', '2020-02-28 19:08:55', '9158999869', '2020-02-28 19:08:55', '2020-02-28 21:54:26', 1, '91'),
(349, 'Kavuri Atmaram', '2020-02-28 19:09:18', '09441975657', '2020-02-28 19:09:18', '2020-02-28 20:45:05', 1, '91'),
(350, 'Avadhesh kumar', '2020-02-28 19:10:47', '7080202098', '2020-02-28 19:10:47', '2020-02-28 19:13:25', 0, '91'),
(351, 'Premkumar', '2020-02-28 19:11:53', '9902609268', '2020-03-01 20:58:52', '2020-03-01 21:31:24', 1, '91'),
(352, 'Sunil kumar gupta', '2020-02-28 19:12:09', '7052187575', '2020-02-28 19:12:09', '2020-02-28 21:13:12', 1, '91'),
(353, 'jagdish M Mehta', '2020-02-28 19:12:37', '7022812870', '2020-02-28 19:12:37', '2020-02-28 21:03:09', 1, '1'),
(354, 'Paritosh Jagtap', '2020-02-28 19:12:38', '9511776737', '2020-02-28 19:12:38', '2020-02-28 19:14:15', 0, '91'),
(355, 'Radhika', '2020-02-28 19:16:19', '7200488857', '2020-02-28 19:16:19', '2020-02-28 19:40:20', 1, '91'),
(356, 'Rashmi Gupta', '2020-02-28 19:17:40', '09820295485', '2020-02-29 17:24:16', '2020-02-29 17:24:46', 1, '91'),
(357, 'Mrs Neela Taware', '2020-02-28 19:18:04', '9820970760', '2020-02-28 19:18:04', '2020-02-28 19:19:23', 0, '91'),
(358, 'Prashant', '2020-02-28 19:18:20', '9980014216', '2020-02-28 19:18:20', '2020-02-28 19:31:03', 1, '91'),
(359, 'Mirza yousuf ALIBAIG', '2020-02-28 19:18:54', '09490104298', '2020-02-28 19:18:54', '2020-02-28 20:57:14', 0, '91'),
(360, 'Yousuf uddin Mohammed', '2020-02-28 19:19:00', '9441965500', '2020-03-09 20:21:16', '2020-03-09 20:21:37', 0, '91'),
(361, 'Vishal Anand Herenz', '2020-02-28 19:19:08', '8945887779', '2020-02-28 19:19:08', '2020-02-28 20:54:05', 1, '91'),
(362, 'R k  Saxena', '2020-02-28 19:19:56', '8851049425', '2020-02-29 13:01:08', '2020-02-29 13:38:59', 1, '91'),
(363, 'sanjib  kumar mohanty', '2020-02-28 19:22:07', '9337121441', '2020-02-28 19:22:07', '2020-02-28 20:10:11', 1, '91'),
(364, 'TELUGU KUKKALA ANIL KUMAR', '2020-02-28 19:24:07', '09010172325', '2020-02-28 19:24:07', '2020-02-28 19:57:24', 0, '91'),
(365, 'Kappatan Chandran', '2020-02-28 19:24:12', '09496147229', '2020-02-28 19:24:12', '2020-02-28 21:07:44', 1, '91'),
(366, 'RAMESH ALAPATI', '2020-02-28 19:26:30', '9880434378', '2020-02-28 19:26:30', '2020-02-28 20:29:30', 1, '91'),
(367, 'Bibekananda', '2020-02-28 19:28:27', '7338899365', '2020-02-28 19:28:27', '2020-02-28 19:32:34', 0, '91'),
(368, 'Kasiviswanadhan V', '2020-02-28 19:28:40', '09840437145', '2020-02-29 20:06:20', '2020-02-29 20:35:28', 1, '91'),
(369, 'Jyotirmoy Choudhury', '2020-02-28 19:29:18', '9864077687', '2020-02-29 13:16:19', '2020-02-29 17:12:51', 1, '91'),
(370, 'Vadla ramesh', '2020-02-28 19:29:33', '9492050284', '2020-02-28 19:29:33', '2020-02-28 21:03:33', 1, '91'),
(371, 'D R Madhava Rao', '2020-02-28 19:30:49', '9849010828', '2020-02-28 19:30:49', '2020-02-28 20:11:50', 1, '91'),
(372, 'sabita ravichandran', '2020-02-28 19:30:57', '6504215433', '2020-02-29 14:39:03', '2020-02-29 15:54:04', 1, '1'),
(373, 'Suchit Singhal ', '2020-02-28 19:33:40', '7290096220', '2020-02-28 19:33:40', '2020-02-28 20:17:11', 1, '91'),
(374, 'Sunil Sutar', '2020-02-28 19:35:15', '9075911117', '2020-02-29 12:24:29', '2020-02-29 12:26:32', 0, '91'),
(375, 'Kalyani', '2020-02-28 19:36:35', '7276818211', '2020-02-28 19:36:35', '2020-02-28 19:42:36', 1, '376'),
(376, 'Nameet', '2020-02-28 19:38:09', '9821765850', '2020-03-01 18:42:28', '2020-03-01 19:25:29', 1, '91'),
(377, 'Perumal U', '2020-02-28 19:38:25', '9884620541', '2020-03-01 22:20:19', '2020-03-01 23:25:39', 1, '91'),
(378, 'K Nagaraja', '2020-02-28 19:38:55', '09900638398', '2020-02-28 19:38:55', '2020-02-28 20:06:27', 0, '354'),
(379, 'Devendra', '2020-02-28 19:40:05', '9376195888', '2020-02-28 19:40:05', '2020-02-28 19:41:06', 1, '91'),
(380, 'Ritu', '2020-02-28 19:41:08', '9881912049', '2020-02-28 19:41:08', '2020-02-28 22:25:45', 1, '91'),
(381, 'Radhika', '2020-02-28 19:42:10', '9489778888', '2020-02-28 19:42:10', '2020-02-28 20:51:50', 0, '91'),
(382, 'P V Rama Gopal', '2020-02-28 19:52:52', '9849382807', '2020-03-01 21:24:58', '2020-03-01 23:57:59', 1, '91'),
(383, 'Vivek', '2020-02-28 19:55:28', '9820342344', '2020-02-28 19:55:28', '2020-02-28 20:59:58', 1, '91'),
(384, 'Thomas Jacob', '2020-02-28 20:03:21', '9819027305', '2020-02-28 20:03:21', '2020-02-28 20:07:18', 0, '91'),
(385, 'K Krishna ', '2020-02-28 20:04:22', '9581006646', '2020-02-28 20:04:22', '2020-02-28 20:43:04', 1, '91'),
(386, 'K Nagaraja', '2020-02-28 20:04:34', '9900638398', '2020-03-01 18:29:13', '2020-03-01 20:10:43', 1, '91'),
(387, 'Neena soni', '2020-02-28 20:06:57', '9205376144', '2020-02-28 20:06:57', '2020-02-28 21:15:24', 1, '91'),
(388, 'Dr.kalyani ', '2020-02-28 20:12:15', '9000625453', '2020-02-28 20:12:15', '2020-02-28 21:51:16', 1, '91'),
(389, 'jitendra kumar sinha', '2020-02-28 20:13:46', '6201373998', '2020-02-28 20:13:46', '2020-02-28 21:05:17', 1, '91'),
(390, 'ajit', '2020-02-28 20:17:23', '9437151019', '2020-02-28 20:17:23', '2020-02-28 21:56:21', 1, '91'),
(391, 'RAJIV Kapoor', '2020-02-28 20:23:30', '9216519317', '2020-02-28 20:23:30', '2020-02-28 20:45:01', 1, '91'),
(392, 'Mani sundar', '2020-02-28 20:24:20', '9820539703', '2020-02-28 20:24:20', '2020-02-28 20:26:50', 1, '91'),
(393, 'Muralikrishnan', '2020-02-28 20:24:40', '9740539234', '2020-02-29 16:51:10', '2020-02-29 18:14:33', 1, '91'),
(394, 'Vaibhavi Budharkar', '2020-02-28 20:34:34', '09980014216', '2020-02-28 20:34:34', '2020-02-28 21:03:13', 1, '91'),
(395, 'Vaidehi ', '2020-02-28 20:40:32', '7982001387', '2020-02-28 20:40:32', '2020-02-28 22:00:57', 1, '91'),
(396, 'Sujatha ', '2020-02-28 20:41:25', '0507276510', '2020-02-29 17:50:26', '2020-02-29 18:17:09', 1, '971'),
(397, 'Radhika', '2020-02-28 20:54:05', '720048857', '2020-02-28 20:54:05', '2020-02-28 20:54:35', 1, '91'),
(398, 'Basavaraja H', '2020-02-28 21:17:50', '9019155886', '2020-02-28 21:17:50', '2020-02-28 21:37:20', 1, '91'),
(399, 'Pratiksha pathi', '2020-02-28 21:28:15', '992429115', '2020-02-28 21:28:15', '2020-02-28 21:44:46', 1, '91'),
(400, 'Rajeev', '2020-02-28 21:31:47', '09922956999', '2020-02-28 21:31:47', '2020-02-28 21:55:58', 1, '91'),
(401, 'D A B Vaninadh', '2020-02-28 21:39:40', '8985621592', '2020-02-28 21:39:40', '2020-02-28 21:46:41', 1, '91'),
(402, 'Poonam Goel', '2020-02-28 21:44:51', '569807278', '2020-02-28 21:44:51', '2020-02-28 22:14:00', 1, '966'),
(403, 'anu thomaas', '2020-02-28 21:51:24', '8645341988', '2020-02-28 21:51:24', '2020-02-28 22:11:25', 1, '91'),
(404, 'oommen', '2020-02-28 21:53:04', '8111950476', '2020-02-28 21:53:04', '2020-02-28 21:55:07', 1, '91'),
(405, 'K v v pavan kumar', '2020-02-28 22:59:04', '7702717471', '2020-02-29 17:52:04', '2020-02-29 18:23:35', 1, '91'),
(406, 'Piyush Garg', '2020-02-28 23:42:28', '9792960111', '2020-03-02 07:44:28', '2020-03-02 08:03:20', 1, '91'),
(407, 'Pamela Paris', '2020-02-29 03:08:01', '6047196314', '2020-02-29 03:08:01', '2020-02-29 03:09:02', 1, '61-8'),
(408, 'Ram kumar N', '2020-02-29 06:15:18', '09871024499', '2020-03-01 04:49:12', '2020-03-01 05:10:42', 1, '91'),
(409, 'Virendra Kumar Sharma', '2020-02-29 06:21:35', '9598955166', '2020-02-29 22:02:02', '2020-02-29 22:03:57', 0, '91'),
(410, 'Vidur Dutt', '2020-02-29 08:58:59', '9056466666', '2020-02-29 14:54:05', '2020-02-29 15:00:25', 1, '91'),
(411, 'Avinash ', '2020-02-29 09:19:14', '9891121007', '2020-02-29 09:19:14', '2020-02-29 09:21:22', 0, '91'),
(412, 'John Antony', '2020-02-29 09:34:13', '09773192247', '2020-02-29 09:34:13', '2020-02-29 09:35:45', 1, '91'),
(413, 'Akshat Jharia', '2020-02-29 11:00:43', '7204420017', '2020-02-29 11:00:43', '2020-02-29 12:48:43', 1, '91'),
(414, 'chandan kuiry', '2020-02-29 12:02:17', '7602421880', '2020-03-01 21:23:55', '2020-03-01 23:48:55', 1, '91'),
(415, 'CHAKILAM HEMACHANDER', '2020-02-29 12:07:28', '+19848345450', '2020-02-29 12:07:28', '2020-02-29 12:07:58', 1, '91'),
(416, 'Surbhi ', '2020-02-29 12:09:37', '6005017223 ', '2020-02-29 16:32:48', '2020-02-29 17:55:20', 1, '91'),
(417, 'Prathamesh Thombare', '2020-02-29 12:14:28', '8149759541', '2020-02-29 12:14:28', '2020-02-29 17:55:15', 0, '91'),
(418, 'ashim jain', '2020-02-29 12:18:11', '9198106487', '2020-02-29 12:18:11', '2020-02-29 13:26:12', 1, '91'),
(419, 'Piyush RUSTAGI', '2020-02-29 12:27:57', '07010909453', '2020-02-29 12:27:57', '2020-02-29 12:28:57', 1, '91'),
(420, 'Naveen Kumar Garg', '2020-02-29 12:39:29', '08587918379', '2020-03-02 11:25:26', '2020-03-02 11:30:58', 1, '91'),
(421, 'Lovekush', '2020-02-29 12:40:52', '9929202667', '2020-02-29 14:59:43', '2020-02-29 15:26:42', 1, '91'),
(422, 'Dhirendra Kanabar', '2020-02-29 12:42:07', '9825077306', '2020-02-29 14:11:50', '2020-02-29 14:21:25', 1, '91'),
(423, 'Bheemaiah MP ', '2020-02-29 12:49:24', '9900238461', '2020-02-29 17:00:58', '2020-02-29 18:58:22', 1, '91'),
(424, 'sravanthi ', '2020-02-29 12:51:49', '8522852278', '2020-03-05 09:09:40', '2020-03-05 09:10:10', 1, '91'),
(425, 'Mayur', '2020-02-29 12:53:23', '9820214315', '2020-02-29 14:36:49', '2020-02-29 14:52:50', 1, '91'),
(426, 'Sandhya', '2020-02-29 12:55:31', '9440252583', '2020-02-29 12:55:31', '2020-02-29 12:57:32', 1, '502'),
(427, 'Ritesh Rai', '2020-02-29 12:57:39', '7722053487', '2020-03-01 23:43:24', '2020-03-02 01:59:20', 1, '91'),
(428, 'N RAMKUMAR ', '2020-02-29 13:08:13', '9871024499', '2020-02-29 13:08:13', '2020-02-29 13:13:50', 1, '91'),
(429, 'Dhirendra ', '2020-02-29 13:14:25', '09825077306', '2020-02-29 13:14:25', '2020-02-29 13:59:02', 1, '91'),
(430, 'Mudasar sharieff', '2020-02-29 13:36:05', '09740511185', '2020-03-03 06:56:02', '2020-03-03 07:01:33', 1, '91'),
(431, 'B John Michael', '2020-02-29 13:46:49', '9885931540', '2020-02-29 13:46:49', '2020-02-29 17:29:41', 1, '91'),
(432, 'Deepak Nimburge', '2020-02-29 14:00:10', '9225305701', '2020-02-29 14:00:10', '2020-02-29 15:00:20', 1, '91'),
(433, 'Suresh Kumar', '2020-02-29 14:00:33', '9833973780', '2020-02-29 14:00:33', '2020-02-29 14:07:04', 1, '91'),
(434, 'Kasiviswanadhan', '2020-02-29 14:11:02', '9840437145', '2020-02-29 14:11:02', '2020-02-29 14:11:48', 0, '91'),
(435, 'Neelima ', '2020-02-29 14:14:31', '9000337741', '2020-02-29 16:07:02', '2020-02-29 16:07:32', 1, '91'),
(436, 'Palanichamy', '2020-02-29 14:28:43', '9842143105', '2020-02-29 20:04:06', '2020-02-29 20:05:23', 0, '91'),
(437, 'Vidur Dutt', '2020-02-29 14:37:40', '09056466666', '2020-02-29 14:37:40', '2020-02-29 14:52:10', 1, '91'),
(438, 'rajeev kumar', '2020-02-29 14:49:16', '9717866861', '2020-02-29 14:49:16', '2020-02-29 17:18:17', 1, '91');
INSERT INTO `tbl_users` (`id`, `name`, `reg_date`, `mobile_num`, `login_date`, `logout_date`, `logout_status`, `cntry_code`) VALUES
(439, 'Hina', '2020-02-29 15:00:41', '543451965', '2020-02-29 15:00:41', '2020-02-29 15:01:03', 0, '971'),
(440, 'Harinath seelam', '2020-02-29 15:09:42', '09445242191', '2020-03-02 17:42:55', '2020-03-02 17:45:01', 1, '91'),
(441, 'leena', '2020-02-29 15:10:53', '9535290522', '2020-02-29 16:53:02', '2020-02-29 17:23:33', 1, '91'),
(442, 'Ramanjaneylu sake', '2020-02-29 15:32:44', '9182239069', '2020-03-03 10:55:01', '2020-03-03 10:55:31', 1, '91'),
(443, 'Mahantesh Kamate', '2020-02-29 16:15:23', '09535353637', '2020-02-29 16:15:23', '2020-02-29 16:20:55', 1, '91'),
(444, 'Teja Lotlikar', '2020-02-29 16:23:34', '09922891498', '2020-02-29 16:23:34', '2020-02-29 16:30:36', 0, '91'),
(445, 'Rakesh', '2020-02-29 16:35:54', '9920040936', '2020-02-29 16:35:54', '2020-02-29 19:28:56', 1, '91'),
(446, 'ekta rai', '2020-02-29 16:52:24', '9850967654', '2020-02-29 16:57:38', '2020-02-29 16:59:13', 1, '91'),
(447, 'Vasudeva rao', '2020-02-29 16:56:24', '9845594731', '2020-02-29 16:56:24', '2020-02-29 17:34:09', 1, '91'),
(448, 'Usha Vinod', '2020-02-29 17:00:38', '09632711151', '2020-02-29 17:00:38', '2020-02-29 17:03:08', 1, '91'),
(449, 'vidyasagar', '2020-02-29 17:30:48', '9490168645', '2020-02-29 17:30:48', '2020-02-29 21:37:25', 1, '91'),
(450, 'Major.Mondithoka.Supremakar', '2020-02-29 18:12:36', '9246186484', '2020-03-01 23:31:24', '2020-03-02 00:21:55', 1, '91'),
(451, 'Yugandhar Sarraju', '2020-02-29 18:25:49', '09121104520', '2020-02-29 18:25:49', '2020-02-29 18:49:49', 1, '91'),
(452, 'saraswathi', '2020-02-29 18:44:50', '9959559828', '2020-02-29 18:44:50', '2020-02-29 21:43:00', 0, '91'),
(453, 'Amandeep Rupaal', '2020-02-29 18:54:15', '9679724515', '2020-02-29 18:54:15', '2020-02-29 21:38:51', 1, '91'),
(454, 'Mamta Ashish Bhatt', '2020-02-29 19:46:53', '700124972', '2020-02-29 19:46:53', '2020-02-29 19:48:25', 1, '91'),
(455, 'palanichamy', '2020-02-29 19:50:07', '9842143205', '2020-02-29 19:50:07', '2020-02-29 20:05:49', 1, '91'),
(456, 'Ruchika ', '2020-02-29 19:54:50', '9987360544', '2020-02-29 19:54:50', '2020-02-29 19:55:20', 1, '91'),
(457, 'Kavita Ravi', '2020-02-29 21:42:41', '9620659125', '2020-02-29 21:42:41', '2020-03-01 00:14:12', 1, '91'),
(458, 'Shreenath Deshpande', '2020-02-29 22:16:48', '09880384823', '2020-02-29 22:16:48', '2020-02-29 22:26:00', 1, '91'),
(459, 'Matta satyanarayan', '2020-02-29 22:18:24', '9425295602', '2020-02-29 22:18:24', '2020-02-29 22:18:54', 1, '91'),
(460, 'Vijayalakshmi Nagappan ', '2020-02-29 23:20:53', '0012486241861', '2020-02-29 23:20:53', '2020-02-29 23:30:05', 1, '1'),
(461, 'Smita Rajendra Chaphekar', '2020-02-29 23:42:16', '9769105052', '2020-03-01 13:59:20', '2020-03-01 14:01:21', 1, '91'),
(462, 'Srinivas Nalluri', '2020-03-01 10:15:47', '9986852802', '2020-03-01 10:15:47', '2020-03-01 10:38:48', 1, '91'),
(463, 'Prasad Mopkar', '2020-03-01 10:30:24', '8806838712', '2020-03-01 10:30:24', '2020-03-01 10:30:54', 1, '91'),
(464, 'Kalyani', '2020-03-01 11:35:45', '7276818211', '2020-03-01 11:35:45', '2020-03-01 11:41:47', 1, '62'),
(465, 'Vamsi kakileti', '2020-03-01 11:36:53', '8792365099', '2020-03-01 11:36:53', '2020-03-01 14:13:27', 1, '91'),
(466, 'Padma ravindar', '2020-03-01 12:07:31', '9481474924', '2020-03-01 12:39:57', '2020-03-01 13:37:03', 1, '91'),
(467, 'Poonam Tiwari', '2020-03-01 12:19:30', '9425898051', '2020-03-01 22:17:11', '2020-03-01 23:20:48', 1, '91'),
(468, 'Asif Iqbal J Pathan', '2020-03-01 12:20:54', '8105865302', '2020-03-01 12:20:54', '2020-03-02 00:30:04', 1, '91'),
(469, 'Abhishek Tripathi', '2020-03-01 12:51:52', '7654649839', '2020-03-01 13:23:14', '2020-03-01 13:58:45', 1, '1'),
(470, 'Sudheendranath K', '2020-03-01 13:14:29', '9900900662', '2020-03-01 13:14:29', '2020-03-01 13:25:12', 1, '91'),
(471, 'Prakasam miriyala', '2020-03-01 14:15:42', '9866695133 ', '2020-03-01 19:03:38', '2020-03-01 19:05:38', 1, '91'),
(472, 'Jasmine', '2020-03-01 14:59:01', '9790990374', '2020-03-01 15:11:29', '2020-03-01 16:27:10', 1, '91'),
(473, 'veerana goud', '2020-03-01 15:24:19', '9448283651', '2020-03-01 15:24:19', '2020-03-01 18:31:49', 1, '91'),
(474, 'Renu Agrawal', '2020-03-01 15:54:36', '7974632186', '2020-03-14 07:18:42', '2020-03-14 07:20:13', 1, '91'),
(475, 'Pramod Kumar', '2020-03-01 15:56:17', '9002080781', '2020-03-01 16:50:24', '2020-03-01 17:42:49', 0, '91'),
(476, 'Swarup k manna', '2020-03-01 16:04:59', '9433092894', '2020-03-01 16:04:59', '2020-03-01 16:06:30', 1, '91'),
(477, 'P v k s kameswara rao ', '2020-03-01 16:16:02', '9000455454', '2020-03-01 16:16:02', '2020-03-01 16:19:06', 1, '91'),
(478, 'Prabhakar Chikkegowda', '2020-03-01 16:23:05', '9611917824', '2020-03-01 22:27:25', '2020-03-01 22:29:26', 1, '91'),
(479, 'Sanjeev kumar', '2020-03-01 16:57:04', '09897456479', '2020-03-01 16:57:04', '2020-03-01 17:02:06', 1, '91'),
(480, 'Ajit', '2020-03-01 19:03:59', '7066776773', '2020-03-01 19:03:59', '2020-03-01 19:16:00', 1, '91'),
(481, 'Sudhir', '2020-03-01 19:07:10', '9717156352', '2020-03-01 19:15:53', '2020-03-01 23:39:36', 1, '91'),
(482, 'Saurabh Banerjee', '2020-03-01 19:55:21', '09999850868', '2020-03-01 19:55:21', '2020-03-01 19:56:22', 1, '91'),
(483, 'S Dharmendra y', '2020-03-01 20:44:49', '9976627291', '2020-03-01 20:44:49', '2020-03-01 20:46:49', 1, '91'),
(484, 'RAGHURAMAN  NAGARAJAN', '2020-03-01 21:26:16', '09480183353', '2020-03-01 21:26:16', '2020-03-01 21:26:46', 1, '91'),
(485, 'sesha phani', '2020-03-01 21:39:10', '7760405931', '2020-03-01 21:39:10', '2020-03-01 21:54:56', 1, '91'),
(486, 'Basha', '2020-03-01 22:26:20', '9177184623', '2020-03-01 22:27:24', '2020-03-01 22:27:54', 1, '91'),
(487, 'Meera Sunil Prabhakar', '2020-03-01 22:44:32', '9008058000', '2020-03-02 14:02:25', '2020-03-02 14:02:55', 1, '91'),
(488, 'Madhusudan ', '2020-03-01 23:55:39', '9902912203 ', '2020-03-03 13:45:54', '2020-03-03 13:46:03', 0, '91'),
(489, 'Sheshasaayee JG', '2020-03-02 06:33:58', '09677153399', '2020-03-02 06:33:58', '2020-03-02 06:56:43', 1, '91'),
(490, 'Pawan', '2020-03-02 08:17:47', '1223456677', '2020-03-02 08:17:47', '2020-03-02 08:19:18', 1, '93'),
(491, 'Shankar Nikalje', '2020-03-02 09:21:30', '9404790114', '2020-03-02 09:21:30', '2020-03-02 09:25:02', 1, '91'),
(492, 'Kalyani', '2020-03-02 13:22:37', '8925137772', '2020-03-02 13:22:37', '2020-03-02 13:25:37', 1, '91'),
(493, 'Lalit Narayan sahoo', '2020-03-02 21:05:50', '9971498470', '2020-03-02 21:10:50', '2020-03-02 21:17:24', 1, '91'),
(494, 'P k Jain', '2020-03-03 10:45:03', '09926782236', '2020-03-03 10:45:03', '2020-03-03 10:45:33', 1, '91'),
(495, 'Kattaswamy', '2020-03-03 15:31:36', '09535096436', '2020-03-03 15:31:36', '2020-03-03 15:32:06', 1, '91'),
(496, 'Vivek Katara', '2020-03-03 18:51:13', '08178713606', '2020-03-03 18:51:13', '2020-03-03 18:51:43', 1, '91'),
(497, 'Amjad hussain', '2020-03-04 17:05:42', '9342002900', '2020-03-04 17:05:42', '2020-03-04 17:07:13', 1, '91'),
(498, 'Binu John', '2020-03-04 17:53:58', '9995044344', '2020-03-04 17:53:58', '2020-03-04 17:54:28', 1, '91'),
(499, 'Sumatha', '2020-03-04 22:01:38', '09448772130', '2020-03-04 22:01:38', '2020-03-04 22:02:08', 1, '91'),
(500, 'Dr.Bhakti', '2020-03-04 23:24:09', '9503734459', '2020-03-04 23:24:09', '2020-03-04 23:25:09', 1, '91'),
(501, 'Sabira', '2020-03-05 04:44:15', '8197524972', '2020-03-05 04:44:15', '2020-03-05 04:44:26', 0, '91'),
(502, 'Bharti kumari', '2020-03-06 09:44:10', '80801 75454', '2020-03-06 10:20:48', '2020-03-06 10:21:18', 1, '91'),
(503, 'Vishwanath Saibaba', '2020-03-06 12:07:56', '9844454383', '2020-03-06 12:08:59', '2020-03-06 12:09:29', 1, '91'),
(504, 'SHYAMAL DAS', '2020-03-16 19:32:29', '9856322104', '2020-03-16 19:32:29', '2020-03-16 19:38:31', 1, '91'),
(505, 'DHIVAKAR', '2020-03-19 08:07:40', '8050607356', '2020-03-19 08:07:40', '2020-03-19 08:10:12', 1, '91'),
(506, 'Dr Asad Masih', '2020-04-04 07:55:10', '9810572049', '2020-04-04 07:55:10', '2020-04-04 07:57:11', 1, '91');

--
-- Indexes for dumped tables
--

--
-- Indexes for table `tbl_questions`
--
ALTER TABLE `tbl_questions`
  ADD PRIMARY KEY (`id`);

--
-- Indexes for table `tbl_users`
--
ALTER TABLE `tbl_users`
  ADD PRIMARY KEY (`id`);

--
-- AUTO_INCREMENT for dumped tables
--

--
-- AUTO_INCREMENT for table `tbl_questions`
--
ALTER TABLE `tbl_questions`
  MODIFY `id` int(11) NOT NULL AUTO_INCREMENT, AUTO_INCREMENT=389;
--
-- AUTO_INCREMENT for table `tbl_users`
--
ALTER TABLE `tbl_users`
  MODIFY `id` int(3) NOT NULL AUTO_INCREMENT, AUTO_INCREMENT=507;
/*!40101 SET CHARACTER_SET_CLIENT=@OLD_CHARACTER_SET_CLIENT */;
/*!40101 SET CHARACTER_SET_RESULTS=@OLD_CHARACTER_SET_RESULTS */;
/*!40101 SET COLLATION_CONNECTION=@OLD_COLLATION_CONNECTION */;
