-- phpMyAdmin SQL Dump
-- version 4.6.6deb5ubuntu0.5
-- https://www.phpmyadmin.net/
--
-- Host: localhost:3306
-- Generation Time: Feb 09, 2022 at 06:51 AM
-- Server version: 5.7.36-0ubuntu0.18.04.1
-- PHP Version: 7.2.24-0ubuntu0.18.04.10

SET SQL_MODE = "NO_AUTO_VALUE_ON_ZERO";
SET time_zone = "+00:00";


/*!40101 SET @OLD_CHARACTER_SET_CLIENT=@@CHARACTER_SET_CLIENT */;
/*!40101 SET @OLD_CHARACTER_SET_RESULTS=@@CHARACTER_SET_RESULTS */;
/*!40101 SET @OLD_COLLATION_CONNECTION=@@COLLATION_CONNECTION */;
/*!40101 SET NAMES utf8mb4 */;

--
-- Database: `coact_ffd_26june`
--

-- --------------------------------------------------------

--
-- Table structure for table `tbl_countries`
--

CREATE TABLE `tbl_countries` (
  `country` varchar(43) DEFAULT NULL,
  `cntry_code` varchar(5) DEFAULT NULL
) ENGINE=MyISAM DEFAULT CHARSET=utf8;

--
-- Dumping data for table `tbl_countries`
--

INSERT INTO `tbl_countries` (`country`, `cntry_code`) VALUES
('Afghanistan', '93'),
('Albania', '355'),
('Algeria', '213'),
('American Samoa', '1-684'),
('Andorra', '376'),
('Angola', '244'),
('Anguilla', '1-264'),
('Antarctica', '672'),
('Antigua', '1-268'),
('Argentina', '54'),
('Armenia', '374'),
('Aruba', '297'),
('Ascension', '247'),
('Australia', '61'),
('Australian External Territories', '672'),
('Austria', '43'),
('Azerbaijan', '994'),
('Bahamas', '1-242'),
('Bahrain', '973'),
('Bangladesh', '880'),
('Barbados', '1-246'),
('Barbuda', '1-268'),
('Belarus', '375'),
('Belgium', '32'),
('Belize', '501'),
('Benin', '229'),
('Bermuda', '1-441'),
('Bhutan', '975'),
('Bolivia', '591'),
('Bosnia & Herzegovina', '387'),
('Botswana', '267'),
('Brazil', '55'),
('British Virgin Islands', '1-284'),
('Brunei Darussalam', '673'),
('Bulgaria', '359'),
('Burkina Faso', '226'),
('Burundi', '257'),
('Cambodia', '855'),
('Cameroon', '237'),
('Canada', '1'),
('Cape Verde Islands', '238'),
('Cayman Islands', '1-345'),
('Central African Republic', '236'),
('Chad', '235'),
('Chatham Island (New Zealand)', '64'),
('Chile', '56'),
('China (PRC)', '86'),
('Christmas Island', '61-8'),
('', ''),
('Cocos-Keeling Islands', '61'),
('Colombia', '57'),
('Comoros', '269'),
('Congo', '242'),
('Congo, Dem. Rep. of?', '243'),
('Cook Islands', '682'),
('Costa Rica', '506'),
('C?te d\'Ivoire', '225'),
('Croatia', '385'),
('Cuba', '53'),
('Cuba', '5399'),
('Cura?ao', '599'),
('Cyprus', '357'),
('Czech Republic', '420'),
('Denmark', '45'),
('Diego Garcia', '246'),
('Djibouti', '253'),
('Dominica', '1-767'),
('Dominican Republic', '1-809'),
('East Timor', '670'),
('Easter Island', '56'),
('Ecuador', '593'),
('Egypt', '20'),
('El Salvador', '503'),
('Equatorial Guinea', '240'),
('Eritrea', '291'),
('Estonia', '372'),
('Ethiopia', '251'),
('Falkland Islands', '500'),
('Faroe Islands', '298'),
('Fiji Islands', '679'),
('Finland', '358'),
('France', '33'),
('French Antilles', '596'),
('French Guiana', '594'),
('French Polynesia', '689'),
('Gabonese Republic', '241'),
('Gambia', '220'),
('Georgia', '995'),
('Germany', '49'),
('Ghana', '233'),
('Gibraltar', '350'),
('Greece', '30'),
('Greenland', '299'),
('Grenada', '1-473'),
('Guadeloupe', '590'),
('Guam', '1-671'),
('Guantanamo Bay', '5399'),
('Guatemala', '502'),
('Guinea-Bissau', '245'),
('Guinea', '224'),
('Guyana', '592'),
('Haiti', '509'),
('Honduras', '504'),
('Hong Kong', '852'),
('Hungary', '36'),
('Iceland', '354'),
('India', '91'),
('Indonesia', '62'),
('Inmarsat (Atlantic Ocean - East)', '871'),
('Inmarsat (Atlantic Ocean - West)', '874'),
('Inmarsat (Indian Ocean)', '873'),
('Inmarsat (Pacific Ocean)', '872'),
('International Freephone Service', '800'),
('International Shared Cost Service (ISCS)', '808'),
('Iran', '98'),
('Iraq', '964'),
('Ireland', '353'),
('Iridium', '8816'),
('Israel', '972'),
('Italy', '39'),
('Jamaica', '1-876'),
('Japan', '81'),
('Jordan', '962'),
('Kazakhstan', '7'),
('Kenya', '254'),
('Kiribati', '686'),
('Korea (North)', '850'),
('Korea (South)', '82'),
('Kuwait', '965'),
('Kyrgyz Republic', '996'),
('Laos', '856'),
('Latvia', '371'),
('Lebanon', '961'),
('Lesotho', '266'),
('Liberia', '231'),
('Libya', '218'),
('Liechtenstein', '423'),
('Lithuania', '370'),
('Luxembourg', '352'),
('Macao', '853'),
('Macedonia', '389'),
('Madagascar', '261'),
('Malawi', '265'),
('Malaysia', '60'),
('Maldives', '960'),
('Mali Republic', '223'),
('Malta', '356'),
('Marshall Islands', '692'),
('Martinique', '596'),
('Mauritania', '222'),
('Mauritius', '230'),
('Mayotte Island', '269'),
('Mexico', '52'),
('Micronesia, (Federal States of)', '691'),
('Midway Island', '1-808'),
('Moldova', '373'),
('Monaco', '377'),
('Mongolia', '976'),
('Montenegro', '382'),
('Montserrat', '1-664'),
('Morocco', '212'),
('Mozambique', '258'),
('Myanmar', '95'),
('Namibia', '264'),
('Nauru', '674'),
('Nepal', '977'),
('Netherlands', '31'),
('Netherlands Antilles', '599'),
('Nevis', '1-869'),
('New Caledonia', '687'),
('New Zealand', '64'),
('Nicaragua', '505'),
('Niger', '227'),
('Nigeria', '234'),
('Niue', '683'),
('Norfolk Island', '672'),
('Northern Marianas Islands', '1-670'),
('', ''),
('Norway', '47'),
('Oman', '968'),
('Pakistan', '92'),
('Palau', '680'),
('Palestinian Settlements', '970'),
('Panama', '507'),
('Papua New Guinea', '675'),
('Paraguay', '595'),
('Peru', '51'),
('Philippines', '63'),
('Poland', '48'),
('Portugal', '351'),
('Puerto Rico', '1-787'),
('Qatar', '974'),
('R?union Island', '262'),
('Romania', '40'),
('Russia', '7'),
('Rwandese Republic', '250'),
('St. Helena', '290'),
('St. Kitts/Nevis', '1-869'),
('St. Lucia', '-757'),
('St. Pierre & Miquelon', '508'),
('St. Vincent & Grenadines', '1-784'),
('Samoa', '685'),
('San Marino', '378'),
('S?o Tom? and Principe', '239'),
('Saudi Arabia', '966'),
('Senegal', '221'),
('Serbia', '381'),
('Seychelles Republic', '248'),
('Sierra Leone', '232'),
('Singapore', '65'),
('Slovak Republic', '421'),
('Slovenia', '386'),
('Solomon Islands', '677'),
('Somali Democratic Republic', '252'),
('South Africa', '27'),
('Spain', '34'),
('Sri Lanka', '94'),
('Sudan', '249'),
('Suriname', '597'),
('Swaziland', '268'),
('Sweden', '46'),
('Switzerland', '41'),
('Syria', '963'),
('Taiwan', '886'),
('Tajikistan', '992'),
('Tanzania', '255'),
('Thailand', '66'),
('Thuraya (Mobile Satellite service)', '88216'),
('Timor Leste', '670'),
('Togolese Republic', '228'),
('Tokelau', '690'),
('Tonga Islands', '676'),
('Trinidad & Tobago', '1-868'),
('Tunisia', '216'),
('Turkey', '90'),
('Turkmenistan', '993'),
('Turks and Caicos Islands', '1-649'),
('Tuvalu', '688'),
('Uganda', '256'),
('Ukraine', '380'),
('United Arab Emirates', '971'),
('United Kingdom', '44'),
('United States of America', '1'),
('US Virgin Islands', '1-340'),
('Universal Personal Telecommunications (UPT)', '878'),
('Uruguay', '598'),
('Uzbekistan', '998'),
('Vanuatu', '678'),
('Vatican City', '39'),
('Venezuela', '58'),
('Vietnam', '84'),
('Wake Island', '808');

-- --------------------------------------------------------

--
-- Table structure for table `tbl_questions`
--

CREATE TABLE `tbl_questions` (
  `id` int(11) NOT NULL,
  `user_batch` varchar(10) NOT NULL,
  `user_name` varchar(255) NOT NULL,
  `user_phone` varchar(15) NOT NULL,
  `user_question` varchar(500) NOT NULL,
  `asked_at` datetime NOT NULL,
  `user_code` varchar(10) NOT NULL,
  `speaker` int(11) NOT NULL DEFAULT '0',
  `answered` int(11) NOT NULL DEFAULT '0',
  `eventname` varchar(50) NOT NULL,
  `responded` int(11) DEFAULT '0',
  `doctor` int(11) DEFAULT '0',
  `diet` int(11) DEFAULT '0',
  `exercise` int(11) DEFAULT '0',
  `mentor` int(11) DEFAULT '0',
  `operations` int(11) DEFAULT '0',
  `remark` varchar(250) DEFAULT NULL
) ENGINE=MyISAM DEFAULT CHARSET=latin1;

--
-- Dumping data for table `tbl_questions`
--

INSERT INTO `tbl_questions` (`id`, `user_batch`, `user_name`, `user_phone`, `user_question`, `asked_at`, `user_code`, `speaker`, `answered`, `eventname`, `responded`, `doctor`, `diet`, `exercise`, `mentor`, `operations`, `remark`) VALUES
(1, 'batch60', 'Dr Badarinarayan', '9480182396', 'Ini, kIiixkIikoiiiiiix,, b,, I, ini, ixbxkixik, bxk, xiiki, iii, i, xnxIxix, ik, niki, kkv, ik, n,, I, ii, ix, j, xk, I, k, j, ji, I, jx j, inx, ixi, ndi, xjixjxkk, kxj, ii,, I, ix, i', '2021-06-25 08:30:04', '91', 0, 0, 'ffdirp211120', 0, 0, 0, 0, 0, 0, NULL),
(2, 'batch60', 'Prathiba Ashokkumar ', '8939679567', 'Dr. Thanks you for bringing me out of my fear about Diabetics. And also releaf from medicine. After stopping medicine i was happy that my Sugar level was normal. But now again my fasting Sugar is above 100...below 150..shud I continue to take medicine or some home remedy. ', '2021-06-26 11:06:12', '', 0, 0, 'ffdirp211120', 0, 0, 0, 0, 0, 0, NULL),
(3, 'batch60', 'Jayant patil ', '9820073751', 'Dr with my best efforts,and following all your protocol  I have not been able to reverse my diabetes.\r\nWhat should I do now???', '2021-06-26 16:42:56', '91', 0, 0, 'ffdirp211120', 0, 0, 0, 0, 0, 0, NULL),
(4, 'batch60', 'Prathiba Ashokkumar ', '8939679567', 'Dr. Was on medication and stopped after joining FFD. I\'m following the regular diet and exercise but after a few months my fasting Sugar is not coming below 100. I\'m also taking BPmed.', '2021-06-26 16:51:01', '', 0, 0, 'ffdirp211120', 0, 0, 0, 0, 0, 0, NULL),
(5, 'batch60', 'Bijay Kedia', '9437016426', 'GOOD EVENING SIR\r\nWE HAVE GREAT JOURNEY AND A VERY GOOD EXPERIENCE AND A HUGE TO LEARN ABOUT DAIBETIC', '2021-06-26 17:44:56', '91', 0, 0, 'ffdirp211120', 0, 0, 0, 0, 0, 0, NULL),
(6, 'batch60', 'Bijay Kedia', '9437016426', 'Sir still my medicine is continue I m not free from medicine, so how I will get the communication with ffd and I can directly contact with Dr PROMOD TRIPATHI SIR DIRECTLY', '2021-06-26 17:47:41', '91', 0, 0, 'ffdirp211120', 0, 0, 0, 0, 0, 0, NULL),
(7, 'batch60', 'Bijay Kedia', '9437016426', 'I m ready to pay the fees of Dr PROMOD TRIPATHI SIR but I want direct contact in a month or two for counseling for my own satisfaction', '2021-06-26 17:49:00', '91', 0, 0, 'ffdirp211120', 0, 0, 0, 0, 0, 0, NULL),
(8, 'batch60', 'Bijay Kedia', '9437016426', 'I m very grateful to entire ffd team they are doing a treamondous work for the daibatetions ', '2021-06-26 17:50:19', '91', 0, 0, 'ffdirp211120', 0, 0, 0, 0, 0, 0, NULL),
(9, 'batch60', 'Bijay Kedia', '9437016426', 'Whene I joined ffd I was very afraid of DAIBETIC', '2021-06-26 17:50:58', '91', 0, 0, 'ffdirp211120', 0, 0, 0, 0, 0, 0, NULL),
(10, 'batch60', 'Bijay Kedia', '9437016426', 'But ffd made me friendly teaching how to handle DAIBETIC', '2021-06-26 17:51:37', '91', 0, 0, 'ffdirp211120', 0, 0, 0, 0, 0, 0, NULL),
(11, 'batch60', 'Bijay Kedia', '9437016426', 'Sir I want to continue with ffd one year more', '2021-06-26 17:52:05', '91', 0, 0, 'ffdirp211120', 0, 0, 0, 0, 0, 0, NULL),
(12, 'batch60', 'Renu Varma', '9920228501', 'I canâ€™t play the video', '2021-06-26 18:06:28', '', 0, 0, 'ffdirp211120', 0, 0, 0, 0, 0, 0, NULL),
(13, 'batch60', 'Prathiba Ashokkumar ', '8939679567', 'SHOULD WE CONTINUE AS VEGAN', '2021-06-26 18:16:43', '', 0, 0, 'ffdirp211120', 0, 0, 0, 0, 0, 0, NULL),
(14, 'batch60', 'Renu Varma', '9920228501', 'I m 75. My weight is now51 kg. I m still taking 2 metmorfine tablets. Any chance can my tablet will become less or can stop. I m taking glycomet 500 SR twice ', '2021-06-26 18:20:38', '', 0, 0, 'ffdirp211120', 0, 0, 0, 0, 0, 0, NULL),
(15, 'batch60', 'P Venkateswara Rao', '8333887888', 'Due to personal reasons I could follow FFD Protocol strictcly for first 4 Months, and later I couldn\'t follow .I want to continue now..pls help and advise..', '2021-06-26 18:25:07', '91', 0, 0, 'ffdirp211120', 0, 0, 0, 0, 0, 0, NULL),
(16, 'batch60', 'Shreekant Oka', '9819494262', 'Is it possible to meet in person with appointment?', '2021-06-26 18:27:47', '91', 0, 0, 'ffdirp211120', 0, 0, 0, 0, 0, 0, NULL),
(17, 'batch60', 'Utpal Kapadia', '7324239991', 'Sir, till how long we will have access to FFD resources - FFD App, some consultation support as we continue our journey in becoming independent. ', '2021-06-26 18:29:37', '1', 0, 0, 'ffdirp211120', 0, 0, 0, 0, 0, 0, NULL),
(18, 'batch60', 'Sushama Rege', '9920101953', 'How to go ahead should we keep doing all three sugars & in short H1bh', '2021-06-26 18:30:42', '', 0, 0, 'ffdirp211120', 0, 0, 0, 0, 0, 0, NULL),
(19, 'batch60', 'Sudarshana P V', '8884049944', 'When I select India it was not possible to log in. Pls check and correct the same. ', '2021-06-26 18:30:52', '93', 0, 0, 'ffdirp211120', 0, 0, 0, 0, 0, 0, NULL),
(20, 'batch60', 'Jayant patil', '09820073751', 'Dr, I have religiously followed all your instructions and protocol  but my diabetes has not reversed.\r\nWhat should I do now???', '2021-06-26 18:31:01', '91', 0, 0, 'ffdirp211120', 0, 0, 0, 0, 0, 0, NULL),
(21, 'batch60', 'Santosh Basumatary ', '9435110338', 'My bmi is 17,5  fasting insulin is .9 cpeptide is 1.06 . Taking no medicine . Can my pancreas be revived.', '2021-06-26 18:31:05', '', 0, 0, 'ffdirp211120', 0, 0, 0, 0, 0, 0, NULL),
(22, 'batch60', 'Salil Saxena ', '9886163121', 'I had Covid , sugar level has increased after that \r\n\r\nWhat is the guidelines fo people like us ?', '2021-06-26 18:31:53', '', 0, 0, 'ffdirp211120', 0, 0, 0, 0, 0, 0, NULL),
(23, 'batch60', 'Poonam Consul ', '9740069319', 'Maintaining the weight loss will be a challenge. Any recommendations on that?', '2021-06-26 18:31:55', '', 0, 0, 'ffdirp211120', 0, 0, 0, 0, 0, 0, NULL),
(24, 'batch60', 'Anand Maheshwari', '09873140454', 'Good Evening Doc. The best decision of my life was to join FFD. It had brought out a new me in me, Thanks from the core of my heart. ', '2021-06-26 18:32:09', '91', 0, 0, 'ffdirp211120', 0, 0, 0, 0, 0, 0, NULL),
(25, 'batch60', 'aarti karia ', '9016087987', 'can anyone skip breakfast forever to become free from 1 insulin in type 1?', '2021-06-26 18:32:31', '91', 0, 0, 'ffdirp211120', 0, 0, 0, 0, 0, 0, NULL),
(26, 'batch60', 'Sushama Rege', '9920101953', 'Thanks Doctor for I achieved after one year.Iâ€™m now mentoring ', '2021-06-26 18:33:25', '', 0, 0, 'ffdirp211120', 0, 0, 0, 0, 0, 0, NULL),
(27, 'batch60', 'Poonam Consul ', '9740069319', 'We still have to have our last blood test. Is it going to be recommended next month??', '2021-06-26 18:33:55', '', 0, 0, 'ffdirp211120', 0, 0, 0, 0, 0, 0, NULL),
(28, 'batch60', 'Sham Aloney', '8425692970', 'I want to extend my app support. Please give message in group to do this with charges. Thank you Promod Sir for stopping my 42 units insulin which I was taking for last 25 years. May God bless you ', '2021-06-26 18:33:55', '', 0, 0, 'ffdirp211120', 0, 0, 0, 0, 0, 0, NULL),
(29, 'batch60', 'KUSHRAJ PATIL', '9538894172', 'Kushraj & Priya here: Thanks for being associated with FFD, really it was an pleasant journey. We are out with Insulin and reduced medicine, even for some time medicine stopped, but in 4th phase it was restarted. We are ok with this, but we have improved our health, fitness and happiness. We need to reconnect or continue with FFD for medical support & other important area, please advise with special package.  ', '2021-06-26 18:41:52', '91', 0, 0, 'ffdirp211120', 0, 0, 0, 0, 0, 0, NULL),
(30, 'batch60', 'SALONI CHAUDHARY', '9767003456', 'How your program useful for Type1? Proper Diet & Exercise are the key but No Reversal possible right?', '2021-06-26 18:42:19', '', 0, 0, 'ffdirp211120', 0, 0, 0, 0, 0, 0, NULL),
(31, 'batch60', 'Deepali Chougale', '9916692950', 'Got covid in april. Now sugars are full put of control Hba1c is 9. Weight has also increased.  Feel very weak . No energy. Should i do fasting and is it recommended. ', '2021-06-26 18:44:52', '', 0, 0, 'ffdirp211120', 0, 0, 0, 0, 0, 0, NULL),
(32, 'batch60', 'Aashwina Mouli', '9820417717', 'Aashwina Chandramouli - My data is wrong doc. I wasn\'t on insulin. I am on meds ( low level meds ) . Please correct the ppt. ', '2021-06-26 18:46:08', '', 0, 0, 'ffdirp211120', 0, 0, 0, 0, 0, 0, NULL),
(33, 'batch60', 'Radha krishnan  Raja mohan', '93457043', 'Hello Good evening Doctor . \r\nCongratulations . Great work.\r\n\r\nMy Hb A1c is 5. \r\nGTT is fasting 103.8\r\nAfter 1 hour 182.8\r\nAfter 2 hours 153.00\r\nPlease advice.\r\n2. Do I continue with smoothie and all other diet protocol and exercises.\r\n3. ', '2021-06-26 18:48:21', '228', 0, 0, 'ffdirp211120', 0, 0, 0, 0, 0, 0, NULL),
(34, 'batch60', 'Radha krishnan  Raja mohan', '93457043', 'Cant hear', '2021-06-26 18:50:19', '228', 0, 0, 'ffdirp211120', 0, 0, 0, 0, 0, 0, NULL),
(35, 'batch60', 'Vimla Sinha', '9811534344', 'How do i proceed hereafter. I have not been successful in getting rid of medicines, a little disappointing. I have not taken  2nd & further consultations, how do i do that now.  How to remain in touch?', '2021-06-26 18:53:55', '91', 0, 0, 'ffdirp211120', 0, 0, 0, 0, 0, 0, NULL),
(36, 'batch60', 'M Prakash Sankhla', '09948134585', 'Radhe radhe sir ðŸ™\r\nYe year mae toh kuch nahi hua, table increase hogaya.kya hum ek aur year de apne aap ko FFD group ke saath ?\r\nMai ne apna 100% diya ðŸ˜Š\r\n', '2021-06-26 18:54:54', '', 0, 0, 'ffdirp211120', 0, 0, 0, 0, 0, 0, NULL),
(37, 'batch60', 'Pista harkawat', '8003732564', 'I had diabetes from last 20 years.\r\nBMI 21 \r\nMy weight is reduced 10 kg but i want to gain weight\r\nMy 40mg dose is left\r\nMy HBAIC is 6.7\r\nNow ahead  how i have to follow?\r\nHow many days i have to do exercises.\r\nHow much time i need to follow food protocol?', '2021-06-26 18:55:51', '', 0, 0, 'ffdirp211120', 0, 0, 0, 0, 0, 0, NULL),
(38, 'batch60', 'Srinivas Vangala', '9371282495', 'One year ago,  I was swallowing 6 tablets every day for controlling blood sugar, BP, Chlesterol and blood thinning. I was obese, with 14 years of diabetes. Today, I am free from all medications. I look annd feel healthy. Thank you Dr. Tripathi!. I also would like to thank Dr. Smita Inamdar, Dr. Rajesh Wandre, Dr. Anahita Thomas, Dr.Olivia Vaz, Tanmayi Naik and  my mentor, Mrs.Savita Shirdade. May you continue your good work . God bless!!', '2021-06-26 18:56:32', '91', 0, 0, 'ffdirp211120', 0, 0, 0, 0, 0, 0, NULL),
(39, 'batch60', 'Rathnaprabha sudhindra', '0845028967', 'First of all want to congratulate the whole team of Ffd and specially Dr. pramod Tripathi for the fantastic program designed and executed. I want to continue with the team to achieve the desired goal. I need the support from the team and please give me a doctor who talks to me at every stage. ', '2021-06-26 18:56:58', '', 0, 0, 'ffdirp211120', 0, 0, 0, 0, 0, 0, NULL),
(40, 'batch60', 'Sarita sahoo', '8105665560', 'Hi I\'m 60th batch my cross will be completed , now how to continue with doctor consult ?', '2021-06-26 18:57:47', '', 0, 0, 'ffdirp211120', 0, 0, 0, 0, 0, 0, NULL),
(41, 'batch60', 'Vinay Sharma', '9886941322', 'Session is stalled', '2021-06-26 18:58:12', '91', 0, 0, 'ffdirp211120', 0, 0, 0, 0, 0, 0, NULL),
(42, 'batch60', 'PRASHANT BHASIN', '9418466075', 'I did cycling', '2021-06-26 19:02:37', '91', 0, 0, 'ffdirp211120', 0, 0, 0, 0, 0, 0, NULL),
(43, 'batch60', 'Vinay Sharma', '9886941322', 'did cycling and yoga with meditation \r\n', '2021-06-26 19:02:44', '91', 0, 0, 'ffdirp211120', 0, 0, 0, 0, 0, 0, NULL),
(44, 'batch60', 'Geeta G G', '9449220520', 'What is 3 2 1 , explain , please', '2021-06-26 19:03:11', '', 0, 0, 'ffdirp211120', 0, 0, 0, 0, 0, 0, NULL),
(45, 'batch60', 'Shaji Thaniyil', '504567112', 'how can i continue the program for few more months\r\n', '2021-06-26 19:03:18', '971', 0, 0, 'ffdirp211120', 0, 0, 0, 0, 0, 0, NULL),
(46, 'batch60', 'Radha krishnan  Raja mohan', '93457043', 'What should be a healthy GTT result', '2021-06-26 19:03:47', '228', 0, 0, 'ffdirp211120', 0, 0, 0, 0, 0, 0, NULL),
(47, 'batch60', 'Shaji Thaniyil', '504567112', 'fasting sugar is still high >140 or 150 though the HBA1c is below 7', '2021-06-26 19:04:23', '971', 0, 0, 'ffdirp211120', 0, 0, 0, 0, 0, 0, NULL),
(48, 'batch60', 'Ghansham Lalwani', '9820064562', '108 Suryanamaskar should be done once a month is OK or before', '2021-06-26 19:04:29', '91', 0, 0, 'ffdirp211120', 0, 0, 0, 0, 0, 0, NULL),
(49, 'batch60', 'Srinivas Vangala', '9371282495', 'I am doing Stamina : Strength : Flexibility in 3:2:1. Since I could not go out during lockdown, I did all the cardio exercises, strength exercises and Yoga at home, I bought Resistance bands, therabands, ankle weights and dumbells and created a mini gym at home!!\r\n', '2021-06-26 19:04:57', '91', 0, 0, 'ffdirp211120', 0, 0, 0, 0, 0, 0, NULL),
(50, 'batch60', 'Rahul bhope', '9822992133', 'Is there any data with FFD that the HbA1C can be further reduced after 1 year of results?? ', '2021-06-26 19:05:12', '', 0, 0, 'ffdirp211120', 0, 0, 0, 0, 0, 0, NULL),
(51, 'batch60', 'Shaji Thaniyil', '504567112', 'Some days PP sugar is >180 or 200 though the HBA1C is  below 7 consistently what is the reason', '2021-06-26 19:05:16', '971', 0, 0, 'ffdirp211120', 0, 0, 0, 0, 0, 0, NULL),
(52, 'batch60', 'Vimla Sinha', '9811534344', 'No doubt, there is clarity about diabetes & how to handle it, but not able to handle hunger pangs. What should be done to stop that ? Will communication channels be open ? I want to continue with this journey, how do i do it ?  ', '2021-06-26 19:05:43', '91', 0, 0, 'ffdirp211120', 0, 0, 0, 0, 0, 0, NULL),
(53, 'batch60', 'laxmikant', '9718592448', 'my weight had reduced initial from 78 to 66 kg now and looks stable now - so green smoothie should be reduced an analobolic to be continued ..but timeframe n frequency to be known ?', '2021-06-26 19:07:17', '91', 0, 0, 'ffdirp211120', 0, 0, 0, 0, 0, 0, NULL),
(54, 'batch60', 'KUSHRAJ PATIL', '9538894172', 'Kushraj & Priya: We need doctor support once in a 3 months, please share the package apart from your diet and exercise support. ', '2021-06-26 19:07:31', '91', 0, 0, 'ffdirp211120', 0, 0, 0, 0, 0, 0, NULL),
(55, 'batch60', 'Srinivas Vangala', '9371282495', '3,2,1,4\r\n', '2021-06-26 19:08:03', '91', 0, 0, 'ffdirp211120', 0, 0, 0, 0, 0, 0, NULL),
(56, 'batch60', 'Vinay Sharma', '9886941322', '3-214\r\n', '2021-06-26 19:08:04', '91', 0, 0, 'ffdirp211120', 0, 0, 0, 0, 0, 0, NULL),
(57, 'batch60', 'Kiran kumar kamplikar', '9342192004', '3241\r\n', '2021-06-26 19:08:06', '91', 0, 0, 'ffdirp211120', 0, 0, 0, 0, 0, 0, NULL),
(58, 'batch60', 'Prashanth Koduganty', '9643890516', '3, 2, 1, 4\r\n', '2021-06-26 19:08:07', '', 0, 0, 'ffdirp211120', 0, 0, 0, 0, 0, 0, NULL),
(59, 'batch60', 'Vijal Jindal', '09925013175', '3241', '2021-06-26 19:08:08', '91', 0, 0, 'ffdirp211120', 0, 0, 0, 0, 0, 0, NULL),
(60, 'batch60', 'Utpal Kapadia', '7324239991', '3214', '2021-06-26 19:08:08', '1', 0, 0, 'ffdirp211120', 0, 0, 0, 0, 0, 0, NULL),
(61, 'batch60', 'Aashwina Mouli', '9820417717', '3,2,1,4', '2021-06-26 19:08:09', '', 0, 0, 'ffdirp211120', 0, 0, 0, 0, 0, 0, NULL),
(62, 'batch60', 'GOPINATHA SRIDHAR', '9606062348', '3241\r\n', '2021-06-26 19:08:11', '', 0, 0, 'ffdirp211120', 0, 0, 0, 0, 0, 0, NULL),
(63, 'batch60', 'Sripriya', '9958955100', '3214', '2021-06-26 19:08:11', '91', 0, 0, 'ffdirp211120', 0, 0, 0, 0, 0, 0, NULL),
(64, 'batch60', 'CVR MURTHY', '9434798702', '3,2,1,4\r\n', '2021-06-26 19:08:12', '', 0, 0, 'ffdirp211120', 0, 0, 0, 0, 0, 0, NULL),
(65, 'batch60', 'Geeta G G', '9449220520', '3,2,1,4', '2021-06-26 19:08:12', '', 0, 0, 'ffdirp211120', 0, 0, 0, 0, 0, 0, NULL),
(66, 'batch60', 'Mahesh Menon', '8600126662', '3241\r\n', '2021-06-26 19:08:13', '91', 0, 0, 'ffdirp211120', 0, 0, 0, 0, 0, 0, NULL),
(67, 'batch60', 'Mythreyi', '507273121', '3 2 1 4\r\n', '2021-06-26 19:08:13', '971', 0, 0, 'ffdirp211120', 0, 0, 0, 0, 0, 0, NULL),
(68, 'batch60', 'Smitha Sreevalsan', '9900128331', '3,2,1,4', '2021-06-26 19:08:14', '', 0, 0, 'ffdirp211120', 0, 0, 0, 0, 0, 0, NULL),
(69, 'batch60', 'Shaji Thaniyil', '504567112', '4321\r\n', '2021-06-26 19:08:15', '971', 0, 0, 'ffdirp211120', 0, 0, 0, 0, 0, 0, NULL),
(70, 'batch60', 'Satyawan Mali', '9885869831', '3, 2, 1, 4\r\n', '2021-06-26 19:08:15', '', 0, 0, 'ffdirp211120', 0, 0, 0, 0, 0, 0, NULL),
(71, 'batch60', 'laxmikant', '9718592448', '3, 2,1,4', '2021-06-26 19:08:15', '91', 0, 0, 'ffdirp211120', 0, 0, 0, 0, 0, 0, NULL),
(72, 'batch60', 'Anand Maheshwari', '09873140454', '3214', '2021-06-26 19:08:16', '91', 0, 0, 'ffdirp211120', 0, 0, 0, 0, 0, 0, NULL),
(73, 'batch60', 'Abhitap Jain', '09962423586', '4 2 1 5', '2021-06-26 19:08:16', '91', 0, 0, 'ffdirp211120', 0, 0, 0, 0, 0, 0, NULL),
(74, 'batch60', 'Vivek c saha', '7600014822', '3214', '2021-06-26 19:08:16', '', 0, 0, 'ffdirp211120', 0, 0, 0, 0, 0, 0, NULL),
(75, 'batch60', 'Musaddique Qazi', '6026514905', '3 2 1 4\r\n', '2021-06-26 19:08:16', '1', 0, 0, 'ffdirp211120', 0, 0, 0, 0, 0, 0, NULL),
(76, 'batch60', 'Seema', '8971433066', '3214', '2021-06-26 19:08:17', '', 0, 0, 'ffdirp211120', 0, 0, 0, 0, 0, 0, NULL),
(77, 'batch60', 'Dr Badarinarayan', '9480182396', '3214', '2021-06-26 19:08:17', '91', 0, 0, 'ffdirp211120', 0, 0, 0, 0, 0, 0, NULL),
(78, 'batch60', 'Rathnaprabha sudhindra', '0845028967', '3214', '2021-06-26 19:08:17', '', 0, 0, 'ffdirp211120', 0, 0, 0, 0, 0, 0, NULL),
(79, 'batch60', 'VJaishanker', '9625051521', '3214', '2021-06-26 19:08:17', '', 0, 0, 'ffdirp211120', 0, 0, 0, 0, 0, 0, NULL),
(80, 'batch60', 'Kishore Chennu', '9966889968', '3214\r\n', '2021-06-26 19:08:17', '', 0, 0, 'ffdirp211120', 0, 0, 0, 0, 0, 0, NULL),
(81, 'batch60', 'Vinaya Kale', '9422502526', '3-2-1-4', '2021-06-26 19:08:18', '91', 0, 0, 'ffdirp211120', 0, 0, 0, 0, 0, 0, NULL),
(82, 'batch60', 'Smita Nisal', '07438463403', '3 214', '2021-06-26 19:08:18', '44', 0, 0, 'ffdirp211120', 0, 0, 0, 0, 0, 0, NULL),
(83, 'batch60', 'MANASA RANJAN SUTAR', '7666251382', '3 , 2 2 AND 4', '2021-06-26 19:08:19', '', 0, 0, 'ffdirp211120', 0, 0, 0, 0, 0, 0, NULL),
(84, 'batch60', 'KUSHRAJ PATIL', '9538894172', '2,3,1,4', '2021-06-26 19:08:20', '91', 0, 0, 'ffdirp211120', 0, 0, 0, 0, 0, 0, NULL),
(85, 'batch60', 'Shreekant Oka', '9819494262', '4321', '2021-06-26 19:08:21', '91', 0, 0, 'ffdirp211120', 0, 0, 0, 0, 0, 0, NULL),
(86, 'batch60', 'Meenakshi Rajagopalan', '93885465', '2,3,1,4\r\n', '2021-06-26 19:08:22', '65', 0, 0, 'ffdirp211120', 0, 0, 0, 0, 0, 0, NULL),
(87, 'batch60', 'rajeev', '9717866861', '3214', '2021-06-26 19:08:22', '91', 0, 0, 'ffdirp211120', 0, 0, 0, 0, 0, 0, NULL),
(88, 'batch60', 'Sudarshana P V', '8884049944', '3, 2, 1, 4', '2021-06-26 19:08:23', '93', 0, 0, 'ffdirp211120', 0, 0, 0, 0, 0, 0, NULL),
(89, 'batch60', 'ALOK', '9009362633', '3214', '2021-06-26 19:08:23', '', 0, 0, 'ffdirp211120', 0, 0, 0, 0, 0, 0, NULL),
(90, 'batch60', 'Radha krishnan  Raja mohan', '93457043', '3241', '2021-06-26 19:08:24', '228', 0, 0, 'ffdirp211120', 0, 0, 0, 0, 0, 0, NULL),
(91, 'batch60', 'Deepika Palsaniya ', '9881712851', '3214', '2021-06-26 19:08:24', '91', 0, 0, 'ffdirp211120', 0, 0, 0, 0, 0, 0, NULL),
(92, 'batch60', 'Subhash Chandra Sharma', '9414783885', '3,2,1,4', '2021-06-26 19:08:24', '91', 0, 0, 'ffdirp211120', 0, 0, 0, 0, 0, 0, NULL),
(93, 'batch60', 'Sivakumar Ponnambalam', '94944993693', '3214\r\n', '2021-06-26 19:08:24', '1', 0, 0, 'ffdirp211120', 0, 0, 0, 0, 0, 0, NULL),
(94, 'batch60', 'Shaila karegar', '7259536472', '2314', '2021-06-26 19:08:28', '91', 0, 0, 'ffdirp211120', 0, 0, 0, 0, 0, 0, NULL),
(95, 'batch60', 'Dr.Sharmistha Sinha Gupta', '09433204671', '3, 2,1,4', '2021-06-26 19:08:29', '91', 0, 0, 'ffdirp211120', 0, 0, 0, 0, 0, 0, NULL),
(96, 'batch60', 'Brijendra Mohan Bali', '8826000528', '3,2,1,4,', '2021-06-26 19:08:29', '', 0, 0, 'ffdirp211120', 0, 0, 0, 0, 0, 0, NULL),
(97, 'batch60', 'Javeed Choudhari', '8407957060', '3214', '2021-06-26 19:08:30', '', 0, 0, 'ffdirp211120', 0, 0, 0, 0, 0, 0, NULL),
(98, 'batch60', 'Pvl raju', '9885090067', '3 21 4', '2021-06-26 19:08:30', '', 0, 0, 'ffdirp211120', 0, 0, 0, 0, 0, 0, NULL),
(99, 'batch60', 'Prabhat ', '9870016266', '3-2-1-4', '2021-06-26 19:08:33', '91', 0, 0, 'ffdirp211120', 0, 0, 0, 0, 0, 0, NULL),
(100, 'batch60', 'MOHAN R', '09740156000', '3214', '2021-06-26 19:08:33', '91', 0, 0, 'ffdirp211120', 0, 0, 0, 0, 0, 0, NULL),
(101, 'batch60', 'Nagalakshmi Venkataramani ', '9445566132', '3214', '2021-06-26 19:08:33', '', 0, 0, 'ffdirp211120', 0, 0, 0, 0, 0, 0, NULL),
(102, 'batch60', 'Ibrahim shaikh', '9930054766', '3,2,4,1', '2021-06-26 19:08:34', '', 0, 0, 'ffdirp211120', 0, 0, 0, 0, 0, 0, NULL),
(103, 'batch60', 'Sudhakar Mishra', '8847846046', '3214', '2021-06-26 19:08:34', '91', 0, 0, 'ffdirp211120', 0, 0, 0, 0, 0, 0, NULL),
(104, 'batch60', 'M Prakash Sankhla', '09948134585', 'Gym 20 years se jaata\r\nCycling 1000km kiya \r\nRun full marathon\r\ntriathlon bee kiya\r\nAthletic identity ke saath hee join kiya FFD...\r\nShayad mai ne apna 100% nahi diya.\r\nPar 100%FFD ko fellow kiya..\r\nTab increase hua, muscle % kam hua..\r\n\r\n', '2021-06-26 19:08:36', '', 0, 0, 'ffdirp211120', 0, 0, 0, 0, 0, 0, NULL),
(105, 'batch60', 'Sridevi', '9986041201', '3245', '2021-06-26 19:08:38', '91', 0, 0, 'ffdirp211120', 0, 0, 0, 0, 0, 0, NULL),
(106, 'batch60', 'Rekha Doshi', '9909998103', '3 214\r\n', '2021-06-26 19:08:39', '91', 0, 0, 'ffdirp211120', 0, 0, 0, 0, 0, 0, NULL),
(107, 'batch60', 'Namdev', '9029473332', '3214', '2021-06-26 19:08:39', '91', 0, 0, 'ffdirp211120', 0, 0, 0, 0, 0, 0, NULL),
(108, 'batch60', 'Rajitha', '9121935459', '3214\r\n', '2021-06-26 19:08:39', '', 0, 0, 'ffdirp211120', 0, 0, 0, 0, 0, 0, NULL),
(109, 'batch60', 'Shripad Joglekar', '9881944395', '3214', '2021-06-26 19:08:43', '', 0, 0, 'ffdirp211120', 0, 0, 0, 0, 0, 0, NULL),
(110, 'batch60', 'Surajit Barman', '9508249077', '3214\r\n', '2021-06-26 19:08:45', '', 0, 0, 'ffdirp211120', 0, 0, 0, 0, 0, 0, NULL),
(111, 'batch60', 'Usha Chandrasekaran', '9841271153', '2.3.1.4', '2021-06-26 19:08:45', '', 0, 0, 'ffdirp211120', 0, 0, 0, 0, 0, 0, NULL),
(112, 'batch60', 'Rajitha', '9121935459', '3214', '2021-06-26 19:08:47', '', 0, 0, 'ffdirp211120', 0, 0, 0, 0, 0, 0, NULL),
(113, 'batch60', 'MRAVI', '9574441355', '3214\r\n', '2021-06-26 19:08:48', '91', 0, 0, 'ffdirp211120', 0, 0, 0, 0, 0, 0, NULL),
(114, 'batch60', 'Parag bhise', '9811990179', '3,2,1,4', '2021-06-26 19:08:48', '', 0, 0, 'ffdirp211120', 0, 0, 0, 0, 0, 0, NULL),
(115, 'batch60', 'SHRIKANT JADHAV', '9823003006', '3214\r\n', '2021-06-26 19:08:50', '', 0, 0, 'ffdirp211120', 0, 0, 0, 0, 0, 0, NULL),
(116, 'batch60', 'aarti karia ', '9016087987', '3214\r\n', '2021-06-26 19:08:50', '91', 0, 0, 'ffdirp211120', 0, 0, 0, 0, 0, 0, NULL),
(117, 'batch60', 'Jayesh Ingale', '09870045976', '3214', '2021-06-26 19:08:52', '91', 0, 0, 'ffdirp211120', 0, 0, 0, 0, 0, 0, NULL),
(118, 'batch60', 'Sangeeta Koushik', '09740445733', 'My body has become very flexible .  My anger management has drastically improved. \r\n\r\n\r\n3 2 1 4\r\n\r\n\r\n', '2021-06-26 19:09:21', '91', 0, 0, 'ffdirp211120', 0, 0, 0, 0, 0, 0, NULL),
(119, 'batch60', 'sandip lohia', '9830242263', '\r\n', '2021-06-26 19:09:41', '', 0, 0, 'ffdirp211120', 0, 0, 0, 0, 0, 0, NULL),
(120, 'batch60', 'Deepika Palsaniya ', '9881712851', '3214', '2021-06-26 19:09:46', '91', 0, 0, 'ffdirp211120', 0, 0, 0, 0, 0, 0, NULL),
(121, 'batch60', 'Geeta G G', '9449220520', '3,2,1,4', '2021-06-26 19:09:47', '', 0, 0, 'ffdirp211120', 0, 0, 0, 0, 0, 0, NULL),
(122, 'batch60', 'Satyawan Mali', '9885869831', '3142\r\n', '2021-06-26 19:09:57', '', 0, 0, 'ffdirp211120', 0, 0, 0, 0, 0, 0, NULL),
(123, 'batch60', 'Musaddique Qazi', '6026514905', '3 1 4 2', '2021-06-26 19:09:58', '1', 0, 0, 'ffdirp211120', 0, 0, 0, 0, 0, 0, NULL),
(124, 'batch60', 'Aashwina Mouli', '9820417717', '3,1,4,2\r\n', '2021-06-26 19:09:59', '', 0, 0, 'ffdirp211120', 0, 0, 0, 0, 0, 0, NULL),
(125, 'batch60', 'Vinay Sharma', '9886941322', '3142\r\n', '2021-06-26 19:10:00', '91', 0, 0, 'ffdirp211120', 0, 0, 0, 0, 0, 0, NULL),
(126, 'batch60', 'Shaji Thaniyil', '504567112', '1324', '2021-06-26 19:10:02', '971', 0, 0, 'ffdirp211120', 0, 0, 0, 0, 0, 0, NULL),
(127, 'batch60', 'CVR MURTHY', '9434798702', '3,1,4,2', '2021-06-26 19:10:02', '', 0, 0, 'ffdirp211120', 0, 0, 0, 0, 0, 0, NULL),
(128, 'batch60', 'Smita Nisal', '07438463403', '3124', '2021-06-26 19:10:02', '44', 0, 0, 'ffdirp211120', 0, 0, 0, 0, 0, 0, NULL),
(129, 'batch60', 'Nirmal John', '9449710024', '3142', '2021-06-26 19:10:03', '', 0, 0, 'ffdirp211120', 0, 0, 0, 0, 0, 0, NULL),
(130, 'batch60', 'Deepika Palsaniya ', '9881712851', '3142', '2021-06-26 19:10:03', '91', 0, 0, 'ffdirp211120', 0, 0, 0, 0, 0, 0, NULL),
(131, 'batch60', 'Vijal Jindal', '09925013175', '1342', '2021-06-26 19:10:03', '91', 0, 0, 'ffdirp211120', 0, 0, 0, 0, 0, 0, NULL),
(132, 'batch60', 'Sripriya', '9958955100', '3124', '2021-06-26 19:10:03', '91', 0, 0, 'ffdirp211120', 0, 0, 0, 0, 0, 0, NULL),
(133, 'batch60', 'Vinaya Kale', '9422502526', '3-2-4-1', '2021-06-26 19:10:04', '91', 0, 0, 'ffdirp211120', 0, 0, 0, 0, 0, 0, NULL),
(134, 'batch60', 'Dr shashikanta panda', '9937991423', '3124', '2021-06-26 19:10:05', '', 0, 0, 'ffdirp211120', 0, 0, 0, 0, 0, 0, NULL),
(135, 'batch60', 'Sivakumar Ponnambalam', '94944993693', '3142\r\n', '2021-06-26 19:10:06', '1', 0, 0, 'ffdirp211120', 0, 0, 0, 0, 0, 0, NULL),
(136, 'batch60', 'Rajitha', '9121935459', '3142', '2021-06-26 19:10:06', '', 0, 0, 'ffdirp211120', 0, 0, 0, 0, 0, 0, NULL),
(137, 'batch60', 'laxmikant', '9718592448', '3,1,42\r\n', '2021-06-26 19:10:06', '91', 0, 0, 'ffdirp211120', 0, 0, 0, 0, 0, 0, NULL),
(138, 'batch60', 'Subhash Chandra Sharma', '9414783885', '3,1,4,2', '2021-06-26 19:10:06', '91', 0, 0, 'ffdirp211120', 0, 0, 0, 0, 0, 0, NULL),
(139, 'batch60', 'Utpal Kapadia', '7324239991', '3124', '2021-06-26 19:10:07', '1', 0, 0, 'ffdirp211120', 0, 0, 0, 0, 0, 0, NULL),
(140, 'batch60', 'SHRIKANT JADHAV', '9823003006', '3142\r\n', '2021-06-26 19:10:07', '', 0, 0, 'ffdirp211120', 0, 0, 0, 0, 0, 0, NULL),
(141, 'batch60', 'Ramesh Singh', '9810350575', '3124\r\n', '2021-06-26 19:10:08', '91', 0, 0, 'ffdirp211120', 0, 0, 0, 0, 0, 0, NULL),
(142, 'batch60', 'Sridevi', '9986041201', '3241', '2021-06-26 19:10:09', '91', 0, 0, 'ffdirp211120', 0, 0, 0, 0, 0, 0, NULL),
(143, 'batch60', 'Nagalakshmi Venkataramani ', '9445566132', '3143', '2021-06-26 19:10:09', '', 0, 0, 'ffdirp211120', 0, 0, 0, 0, 0, 0, NULL),
(144, 'batch60', 'Geeta G G', '9449220520', '1,3,2,4', '2021-06-26 19:10:10', '', 0, 0, 'ffdirp211120', 0, 0, 0, 0, 0, 0, NULL),
(145, 'batch60', 'rajeev', '9717866861', '3142', '2021-06-26 19:10:10', '91', 0, 0, 'ffdirp211120', 0, 0, 0, 0, 0, 0, NULL),
(146, 'batch60', 'Sudarshana P V', '8884049944', '1 3 4 2', '2021-06-26 19:10:10', '93', 0, 0, 'ffdirp211120', 0, 0, 0, 0, 0, 0, NULL),
(147, 'batch60', 'ALOK', '9009362633', '3424', '2021-06-26 19:10:12', '', 0, 0, 'ffdirp211120', 0, 0, 0, 0, 0, 0, NULL),
(148, 'batch60', 'Kiran kumar kamplikar', '9342192004', '2 )\r\n 3124', '2021-06-26 19:10:12', '91', 0, 0, 'ffdirp211120', 0, 0, 0, 0, 0, 0, NULL),
(149, 'batch60', 'MOHAN R', '09740156000', '1342', '2021-06-26 19:10:12', '91', 0, 0, 'ffdirp211120', 0, 0, 0, 0, 0, 0, NULL),
(150, 'batch60', 'Smitha Sreevalsan', '9900128331', '3 1 2 4', '2021-06-26 19:10:12', '', 0, 0, 'ffdirp211120', 0, 0, 0, 0, 0, 0, NULL),
(151, 'batch60', 'Prashanth Koduganty', '9643890516', 'Q2 - 3124\r\n', '2021-06-26 19:10:14', '', 0, 0, 'ffdirp211120', 0, 0, 0, 0, 0, 0, NULL),
(152, 'batch60', 'Namdev', '9029473332', '3124', '2021-06-26 19:10:14', '91', 0, 0, 'ffdirp211120', 0, 0, 0, 0, 0, 0, NULL),
(153, 'batch60', 'Prabhakar', '9900095586', '1324\r\n', '2021-06-26 19:10:14', '', 0, 0, 'ffdirp211120', 0, 0, 0, 0, 0, 0, NULL),
(154, 'batch60', 'MRAVI', '9574441355', '3214. \r\n', '2021-06-26 19:10:16', '91', 0, 0, 'ffdirp211120', 0, 0, 0, 0, 0, 0, NULL),
(155, 'batch60', 'Seema', '8971433066', '2)3142', '2021-06-26 19:10:16', '', 0, 0, 'ffdirp211120', 0, 0, 0, 0, 0, 0, NULL),
(156, 'batch60', 'Anand Maheshwari', '09873140454', '3142', '2021-06-26 19:10:17', '91', 0, 0, 'ffdirp211120', 0, 0, 0, 0, 0, 0, NULL),
(157, 'batch60', 'Shreekant Oka', '9819494262', '2134', '2021-06-26 19:10:17', '91', 0, 0, 'ffdirp211120', 0, 0, 0, 0, 0, 0, NULL),
(158, 'batch60', 'Ibrahim shaikh', '9930054766', '1,3,2,4', '2021-06-26 19:10:18', '', 0, 0, 'ffdirp211120', 0, 0, 0, 0, 0, 0, NULL),
(159, 'batch60', 'Srinivas Vangala', '9371282495', 'Q No 2.3,1,4,2\r\n', '2021-06-26 19:10:18', '91', 0, 0, 'ffdirp211120', 0, 0, 0, 0, 0, 0, NULL),
(160, 'batch60', 'MANASA RANJAN SUTAR', '7666251382', 'Q2 1 3 2 4', '2021-06-26 19:10:18', '', 0, 0, 'ffdirp211120', 0, 0, 0, 0, 0, 0, NULL),
(161, 'batch60', 'Rekha Doshi', '9909998103', '  q2 3214', '2021-06-26 19:10:19', '91', 0, 0, 'ffdirp211120', 0, 0, 0, 0, 0, 0, NULL),
(162, 'batch60', 'Abhitap Jain', '09962423586', 'Q2 \r\n\r\n2 4 1 3', '2021-06-26 19:10:19', '91', 0, 0, 'ffdirp211120', 0, 0, 0, 0, 0, 0, NULL),
(163, 'batch60', 'Surajit Barman', '9508249077', 'Q-2     3124', '2021-06-26 19:10:19', '', 0, 0, 'ffdirp211120', 0, 0, 0, 0, 0, 0, NULL),
(164, 'batch60', 'Narayani', '9810289682', '3124', '2021-06-26 19:10:20', '', 0, 0, 'ffdirp211120', 0, 0, 0, 0, 0, 0, NULL),
(165, 'batch60', 'Meenakshi Rajagopalan', '93885465', '2.   \r\n3124', '2021-06-26 19:10:20', '65', 0, 0, 'ffdirp211120', 0, 0, 0, 0, 0, 0, NULL),
(166, 'batch60', 'sandip lohia', '9830242263', 'question no2  3142\r\n\r\n', '2021-06-26 19:10:20', '', 0, 0, 'ffdirp211120', 0, 0, 0, 0, 0, 0, NULL),
(167, 'batch60', 'Vivek c saha', '7600014822', '3142', '2021-06-26 19:10:20', '', 0, 0, 'ffdirp211120', 0, 0, 0, 0, 0, 0, NULL),
(168, 'batch60', 'Dr.Sharmistha Sinha Gupta', '09433204671', '3,1,2,4', '2021-06-26 19:10:21', '91', 0, 0, 'ffdirp211120', 0, 0, 0, 0, 0, 0, NULL),
(169, 'batch60', 'Rakhi sharma ', '9968034366', '32', '2021-06-26 19:10:23', '91', 0, 0, 'ffdirp211120', 0, 0, 0, 0, 0, 0, NULL),
(170, 'batch60', 'Rathnaprabha sudhindra', '0845028967', '1342', '2021-06-26 19:10:24', '', 0, 0, 'ffdirp211120', 0, 0, 0, 0, 0, 0, NULL),
(171, 'batch60', 'Shripad Joglekar', '9881944395', '3124\r\n', '2021-06-26 19:10:24', '', 0, 0, 'ffdirp211120', 0, 0, 0, 0, 0, 0, NULL),
(172, 'batch60', 'VJaishanker', '9625051521', '3142', '2021-06-26 19:10:25', '', 0, 0, 'ffdirp211120', 0, 0, 0, 0, 0, 0, NULL),
(173, 'batch60', 'KUSHRAJ PATIL', '9538894172', '3 214 ', '2021-06-26 19:10:26', '91', 0, 0, 'ffdirp211120', 0, 0, 0, 0, 0, 0, NULL),
(174, 'batch60', 'laxmikant', '9718592448', 'q2, 3,1,4,2\r\n', '2021-06-26 19:10:27', '91', 0, 0, 'ffdirp211120', 0, 0, 0, 0, 0, 0, NULL),
(175, 'batch60', 'Sridevi', '9986041201', '3212', '2021-06-26 19:10:27', '91', 0, 0, 'ffdirp211120', 0, 0, 0, 0, 0, 0, NULL),
(176, 'batch60', 'raviprakash', '9381012641', '3 1 4 2  question 2\r\n\r\n', '2021-06-26 19:10:31', '', 0, 0, 'ffdirp211120', 0, 0, 0, 0, 0, 0, NULL),
(177, 'batch60', 'Usha Chandrasekaran', '9841271153', '1.3.4.2.  Ques. 2', '2021-06-26 19:10:32', '', 0, 0, 'ffdirp211120', 0, 0, 0, 0, 0, 0, NULL),
(178, 'batch60', 'Javeed Choudhari', '8407957060', '3142', '2021-06-26 19:10:33', '', 0, 0, 'ffdirp211120', 0, 0, 0, 0, 0, 0, NULL),
(179, 'batch60', 'M Prakash Sankhla', '09948134585', '2/1324', '2021-06-26 19:10:34', '', 0, 0, 'ffdirp211120', 0, 0, 0, 0, 0, 0, NULL),
(180, 'batch60', 'Rakhi sharma ', '9968034366', '314w2', '2021-06-26 19:10:34', '91', 0, 0, 'ffdirp211120', 0, 0, 0, 0, 0, 0, NULL),
(181, 'batch60', 'Radha krishnan  Raja mohan', '93457043', '2. 3421', '2021-06-26 19:10:35', '228', 0, 0, 'ffdirp211120', 0, 0, 0, 0, 0, 0, NULL),
(182, 'batch60', 'Sham Aloney', '8425692970', '3124', '2021-06-26 19:10:36', '', 0, 0, 'ffdirp211120', 0, 0, 0, 0, 0, 0, NULL),
(183, 'batch60', 'Jayesh Ingale', '09870045976', '1342', '2021-06-26 19:10:42', '91', 0, 0, 'ffdirp211120', 0, 0, 0, 0, 0, 0, NULL),
(184, 'batch60', 'Anjuman', '9850960784', '3124\r\n\r\n', '2021-06-26 19:10:43', '91', 0, 0, 'ffdirp211120', 0, 0, 0, 0, 0, 0, NULL),
(185, 'batch60', 'Parag bhise', '9811990179', '3124', '2021-06-26 19:10:48', '', 0, 0, 'ffdirp211120', 0, 0, 0, 0, 0, 0, NULL),
(186, 'batch60', 'Shaila karegar', '7259536472', '3124', '2021-06-26 19:10:50', '91', 0, 0, 'ffdirp211120', 0, 0, 0, 0, 0, 0, NULL),
(187, 'batch60', 'Kamala', '6308624694', '1342\r\n\r\n', '2021-06-26 19:10:58', '1', 0, 0, 'ffdirp211120', 0, 0, 0, 0, 0, 0, NULL),
(188, 'batch60', 'Shaila karegar', '7259536472', '31249', '2021-06-26 19:11:07', '91', 0, 0, 'ffdirp211120', 0, 0, 0, 0, 0, 0, NULL),
(189, 'batch60', 'Pvl raju', '9885090067', '3 1 4 2', '2021-06-26 19:11:17', '', 0, 0, 'ffdirp211120', 0, 0, 0, 0, 0, 0, NULL),
(190, 'batch60', 'Nilkanth Ganer', '7744908129', 'What diet and exercise you suggest high lipd profile and gastritis issues', '2021-06-26 19:11:31', '', 0, 0, 'ffdirp211120', 0, 0, 0, 0, 0, 0, NULL),
(191, 'batch60', 'Jayashri Kireeti', '9845944408', 'Q No 2 - \r\n3142\r\n', '2021-06-26 19:11:55', '91', 0, 0, 'ffdirp211120', 0, 0, 0, 0, 0, 0, NULL),
(192, 'batch60', 'Musaddique Qazi', '6026514905', '4 1 2 3', '2021-06-26 19:12:31', '1', 0, 0, 'ffdirp211120', 0, 0, 0, 0, 0, 0, NULL),
(193, 'batch60', 'Musaddique Qazi', '6026514905', '4 1 2 3', '2021-06-26 19:12:31', '1', 0, 0, 'ffdirp211120', 0, 0, 0, 0, 0, 0, NULL),
(194, 'batch60', 'Musaddique Qazi', '6026514905', '4 1 2 3', '2021-06-26 19:12:31', '1', 0, 0, 'ffdirp211120', 0, 0, 0, 0, 0, 0, NULL),
(195, 'batch60', 'Abishek', '8579308890', '4132', '2021-06-26 19:12:33', '1', 0, 0, 'ffdirp211120', 0, 0, 0, 0, 0, 0, NULL),
(196, 'batch60', 'laxmikant', '9718592448', 'q3 ans: 4, 1,2 3', '2021-06-26 19:12:35', '91', 0, 0, 'ffdirp211120', 0, 0, 0, 0, 0, 0, NULL),
(197, 'batch60', 'Satyawan Mali', '9885869831', 'Q3 - 4123\r\n', '2021-06-26 19:12:36', '', 0, 0, 'ffdirp211120', 0, 0, 0, 0, 0, 0, NULL),
(198, 'batch60', 'Kishore Chennu', '9966889968', 'Q3-4312\r\n', '2021-06-26 19:12:36', '', 0, 0, 'ffdirp211120', 0, 0, 0, 0, 0, 0, NULL),
(199, 'batch60', 'Aashwina Mouli', '9820417717', 'Q 3 4123\r\n', '2021-06-26 19:12:39', '', 0, 0, 'ffdirp211120', 0, 0, 0, 0, 0, 0, NULL),
(200, 'batch60', 'Jayashri Kireeti', '9845944408', 'Q-3- 4132', '2021-06-26 19:12:39', '91', 0, 0, 'ffdirp211120', 0, 0, 0, 0, 0, 0, NULL),
(201, 'batch60', 'CVR MURTHY', '9434798702', '4,1,2,3', '2021-06-26 19:12:40', '', 0, 0, 'ffdirp211120', 0, 0, 0, 0, 0, 0, NULL),
(202, 'batch60', 'Geeta G G', '9449220520', 'Q3  4, 2,3,1', '2021-06-26 19:12:41', '', 0, 0, 'ffdirp211120', 0, 0, 0, 0, 0, 0, NULL),
(203, 'batch60', 'sandip lohia', '9830242263', 'question no 3 answer :\r\n4132', '2021-06-26 19:12:42', '', 0, 0, 'ffdirp211120', 0, 0, 0, 0, 0, 0, NULL),
(204, 'batch60', 'Rajitha', '9121935459', 'Ex 4123', '2021-06-26 19:12:42', '', 0, 0, 'ffdirp211120', 0, 0, 0, 0, 0, 0, NULL),
(205, 'batch60', 'Deepika Palsaniya ', '9881712851', '4123', '2021-06-26 19:12:43', '91', 0, 0, 'ffdirp211120', 0, 0, 0, 0, 0, 0, NULL),
(206, 'batch60', 'Sivakumar Ponnambalam', '94944993693', '4132\r\n', '2021-06-26 19:12:44', '1', 0, 0, 'ffdirp211120', 0, 0, 0, 0, 0, 0, NULL),
(207, 'batch60', 'Sridevi', '9986041201', '4232', '2021-06-26 19:12:44', '91', 0, 0, 'ffdirp211120', 0, 0, 0, 0, 0, 0, NULL),
(208, 'batch60', 'Vinaya Kale', '9422502526', '4-1,2,3', '2021-06-26 19:12:44', '91', 0, 0, 'ffdirp211120', 0, 0, 0, 0, 0, 0, NULL),
(209, 'batch60', 'rajeev', '9717866861', 'E 4132', '2021-06-26 19:12:45', '91', 0, 0, 'ffdirp211120', 0, 0, 0, 0, 0, 0, NULL),
(210, 'batch60', 'Shreekant Oka', '9819494262', '2431', '2021-06-26 19:12:45', '91', 0, 0, 'ffdirp211120', 0, 0, 0, 0, 0, 0, NULL),
(211, 'batch60', 'Dr shashikanta panda', '9937991423', '3-4123', '2021-06-26 19:12:45', '', 0, 0, 'ffdirp211120', 0, 0, 0, 0, 0, 0, NULL),
(212, 'batch60', 'Mahesh Menon', '8600126662', '4123\r\n', '2021-06-26 19:12:45', '91', 0, 0, 'ffdirp211120', 0, 0, 0, 0, 0, 0, NULL),
(213, 'batch60', 'Meenakshi Rajagopalan', '93885465', '3.  4231', '2021-06-26 19:12:46', '65', 0, 0, 'ffdirp211120', 0, 0, 0, 0, 0, 0, NULL),
(214, 'batch60', 'Utpal Kapadia', '7324239991', 'Ex - 4123', '2021-06-26 19:12:46', '1', 0, 0, 'ffdirp211120', 0, 0, 0, 0, 0, 0, NULL),
(215, 'batch60', 'MANASA RANJAN SUTAR', '7666251382', 'Q3 - 4 2 1 4', '2021-06-26 19:12:46', '', 0, 0, 'ffdirp211120', 0, 0, 0, 0, 0, 0, NULL),
(216, 'batch60', 'Srinivas Vangala', '9371282495', 'Q3.4,1,3,2', '2021-06-26 19:12:46', '91', 0, 0, 'ffdirp211120', 0, 0, 0, 0, 0, 0, NULL),
(217, 'batch60', 'Namdev', '9029473332', 'Q3.  4132', '2021-06-26 19:12:47', '91', 0, 0, 'ffdirp211120', 0, 0, 0, 0, 0, 0, NULL),
(218, 'batch60', 'GOPINATHA SRIDHAR', '9606062348', '4123', '2021-06-26 19:12:49', '', 0, 0, 'ffdirp211120', 0, 0, 0, 0, 0, 0, NULL),
(219, 'batch60', 'Smita Nisal', '07438463403', 'ex 4 3 2 1`', '2021-06-26 19:12:49', '44', 0, 0, 'ffdirp211120', 0, 0, 0, 0, 0, 0, NULL),
(220, 'batch60', 'Sudarshana P V', '8884049944', 'Q3 ) 4, 2, 1, 3', '2021-06-26 19:12:49', '93', 0, 0, 'ffdirp211120', 0, 0, 0, 0, 0, 0, NULL),
(221, 'batch60', 'Kiran kumar kamplikar', '9342192004', 'Q3) 3142', '2021-06-26 19:12:50', '91', 0, 0, 'ffdirp211120', 0, 0, 0, 0, 0, 0, NULL),
(222, 'batch60', 'Nagalakshmi Venkataramani ', '9445566132', 'Ex 4123', '2021-06-26 19:12:50', '', 0, 0, 'ffdirp211120', 0, 0, 0, 0, 0, 0, NULL),
(223, 'batch60', 'Vinay Sharma', '9886941322', '3421', '2021-06-26 19:12:50', '91', 0, 0, 'ffdirp211120', 0, 0, 0, 0, 0, 0, NULL),
(224, 'batch60', 'Jitendra Nath Sarma', '09706023942', 'Shall we be able to contact the supporting staff including the doctor?', '2021-06-26 19:12:51', '', 0, 0, 'ffdirp211120', 0, 0, 0, 0, 0, 0, NULL),
(225, 'batch60', 'Nirmal John', '9449710024', 'Ex.4123\r\n', '2021-06-26 19:12:52', '', 0, 0, 'ffdirp211120', 0, 0, 0, 0, 0, 0, NULL),
(226, 'batch60', 'Sripriya', '9958955100', 'Q3.4132', '2021-06-26 19:12:52', '91', 0, 0, 'ffdirp211120', 0, 0, 0, 0, 0, 0, NULL),
(227, 'batch60', 'VJaishanker', '9625051521', 'Ex 4132', '2021-06-26 19:12:52', '', 0, 0, 'ffdirp211120', 0, 0, 0, 0, 0, 0, NULL),
(228, 'batch60', 'Jayesh Ingale', '09870045976', '4123', '2021-06-26 19:12:53', '91', 0, 0, 'ffdirp211120', 0, 0, 0, 0, 0, 0, NULL),
(229, 'batch60', 'Seema', '8971433066', 'Ex-4132', '2021-06-26 19:12:55', '', 0, 0, 'ffdirp211120', 0, 0, 0, 0, 0, 0, NULL),
(230, 'batch60', 'Parag bhise', '9811990179', '4132', '2021-06-26 19:12:56', '', 0, 0, 'ffdirp211120', 0, 0, 0, 0, 0, 0, NULL),
(231, 'batch60', 'MRAVI', '9574441355', '3.    4132', '2021-06-26 19:12:56', '91', 0, 0, 'ffdirp211120', 0, 0, 0, 0, 0, 0, NULL),
(232, 'batch60', 'Sridevi', '9986041201', '4132', '2021-06-26 19:12:57', '91', 0, 0, 'ffdirp211120', 0, 0, 0, 0, 0, 0, NULL),
(233, 'batch60', 'SHRIKANT JADHAV', '9823003006', 'Q3  4123', '2021-06-26 19:12:57', '', 0, 0, 'ffdirp211120', 0, 0, 0, 0, 0, 0, NULL),
(234, 'batch60', 'Jayanthi', '6096516098', '4132', '2021-06-26 19:12:57', '1', 0, 0, 'ffdirp211120', 0, 0, 0, 0, 0, 0, NULL),
(235, 'batch60', 'Anand Maheshwari', '09873140454', 'EX 4123', '2021-06-26 19:12:57', '91', 0, 0, 'ffdirp211120', 0, 0, 0, 0, 0, 0, NULL),
(236, 'batch60', 'KUSHRAJ PATIL', '9538894172', ' Q No 3: 4123', '2021-06-26 19:12:57', '91', 0, 0, 'ffdirp211120', 0, 0, 0, 0, 0, 0, NULL),
(237, 'batch60', 'ALOK', '9009362633', 'ex 4312', '2021-06-26 19:12:58', '', 0, 0, 'ffdirp211120', 0, 0, 0, 0, 0, 0, NULL),
(238, 'batch60', 'Anil Farkade', '09764624849', '4,3,1,2', '2021-06-26 19:12:59', '', 0, 0, 'ffdirp211120', 0, 0, 0, 0, 0, 0, NULL),
(239, 'batch60', 'Radha krishnan  Raja mohan', '93457043', 'Q3.4321j', '2021-06-26 19:12:59', '228', 0, 0, 'ffdirp211120', 0, 0, 0, 0, 0, 0, NULL),
(240, 'batch60', 'Vivek c saha', '7600014822', 'Question 3-3412', '2021-06-26 19:13:00', '', 0, 0, 'ffdirp211120', 0, 0, 0, 0, 0, 0, NULL),
(241, 'batch60', 'Rekha Doshi', '9909998103', ' q3 4 1 32', '2021-06-26 19:13:01', '91', 0, 0, 'ffdirp211120', 0, 0, 0, 0, 0, 0, NULL),
(242, 'batch60', 'Sham Aloney', '8425692970', 'Q3. 1234', '2021-06-26 19:13:01', '', 0, 0, 'ffdirp211120', 0, 0, 0, 0, 0, 0, NULL),
(243, 'batch60', 'Dr Badarinarayan', '9480182396', '2341', '2021-06-26 19:13:03', '91', 0, 0, 'ffdirp211120', 0, 0, 0, 0, 0, 0, NULL),
(244, 'batch60', 'PRASHANT BHASIN', '9418466075', 'Ex 3214', '2021-06-26 19:13:03', '91', 0, 0, 'ffdirp211120', 0, 0, 0, 0, 0, 0, NULL),
(245, 'batch60', 'Balkrishna  Dawari', '9422057250', 'Q.3 4-1-2-3\r\n', '2021-06-26 19:13:03', '91', 0, 0, 'ffdirp211120', 0, 0, 0, 0, 0, 0, NULL),
(246, 'batch60', 'Deepika Palsaniya ', '9881712851', '4123', '2021-06-26 19:13:04', '91', 0, 0, 'ffdirp211120', 0, 0, 0, 0, 0, 0, NULL),
(247, 'batch60', 'Sangeeta Koushik', '09740445733', '\r\n4 1 2. 3', '2021-06-26 19:13:04', '91', 0, 0, 'ffdirp211120', 0, 0, 0, 0, 0, 0, NULL),
(248, 'batch60', 'Hariom Dubey', '9406558700', '2134', '2021-06-26 19:13:05', '', 0, 0, 'ffdirp211120', 0, 0, 0, 0, 0, 0, NULL),
(249, 'batch60', 'Vitthal Balasaheb Chougule', '9930101376', 'Ex 4 1 2 3', '2021-06-26 19:13:07', '91', 0, 0, 'ffdirp211120', 0, 0, 0, 0, 0, 0, NULL),
(250, 'batch60', 'Ramesh Singh', '9810350575', '4312', '2021-06-26 19:13:08', '91', 0, 0, 'ffdirp211120', 0, 0, 0, 0, 0, 0, NULL),
(251, 'batch60', 'Bijay Kedia', '9437016426', '4321\r\n\r\n', '2021-06-26 19:13:09', '91', 0, 0, 'ffdirp211120', 0, 0, 0, 0, 0, 0, NULL),
(252, 'batch60', 'raviprakash', '9381012641', 'ex  4 3 2 1', '2021-06-26 19:13:09', '', 0, 0, 'ffdirp211120', 0, 0, 0, 0, 0, 0, NULL),
(253, 'batch60', 'Dr.Sharmistha Sinha Gupta', '09433204671', 'Q ex 4,1,3,2', '2021-06-26 19:13:10', '91', 0, 0, 'ffdirp211120', 0, 0, 0, 0, 0, 0, NULL),
(254, 'batch60', 'Anjuman', '9850960784', '4132', '2021-06-26 19:13:10', '91', 0, 0, 'ffdirp211120', 0, 0, 0, 0, 0, 0, NULL),
(255, 'batch60', 'Rathnaprabha sudhindra', '0845028967', '4123', '2021-06-26 19:13:11', '', 0, 0, 'ffdirp211120', 0, 0, 0, 0, 0, 0, NULL),
(256, 'batch60', 'Gauurav Singlaa', '9148163505', 'Ex 4132', '2021-06-26 19:13:11', '', 0, 0, 'ffdirp211120', 0, 0, 0, 0, 0, 0, NULL),
(257, 'batch60', 'Subhash Chandra Sharma', '9414783885', '4321', '2021-06-26 19:13:13', '91', 0, 0, 'ffdirp211120', 0, 0, 0, 0, 0, 0, NULL),
(258, 'batch60', 'Shripad Joglekar', '9881944395', '4123', '2021-06-26 19:13:15', '', 0, 0, 'ffdirp211120', 0, 0, 0, 0, 0, 0, NULL),
(259, 'batch60', 'Narayani', '9810289682', '3214', '2021-06-26 19:13:16', '', 0, 0, 'ffdirp211120', 0, 0, 0, 0, 0, 0, NULL),
(260, 'batch60', 'Eknath Vede', '9890924689', '3142', '2021-06-26 19:13:17', '', 0, 0, 'ffdirp211120', 0, 0, 0, 0, 0, 0, NULL),
(261, 'batch60', 'Usha Chandrasekaran', '9841271153', 'Ex. 3,4,2,1', '2021-06-26 19:13:17', '', 0, 0, 'ffdirp211120', 0, 0, 0, 0, 0, 0, NULL),
(262, 'batch60', 'Narayani', '9810289682', '3214', '2021-06-26 19:13:25', '', 0, 0, 'ffdirp211120', 0, 0, 0, 0, 0, 0, NULL),
(263, 'batch60', 'Javeed Choudhari', '8407957060', 'Q3 4123', '2021-06-26 19:13:49', '', 0, 0, 'ffdirp211120', 0, 0, 0, 0, 0, 0, NULL),
(264, 'batch60', 'Shaila karegar', '7259536472', 'E4123', '2021-06-26 19:14:01', '91', 0, 0, 'ffdirp211120', 0, 0, 0, 0, 0, 0, NULL),
(265, 'batch60', 'Musaddique Qazi', '6026514905', 'Reduce anger\r\n', '2021-06-26 19:17:03', '1', 0, 0, 'ffdirp211120', 0, 0, 0, 0, 0, 0, NULL),
(266, 'batch60', 'Musaddique Qazi', '6026514905', 'Reduce anger\r\n', '2021-06-26 19:17:04', '1', 0, 0, 'ffdirp211120', 0, 0, 0, 0, 0, 0, NULL),
(267, 'batch60', 'Nagalakshmi Venkataramani ', '9445566132', 'Weight waist loss', '2021-06-26 19:17:13', '', 0, 0, 'ffdirp211120', 0, 0, 0, 0, 0, 0, NULL),
(268, 'batch60', 'Pvl raju', '9885090067', 'Hb 1 less than 6.5 creatin less than 1', '2021-06-26 19:17:21', '', 0, 0, 'ffdirp211120', 0, 0, 0, 0, 0, 0, NULL),
(269, 'batch60', 'Vijal Jindal', '09925013175', 'health target-loss in weight by 10kg more and thyroid medicine reduce\r\n', '2021-06-26 19:17:23', '91', 0, 0, 'ffdirp211120', 0, 0, 0, 0, 0, 0, NULL),
(270, 'batch60', 'M Prakash Sankhla', '09948134585', '600 km cycling ðŸ‘ðŸš´ðŸš´ðŸš´ðŸš´ next 3 month target', '2021-06-26 19:17:24', '', 0, 0, 'ffdirp211120', 0, 0, 0, 0, 0, 0, NULL),
(271, 'batch60', 'Parag bhise', '9811990179', 'Weight 65 with muscles instead of fat', '2021-06-26 19:17:26', '', 0, 0, 'ffdirp211120', 0, 0, 0, 0, 0, 0, NULL),
(272, 'batch60', 'Anjuman', '9850960784', 'getting wt loss up to 75', '2021-06-26 19:17:28', '91', 0, 0, 'ffdirp211120', 0, 0, 0, 0, 0, 0, NULL),
(273, 'batch60', 'Musaddique Qazi', '6026514905', 'Reduce A1C by 0.5', '2021-06-26 19:17:36', '1', 0, 0, 'ffdirp211120', 0, 0, 0, 0, 0, 0, NULL),
(274, 'batch60', 'Musaddique Qazi', '6026514905', 'Reduce A1C by 0.5', '2021-06-26 19:17:36', '1', 0, 0, 'ffdirp211120', 0, 0, 0, 0, 0, 0, NULL),
(275, 'batch60', 'Seema', '8971433066', 'BMI to reach from 26.5 to <25 which inturn will improve confidence', '2021-06-26 19:17:36', '', 0, 0, 'ffdirp211120', 0, 0, 0, 0, 0, 0, NULL),
(276, 'batch60', 'Sivakumar Ponnambalam', '94944993693', 'Reduce weight by 5kgs', '2021-06-26 19:17:40', '1', 0, 0, 'ffdirp211120', 0, 0, 0, 0, 0, 0, NULL),
(277, 'batch60', 'ALOK', '9009362633', 'Reduce medicine and weight', '2021-06-26 19:17:42', '', 0, 0, 'ffdirp211120', 0, 0, 0, 0, 0, 0, NULL),
(278, 'batch60', 'Mahesh Menon', '8600126662', 'Increase BMI to 22\r\n', '2021-06-26 19:17:45', '91', 0, 0, 'ffdirp211120', 0, 0, 0, 0, 0, 0, NULL),
(279, 'batch60', 'Shreekant Oka', '9819494262', 'reduce/ stop medicine , 108 hours meditation', '2021-06-26 19:17:48', '91', 0, 0, 'ffdirp211120', 0, 0, 0, 0, 0, 0, NULL),
(280, 'batch60', 'Gauurav Singlaa', '9148163505', 'Lab - HB1ac Below 7; Fitness - start cycling; \r\n', '2021-06-26 19:17:55', '', 0, 0, 'ffdirp211120', 0, 0, 0, 0, 0, 0, NULL),
(281, 'batch60', 'rajeev', '9717866861', '62kg\r\nA1c less than  5.5\r\nNo madicine\r\nbetter strength\r\n\r\nless wory\r\nDeeper connection\r\n', '2021-06-26 19:17:56', '91', 0, 0, 'ffdirp211120', 0, 0, 0, 0, 0, 0, NULL),
(282, 'batch60', 'Sudarshana P V', '8884049944', 'Hba1C less than 7', '2021-06-26 19:17:57', '93', 0, 0, 'ffdirp211120', 0, 0, 0, 0, 0, 0, NULL),
(283, 'batch60', 'Parag bhise', '9811990179', 'Lesser worry and anger', '2021-06-26 19:18:01', '', 0, 0, 'ffdirp211120', 0, 0, 0, 0, 0, 0, NULL),
(284, 'batch60', 'Vimla Sinha', '9811534344', 'Bring Hba1c lower, get rid of medicines, fitness', '2021-06-26 19:18:08', '91', 0, 0, 'ffdirp211120', 0, 0, 0, 0, 0, 0, NULL),
(285, 'batch60', 'Vivek c saha', '7600014822', 'Hba1c below 6', '2021-06-26 19:18:09', '', 0, 0, 'ffdirp211120', 0, 0, 0, 0, 0, 0, NULL),
(286, 'batch60', 'Bijay Kedia', '9437016426', 'Weight 72 bmi 23 t shirt size m\r\n', '2021-06-26 19:18:13', '91', 0, 0, 'ffdirp211120', 0, 0, 0, 0, 0, 0, NULL),
(287, 'batch60', 'Brijendra Mohan Bali', '8826000528', 'Weight gain -2-3 kgs.\r\nCycling more than 30 kms.\r\n', '2021-06-26 19:18:18', '', 0, 0, 'ffdirp211120', 0, 0, 0, 0, 0, 0, NULL),
(288, 'batch60', 'VJaishanker', '9625051521', 'Health Target Weight 67kg', '2021-06-26 19:18:23', '', 0, 0, 'ffdirp211120', 0, 0, 0, 0, 0, 0, NULL),
(289, 'batch60', 'Vivek c saha', '7600014822', 'Weight to maintain 66kg', '2021-06-26 19:18:28', '', 0, 0, 'ffdirp211120', 0, 0, 0, 0, 0, 0, NULL),
(290, 'batch60', 'Dr shashikanta panda', '9937991423', 'Waist,stopped medication..', '2021-06-26 19:18:29', '', 0, 0, 'ffdirp211120', 1, 0, 0, 0, 0, 0, NULL),
(291, 'batch60', 'Sushama Rege', '9920101953', '108 meditation,50suryanamaskara,Swimming 1/2 hr daily ', '2021-06-26 19:18:37', '', 0, 0, 'ffdirp211120', 1, 0, 0, 0, 0, 0, NULL),
(292, 'batch60', 'Shaji Thaniyil', '504567112', 'When is the next intensive onsite session ', '2021-06-26 19:18:46', '971', 0, 0, 'ffdirp211120', 1, 0, 0, 0, 0, 0, NULL),
(293, 'batch60', 'Sham Aloney', '8425692970', 'Hba1c. Beliw 5.5', '2021-06-26 19:18:50', '', 0, 0, 'ffdirp211120', 1, 0, 0, 0, 0, 0, NULL),
(294, 'batch60', 'MANASA RANJAN SUTAR', '7666251382', '1. Meditation\r\n2. Muscle Growth\r\n3. Emotional Quality Development', '2021-06-26 19:19:00', '', 0, 0, 'ffdirp211120', 1, 0, 0, 0, 0, 0, NULL),
(295, 'batch60', 'Sridevi', '9986041201', 'Sir it will be very good if you give us normal range to maintain in all parameter specially all the blood test done \r\nThank you for all your and ffd team efforts to make us healthy thank you very much once again', '2021-06-26 19:20:18', '91', 0, 0, 'ffdirp211120', 1, 0, 0, 0, 0, 0, NULL),
(296, 'batch60', 'Anjuman', '9850960784', 'say slast consultation kab tak milega?omething about app access', '2021-06-26 19:20:20', '91', 0, 0, 'ffdirp211120', 1, 0, 0, 0, 0, 0, NULL),
(297, 'batch60', 'Anjuman', '9850960784', 'please give list of all referance books on whatsap', '2021-06-26 19:22:04', '91', 0, 0, 'ffdirp211120', 1, 0, 0, 0, 0, 0, NULL),
(298, 'batch60', 'Vimla Sinha', '9811534344', 'How frequently does one need to check blood sugar levels now', '2021-06-26 19:22:18', '91', 0, 0, 'ffdirp211120', 1, 0, 0, 0, 0, 0, NULL),
(299, 'batch60', 'ALOK', '9009362633', 'what is right way or to do  to reduce Fasting Insulin?', '2021-06-26 19:23:17', '', 0, 0, 'ffdirp211120', 1, 0, 0, 0, 0, 0, NULL),
(300, 'batch60', 'Sowmya rao', '6784729881', 'Totally agree better than why I started', '2021-06-26 19:23:34', '1', 0, 0, 'ffdirp211120', 1, 0, 0, 0, 0, 0, NULL),
(301, 'batch60', 'Sowmya rao', '6784729881', 'Will we have access to portal and recepies after july', '2021-06-26 19:23:57', '1', 0, 0, 'ffdirp211120', 1, 0, 0, 0, 0, 0, NULL),
(302, 'batch60', 'Anjuman', '9850960784', 'consultation of you, ritu mam and malhar sir I have not get so please somthing about it please', '2021-06-26 19:24:17', '91', 0, 0, 'ffdirp211120', 1, 0, 0, 0, 0, 0, NULL),
(303, 'batch60', 'Musaddique Qazi', '6026514905', 'Recipe section needs to improve with much more recipes and suggestions for snacks.', '2021-06-26 19:25:09', '1', 0, 0, 'ffdirp211120', 1, 0, 0, 0, 0, 0, NULL),
(304, 'batch60', 'Usha Chandrasekaran', '9841271153', 'Have completed 1/2 the book of Ikigai doctor.  Itâ€™s excellent ', '2021-06-26 19:28:24', '', 0, 0, 'ffdirp211120', 1, 0, 0, 0, 0, 0, NULL),
(305, 'batch60', 'KUSHRAJ PATIL', '9538894172', 'Pl explain once again on Taking consultancy for 3 -6 months for 1100/-', '2021-06-26 19:28:56', '91', 0, 0, 'ffdirp211120', 1, 0, 0, 0, 0, 0, NULL),
(306, 'batch60', 'Sudarshana P V', '8884049944', 'We lost the voice of Dr.', '2021-06-26 19:29:43', '93', 0, 0, 'ffdirp211120', 0, 0, 0, 0, 0, 0, NULL),
(307, 'batch60', 'Sudarshana P V', '8884049944', 'Unable to hear Dr.', '2021-06-26 19:29:52', '93', 0, 0, 'ffdirp211120', 0, 0, 0, 0, 0, 0, NULL),
(308, 'batch60', 'Sudarshana P V', '8884049944', 'Picture is motionless', '2021-06-26 19:30:10', '93', 0, 0, 'ffdirp211120', 0, 0, 0, 0, 0, 0, NULL);
INSERT INTO `tbl_questions` (`id`, `user_batch`, `user_name`, `user_phone`, `user_question`, `asked_at`, `user_code`, `speaker`, `answered`, `eventname`, `responded`, `doctor`, `diet`, `exercise`, `mentor`, `operations`, `remark`) VALUES
(309, 'batch60', 'Deepika Palsaniya ', '9881712851', 'Hello ..I diagnosed with rheumatoid arthritis six months back. Can you treat this also ?', '2021-06-26 19:30:23', '91', 0, 0, 'ffdirp211120', 1, 0, 0, 0, 0, 0, NULL),
(310, 'batch60', 'Sudarshana P V', '8884049944', 'Still not able to hear to Dr.', '2021-06-26 19:31:43', '93', 0, 0, 'ffdirp211120', 0, 0, 0, 0, 0, 0, NULL),
(311, 'batch60', 'Radha krishnan  Raja mohan', '93457043', 'Please share ur Himalayan retreat high lights', '2021-06-26 19:32:52', '228', 0, 0, 'ffdirp211120', 1, 0, 0, 0, 0, 0, NULL),
(312, 'batch60', 'KUSHRAJ PATIL', '9538894172', '\r\n\"Every end has a new beginning\" and we never depart from FFD ', '2021-06-26 19:33:52', '91', 0, 0, 'ffdirp211120', 1, 0, 0, 0, 0, 0, NULL),
(313, 'batch60', 'Sangeeta Koushik', '09740445733', 'I am going to miss these sessions,ðŸ˜”  .it boosts my energy . Dr .you are so godly . ðŸ™', '2021-06-26 19:34:01', '91', 0, 0, 'ffdirp211120', 1, 0, 0, 0, 0, 0, NULL),
(314, 'batch60', 'Sushama Rege', '9920101953', 'Itâ€™s amazing to see you so energetic.I love your passion about work.After I see you so I also feel like to do something.So I will improve my purpose.Thanks ðŸ™ðŸ™', '2021-06-26 19:35:25', '', 0, 0, 'ffdirp211120', 1, 0, 0, 0, 0, 0, NULL),
(315, 'batch60', 'Sushama Rege', '9920101953', 'Younger,fitter & stronger ðŸ™ðŸ™', '2021-06-26 19:36:18', '', 0, 0, 'ffdirp211120', 1, 0, 0, 0, 0, 0, NULL),
(316, 'batch60', 'VJaishanker', '9625051521', 'All the best Dr.Pramod. Do share your experiences with us on the chat group.', '2021-06-26 19:37:40', '', 0, 0, 'ffdirp211120', 1, 0, 0, 0, 0, 0, NULL),
(317, 'batch60', 'Vivek c saha', '7600014822', 'Thank you very much for this freedom journey. It\'s a amazing and we enjoyed the journey with the positivity and result is. \"I am free from medicine\". The next challenge for us to maintain the momentum and continue the freedom journey independently. Looking forward for support in future also. Thank you very much ðŸ’ðŸ’', '2021-06-26 19:37:41', '', 0, 0, 'ffdirp211120', 1, 0, 0, 0, 0, 0, NULL),
(318, 'batch60', 'Vimla Sinha', '9811534344', 'It is heartening to know that you will be with us always. Wish you all success in the FFD venture.', '2021-06-26 19:37:44', '91', 0, 0, 'ffdirp211120', 1, 0, 0, 0, 0, 0, NULL),
(319, 'batch60', 'Musaddique Qazi', '6026514905', 'Include some cooking sessions as well.', '2021-06-26 19:38:04', '1', 0, 0, 'ffdirp211120', 1, 0, 0, 0, 0, 0, NULL),
(320, 'batch60', 'Sudarshana P V', '8884049944', 'Thanks a lot Dr. for all your coaching. God bless you and your complete team.', '2021-06-26 19:38:08', '93', 0, 0, 'ffdirp211120', 1, 0, 0, 0, 0, 0, NULL),
(321, 'batch60', 'Pvl raju', '9885090067', 'Despite not achieving goals I congratulate ffd.all the best.i love ffd.thanks for new dimension to my life', '2021-06-26 19:38:35', '', 0, 0, 'ffdirp211120', 1, 0, 0, 0, 0, 0, NULL),
(322, 'batch60', 'Deepika Palsaniya ', '9881712851', 'Helloâ€¦I am diagnosed with rheumatoid arthritis six months back. Can you treat this also ?', '2021-06-26 19:38:58', '91', 0, 0, 'ffdirp211120', 1, 0, 0, 0, 0, 0, NULL),
(323, 'batch60', 'MANASA RANJAN SUTAR', '7666251382', 'Any particular type of food Say , More proteins is required for muscle growth or calorie from any food , Say Carb also help in building muscle.', '2021-06-26 19:39:06', '', 0, 0, 'ffdirp211120', 1, 0, 1, 0, 0, 0, NULL),
(324, 'batch60', 'Chethan s', '9902806003', 'I was off medicine and found gymming as my athletic identity.....unfortunately got infected with covid and had to stop everything and medicine started.....weight gained ....now renewed my membership for 1 year and taking help of doctor exercise and diet expert and restarted from start .....do I need need rejoin or can it be OK to go with this subscription ?', '2021-06-26 19:39:12', '', 0, 0, 'ffdirp211120', 1, 0, 0, 0, 0, 0, NULL),
(325, 'batch60', 'Jayashri Kireeti', '9845944408', 'can  i take up mentor role after 6 months?', '2021-06-26 19:39:24', '91', 0, 0, 'ffdirp211120', 1, 0, 0, 0, 0, 1, NULL),
(326, 'batch60', 'Musaddique Qazi', '6026514905', 'It was an amazing journey! My A1C dropped by almost 4 points. Thanks!', '2021-06-26 19:39:27', '1', 0, 0, 'ffdirp211120', 1, 0, 0, 0, 0, 0, NULL),
(327, 'batch60', 'Sushama Rege', '9920101953', 'Feeling bad want to see you again & again ', '2021-06-26 19:39:27', '', 0, 0, 'ffdirp211120', 1, 0, 0, 0, 0, 0, NULL),
(328, 'batch60', 'Seema', '8971433066', 'I have had an amazing learning year. With minimal changes to diet and exercise I could reduce weight and get rid of diabetic medicines, though not for other co-morbidities. Thank you wholeheartedly for all the inspiring sessions. Will always be with ffd.  ', '2021-06-26 19:39:51', '', 0, 0, 'ffdirp211120', 1, 0, 0, 0, 0, 0, NULL),
(329, 'batch60', 'Ibrahim shaikh', '9930054766', 'Thank you sir for healthy life mai haar gaya tha medicine se aur zindagi se but aapne phir se ghoda bana diya', '2021-06-26 19:39:54', '', 0, 0, 'ffdirp211120', 1, 0, 0, 0, 0, 0, NULL),
(330, 'batch60', 'Vinay Sharma', '9886941322', 'thanks for makingme insulin free for thelast 11 months \r\n', '2021-06-26 19:40:01', '91', 0, 0, 'ffdirp211120', 1, 0, 0, 0, 0, 0, NULL),
(331, 'batch60', 'Raleda Fernandes ', '9822141831', 'Had covid in nov and my progress is gone backward. Srill on insulin and medicine. Suggest if i shd join new irp', '2021-06-26 19:40:03', '91', 0, 0, 'ffdirp211120', 1, 0, 0, 0, 0, 0, NULL),
(332, 'batch60', 'Balkrishna  Dawari', '9422057250', 'It was life-changing experience. You have given different insight\r\n\r\n\r\n', '2021-06-26 19:40:03', '91', 0, 0, 'ffdirp211120', 1, 0, 0, 0, 0, 0, NULL),
(333, 'batch60', 'MANASA RANJAN SUTAR', '7666251382', 'Great Experience last ne Year. We will continue the learning till we are on Earth.\r\n', '2021-06-26 19:40:05', '', 0, 0, 'ffdirp211120', 1, 0, 0, 0, 0, 0, NULL),
(334, 'batch60', 'Sarita sahoo', '8105665560', 'Hi Dr can take your appointment ?', '2021-06-26 19:40:08', '', 0, 0, 'ffdirp211120', 1, 0, 0, 0, 0, 0, NULL),
(335, 'batch60', 'PRASHANT BHASIN', '9418466075', 'Wonderful time we had . Please allow what\'s app group with one expert may be with some minimum charges', '2021-06-26 19:40:09', '91', 0, 0, 'ffdirp211120', 1, 0, 0, 0, 0, 1, NULL),
(336, 'batch60', 'Chirayu', '7760412880', 'I know the formula to reverse the diabetes...thanks to FFD', '2021-06-26 19:40:11', '', 0, 0, 'ffdirp211120', 1, 0, 0, 0, 0, 0, NULL),
(337, 'batch60', 'Poonam Consul', '9740069319', 'Your motivation is ammmmmmazing', '2021-06-26 19:40:12', '', 0, 0, 'ffdirp211120', 1, 0, 0, 0, 0, 0, NULL),
(338, 'batch60', 'Dr.G.S.RAJANNA', '9900606695', 'Can I have Telephonic conversation with FFD participant from Bengaluru with 21 -25 BMI  who has achieved  free of medicine  ,to take his inputs', '2021-06-26 19:40:13', '91', 0, 0, 'ffdirp211120', 1, 0, 0, 0, 0, 1, NULL),
(339, 'batch60', 'Nandu Mehta', '423205246', 'It has been a fantastic journey, thanks to you Dr Pramod and your team. God bless! ', '2021-06-26 19:40:15', '61', 0, 0, 'ffdirp211120', 1, 0, 0, 0, 0, 0, NULL),
(340, 'batch60', 'Dr Badarinarayan', '9480182396', 'Thank you, achieved goals ,will continue for life', '2021-06-26 19:40:16', '91', 0, 0, 'ffdirp211120', 1, 0, 0, 0, 0, 0, NULL),
(341, 'batch60', 'Gauurav Singlaa', '9148163505', 'Hello - This last 1 year has been a tremendous journey for me. Though it has wreaked havoc on people across the globe, pandemic has personally been a great opportunity to take care of my health through the IRP program. I would continue this journey towards great health. Last but not the least, wishing all the greatest success to FFD team for curing loads of people across the globe in the future! ', '2021-06-26 19:40:19', '', 0, 0, 'ffdirp211120', 1, 0, 0, 0, 0, 0, NULL),
(342, 'batch60', 'Usha Chandrasekaran', '9841271153', 'Thanks for all the support Doctor.   Would like to get details about joining recent IRP', '2021-06-26 19:40:24', '', 0, 0, 'ffdirp211120', 1, 0, 0, 0, 0, 1, NULL),
(343, 'batch60', 'laxmikant', '9718592448', 'stay connected with wow wednesday already!', '2021-06-26 19:40:27', '91', 0, 0, 'ffdirp211120', 1, 0, 0, 0, 0, 0, NULL),
(344, 'batch60', 'Sridevi', '9986041201', 'Good evening  thank you sir for making us healthy and set goal all the best for your endeavor s', '2021-06-26 19:40:45', '91', 0, 0, 'ffdirp211120', 1, 0, 0, 0, 0, 0, NULL),
(345, 'batch60', 'aarti karia ', '9016087987', 'this is amazing journey n awesome team \r\nstay blessed forever FFD team', '2021-06-26 19:40:48', '91', 0, 0, 'ffdirp211120', 1, 0, 0, 0, 0, 0, NULL),
(346, 'batch60', 'Anjuman Mujawar', '9850960784', 'can we access education portal allvedios,audios and documents?', '2021-06-26 19:41:18', '', 0, 0, 'ffdirp211120', 1, 0, 0, 0, 0, 0, NULL),
(347, 'batch60', 'Mahesh Menon', '8600126662', 'Thank you for all the help, really benefited. All physicians, trainer, diet specialists, mentor\r\n were really helpful. Wish you all the very best. Will be in touch. ', '2021-06-26 19:41:39', '91', 0, 0, 'ffdirp211120', 1, 0, 0, 0, 0, 0, NULL),
(348, 'batch60', 'Kailash Bhagwandas Bhatia', '9821222050', 'Thanks wonderful session still surprised how one year passed so quickly thanks once again', '2021-06-26 19:41:57', '91', 0, 0, 'ffdirp211120', 1, 0, 0, 0, 0, 0, NULL),
(349, 'batch60', 'VJaishanker', '9625051521', 'Life has thrown another challenge my way.  Diagnosed with P Ca. Meeting it head on with the help of Dr, Rashmi Menon. PSA dropped from 23 in Jan21 to 0.07 in Jun 21', '2021-06-26 19:41:57', '', 0, 0, 'ffdirp211120', 1, 0, 0, 0, 0, 0, NULL),
(350, 'batch60', 'MANASA RANJAN SUTAR', '7666251382', 'Any particular type of food Say , More proteins is required for muscle growth or calorie from any food , Say Carb also help in building muscle.', '2021-06-26 19:41:57', '', 0, 0, 'ffdirp211120', 1, 0, 1, 0, 0, 0, NULL),
(351, 'batch60', 'Jayanthi', '6096516098', 'Thanks ffd for giving my life back with lowered stable weight and a practical way to maintain it ðŸ™ðŸ½', '2021-06-26 19:42:02', '1', 0, 0, 'ffdirp211120', 1, 0, 0, 0, 0, 0, NULL),
(352, 'batch60', 'Shaila karegar', '7259536472', 'Wow connections sirji...happy himalaya experience', '2021-06-26 19:42:06', '91', 0, 0, 'ffdirp211120', 1, 0, 0, 0, 0, 0, NULL),
(353, 'batch60', 'Meenakshi Rajagopalan', '93885465', 'whenever i am down , just by seeing you in the videos , listening to you gives me positive energy.  Thanks very much .  You are doing an yeoman service.', '2021-06-26 19:42:07', '65', 0, 0, 'ffdirp211120', 1, 0, 0, 0, 0, 0, NULL),
(354, 'batch60', 'Chethan s', '9902806003', 'I was off medicine and found gymming as my athletic identity.....unfortunately got infected with covid and had to stop everything and medicine started.....weight gained ....now renewed my membership for 1 year and taking help of doctor exercise and diet expert and restarted from start .....do I need need rejoin or can it be OK to go with this subscription ?', '2021-06-26 19:42:12', '', 0, 0, 'ffdirp211120', 1, 0, 0, 0, 0, 0, NULL),
(355, 'batch60', 'Smita Nisal', '07438463403', 'Hello Sir.. You are my god and have changed my life altogether.  Will I have our last consultation with the doctor I have got my blood tests done this month. ', '2021-06-26 19:42:16', '44', 0, 0, 'ffdirp211120', 1, 0, 0, 0, 0, 0, NULL),
(356, 'batch60', 'aarti karia ', '9016087987', '108 hours meditation \r\n108 suryanamskar goals', '2021-06-26 19:42:18', '91', 0, 0, 'ffdirp211120', 1, 0, 0, 0, 0, 0, NULL),
(357, 'batch60', 'Aashwina Mouli', '9820417717', 'Doctor my details on ppt are wrong . I was never on insulin, Please get it corrected.', '2021-06-26 19:42:45', '', 0, 0, 'ffdirp211120', 1, 0, 0, 0, 0, 1, 'correct research data'),
(358, 'batch60', 'Ibrahim shaikh', '9930054766', 'sir abhi jaise ffd plan tha waisey countnue rakhne k liye kya charge hai', '2021-06-26 19:42:48', '', 0, 0, 'ffdirp211120', 1, 0, 0, 0, 0, 0, NULL),
(359, 'batch60', 'Kishore Chennu', '9966889968', 'Thank You Very much for the program. Grateful to you.\r\n', '2021-06-26 19:42:53', '', 0, 0, 'ffdirp211120', 1, 0, 0, 0, 0, 0, NULL),
(360, 'batch60', 'Nagalakshmi Venkataramani ', '9445566132', 'Wonderful journey.  Thankyou  still need to continue for weight loss and waist', '2021-06-26 19:43:10', '', 0, 0, 'ffdirp211120', 1, 0, 1, 0, 0, 0, NULL),
(361, 'batch60', 'Brijendra Mohan Bali', '8826000528', 'Dr. Pramodji your inspiration is our way of life now. Great teachings always by u n\' ur team.\r\nApp extention for how much time is advsable ? Pl. advise. Thanks.', '2021-06-26 19:43:12', '', 0, 0, 'ffdirp211120', 1, 0, 0, 0, 0, 0, NULL),
(362, 'batch60', 'Vijal Jindal', '09925013175', 'Thank you Sir for making me meet myself through this 1 year journey .Thank you thank you', '2021-06-26 19:43:16', '91', 0, 0, 'ffdirp211120', 1, 0, 0, 0, 0, 0, NULL),
(363, 'batch60', 'Peter Murzello', '09833916228', 'Thank you FfFD Team for proving IMpossibke is nothing', '2021-06-26 19:43:50', '91', 0, 0, 'ffdirp211120', 1, 0, 0, 0, 0, 0, NULL),
(364, 'batch60', 'Poonam', '9911553172', 'Reduced 90%of medicine feel much healthier', '2021-06-26 19:44:00', '91', 0, 0, 'ffdirp211120', 1, 0, 0, 0, 0, 0, NULL),
(365, 'batch60', 'CVR MURTHY', '9434798702', 'My health goals- 108 Suryanamaskaras, Reduction of BMI below 25, maintain Hba1c of 5.7, Continue to stop taking medicines for Bp & thyroid. Thank you Dr Tripathi & FFd team for helping me reach this stage', '2021-06-26 19:44:10', '', 0, 0, 'ffdirp211120', 1, 0, 0, 0, 0, 0, NULL),
(366, 'batch60', 'Surajit Barman', '9508249077', 'Can we retain the videos that were made available ?', '2021-06-26 19:44:30', '', 0, 0, 'ffdirp211120', 1, 0, 0, 0, 0, 0, NULL),
(367, 'batch60', 'CVR MURTHY', '9434798702', 'Thank you Dr Tripathi and FFD team for helping me to reach BMI of 25, hba1c of 5.7 and stopping thyroid medicine. I am a mentor now and will continue with ffd protocols and help others', '2021-06-26 19:44:37', '', 0, 0, 'ffdirp211120', 1, 0, 0, 0, 0, 1, NULL),
(368, 'batch60', 'Deepika Palsaniya ', '9881712851', 'Phase 1 diet for whole life ?', '2021-06-26 19:44:39', '91', 0, 0, 'ffdirp211120', 1, 0, 0, 0, 0, 0, NULL),
(369, 'batch60', 'Anjuman Mujawar', '9850960784', 'I want acive mentoring dr', '2021-06-26 19:44:50', '', 0, 0, 'ffdirp211120', 1, 0, 0, 0, 0, 1, NULL),
(370, 'batch60', 'Dr.G.S.RAJANNA', '9900606695', 'With BMI of 22- 23 and HbA1C of 6.1 to 5.2 , instead of lowering medicine doses ,with time doses are going up. Please throw light.', '2021-06-26 19:45:04', '91', 0, 0, 'ffdirp211120', 1, 1, 0, 0, 0, 0, NULL),
(371, 'batch60', 'Sarita sahoo', '8105665560', 'Wonderful journey , all r support n helping thanks a lot ðŸ™', '2021-06-26 19:45:09', '', 0, 0, 'ffdirp211120', 1, 0, 0, 0, 0, 0, NULL),
(372, 'batch60', 'ALOK', '9009362633', 'There is hard need to improve the Blood sugar level portion in App., as Medicine is adjusted only on the basis of BSL without knowing  the diet or Anti Gravity Exercise which results in frequent Change of medicine but not in the line. My this suggestion should give some time to look in to it, and you will find the lacuna .\r\n', '2021-06-26 19:45:17', '', 0, 0, 'ffdirp211120', 1, 0, 0, 0, 0, 1, NULL),
(373, 'batch60', 'Khurshid', '9448643646', 'Amazing journey. Will miss you all on daily basis. Thank you very much. GOD Bless you and everyone at FFD.', '2021-06-26 19:45:18', '', 0, 0, 'ffdirp211120', 1, 0, 0, 0, 0, 0, NULL),
(374, 'batch60', 'Subhash Chandra Sharma', '9414783885', 'Videos released in the batch 60 should be available for all life. Please give the list of important books in writing.Targets shoud be given for each parameters.', '2021-06-26 19:45:38', '91', 0, 0, 'ffdirp211120', 1, 0, 0, 0, 0, 0, NULL),
(375, 'batch60', 'Ajay Vinayak', '09871236000', 'Started with Insulin and startee again 25 unite. Hope i will be able to win over it and reverse back .. i was un lucky for not being able to reserve my pre join status.', '2021-06-26 19:45:41', '', 0, 0, 'ffdirp211120', 1, 0, 0, 0, 0, 1, NULL),
(376, 'batch60', 'PRASHANT BHASIN', '9418466075', 'How to become mentor', '2021-06-26 19:46:02', '91', 0, 0, 'ffdirp211120', 1, 0, 0, 0, 0, 1, NULL),
(377, 'batch60', 'Dr shashikanta panda', '9937991423', 'Amazing 1 yr journey ,,Thank you pramod sir..', '2021-06-26 19:46:32', '', 0, 0, 'ffdirp211120', 1, 0, 0, 0, 0, 0, NULL),
(378, 'batch60', 'Pvl raju', '9885090067', 'Ffd hip hip hurray', '2021-06-26 19:47:20', '', 0, 0, 'ffdirp211120', 1, 0, 0, 0, 0, 0, NULL),
(379, 'batch60', 'SHRIKANT JADHAV', '9823003006', 'in report in am stated as \" On Medicine\".\r\nI was never on medication since joining.\r\n', '2021-06-26 19:47:32', '', 0, 0, 'ffdirp211120', 1, 0, 0, 0, 0, 1, 'correct research data'),
(380, 'batch60', 'Dr.G.S.RAJANNA', '9900606695', 'How about  opening a center of FFD in Bengalur to reach and cater the Diabetics in kannada language. ', '2021-06-26 19:47:36', '91', 0, 0, 'ffdirp211120', 1, 0, 0, 0, 0, 0, NULL),
(381, 'batch60', 'MMA SALAM', '9448162586', 'Thank you ffd aapke sath ek sal kaisa gaya pata hi nahin chala', '2021-06-26 19:47:47', '91', 0, 0, 'ffdirp211120', 1, 0, 0, 0, 0, 0, NULL),
(382, 'batch60', 'Kamala', '6308624694', 'Thank you for your support. ', '2021-06-26 19:48:05', '1', 0, 0, 'ffdirp211120', 1, 0, 0, 0, 0, 0, NULL),
(383, 'batch60', 'Ghansham Lalwani', '9820064562', 'Need to join your TRP', '2021-06-26 19:48:39', '91', 0, 0, 'ffdirp211120', 1, 0, 0, 0, 0, 1, NULL),
(384, 'batch60', 'Deepika Palsaniya ', '9881712851', 'Not understood your answer â€¦. Phase 1diet for whole life ? Please reply again ', '2021-06-26 19:48:41', '91', 0, 0, 'ffdirp211120', 1, 0, 0, 0, 0, 0, NULL),
(385, 'batch60', 'Vaishali Shyopura', '9560666881', 'Dr. Ki help abhi continue rahegi kya?', '2021-06-26 19:49:04', '', 0, 0, 'ffdirp211120', 1, 0, 0, 0, 0, 0, NULL),
(386, 'batch60', 'Subhash Chandra Sharma', '9414783885', 'I have shown insulin free in the profile of ffd app that is wrong because I was never insulin dependant.please, correct it in the ffd app and in your record.', '2021-06-26 19:49:53', '91', 0, 0, 'ffdirp211120', 1, 0, 0, 0, 0, 1, 'correction research data'),
(387, 'batch60', 'Kiran kumar kamplikar', '9342192004', 'Thank you HBA1C 7 TO 5.1\r\n\r\n', '2021-06-26 19:50:03', '91', 0, 0, 'ffdirp211120', 1, 0, 0, 0, 0, 0, NULL),
(388, 'batch60', 'Dr.G.S.RAJANNA', '9900606695', 'Thank you very much the entire FFD TEAM', '2021-06-26 19:50:06', '91', 0, 0, 'ffdirp211120', 1, 0, 0, 0, 0, 0, NULL),
(389, 'batch60', 'Rahul bhope', '9822992133', 'Is there any FFD data which shows reduction in Hba1c afterv1 year?? ', '2021-06-26 19:50:07', '', 0, 0, 'ffdirp211120', 1, 0, 0, 0, 0, 0, NULL),
(390, 'batch60', 'Radha krishnan  Raja mohan', '93457043', 'Let us conclude with song Alkabhi elvira na kehna', '2021-06-26 19:50:11', '228', 0, 0, 'ffdirp211120', 1, 0, 0, 0, 0, 0, NULL),
(391, 'batch60', 'Shreekant Oka', '9819494262', 'Can I meet you in person?\r\n', '2021-06-26 19:50:11', '91', 0, 0, 'ffdirp211120', 1, 0, 0, 0, 0, 0, NULL),
(392, 'batch60', 'Nawal  Kishore', '07004705819', 'Wonderful experisnce. But not benefitted too much, rather my body weighthsa got reduced which has notbeen gained till now. I was thinking medicines to boff but it could not happen.', '2021-06-26 19:50:15', '', 0, 0, 'ffdirp211120', 1, 0, 0, 0, 0, 0, NULL),
(393, 'batch60', 'Aashwina Mouli', '9820417717', 'bye doc', '2021-06-26 19:50:19', '', 0, 0, 'ffdirp211120', 0, 0, 0, 0, 0, 0, NULL),
(394, 'batch60', 'CVR MURTHY', '9434798702', 'Wishing all the best to you\r\n', '2021-06-26 19:50:22', '', 0, 0, 'ffdirp211120', 0, 0, 0, 0, 0, 0, NULL),
(395, 'batch60', 'Ibrahim shaikh', '9930054766', 'miss u', '2021-06-26 19:50:32', '', 0, 0, 'ffdirp211120', 0, 0, 0, 0, 0, 0, NULL),
(396, 'batch60', 'Radha krishnan  Raja mohan', '93457043', 'Best of luck', '2021-06-26 19:50:40', '228', 0, 0, 'ffdirp211120', 0, 0, 0, 0, 0, 0, NULL),
(397, 'batch60', 'Pavana', '9448689878', 'Thank you', '2021-06-26 19:50:48', '91', 0, 0, 'ffdirp211120', 0, 0, 0, 0, 0, 0, NULL),
(398, 'batch60', 'Anjuman Mujawar', '9850960784', 'thank you,bye', '2021-06-26 19:50:57', '', 0, 0, 'ffdirp211120', 0, 0, 0, 0, 0, 0, NULL),
(399, 'batch60', 'Pavana', '9448689878', 'Thank you.', '2021-06-26 19:51:09', '91', 0, 0, 'ffdirp211120', 0, 0, 0, 0, 0, 0, NULL),
(400, 'batch60', 'Ajay Vinayak', '09871236000', 'à¤«à¤¿à¤° à¤®à¤¿à¤²à¥‡à¤‚à¤—à¥‡', '2021-06-26 19:51:12', '', 0, 0, 'ffdirp211120', 0, 0, 0, 0, 0, 0, NULL),
(401, 'batch60', 'Jyoti nayak', '9561487949', 'Ffd journey bahut acchi rahi..Mera hba1c 6.5 aaya..bahut khush hu..koshish jaari hai..thank u ffd team..', '2021-06-26 19:51:21', '91', 0, 0, 'ffdirp211120', 1, 0, 0, 0, 0, 0, NULL),
(402, 'batch60', 'Vivek c saha', '7600014822', 'I am connected as a Mentor.. Thank you', '2021-06-26 19:51:33', '', 0, 0, 'ffdirp211120', 0, 0, 0, 0, 0, 0, NULL),
(403, 'batch60', 'Manjunatha ', '7022107639', ' Can we take consultation for next 3 months ', '2021-06-26 19:51:35', '', 0, 0, 'ffdirp211120', 0, 0, 0, 0, 0, 0, NULL),
(404, 'batch60', 'Sarita sahoo', '81056655603', 'Can we use FFD aap ?', '2021-06-26 19:51:37', '', 0, 0, 'ffdirp211120', 0, 0, 0, 0, 0, 0, NULL),
(405, 'batch60', 'VJaishanker', '9625051521', 'Bye Sir. Please do post a message once in a while on the chat group', '2021-06-26 19:51:54', '', 0, 0, 'ffdirp211120', 0, 0, 0, 0, 0, 0, NULL),
(406, 'batch60', 'Vaishali Shyopura', '9560666881', 'Thank you for changing our lives.', '2021-06-26 19:52:47', '', 0, 0, 'ffdirp211120', 0, 0, 0, 0, 0, 0, NULL),
(407, 'batch60', 'Radha krishnan  Raja mohan', '93457043', 'Enjoyed', '2021-06-26 19:52:53', '228', 0, 0, 'ffdirp211120', 0, 0, 0, 0, 0, 0, NULL),
(408, 'batch60', 'Anupam chatterjee', '9434743867', 'I want to continue with FFD, my BMI is now 27, and bsl is under orange zone, and and I am with out medicine from last july just after one month joining of FFD', '2021-06-26 20:06:25', '', 0, 0, 'ffdirp211120', 0, 0, 0, 0, 0, 0, NULL),
(409, 'batch60', 'Chandra', '9999216277', 'All vedio & audio will remain in your educational portal ???\r\nIt\'s need for our future.', '2021-06-26 20:12:08', '', 0, 0, 'ffdirp211120', 0, 0, 0, 0, 0, 0, NULL),
(410, 'batch60', 'Rakesh Kumar ', '9619784359', 'Can I extend this course. Any spl scheme ', '2021-06-26 20:26:19', '', 0, 0, 'ffdirp211120', 0, 0, 0, 0, 0, 0, NULL),
(411, 'batch60', 'Rakesh Kumar ', '9619784359', 'Please add me', '2021-06-26 20:27:31', '', 0, 0, 'ffdirp211120', 0, 0, 0, 0, 0, 0, NULL),
(412, 'batch60', 'Satyendra Narayan Dwivedi ', '9811036426', 'I was infected by Covid so last 3 months did not participate can I continue with the group ? If to pay extra then let me know . My wife Manju lata Dwivedi was also got infected and she would also like to continue . Thanks ðŸ™ ', '2021-06-26 20:30:51', '', 0, 0, 'ffdirp211120', 0, 0, 0, 0, 0, 0, NULL),
(413, 'batch60', 'Rakesh Kumar ', '9619784359', 'Can I add again any information pl advice', '2021-06-26 20:30:57', '', 0, 0, 'ffdirp211120', 0, 0, 0, 0, 0, 0, NULL),
(414, 'batch60', 'Nishikant Kunte ', '97515220', 'I had 4 months no issues and was I was out of tablet but later 8 months my sugars was fluctuating and had to start my medication ', '2021-06-26 20:51:10', '65', 0, 0, 'ffdirp211120', 0, 0, 0, 0, 0, 0, NULL),
(415, 'batch60', 'Rajagopala Alasinga Bhattachar', '02026873516', 'How we can manage further?', '2021-06-27 21:12:29', '', 0, 0, 'ffdirp211120', 0, 0, 0, 0, 0, 0, NULL),
(416, 'batch60', 'Swami Nityamuktananda Ananda', '09843635583', 'What type of help we can get from your side.', '2021-06-28 12:28:09', '', 0, 0, 'ffdirp211120', 0, 0, 0, 0, 0, 0, NULL),
(417, 'batch60', 'Ashooo', '9229489894', 'No', '2021-07-13 19:24:03', '', 0, 0, 'ffdirp211120', 0, 0, 0, 0, 0, 0, NULL);

-- --------------------------------------------------------

--
-- Table structure for table `tbl_users`
--

CREATE TABLE `tbl_users` (
  `id` int(3) NOT NULL,
  `batch` varchar(10) NOT NULL,
  `name` varchar(100) NOT NULL,
  `reg_date` datetime NOT NULL,
  `mobile_num` varchar(20) NOT NULL,
  `login_date` datetime DEFAULT NULL,
  `logout_date` datetime DEFAULT NULL,
  `logout_status` int(11) DEFAULT '0',
  `cntry_code` varchar(10) DEFAULT NULL,
  `eventname` varchar(50) NOT NULL
) ENGINE=InnoDB DEFAULT CHARSET=utf8;

--
-- Dumping data for table `tbl_users`
--

INSERT INTO `tbl_users` (`id`, `batch`, `name`, `reg_date`, `mobile_num`, `login_date`, `logout_date`, `logout_status`, `cntry_code`, `eventname`) VALUES
(1, 'batch60', 'Prerana chaudhari ', '2021-06-23 17:04:51', '8767886083', '2021-06-26 19:32:39', '2021-06-26 20:34:19', 1, '', 'ffdirp211120'),
(2, 'batch60', 'Prerana chaudhari ', '2021-06-23 18:08:34', '8767886983', '2021-06-23 18:08:34', '2021-06-23 18:14:06', 1, '', 'ffdirp211120'),
(3, 'batch60', 'PVRao', '2021-06-24 07:21:05', '8333887888', '2021-06-26 18:39:06', '2021-06-26 19:53:07', 1, '91', 'ffdirp211120'),
(4, 'batch60', 'Jyoti nayak', '2021-06-24 11:36:38', '9561487949', '2021-06-26 18:53:09', '2021-06-26 19:53:40', 1, '91', 'ffdirp211120'),
(5, 'batch60', 'Dr Badarinarayan', '2021-06-24 17:32:28', '9480182396', '2021-06-26 18:23:46', '2021-06-26 19:52:24', 0, '91', 'ffdirp211120'),
(6, 'batch60', 'V', '2021-06-24 17:41:57', '5', '2021-06-24 17:41:57', '2021-06-24 17:42:27', 1, '', 'ffdirp211120'),
(7, 'batch60', 'Srikanth venkst', '2021-06-24 18:40:45', '9840008100', '2021-06-24 18:40:45', '2021-06-24 18:41:45', 1, '', 'ffdirp211120'),
(8, 'batch60', 'Ravishankar ', '2021-06-24 18:57:11', '9176900786', '2021-06-24 18:57:11', '2021-06-26 20:07:34', 0, '91', 'ffdirp211120'),
(9, 'batch60', 'V', '2021-06-25 16:19:33', '243', '2021-06-25 16:19:33', '2021-06-25 16:22:04', 1, '', 'ffdirp211120'),
(10, 'batch60', 'Rajendra Joshi', '2021-06-25 16:49:49', '09845316483', '2021-06-26 18:31:43', '2021-06-26 19:40:37', 0, '91', 'ffdirp211120'),
(11, 'batch60', 'Dr.Sharmistha Sinha Gupta', '2021-06-25 17:07:26', '09433204671', '2021-06-26 18:57:58', '2021-06-26 19:36:20', 0, '91', 'ffdirp211120'),
(12, 'batch60', 'Prasanna Kumar Galla', '2021-06-25 21:26:44', '9849127262', '2021-06-25 21:26:44', '2021-06-25 21:27:14', 1, '', 'ffdirp211120'),
(13, 'batch60', 'Kailash Bhagwandas Bhatia', '2021-06-26 00:19:07', '9821222050', '2021-06-26 19:50:51', '2021-06-26 19:52:51', 1, '91', 'ffdirp211120'),
(14, 'batch60', 'Krishna', '2021-06-26 05:50:33', '9448644968', '2021-06-26 19:28:44', '2021-06-26 21:04:21', 1, '91', 'ffdirp211120'),
(15, 'batch60', 'Peter Murzello', '2021-06-26 09:22:12', '9833916228', '2021-06-26 09:22:12', '2021-06-26 09:22:42', 1, '91', 'ffdirp211120'),
(16, 'batch60', 'Sharif Zaman', '2021-06-26 09:25:02', '4254437678', '2021-06-26 18:58:54', '2021-06-26 20:29:26', 1, '1', 'ffdirp211120'),
(17, 'batch60', 'Prathiba Ashokkumar ', '2021-06-26 10:58:59', '8939679567', '2021-06-26 18:29:48', '2021-06-26 19:50:45', 0, '', 'ffdirp211120'),
(18, 'batch60', 'SAMPAT Rathod ', '2021-06-26 14:53:37', '9920602524', '2021-06-26 18:28:53', '2021-06-26 19:52:33', 0, '', 'ffdirp211120'),
(19, 'batch60', 'Prachi Shah', '2021-06-26 15:38:43', '9822036965', '2021-06-26 15:38:43', '2021-06-26 15:43:33', 1, '', 'ffdirp211120'),
(20, 'batch60', 'Sarita sahoo', '2021-06-26 16:26:43', '8105665560', '2021-06-26 19:54:36', '2021-06-26 19:55:06', 1, '', 'ffdirp211120'),
(21, 'batch60', 'Jayant patil ', '2021-06-26 16:41:33', '9820073751', '2021-06-26 16:41:33', '2021-06-26 16:43:34', 1, '91', 'ffdirp211120'),
(22, 'batch60', 'Nirmal John ', '2021-06-26 16:53:59', '944971024', '2021-06-26 16:53:59', '2021-06-26 16:54:11', 0, '', 'ffdirp211120'),
(23, 'batch60', 'Harini a v', '2021-06-26 17:03:18', '9535145005', '2021-06-26 17:03:18', '2021-06-26 17:03:48', 1, '91', 'ffdirp211120'),
(24, 'batch60', 'Siddharth Kakade', '2021-06-26 17:33:22', '9711190760', '2021-06-26 17:33:22', '2021-06-26 17:36:22', 1, '91', 'ffdirp211120'),
(25, 'batch60', 'aarti karia ', '2021-06-26 17:38:28', '9016087987', '2021-06-26 18:30:51', '2021-06-26 19:52:51', 1, '91', 'ffdirp211120'),
(26, 'batch60', 'gowri', '2021-06-26 17:43:39', '9790818903', '2021-06-26 18:16:57', '2021-06-26 20:08:57', 1, '', 'ffdirp211120'),
(27, 'batch60', 'Bijay Kedia', '2021-06-26 17:43:55', '9437016426', '2021-06-26 18:35:11', '2021-06-26 19:52:42', 1, '91', 'ffdirp211120'),
(28, 'batch60', 'natrajhen sivasubramanian', '2021-06-26 17:51:25', '8870106110', '2021-06-26 17:51:25', '2021-06-26 22:04:02', 1, '', 'ffdirp211120'),
(29, 'batch60', 'Shrinivas Palsule', '2021-06-26 17:52:49', '9422381174', '2021-06-26 19:58:05', '2021-06-26 20:07:06', 1, '', 'ffdirp211120'),
(30, 'batch60', 'Prashanth Koduganty', '2021-06-26 17:59:36', '9643890516', '2021-06-26 17:59:36', '2021-06-26 19:52:36', 1, '', 'ffdirp211120'),
(31, 'batch60', 'Sunaina benne', '2021-06-26 18:00:14', '9566208316', '2021-06-26 18:00:14', '2021-06-26 19:52:45', 1, '', 'ffdirp211120'),
(32, 'batch60', 'Lata khadke', '2021-06-26 18:02:11', '9890702753', '2021-06-26 18:34:27', '2021-06-26 19:19:58', 1, '', 'ffdirp211120'),
(33, 'batch60', 'Renu Varma', '2021-06-26 18:03:54', '9920228501', '2021-06-26 19:51:12', '2021-06-26 19:52:42', 1, '', 'ffdirp211120'),
(34, 'batch60', 'Gowri Shankar Natarajan', '2021-06-26 18:05:43', '9881208457', '2021-06-26 19:23:38', '2021-06-26 19:53:08', 1, '', 'ffdirp211120'),
(35, 'batch60', 'Abhay Kumar Prasad', '2021-06-26 18:05:45', '992351951', '2021-06-26 18:05:45', '2021-06-26 18:12:53', 1, '', 'ffdirp211120'),
(36, 'batch60', 'Eknath Vede', '2021-06-26 18:07:46', '9890924689', '2021-06-26 18:07:46', '2021-06-26 19:52:49', 1, '', 'ffdirp211120'),
(37, 'batch60', 'NAGESH DHAR MISRA', '2021-06-26 18:10:00', '09560001738', '2021-06-26 18:34:55', '2021-06-26 19:05:26', 1, '', 'ffdirp211120'),
(38, 'batch60', 'ALOK', '2021-06-26 18:11:57', '9009362633', '2021-06-26 18:11:57', '2021-06-26 19:45:27', 1, '', 'ffdirp211120'),
(39, 'batch60', 'Nirmal John', '2021-06-26 18:12:26', '9449710024', '2021-06-26 18:12:26', '2021-06-26 19:52:52', 1, '', 'ffdirp211120'),
(40, 'batch60', 'Ponnammal', '2021-06-26 18:13:04', '9842663605', '2021-06-26 18:13:04', '2021-06-26 19:13:12', 1, '', 'ffdirp211120'),
(41, 'batch60', 'Khurshid Unnisa', '2021-06-26 18:13:54', '9448643646', '2021-06-26 18:34:14', '2021-06-26 19:05:53', 1, '91', 'ffdirp211120'),
(42, 'batch60', 'CVR MURTHY', '2021-06-26 18:13:57', '9434798702', '2021-06-26 20:01:07', '2021-06-26 20:01:37', 1, '', 'ffdirp211120'),
(43, 'batch60', 'Manisha sable', '2021-06-26 18:13:58', '8999223277', '2021-06-26 18:13:58', '2021-06-26 19:52:59', 1, '91', 'ffdirp211120'),
(44, 'batch60', 'Balkrishna  Dawari', '2021-06-26 18:15:51', '9422057250', '2021-06-26 18:15:51', '2021-06-26 19:52:55', 0, '91', 'ffdirp211120'),
(45, 'batch60', 'Anand Maheshwari', '2021-06-26 18:16:37', '09873140454', '2021-06-26 18:16:37', '2021-06-26 19:52:38', 1, '91', 'ffdirp211120'),
(46, 'batch60', 'Vitthal Balasaheb Chougule', '2021-06-26 18:16:43', '9930101376', '2021-06-26 19:14:44', '2021-06-26 19:52:45', 1, '91', 'ffdirp211120'),
(47, 'batch60', 'Chaitra aradhya', '2021-06-26 18:17:44', '9561769089', '2021-06-26 19:18:27', '2021-06-26 19:52:33', 0, '', 'ffdirp211120'),
(48, 'batch60', 'Brijendra Mohan Bali', '2021-06-26 18:18:03', '8826000528', '2021-06-26 19:53:41', '2021-06-26 19:53:57', 0, '', 'ffdirp211120'),
(49, 'batch60', 'Mythreyi', '2021-06-26 18:18:45', '507273121', '2021-06-26 18:18:45', '2021-06-26 19:52:21', 1, '971', 'ffdirp211120'),
(50, 'batch60', 'Rahul bhope', '2021-06-26 18:19:06', '9822992133', '2021-06-26 18:19:06', '2021-06-26 20:33:12', 1, '', 'ffdirp211120'),
(51, 'batch60', 'Dr.G.S.RAJANNA', '2021-06-26 18:19:33', '9900606695', '2021-06-26 18:19:33', '2021-06-26 19:53:04', 1, '91', 'ffdirp211120'),
(52, 'batch60', 'Geeta G G', '2021-06-26 18:19:45', '9449220520', '2021-06-26 19:50:25', '2021-06-26 19:53:25', 1, '', 'ffdirp211120'),
(53, 'batch60', 'Shreekant Oka', '2021-06-26 18:20:01', '9819494262', '2021-06-26 18:20:01', '2021-06-26 19:53:03', 1, '91', 'ffdirp211120'),
(54, 'batch60', 'Meenakshi Rajagopalan', '2021-06-26 18:20:02', '93885465', '2021-06-26 18:20:02', '2021-06-26 19:52:32', 1, '65', 'ffdirp211120'),
(55, 'batch60', 'Mahesh Menon', '2021-06-26 18:20:42', '8600126662', '2021-06-26 18:20:42', '2021-06-26 19:53:07', 0, '91', 'ffdirp211120'),
(56, 'batch60', 'Ghansham Lalwani', '2021-06-26 18:21:12', '9820064562', '2021-06-26 18:21:12', '2021-06-26 19:52:53', 0, '91', 'ffdirp211120'),
(57, 'batch60', 'Rekha Doshi', '2021-06-26 18:22:53', '9909998103', '2021-06-26 18:22:53', '2021-06-26 19:52:20', 0, '91', 'ffdirp211120'),
(58, 'batch60', 'Hariom Dubey', '2021-06-26 18:23:25', '9406558700', '2021-06-26 18:23:25', '2021-06-26 20:06:26', 1, '', 'ffdirp211120'),
(59, 'batch60', 'Anjuman', '2021-06-26 18:23:41', '9850960784', '2021-06-26 18:23:41', '2021-06-26 19:24:41', 1, '91', 'ffdirp211120'),
(60, 'batch60', 'Jayanthi', '2021-06-26 18:23:49', '6096516098', '2021-06-26 19:48:22', '2021-06-26 19:52:31', 0, '1', 'ffdirp211120'),
(61, 'batch60', 'Komal ', '2021-06-26 18:23:50', '0411585425', '2021-06-26 18:23:50', '2021-06-26 19:52:58', 1, '61', 'ffdirp211120'),
(62, 'batch60', 'Jayashri Kireeti', '2021-06-26 18:25:10', '9845944408', '2021-06-26 18:25:10', '2021-06-26 19:53:10', 1, '91', 'ffdirp211120'),
(63, 'batch60', 'Vinay Sharma', '2021-06-26 18:25:14', '9886941322', '2021-06-26 18:25:14', '2021-06-26 19:52:45', 1, '91', 'ffdirp211120'),
(64, 'batch60', 'Sushama Rege', '2021-06-26 18:25:24', '9920101953', '2021-06-26 18:25:24', '2021-06-26 19:54:49', 0, '', 'ffdirp211120'),
(65, 'batch60', 'MRAVI', '2021-06-26 18:25:31', '9574441355', '2021-06-26 18:25:31', '2021-06-26 19:53:03', 1, '91', 'ffdirp211120'),
(66, 'batch60', 'Aashwina Mouli', '2021-06-26 18:25:31', '9820417717', '2021-06-26 18:25:31', '2021-06-26 19:53:01', 1, '', 'ffdirp211120'),
(67, 'batch60', 'V', '2021-06-26 18:25:41', '453', '2021-06-26 18:25:41', '2021-06-26 18:26:11', 1, '', 'ffdirp211120'),
(68, 'batch60', 'Narayani', '2021-06-26 18:25:55', '9810289682', '2021-06-26 18:25:55', '2021-06-26 19:41:57', 0, '', 'ffdirp211120'),
(69, 'batch60', 'Sudhakar Shenoy ', '2021-06-26 18:25:55', '9167334580', '2021-06-26 18:25:55', '2021-06-26 19:58:19', 1, '', 'ffdirp211120'),
(70, 'batch60', 'Ravishankar S', '2021-06-26 18:25:57', '9176900786', '2021-06-26 18:25:57', '2021-06-26 20:07:34', 0, '', 'ffdirp211120'),
(71, 'batch60', 'Kiran kumar kamplikar', '2021-06-26 18:26:18', '9342192004', '2021-06-26 18:26:18', '2021-06-26 19:57:57', 1, '91', 'ffdirp211120'),
(72, 'batch60', 'Santosh basumatary', '2021-06-26 18:26:44', '9435110338', '2021-06-26 18:41:21', '2021-06-26 19:51:22', 1, '', 'ffdirp211120'),
(73, 'batch60', 'Vivek c saha', '2021-06-26 18:26:45', '7600014822', '2021-06-26 19:42:40', '2021-06-26 19:52:34', 0, '', 'ffdirp211120'),
(74, 'batch60', 'JAVEED CHOUDHARI', '2021-06-26 18:26:58', '8407957060', '2021-06-26 18:50:07', '2021-06-26 19:53:16', 0, '', 'ffdirp211120'),
(75, 'batch60', 'sandip lohia', '2021-06-26 18:27:01', '9830242263', '2021-06-26 18:27:01', '2021-06-26 19:52:45', 0, '', 'ffdirp211120'),
(76, 'batch60', 'Sarita', '2021-06-26 18:27:04', '9326101829', '2021-06-26 19:19:05', '2021-06-26 19:40:06', 1, '', 'ffdirp211120'),
(77, 'batch60', 'Shripad Joglekar', '2021-06-26 18:27:06', '9881944395', '2021-06-26 18:27:06', '2021-06-26 19:53:37', 1, '', 'ffdirp211120'),
(78, 'batch60', 'Ibrahim shaikh', '2021-06-26 18:27:12', '9930054766', '2021-06-26 20:26:13', '2021-06-26 20:26:43', 1, '', 'ffdirp211120'),
(79, 'batch60', 'Manjunatha ', '2021-06-26 18:27:16', '7022107639', '2021-06-26 18:27:16', '2021-06-26 19:52:47', 1, '', 'ffdirp211120'),
(80, 'batch60', 'Rakhi sharma ', '2021-06-26 18:27:27', '9968034366', '2021-06-26 18:29:25', '2021-06-26 19:53:11', 1, '91', 'ffdirp211120'),
(81, 'batch60', 'Venkata S N D RAYALU', '2021-06-26 18:27:28', '09686297339', '2021-06-26 18:27:28', '2021-06-26 22:31:44', 1, '', 'ffdirp211120'),
(82, 'batch60', 'Srinivas Vangala', '2021-06-26 18:27:29', '9371282495', '2021-06-26 18:27:29', '2021-06-26 20:01:53', 0, '91', 'ffdirp211120'),
(83, 'batch60', 'Priya Mallya', '2021-06-26 18:27:37', '09870022335', '2021-06-26 18:27:37', '2021-06-26 19:40:07', 1, '', 'ffdirp211120'),
(84, 'batch60', 'Vaishali Shyopura', '2021-06-26 18:27:42', '9560666881', '2021-06-26 18:27:42', '2021-06-26 19:54:39', 0, '', 'ffdirp211120'),
(85, 'batch60', 'Sachin Majali', '2021-06-26 18:27:43', '9225639101', '2021-06-26 19:06:02', '2021-06-26 19:52:32', 1, '', 'ffdirp211120'),
(86, '', '', '2021-06-26 18:27:52', '', '2021-06-26 18:27:52', '2021-06-28 19:56:53', 1, '', 'ffdirp211120'),
(87, 'batch60', 'Deepika Palsaniya ', '2021-06-26 18:27:54', '9881712851', '2021-06-26 18:27:54', '2021-06-26 19:53:24', 1, '91', 'ffdirp211120'),
(88, 'batch60', 'Ramesh Singh', '2021-06-26 18:27:54', '9810350575', '2021-06-26 18:27:54', '2021-06-26 19:52:55', 1, '91', 'ffdirp211120'),
(89, 'batch60', 'Balachandran', '2021-06-26 18:27:57', '9920950118', '2021-06-26 18:27:57', '2021-06-26 20:08:28', 1, '91', 'ffdirp211120'),
(90, 'batch60', 'Jayant patil', '2021-06-26 18:28:17', '09820073751', '2021-06-26 18:43:49', '2021-06-26 19:34:19', 1, '91', 'ffdirp211120'),
(91, 'batch60', 'GOPINATHA SRIDHAR', '2021-06-26 18:28:24', '9606062348', '2021-06-26 18:28:24', '2021-06-26 19:52:39', 1, '', 'ffdirp211120'),
(92, 'batch60', 'Utpal Kapadia', '2021-06-26 18:28:26', '7324239991', '2021-06-26 18:28:26', '2021-06-26 19:51:08', 1, '1', 'ffdirp211120'),
(93, 'batch60', 'Sandesh T Madhavi ', '2021-06-26 18:28:44', '9820514091', '2021-06-26 18:28:44', '2021-06-26 19:55:43', 1, '', 'ffdirp211120'),
(94, 'batch60', 'Seema Omle', '2021-06-26 18:28:47', '9869334968', '2021-06-26 18:28:47', '2021-06-26 19:52:48', 1, '', 'ffdirp211120'),
(95, 'batch60', 'Prabhat ', '2021-06-26 18:28:48', '9870016266', '2021-06-26 18:28:48', '2021-06-26 19:52:49', 1, '91', 'ffdirp211120'),
(96, 'batch60', 'Anil Farkade', '2021-06-26 18:28:53', '09764624849', '2021-06-26 18:28:53', '2021-06-26 19:39:54', 1, '', 'ffdirp211120'),
(97, 'batch60', 'Surojeet Ghosh ', '2021-06-26 18:28:56', '9845640282', '2021-06-26 19:16:36', '2021-06-26 19:52:37', 1, '', 'ffdirp211120'),
(98, 'batch60', 'Sudarshana P V', '2021-06-26 18:29:01', '8884049944', '2021-06-26 18:29:01', '2021-06-26 19:52:28', 1, '93', 'ffdirp211120'),
(99, 'batch60', 'Rathnaprabha sudhindra', '2021-06-26 18:29:10', '0845028967', '2021-06-26 18:29:10', '2021-06-26 19:52:37', 0, '', 'ffdirp211120'),
(100, 'batch60', 'Dimpy bindra', '2021-06-26 18:29:10', '9810358540', '2021-06-26 19:32:40', '2021-06-26 19:53:21', 1, '', 'ffdirp211120'),
(101, 'batch60', 'KUSHRAJ PATIL', '2021-06-26 18:29:15', '9538894172', '2021-06-26 18:29:15', '2021-06-26 19:53:23', 1, '91', 'ffdirp211120'),
(102, 'batch60', 'Sangeeta Koushik', '2021-06-26 18:29:18', '09740445733', '2021-06-26 18:29:18', '2021-06-26 20:00:27', 1, '91', 'ffdirp211120'),
(103, 'batch60', 'Sham Aloney', '2021-06-26 18:29:28', '8425692970', '2021-06-26 18:29:28', '2021-06-26 19:52:58', 1, '', 'ffdirp211120'),
(104, 'batch60', 'Sridevi', '2021-06-26 18:29:30', '9986041201', '2021-06-26 18:29:30', '2021-06-26 19:53:08', 1, '91', 'ffdirp211120'),
(105, 'batch60', 'Surajit Barman', '2021-06-26 18:29:32', '9508249055', '2021-06-26 18:29:32', '2021-06-26 18:33:10', 1, '', 'ffdirp211120'),
(106, 'batch60', 'Denisha Vataliya', '2021-06-26 18:29:52', '8980888735', '2021-06-26 18:29:52', '2021-06-26 19:52:23', 1, '', 'ffdirp211120'),
(107, 'batch60', 'Seema', '2021-06-26 18:29:59', '8971433066', '2021-06-26 18:29:59', '2021-06-26 19:52:29', 1, '', 'ffdirp211120'),
(108, 'batch60', 'Pvl raju', '2021-06-26 18:30:03', '9885090067', '2021-06-26 18:46:01', '2021-06-26 19:58:01', 1, '', 'ffdirp211120'),
(109, 'batch60', 'Sudhakar Mishra', '2021-06-26 18:30:05', '8847846046', '2021-06-26 18:30:05', '2021-06-26 19:52:36', 1, '91', 'ffdirp211120'),
(110, 'batch60', 'Salil Saxena ', '2021-06-26 18:30:09', '9886163121', '2021-06-26 18:30:09', '2021-06-26 18:50:08', 1, '', 'ffdirp211120'),
(111, 'batch60', 'Abhitap Jain', '2021-06-26 18:30:19', '09962423586', '2021-06-26 18:30:19', '2021-06-26 19:52:23', 0, '91', 'ffdirp211120'),
(112, 'batch60', 'Prabhakar', '2021-06-26 18:30:21', '9900095586', '2021-06-26 18:30:21', '2021-06-26 19:42:51', 1, '', 'ffdirp211120'),
(113, 'batch60', 'Kishore Chennu', '2021-06-26 18:30:26', '9966889968', '2021-06-26 18:30:26', '2021-06-26 19:54:57', 1, '', 'ffdirp211120'),
(114, 'batch60', 'Abishek', '2021-06-26 18:30:35', '8579308890', '2021-06-26 18:58:13', '2021-06-26 19:41:14', 1, '1', 'ffdirp211120'),
(115, 'batch60', 'VJaishanker', '2021-06-26 18:30:35', '9625051521', '2021-06-26 18:30:35', '2021-06-26 19:53:06', 1, '', 'ffdirp211120'),
(116, 'batch60', 'M m a salam', '2021-06-26 18:30:41', '9448162586', '2021-06-26 19:21:17', '2021-06-26 19:53:17', 1, '91', 'ffdirp211120'),
(117, 'batch60', 'Poonam Consul ', '2021-06-26 18:30:43', '9740069319', '2021-06-26 19:45:54', '2021-06-26 19:52:54', 1, '', 'ffdirp211120'),
(118, 'batch60', 'Nathuram janra0', '2021-06-26 18:30:43', '8767495890', '2021-06-26 18:30:43', '2021-06-26 19:57:49', 1, '', 'ffdirp211120'),
(119, 'batch60', 'Shekar vishvanath', '2021-06-26 18:30:48', '9167253009', '2021-06-26 18:30:48', '2021-06-26 18:32:48', 1, '', 'ffdirp211120'),
(120, 'batch60', 'Parag Bhise', '2021-06-26 18:30:49', '9811990179', '2021-06-26 18:48:07', '2021-06-26 19:53:15', 1, '', 'ffdirp211120'),
(121, 'batch60', 'Smita Nisal', '2021-06-26 18:30:52', '07438463403', '2021-06-26 18:30:52', '2021-06-26 19:55:23', 1, '44', 'ffdirp211120'),
(122, 'batch60', 'Raleda Fernandes ', '2021-06-26 18:30:52', '9822141831', '2021-06-26 18:30:52', '2021-06-26 19:52:41', 0, '91', 'ffdirp211120'),
(123, 'batch60', 'Nagalakshmi Venkataramani', '2021-06-26 18:30:53', '919445566132', '2021-06-26 18:30:53', '2021-06-26 18:31:54', 1, '', 'ffdirp211120'),
(124, 'batch60', 'Smitha Sreevalsan', '2021-06-26 18:30:54', '9900128331', '2021-06-26 19:32:18', '2021-06-26 19:52:49', 1, '', 'ffdirp211120'),
(125, 'batch60', 'manoj yadav', '2021-06-26 18:30:59', '9777447450', '2021-06-26 18:30:59', '2021-06-26 19:48:03', 0, '91', 'ffdirp211120'),
(126, 'batch60', 'SHRIKANT JADHAV', '2021-06-26 18:31:09', '9823003006', '2021-06-26 18:31:09', '2021-06-26 19:53:09', 1, '', 'ffdirp211120'),
(127, 'batch60', 'Vinaya kale', '2021-06-26 18:31:10', '9422502526', '2021-06-26 18:53:23', '2021-06-26 19:53:44', 1, '91', 'ffdirp211120'),
(128, 'batch60', 'Yeshwant Chavan', '2021-06-26 18:31:42', '9529061591', '2021-06-26 18:31:42', '2021-06-26 19:34:13', 1, '', 'ffdirp211120'),
(129, 'batch60', 'Rajesh ', '2021-06-26 18:31:49', '9930359775', '2021-06-26 19:57:37', '2021-06-26 19:58:07', 1, '', 'ffdirp211120'),
(130, 'batch60', 'Pista harkawat', '2021-06-26 18:31:50', '8003732564', '2021-06-26 18:31:50', '2021-06-26 19:53:05', 1, '', 'ffdirp211120'),
(131, 'batch60', 'PRASHANT BHASIN', '2021-06-26 18:31:53', '9418466075', '2021-06-26 18:31:53', '2021-06-26 19:53:21', 1, '91', 'ffdirp211120'),
(132, 'batch60', 'Gopalan Ravishankar', '2021-06-26 18:32:01', '92976570', '2021-06-26 18:32:01', '2021-06-26 19:38:11', 0, '65', 'ffdirp211120'),
(133, 'batch60', 'MOHAN R', '2021-06-26 18:32:17', '09740156000', '2021-06-26 19:47:22', '2021-06-26 19:50:53', 1, '91', 'ffdirp211120'),
(134, 'batch60', 'Vimla Sinha', '2021-06-26 18:32:32', '9811534344', '2021-06-26 19:53:32', '2021-06-26 19:53:43', 0, '91', 'ffdirp211120'),
(135, 'batch60', 'Gauurav Singlaa', '2021-06-26 18:32:35', '9148163505', '2021-06-26 18:42:35', '2021-06-26 19:52:36', 1, '', 'ffdirp211120'),
(136, 'batch60', 'Bina', '2021-06-26 18:32:49', '09930342287', '2021-06-26 18:34:27', '2021-06-26 19:53:01', 1, '', 'ffdirp211120'),
(137, 'batch60', 'Nagalakshmi Venkataramani ', '2021-06-26 18:32:51', '9445566132', '2021-06-26 18:32:51', '2021-06-26 19:52:52', 1, '', 'ffdirp211120'),
(138, 'batch60', 'Vijal Jindal', '2021-06-26 18:32:52', '09925013175', '2021-06-26 18:32:52', '2021-06-26 19:52:53', 1, '91', 'ffdirp211120'),
(139, 'batch60', 'Kamala', '2021-06-26 18:32:52', '6308624694', '2021-06-26 18:32:52', '2021-06-26 19:53:24', 1, '1', 'ffdirp211120'),
(140, 'batch60', 'Surajit Barman', '2021-06-26 18:33:13', '9508249077', '2021-06-26 18:33:13', '2021-06-26 19:53:13', 1, '', 'ffdirp211120'),
(141, 'batch60', 'Ravi Prakash', '2021-06-26 18:33:43', '938101264', '2021-06-26 18:33:43', '2021-06-26 18:45:53', 0, '91', 'ffdirp211120'),
(142, 'batch60', 'Deepali Chougale', '2021-06-26 18:33:43', '9916692950', '2021-06-26 19:06:02', '2021-06-26 20:16:32', 1, '', 'ffdirp211120'),
(143, 'batch60', 'Bapu Chaudhari', '2021-06-26 18:33:46', '9324350884', '2021-06-26 18:33:46', '2021-06-26 19:04:10', 1, '', 'ffdirp211120'),
(144, 'batch60', 'Dr shashikanta panda', '2021-06-26 18:33:52', '9937991423', '2021-06-26 18:33:52', '2021-06-26 19:52:54', 0, '', 'ffdirp211120'),
(145, 'batch60', 'Vasudha Chavan', '2021-06-26 18:34:00', '9146022109', '2021-06-26 19:12:45', '2021-06-26 19:52:16', 1, '', 'ffdirp211120'),
(146, 'batch60', 'Rani kumari', '2021-06-26 18:34:20', '9771018938', '2021-06-26 19:29:03', '2021-06-26 19:54:34', 1, '', 'ffdirp211120'),
(147, 'batch60', 'shekar vishvanath', '2021-06-26 18:34:23', '09167253009', '2021-06-26 18:34:23', '2021-06-26 19:52:23', 1, '', 'ffdirp211120'),
(148, 'batch60', 'Sivakumar Ponnambalam', '2021-06-26 18:34:28', '94944993693', '2021-06-26 18:34:28', '2021-06-26 19:45:02', 1, '1', 'ffdirp211120'),
(149, 'batch60', 'Surender 3', '2021-06-26 18:34:49', '9899646885', '2021-06-26 18:34:49', '2021-06-26 19:18:50', 1, '', 'ffdirp211120'),
(150, 'batch60', 'MANASA RANJAN SUTAR', '2021-06-26 18:34:50', '7666251382', '2021-06-26 18:34:50', '2021-06-26 19:54:14', 0, '', 'ffdirp211120'),
(151, 'batch60', 'Satyawan Mali', '2021-06-26 18:35:06', '9885869831', '2021-06-26 18:35:06', '2021-06-26 19:52:07', 1, '', 'ffdirp211120'),
(152, 'batch60', 'Chethan s', '2021-06-26 18:35:11', '9902806003', '2021-06-26 20:38:58', '2021-06-26 20:44:29', 1, '', 'ffdirp211120'),
(153, 'batch60', 'Rajitha', '2021-06-26 18:35:32', '9121935459', '2021-06-26 19:58:08', '2021-06-26 19:58:38', 1, '', 'ffdirp211120'),
(154, 'batch60', 'SALONI CHAUDHARY', '2021-06-26 18:35:46', '9767003456', '2021-06-26 18:35:46', '2021-06-26 19:54:17', 1, '', 'ffdirp211120'),
(155, 'batch60', 'Musaddique Qazi', '2021-06-26 18:36:00', '6026514905', '2021-06-26 19:06:52', '2021-06-26 19:52:24', 1, '1', 'ffdirp211120'),
(156, 'batch60', 'Subhash Chandra Sharma', '2021-06-26 18:36:32', '9414783885', '2021-06-26 19:53:22', '2021-06-26 19:54:22', 1, '91', 'ffdirp211120'),
(157, 'batch60', 'Sripriya', '2021-06-26 18:37:37', '9958955100', '2021-06-26 19:45:23', '2021-06-26 19:52:27', 1, '91', 'ffdirp211120'),
(158, 'batch60', 'Abhay Kumar Prasad', '2021-06-26 18:37:54', '9923021951', '2021-06-26 18:37:54', '2021-06-26 19:55:57', 1, '', 'ffdirp211120'),
(159, 'batch60', 'Peter Murzello', '2021-06-26 18:37:58', '09833916228', '2021-06-26 18:37:58', '2021-06-26 19:51:47', 0, '91', 'ffdirp211120'),
(160, 'batch60', 'Gopinath Narasimha', '2021-06-26 18:38:00', '9845035498', '2021-06-26 18:38:00', '2021-06-26 18:54:31', 1, '91', 'ffdirp211120'),
(161, 'batch60', 'Rajeev', '2021-06-26 18:38:56', '9717866861', '2021-06-26 18:45:04', '2021-06-26 19:53:05', 1, '91', 'ffdirp211120'),
(162, 'batch60', 'Shaila karegar', '2021-06-26 18:38:58', '7259536472', '2021-06-26 19:14:17', '2021-06-26 19:52:48', 1, '91', 'ffdirp211120'),
(163, 'batch60', 'Shaji Thaniyil', '2021-06-26 18:39:40', '504567112', '2021-06-26 18:39:40', '2021-06-26 19:53:10', 1, '971', 'ffdirp211120'),
(164, 'batch60', 'Rishi kesh Roy', '2021-06-26 18:39:40', '9759008665', '2021-06-26 18:39:40', '2021-06-26 20:11:55', 1, '', 'ffdirp211120'),
(165, 'batch60', 'Medhavini Nargund', '2021-06-26 18:40:54', '9372679361', '2021-06-26 18:40:54', '2021-06-26 19:57:21', 0, '91', 'ffdirp211120'),
(166, 'batch60', 'Jayesh Ingale', '2021-06-26 18:42:26', '09870045976', '2021-06-26 18:48:30', '2021-06-26 20:02:50', 1, '91', 'ffdirp211120'),
(167, 'batch60', 'Usha Chandrasekaran', '2021-06-26 18:43:13', '9841271153', '2021-06-26 18:45:23', '2021-06-26 20:07:56', 1, '', 'ffdirp211120'),
(168, 'batch60', 'Hemlata', '2021-06-26 18:43:24', '7303262111', '2021-06-26 19:23:04', '2021-06-26 19:43:05', 1, '91', 'ffdirp211120'),
(169, 'batch60', 'Namdev', '2021-06-26 18:43:46', '9029473332', '2021-06-26 18:43:46', '2021-06-26 19:52:52', 1, '91', 'ffdirp211120'),
(170, 'batch60', 'Saikant Gajula', '2021-06-26 18:43:49', '9503489447', '2021-06-26 18:43:49', '2021-06-26 19:52:19', 1, '91', 'ffdirp211120'),
(171, 'batch60', 'VIKRANT VAIDYA', '2021-06-26 18:44:11', '8169968512', '2021-06-26 19:18:44', '2021-06-26 19:52:45', 1, '91', 'ffdirp211120'),
(172, 'batch60', 'Sarika Upadhyay', '2021-06-26 18:44:19', '09810786379', '2021-06-26 18:44:19', '2021-06-26 18:44:57', 0, '91', 'ffdirp211120'),
(173, 'batch60', 'laxmikant', '2021-06-26 18:44:31', '9718592448', '2021-06-26 18:44:31', '2021-06-26 19:52:43', 1, '91', 'ffdirp211120'),
(174, 'batch60', 'raviprakash', '2021-06-26 18:45:36', '9381012641', '2021-06-26 18:45:36', '2021-06-26 19:52:38', 1, '', 'ffdirp211120'),
(175, 'batch60', 'M Prakash Sankhla', '2021-06-26 18:47:00', '09948134585', '2021-06-26 18:47:00', '2021-06-26 19:53:00', 1, '', 'ffdirp211120'),
(176, 'batch60', 'Malhar ', '2021-06-26 18:47:05', '9850839063', '2021-06-26 18:47:05', '2021-06-26 19:50:01', 1, '91', 'ffdirp211120'),
(177, 'batch60', 'Radha krishnan  Raja mohan', '2021-06-26 18:47:13', '93457043', '2021-06-26 18:47:13', '2021-06-26 19:54:13', 1, '228', 'ffdirp211120'),
(178, 'batch60', 'Prabhavati ', '2021-06-26 18:50:13', '9462755106', '2021-06-26 18:50:13', '2021-06-26 18:51:14', 1, '91', 'ffdirp211120'),
(179, 'batch60', 'Salil Saxena', '2021-06-26 18:50:34', '09886163121', '2021-06-26 19:35:00', '2021-06-26 20:03:00', 1, '', 'ffdirp211120'),
(180, 'batch60', 'Dharini Karani', '2021-06-26 18:51:08', '556621102', '2021-06-26 18:51:08', '2021-06-26 19:54:14', 1, '971', 'ffdirp211120'),
(181, 'batch60', 'nagesh dhar mishra', '2021-06-26 18:52:23', '9560001738', '2021-06-26 18:52:23', '2021-06-26 19:52:54', 1, '', 'ffdirp211120'),
(182, 'batch60', 'ANBU CV', '2021-06-26 18:55:31', '08015109616', '2021-06-26 20:30:39', '2021-06-26 20:31:09', 1, '', 'ffdirp211120'),
(183, 'batch60', 'Nandu Mehta', '2021-06-26 18:55:55', '423205246', '2021-06-26 18:55:55', '2021-06-26 19:52:39', 0, '61', 'ffdirp211120'),
(184, 'batch60', 'Vikram', '2021-06-26 18:56:59', '9972198826', '2021-06-26 18:56:59', '2021-06-26 18:59:35', 1, '', 'ffdirp211120'),
(185, 'batch60', 'Naresh Koli', '2021-06-26 18:57:01', '7588823051', '2021-06-26 19:34:48', '2021-06-26 19:52:23', 1, '', 'ffdirp211120'),
(186, 'batch60', 'Ashwini Chaudhari', '2021-06-26 18:57:29', '9923532089', '2021-06-26 18:57:29', '2021-06-26 19:00:59', 1, '', 'ffdirp211120'),
(187, 'batch60', 'Mohammed basith', '2021-06-26 18:58:27', '6477693003', '2021-06-26 18:58:27', '2021-06-26 19:00:28', 1, '1', 'ffdirp211120'),
(188, 'batch60', 'Mayur Devane', '2021-06-26 18:58:44', '7506353636', '2021-06-26 18:58:44', '2021-06-26 19:52:47', 1, '', 'ffdirp211120'),
(189, 'batch60', 'Sowmya rao', '2021-06-26 18:58:51', '6784729881', '2021-06-26 19:03:53', '2021-06-26 20:04:52', 1, '1', 'ffdirp211120'),
(190, 'batch60', 'Nilkanth Ganer', '2021-06-26 19:00:46', '7744908129', '2021-06-26 19:00:46', '2021-06-26 19:19:17', 1, '', 'ffdirp211120'),
(191, 'batch60', 'Khurshid', '2021-06-26 19:06:10', '9448643646', '2021-06-26 19:06:10', '2021-06-26 19:53:40', 1, '', 'ffdirp211120'),
(192, 'batch60', 'deepali gupta', '2021-06-26 19:07:01', '9891327322', '2021-06-26 19:07:01', '2021-06-26 19:53:02', 1, '91', 'ffdirp211120'),
(193, 'batch60', 'Chitra', '2021-06-26 19:08:32', '50139595', '2021-06-26 19:08:32', '2021-06-26 19:21:34', 1, '974', 'ffdirp211120'),
(194, 'batch60', 'Jitendra Nath Sarma', '2021-06-26 19:11:11', '09706023942', '2021-06-26 19:11:11', '2021-06-26 19:45:12', 1, '', 'ffdirp211120'),
(195, 'batch60', 'PADMA SEKAR', '2021-06-26 19:11:15', '09480449741', '2021-06-26 19:11:15', '2021-06-26 19:11:45', 0, '', 'ffdirp211120'),
(196, 'batch60', 'Poonam', '2021-06-26 19:18:08', '9911553172', '2021-06-26 19:18:08', '2021-06-26 19:52:39', 1, '91', 'ffdirp211120'),
(197, 'batch60', 'Sanjay Joshi', '2021-06-26 19:18:43', '9420692829', '2021-06-26 20:06:02', '2021-06-26 20:12:55', 0, '91', 'ffdirp211120'),
(198, 'batch60', 'Nehal Parikh', '2021-06-26 19:20:21', '9327024160', '2021-06-26 19:53:41', '2021-06-26 19:54:11', 1, '', 'ffdirp211120'),
(199, 'batch60', 'Nilkanth Ganer', '2021-06-26 19:20:39', '7744908129', '2021-06-26 19:20:39', '2021-06-26 19:56:40', 1, '91', 'ffdirp211120'),
(200, 'batch60', 'Anjuman Mujawar', '2021-06-26 19:24:56', '9850960784', '2021-06-26 19:24:56', '2021-06-26 19:51:26', 1, '', 'ffdirp211120'),
(201, 'batch60', 'Ramesh', '2021-06-26 19:27:25', '09008669697', '2021-06-26 19:27:25', '2021-06-26 19:44:57', 1, '', 'ffdirp211120'),
(202, 'batch60', 'Manish', '2021-06-26 19:29:55', '9930931884', '2021-06-26 19:29:55', '2021-06-26 19:40:13', 1, '', 'ffdirp211120'),
(203, 'batch60', 'Chirayu', '2021-06-26 19:30:42', '7760412880', '2021-06-26 19:30:42', '2021-06-26 19:52:43', 1, '', 'ffdirp211120'),
(204, 'batch60', 'Jainendra Pant', '2021-06-26 19:37:11', '9717971871', '2021-06-26 19:37:11', '2021-06-26 19:44:11', 1, '', 'ffdirp211120'),
(205, 'batch60', 'Anil Kumar Bhagat', '2021-06-26 19:37:35', '08582882549', '2021-06-26 19:37:35', '2021-06-26 19:45:25', 0, '', 'ffdirp211120'),
(206, 'batch60', 'Prachi Shah', '2021-06-26 19:38:19', '9822036965', '2021-06-26 19:38:19', '2021-06-26 19:50:20', 1, '91', 'ffdirp211120'),
(207, 'batch60', 'Nagaraja Shanbhogue', '2021-06-26 19:39:15', '9823512880', '2021-06-26 19:39:15', '2021-06-26 19:52:45', 1, '', 'ffdirp211120'),
(208, 'batch60', 'Ajay Vinayak', '2021-06-26 19:40:37', '09871236000', '2021-06-26 19:40:37', '2021-06-26 19:52:16', 0, '', 'ffdirp211120'),
(209, 'batch60', 'Sharadamba Budadi', '2021-06-26 19:41:26', '9886354978', '2021-06-26 19:41:26', '2021-06-26 19:58:49', 1, '', 'ffdirp211120'),
(210, 'batch60', 'Pavana', '2021-06-26 19:42:31', '9448689878', '2021-06-26 19:42:31', '2021-06-26 19:52:32', 1, '91', 'ffdirp211120'),
(211, 'batch60', 'Nawal  Kishore', '2021-06-26 19:42:48', '07004705819', '2021-06-26 19:47:30', '2021-06-26 19:53:00', 1, '', 'ffdirp211120'),
(212, 'batch60', 'Sarita sahoo', '2021-06-26 19:46:17', '81056655603', '2021-06-26 19:46:17', '2021-06-26 19:53:19', 0, '', 'ffdirp211120'),
(213, 'batch60', 'Shaila Rane', '2021-06-26 19:51:20', '9820596639', '2021-06-26 19:51:20', '2021-06-26 19:52:50', 1, '', 'ffdirp211120'),
(214, 'batch60', 'Rachna noor', '2021-06-26 19:52:54', '9900379612', '2021-06-26 19:56:50', '2021-06-26 20:07:21', 1, '', 'ffdirp211120'),
(215, 'batch60', 'Rathna prabha sudhinda', '2021-06-26 19:53:23', '9845028967', '2021-06-26 19:53:23', '2021-06-26 19:53:57', 0, '', 'ffdirp211120'),
(216, 'batch60', 'MANASA RANJAN SUTAR SUTAR', '2021-06-26 19:54:33', '7666251381', '2021-06-26 19:54:33', '2021-06-26 21:26:39', 1, '', 'ffdirp211120'),
(217, 'batch60', 'Anupam chatterjee', '2021-06-26 19:57:07', '9434743867', '2021-06-26 20:01:11', '2021-06-26 20:12:23', 1, '', 'ffdirp211120'),
(218, 'batch60', 'Vijeesh ', '2021-06-26 19:57:57', '9980788399', '2021-06-26 19:57:57', '2021-06-26 19:58:27', 1, '91', 'ffdirp211120'),
(219, 'batch60', 'Sarang Gedam', '2021-06-26 20:04:52', '09850990851', '2021-06-26 20:04:52', '2021-06-26 20:05:22', 1, '', 'ffdirp211120'),
(220, 'batch60', 'Vijay P', '2021-06-26 20:06:44', '09940071008', '2021-06-26 20:06:44', '2021-06-26 20:07:24', 0, '91', 'ffdirp211120'),
(221, 'batch60', 'Ravi', '2021-06-26 20:07:31', '9986027902', '2021-06-26 20:07:31', '2021-06-26 20:08:01', 1, '91', 'ffdirp211120'),
(222, 'batch60', 'Prabhavati ', '2021-06-26 20:08:48', '9492755106', '2021-06-26 20:08:48', '2021-06-26 20:09:18', 1, '91', 'ffdirp211120'),
(223, 'batch60', 'Chandra', '2021-06-26 20:09:54', '9999216277', '2021-06-26 20:09:54', '2021-06-26 20:12:25', 1, '', 'ffdirp211120'),
(224, 'batch60', 'sanjay joshi', '2021-06-26 20:10:28', '9420692829', '2021-06-26 20:10:28', '2021-06-26 20:12:55', 0, '', 'ffdirp211120'),
(225, 'batch60', 'Sandeep vishe', '2021-06-26 20:16:54', '9226882221', '2021-06-26 20:16:54', '2021-06-26 20:18:25', 1, '', 'ffdirp211120'),
(226, 'batch60', 'Suman chopra', '2021-06-26 20:24:16', '9868762759', '2021-06-26 20:24:16', '2021-06-26 20:24:46', 1, '91', 'ffdirp211120'),
(227, 'batch60', 'Rakesh Kumar ', '2021-06-26 20:24:53', '9619784359', '2021-06-26 20:30:17', '2021-06-26 20:45:08', 1, '', 'ffdirp211120'),
(228, 'batch60', 'Satyendra Narayan Dwivedi ', '2021-06-26 20:28:48', '9811036426', '2021-06-26 20:28:48', '2021-06-26 20:31:48', 1, '', 'ffdirp211120'),
(229, 'batch60', 'Surekha', '2021-06-26 20:45:11', '8712743710', '2021-06-26 20:45:11', '2021-06-26 20:47:12', 1, '', 'ffdirp211120'),
(230, 'batch60', 'Nishikant Kunte ', '2021-06-26 20:49:26', '97515220', '2021-06-26 20:49:26', '2021-06-26 20:58:27', 1, '65', 'ffdirp211120'),
(231, 'batch60', 'Rajagopala Alasinga Bhattachar', '2021-06-27 21:11:48', '02026873516', '2021-06-27 21:11:48', '2021-06-27 21:12:56', 1, '', 'ffdirp211120'),
(232, 'batch60', 'Swami Nityamuktananda Ananda', '2021-06-28 12:27:17', '09843635583', '2021-06-28 12:27:17', '2021-06-28 12:28:47', 1, '', 'ffdirp211120'),
(233, 'batch60', 'Priti Verma', '2021-07-07 19:39:03', '9574570676', '2021-07-07 19:39:03', '2021-07-07 19:39:27', 0, '1', 'ffdirp211120'),
(234, 'batch60', 'Ashooo', '2021-07-13 19:23:50', '9229489894', '2021-07-16 00:39:11', '2021-07-16 00:39:41', 1, '', 'ffdirp211120'),
(235, 'batch60', 'Hshd', '2021-10-23 11:08:43', '7373737', '2021-10-23 11:08:43', '2021-10-23 11:09:07', 0, '213', 'ffdirp211120');

--
-- Indexes for dumped tables
--

--
-- Indexes for table `tbl_questions`
--
ALTER TABLE `tbl_questions`
  ADD PRIMARY KEY (`id`);

--
-- Indexes for table `tbl_users`
--
ALTER TABLE `tbl_users`
  ADD PRIMARY KEY (`id`);

--
-- AUTO_INCREMENT for dumped tables
--

--
-- AUTO_INCREMENT for table `tbl_questions`
--
ALTER TABLE `tbl_questions`
  MODIFY `id` int(11) NOT NULL AUTO_INCREMENT, AUTO_INCREMENT=418;
--
-- AUTO_INCREMENT for table `tbl_users`
--
ALTER TABLE `tbl_users`
  MODIFY `id` int(3) NOT NULL AUTO_INCREMENT, AUTO_INCREMENT=236;
/*!40101 SET CHARACTER_SET_CLIENT=@OLD_CHARACTER_SET_CLIENT */;
/*!40101 SET CHARACTER_SET_RESULTS=@OLD_CHARACTER_SET_RESULTS */;
/*!40101 SET COLLATION_CONNECTION=@OLD_COLLATION_CONNECTION */;
