-- phpMyAdmin SQL Dump
-- version 4.6.6deb5ubuntu0.5
-- https://www.phpmyadmin.net/
--
-- Host: localhost:3306
-- Generation Time: Feb 09, 2022 at 06:51 AM
-- Server version: 5.7.36-0ubuntu0.18.04.1
-- PHP Version: 7.2.24-0ubuntu0.18.04.10

SET SQL_MODE = "NO_AUTO_VALUE_ON_ZERO";
SET time_zone = "+00:00";


/*!40101 SET @OLD_CHARACTER_SET_CLIENT=@@CHARACTER_SET_CLIENT */;
/*!40101 SET @OLD_CHARACTER_SET_RESULTS=@@CHARACTER_SET_RESULTS */;
/*!40101 SET @OLD_COLLATION_CONNECTION=@@COLLATION_CONNECTION */;
/*!40101 SET NAMES utf8mb4 */;

--
-- Database: `coact_ffd_05june`
--

-- --------------------------------------------------------

--
-- Table structure for table `tbl_countries`
--

CREATE TABLE `tbl_countries` (
  `country` varchar(43) DEFAULT NULL,
  `cntry_code` varchar(5) DEFAULT NULL
) ENGINE=MyISAM DEFAULT CHARSET=utf8;

--
-- Dumping data for table `tbl_countries`
--

INSERT INTO `tbl_countries` (`country`, `cntry_code`) VALUES
('Afghanistan', '93'),
('Albania', '355'),
('Algeria', '213'),
('American Samoa', '1-684'),
('Andorra', '376'),
('Angola', '244'),
('Anguilla', '1-264'),
('Antarctica', '672'),
('Antigua', '1-268'),
('Argentina', '54'),
('Armenia', '374'),
('Aruba', '297'),
('Ascension', '247'),
('Australia', '61'),
('Australian External Territories', '672'),
('Austria', '43'),
('Azerbaijan', '994'),
('Bahamas', '1-242'),
('Bahrain', '973'),
('Bangladesh', '880'),
('Barbados', '1-246'),
('Barbuda', '1-268'),
('Belarus', '375'),
('Belgium', '32'),
('Belize', '501'),
('Benin', '229'),
('Bermuda', '1-441'),
('Bhutan', '975'),
('Bolivia', '591'),
('Bosnia & Herzegovina', '387'),
('Botswana', '267'),
('Brazil', '55'),
('British Virgin Islands', '1-284'),
('Brunei Darussalam', '673'),
('Bulgaria', '359'),
('Burkina Faso', '226'),
('Burundi', '257'),
('Cambodia', '855'),
('Cameroon', '237'),
('Canada', '1'),
('Cape Verde Islands', '238'),
('Cayman Islands', '1-345'),
('Central African Republic', '236'),
('Chad', '235'),
('Chatham Island (New Zealand)', '64'),
('Chile', '56'),
('China (PRC)', '86'),
('Christmas Island', '61-8'),
('', ''),
('Cocos-Keeling Islands', '61'),
('Colombia', '57'),
('Comoros', '269'),
('Congo', '242'),
('Congo, Dem. Rep. of?', '243'),
('Cook Islands', '682'),
('Costa Rica', '506'),
('C?te d\'Ivoire', '225'),
('Croatia', '385'),
('Cuba', '53'),
('Cuba', '5399'),
('Cura?ao', '599'),
('Cyprus', '357'),
('Czech Republic', '420'),
('Denmark', '45'),
('Diego Garcia', '246'),
('Djibouti', '253'),
('Dominica', '1-767'),
('Dominican Republic', '1-809'),
('East Timor', '670'),
('Easter Island', '56'),
('Ecuador', '593'),
('Egypt', '20'),
('El Salvador', '503'),
('Equatorial Guinea', '240'),
('Eritrea', '291'),
('Estonia', '372'),
('Ethiopia', '251'),
('Falkland Islands', '500'),
('Faroe Islands', '298'),
('Fiji Islands', '679'),
('Finland', '358'),
('France', '33'),
('French Antilles', '596'),
('French Guiana', '594'),
('French Polynesia', '689'),
('Gabonese Republic', '241'),
('Gambia', '220'),
('Georgia', '995'),
('Germany', '49'),
('Ghana', '233'),
('Gibraltar', '350'),
('Greece', '30'),
('Greenland', '299'),
('Grenada', '1-473'),
('Guadeloupe', '590'),
('Guam', '1-671'),
('Guantanamo Bay', '5399'),
('Guatemala', '502'),
('Guinea-Bissau', '245'),
('Guinea', '224'),
('Guyana', '592'),
('Haiti', '509'),
('Honduras', '504'),
('Hong Kong', '852'),
('Hungary', '36'),
('Iceland', '354'),
('India', '91'),
('Indonesia', '62'),
('Inmarsat (Atlantic Ocean - East)', '871'),
('Inmarsat (Atlantic Ocean - West)', '874'),
('Inmarsat (Indian Ocean)', '873'),
('Inmarsat (Pacific Ocean)', '872'),
('International Freephone Service', '800'),
('International Shared Cost Service (ISCS)', '808'),
('Iran', '98'),
('Iraq', '964'),
('Ireland', '353'),
('Iridium', '8816'),
('Israel', '972'),
('Italy', '39'),
('Jamaica', '1-876'),
('Japan', '81'),
('Jordan', '962'),
('Kazakhstan', '7'),
('Kenya', '254'),
('Kiribati', '686'),
('Korea (North)', '850'),
('Korea (South)', '82'),
('Kuwait', '965'),
('Kyrgyz Republic', '996'),
('Laos', '856'),
('Latvia', '371'),
('Lebanon', '961'),
('Lesotho', '266'),
('Liberia', '231'),
('Libya', '218'),
('Liechtenstein', '423'),
('Lithuania', '370'),
('Luxembourg', '352'),
('Macao', '853'),
('Macedonia', '389'),
('Madagascar', '261'),
('Malawi', '265'),
('Malaysia', '60'),
('Maldives', '960'),
('Mali Republic', '223'),
('Malta', '356'),
('Marshall Islands', '692'),
('Martinique', '596'),
('Mauritania', '222'),
('Mauritius', '230'),
('Mayotte Island', '269'),
('Mexico', '52'),
('Micronesia, (Federal States of)', '691'),
('Midway Island', '1-808'),
('Moldova', '373'),
('Monaco', '377'),
('Mongolia', '976'),
('Montenegro', '382'),
('Montserrat', '1-664'),
('Morocco', '212'),
('Mozambique', '258'),
('Myanmar', '95'),
('Namibia', '264'),
('Nauru', '674'),
('Nepal', '977'),
('Netherlands', '31'),
('Netherlands Antilles', '599'),
('Nevis', '1-869'),
('New Caledonia', '687'),
('New Zealand', '64'),
('Nicaragua', '505'),
('Niger', '227'),
('Nigeria', '234'),
('Niue', '683'),
('Norfolk Island', '672'),
('Northern Marianas Islands', '1-670'),
('', ''),
('Norway', '47'),
('Oman', '968'),
('Pakistan', '92'),
('Palau', '680'),
('Palestinian Settlements', '970'),
('Panama', '507'),
('Papua New Guinea', '675'),
('Paraguay', '595'),
('Peru', '51'),
('Philippines', '63'),
('Poland', '48'),
('Portugal', '351'),
('Puerto Rico', '1-787'),
('Qatar', '974'),
('R?union Island', '262'),
('Romania', '40'),
('Russia', '7'),
('Rwandese Republic', '250'),
('St. Helena', '290'),
('St. Kitts/Nevis', '1-869'),
('St. Lucia', '-757'),
('St. Pierre & Miquelon', '508'),
('St. Vincent & Grenadines', '1-784'),
('Samoa', '685'),
('San Marino', '378'),
('S?o Tom? and Principe', '239'),
('Saudi Arabia', '966'),
('Senegal', '221'),
('Serbia', '381'),
('Seychelles Republic', '248'),
('Sierra Leone', '232'),
('Singapore', '65'),
('Slovak Republic', '421'),
('Slovenia', '386'),
('Solomon Islands', '677'),
('Somali Democratic Republic', '252'),
('South Africa', '27'),
('Spain', '34'),
('Sri Lanka', '94'),
('Sudan', '249'),
('Suriname', '597'),
('Swaziland', '268'),
('Sweden', '46'),
('Switzerland', '41'),
('Syria', '963'),
('Taiwan', '886'),
('Tajikistan', '992'),
('Tanzania', '255'),
('Thailand', '66'),
('Thuraya (Mobile Satellite service)', '88216'),
('Timor Leste', '670'),
('Togolese Republic', '228'),
('Tokelau', '690'),
('Tonga Islands', '676'),
('Trinidad & Tobago', '1-868'),
('Tunisia', '216'),
('Turkey', '90'),
('Turkmenistan', '993'),
('Turks and Caicos Islands', '1-649'),
('Tuvalu', '688'),
('Uganda', '256'),
('Ukraine', '380'),
('United Arab Emirates', '971'),
('United Kingdom', '44'),
('United States of America', '1'),
('US Virgin Islands', '1-340'),
('Universal Personal Telecommunications (UPT)', '878'),
('Uruguay', '598'),
('Uzbekistan', '998'),
('Vanuatu', '678'),
('Vatican City', '39'),
('Venezuela', '58'),
('Vietnam', '84'),
('Wake Island', '808');

-- --------------------------------------------------------

--
-- Table structure for table `tbl_questions`
--

CREATE TABLE `tbl_questions` (
  `id` int(11) NOT NULL,
  `user_batch` varchar(10) NOT NULL,
  `user_name` varchar(255) NOT NULL,
  `user_phone` varchar(15) NOT NULL,
  `user_question` varchar(500) NOT NULL,
  `asked_at` datetime NOT NULL,
  `user_code` varchar(10) NOT NULL,
  `speaker` int(11) NOT NULL DEFAULT '0',
  `answered` int(11) NOT NULL DEFAULT '0',
  `eventname` varchar(50) NOT NULL,
  `responded` int(11) DEFAULT '0',
  `doctor` int(11) DEFAULT '0',
  `diet` int(11) DEFAULT '0',
  `exercise` int(11) DEFAULT '0',
  `mentor` int(11) DEFAULT '0',
  `operations` int(11) DEFAULT '0',
  `remark` varchar(250) DEFAULT NULL
) ENGINE=MyISAM DEFAULT CHARSET=latin1;

--
-- Dumping data for table `tbl_questions`
--

INSERT INTO `tbl_questions` (`id`, `user_batch`, `user_name`, `user_phone`, `user_question`, `asked_at`, `user_code`, `speaker`, `answered`, `eventname`, `responded`, `doctor`, `diet`, `exercise`, `mentor`, `operations`, `remark`) VALUES
(1, 'batch59', 'neeraj', '9700467764', 'hello', '2021-06-02 17:05:10', '93', 0, 0, 'ffdirp211120', 0, 0, 0, 0, 0, 0, NULL),
(2, 'batch59', 'neeraj', '08367773537', 'hello', '2021-06-02 17:05:33', '', 0, 0, 'ffdirp211120', 0, 0, 0, 0, 0, 0, NULL),
(3, 'batch59', 'Chetna Jalan', '9831150024', 'What we need to eat now? Guidence for Dietary regulation. . Also how many hours for exercise we shud plan? What shud be our goals to achieve and retain? After attaining decent sugar level and BMI? ', '2021-06-04 05:51:15', '91', 0, 0, 'ffdirp211120', 1, 0, 0, 0, 0, 0, NULL),
(4, 'batch59', 'Pradeep Kumar Barman', '09435048507', 'My fasting BSL has reduced to 120-130 and I have already stopped insulin after starting FFD protocols.  But still I am taking medicines like Jalra and reclimet. Is it possible for me to consult your doctors in future ? Please guide. ', '2021-06-04 18:57:22', '', 0, 0, 'ffdirp211120', 1, 0, 0, 0, 0, 0, NULL),
(5, 'batch59', 'Prabhu seksaria', '9827026934', 'I had COVID in Feb. 2021,\r\nWas hospitalised for about 1.5 months.\r\nWas is bed for 2.5 months with Oxygen support.\r\nOxygen support in night is still on.\r\nI requested FFD for 3 months free extension, for witch I was refused.\r\nNow I want an paid extension for 6 months, RS.10,500/- I will pay, kindly consider my requests and allow me 6 months extension.', '2021-06-05 15:20:41', '', 0, 0, 'ffdirp211120', 1, 0, 0, 0, 0, 1, NULL),
(6, 'batch59', 'Prabhu seksaria', '9827026934', 'About 3 months has been passed , even than I have swalling in both the legs and my plus is about 105, it increases up to 130, while walking. \r\nWhat should be maximum plus while walking/ exerciseing, I am 72 years and past COVID.', '2021-06-05 15:27:31', '', 0, 0, 'ffdirp211120', 0, 0, 0, 0, 0, 0, NULL),
(7, 'batch59', 'Lakshmi Paradkar ', '9821364250', 'Muscle building process, weight is increasing , how to go ahead?', '2021-06-05 17:37:17', '', 0, 0, 'ffdirp211120', 1, 0, 1, 1, 0, 0, NULL),
(8, 'batch59', 'Moreshwar kale', '9270596599', 'à¤®à¤¾à¤à¥à¤¯à¤¾ à¤—à¥‹à¤³à¥à¤¯à¤¾ à¤¬à¤‚à¤¦ à¤à¤¾à¤²à¥à¤¯à¤¾ à¤†à¤¹à¥‡à¤¤ .à¤ªà¤£ hb1c à¤µ  à¤µà¤œà¤¨ à¤…à¤œà¥‚à¤¨ à¤•à¤®à¥€ à¤¹à¤µà¤¾ à¤†à¤¹à¥‡ .\r\nFfd app à¤šà¤¾à¤²à¥‚ à¤ à¥‡à¤µà¤¾à¤µà¥‡ à¤²à¤¾à¤—à¥‡à¤²  à¤•à¤¾ . à¤«à¤•à¥à¤¤ à¤¡à¥‰à¤•à¥à¤Ÿà¤° à¤¸à¤²à¥à¤²à¥à¤¯à¤¾ à¤¸à¤¾à¤ à¥€ à¤•à¤¿à¤¤à¥€ à¤°à¤•à¥à¤•à¤® à¤­à¤¾à¤°à¤µà¥€ à¤²à¤¾à¤—à¥‡à¤² ', '2021-06-05 17:49:41', '91', 0, 0, 'ffdirp211120', 1, 0, 0, 0, 0, 1, NULL),
(9, 'batch59', 'Dr. SURENDRA Pal', '9880595280', 'My HbA1C is 6.2.  Am I non diabetic?  What should be done to remain in this state.?', '2021-06-05 17:55:17', '', 0, 0, 'ffdirp211120', 1, 0, 0, 0, 0, 0, NULL),
(10, 'batch59', 'Kalaichelvi', '9894261454', 'I couldn\'t sleep at night properly... ', '2021-06-05 18:01:32', '91', 0, 0, 'ffdirp211120', 1, 0, 0, 0, 0, 0, NULL),
(11, 'batch59', 'Simmi PATHAK', '09810721465', 'I have suffered from covid so my last consultation with Doctor not yet done, since I started batch late , will I be able to do consultation in june', '2021-06-05 18:02:25', '91', 0, 0, 'ffdirp211120', 1, 0, 0, 0, 0, 0, NULL),
(12, 'batch59', 'Swati Shirolkar', '09900647730', 'I can\'t see the video..What is the problem?', '2021-06-05 18:14:32', '91', 0, 0, 'ffdirp211120', 0, 0, 0, 0, 0, 0, NULL),
(13, 'batch59', 'Patrick Lobo', '9742586699', 'There was a WA chat that due to lockdown final report and consultation can be done on or before JULY 13,2021.Pls confirm\r\nThere was also a WA chat that people who have not achieved freedom and are still on medication can continue for 3 months on payment of Rs.1100. Please confirm and when the money is to be paid.', '2021-06-05 18:18:01', '', 0, 0, 'ffdirp211120', 1, 0, 0, 0, 0, 0, NULL),
(14, 'batch59', 'Kusum chand', '9650172271', 'My wife Kusum chand  58 y, having aphasia progressive prior to joining this batch and now she stopped speaking completely. She  now does not respond to any action immediately and some ignores and for the last six months she is not doing physical exercises. She is on neurological treatment along with your course. I want to know , will there be online consultancy facility with FFD, so that the treatment can be continued. Kindly advise for improvement. Regards. Ramesh Chand Delhi.', '2021-06-05 18:18:13', '', 0, 0, 'ffdirp211120', 1, 0, 0, 0, 0, 0, NULL),
(15, 'batch59', 'Ajay Nafde', '9845401454', 'Congratulations on a plan well executed team. Work to be done but team is in great shape to do it ', '2021-06-05 18:20:57', '', 0, 0, 'ffdirp211120', 1, 0, 0, 0, 0, 0, NULL),
(16, 'batch59', 'Ravikant Joshi', '9819954065', 'Hi Can I get access to download group sessions & meditation audios please?', '2021-06-05 18:21:41', '', 0, 0, 'ffdirp211120', 1, 0, 0, 0, 0, 0, NULL),
(17, 'batch59', 'Subramanian ', '9892066895', 'Would like to continue for one more year., which will provide me 4 consultations. This will be apart from the postponed one of the current years? ', '2021-06-05 18:21:49', '91', 0, 0, 'ffdirp211120', 1, 0, 0, 0, 0, 0, NULL),
(18, 'batch59', 'Kusum chand', '9650172271', 'My wife Kusum chand 58 y, having aphasia progressive and now stopped speaking completely. She does not do the exercises for the last six months and does not respond to anyone quickly. She is under treatment of neurologist along with your course. I want to know will there be online consultancy facility available so that the appropriate treatment can be continued under your valuable guidance. Kindly advise accordingly.Regards- Ramesh Chand Ghaziabad.', '2021-06-05 18:25:07', '', 0, 0, 'ffdirp211120', 1, 0, 0, 0, 0, 0, NULL),
(19, 'batch59', 'Ajay Nafde', '9845401454', 'I would like to appreciate the work done by your WA managers Jessy and Vasudha and also my doctor dr Subodh Deshmukh ', '2021-06-05 18:25:59', '', 0, 0, 'ffdirp211120', 1, 0, 0, 0, 0, 0, NULL),
(20, 'batch59', 'VARADARAJA PAI', '9995422061', 'can i avail assistance from dietician doctor & fitness expert on payment please', '2021-06-05 18:26:08', '91', 0, 0, 'ffdirp211120', 1, 0, 0, 0, 0, 0, NULL),
(21, 'batch59', 'Mahboob Alam', '7991182554', 'No Question Sir. For me it is not the time of question but it should be session of thanks giving to entire  FFD team. Weight loss of about 17 Kg, Free from Hypertension & Diabetic medicine and overall free from fear of Diabetics. You have completely change my lifestyle with lots of positivity.Thanks thanks and thanks to FFD teamðŸ™ðŸ™ðŸ™', '2021-06-05 18:26:19', '', 0, 0, 'ffdirp211120', 1, 0, 0, 0, 0, 0, NULL),
(22, 'batch59', 'Kavita Shah', '9195229618', 'cannot connect to the session\r\n', '2021-06-05 18:26:34', '1', 0, 0, 'ffdirp211120', 0, 0, 0, 0, 0, 0, NULL),
(23, 'batch59', 'VARADARAJA PAI', '9995422061', 'Can I avail services of dietician medical expert & fitness expert please on payment for one more year ?', '2021-06-05 18:27:37', '91', 0, 0, 'ffdirp211120', 1, 0, 0, 0, 0, 0, NULL),
(24, 'batch59', 'Ajay Nafde', '9845401454', 'Even if our batch has concluded we would like to visit FFD Pune once lockdown is past us . May be for the next GTT . We should stay connected ', '2021-06-05 18:27:55', '', 0, 0, 'ffdirp211120', 1, 0, 0, 0, 0, 0, NULL),
(25, 'batch59', 'DR SURENDRA PAL', '9880595280', 'Thanks Dr. Tripathi. I am practically today nondiabetic with HbA1C 6.2. I enjoyed the programme,lost almost 13 Kg. and needless to say that I had to change the wardrobe . ', '2021-06-05 18:28:00', '', 0, 0, 'ffdirp211120', 1, 0, 0, 0, 0, 0, NULL),
(26, 'batch59', 'Dipak Shah', '9825972712', 'If there is some dependancy on medicine  , what to do ?', '2021-06-05 18:28:04', '', 0, 0, 'ffdirp211120', 1, 1, 0, 0, 0, 0, NULL),
(27, 'batch59', 'Dipak Shah', '9825972712', 'I am still not able to gain weight. BMI is below 21.5 . What to do ?', '2021-06-05 18:29:03', '', 0, 0, 'ffdirp211120', 0, 0, 0, 0, 0, 0, NULL),
(28, 'batch59', 'Boskey', '8447247178', 'Good Evening sir', '2021-06-05 18:29:55', '', 0, 0, 'ffdirp211120', 0, 0, 0, 0, 0, 0, NULL),
(29, 'batch59', 'aruna kapalay', '9822195503', 'Dr..aapali bhet kadhi honar  mazi medicine purn band ahet fed team la maza Salam sagalyani good job kela ahe ðŸ‘ðŸ˜‡ðŸ˜ŠðŸ™ðŸ»ðŸ™ðŸ»ðŸ™ðŸ»\r\n', '2021-06-05 18:30:11', '91', 0, 0, 'ffdirp211120', 1, 0, 0, 0, 0, 0, NULL),
(30, 'batch59', 'Lalita sharma            ', '8910064964', 'Good evening sir', '2021-06-05 18:30:21', '', 0, 0, 'ffdirp211120', 0, 0, 0, 0, 0, 0, NULL),
(31, 'batch59', 'Avinash Khandpur ', '9891121007', 'With the one year program My sugar levels have come in green zones with minimal medicine. Request advise on improving kidney function as my e GFR has reduced to 38 from 50 due to creatinine level increase of late. I have extended my program by 3 months would like to seek FFD Rx.\r\nAvinash Khandpur ', '2021-06-05 18:30:50', '', 0, 0, 'ffdirp211120', 1, 0, 0, 0, 0, 0, NULL),
(32, 'batch59', 'Nirmal Mehendale', '9811083684', 'i have achieved a HBA1C of 5.5 but have cropped up with new problem of TSH of 6.72 an GFR of 77.88.\r\nwhat is your advice /\r\nAlso my BMI is 24.5 should I aim at reducing the BMI further . i have almost been at this BMI for the past 60 Days now.', '2021-06-05 18:31:40', '91', 0, 0, 'ffdirp211120', 1, 0, 0, 0, 0, 0, NULL),
(33, 'batch59', 'Ajay Nafde', '9845401454', 'Extend time by two weeks to get drs consultation because of lockdown restrictions ', '2021-06-05 18:32:05', '', 0, 0, 'ffdirp211120', 1, 0, 0, 0, 0, 0, NULL),
(34, 'batch59', 'Payal Talreja', '9810419377', 'Way forward as I feel I am stuck ', '2021-06-05 18:32:17', '', 0, 0, 'ffdirp211120', 1, 0, 0, 0, 0, 0, NULL),
(35, 'batch59', 'Gouri ganesh wadekÃ r', '9970532727', 'Good evening why et gain', '2021-06-05 18:32:46', '', 0, 0, 'ffdirp211120', 0, 0, 0, 0, 0, 0, NULL),
(36, 'batch59', 'Anand Kumar Hetamsaria', '9431153769', 'I am satisfied with my one year journey. However, my sugar levels for - Fasting is below 120, and PP1, PP2, PP3 are below 180. My weight is 58.7, BMI is 22.93 and current HB1C is 7. What should I do in future to improve? ', '2021-06-05 18:33:13', '91', 0, 0, 'ffdirp211120', 1, 1, 0, 0, 0, 0, NULL),
(37, 'batch59', 'Jaspal Singh', '9234603567', 'Good evening friends from Batch 59. Look forward to hearing and have guidance on what holds for us in future after this program', '2021-06-05 18:33:20', '91', 0, 0, 'ffdirp211120', 1, 0, 0, 0, 0, 0, NULL),
(38, 'batch59', 'Ajay Nafde', '9845401454', 'Please confirm the arrangements (discounts) for ffd for tri monthly package testing will continue at metropolis even after the year has passed for batch 59 as we plan to continue being tested every three months for all the 14 tests', '2021-06-05 18:34:01', '', 0, 0, 'ffdirp211120', 1, 0, 0, 0, 0, 0, NULL),
(39, 'batch59', 'harsh Aggarwal', '9988395030', 'No sound please', '2021-06-05 18:34:43', '91', 0, 0, 'ffdirp211120', 0, 0, 0, 0, 0, 0, NULL),
(40, 'batch59', 'Payal Talreja', '9810419377', 'Iâ€™may not have reached my final â€˜padavâ€™ but I would like to express my happiness and gratitude to FFD team all of you for a brilliant experience and learning how to manage my diabetes ðŸ™ðŸ½', '2021-06-05 18:37:57', '', 0, 0, 'ffdirp211120', 1, 0, 0, 0, 0, 0, NULL),
(41, 'batch59', 'DR SURENDRA PAL', '9880595280', 'Can I go for GTT?', '2021-06-05 18:38:06', '', 0, 0, 'ffdirp211120', 1, 0, 0, 0, 0, 0, NULL),
(42, 'batch59', 'DR SURENDRA PAL', '9880595280', 'wish to send some suggestions,any portal for the same?', '2021-06-05 18:38:48', '', 0, 0, 'ffdirp211120', 1, 0, 0, 0, 0, 0, NULL),
(43, 'batch59', 'Shailaja Vidwans', '9604011191', 'Can we have packet food at tea time if sugars are within limit like à¤–à¤¾à¤•à¤°à¤¾,à¤¬à¤¿à¤¸à¥à¤•à¤¿à¤Ÿà¥à¤¸', '2021-06-05 18:40:31', '', 0, 0, 'ffdirp211120', 1, 0, 0, 0, 0, 0, NULL),
(44, 'batch59', 'Nirmal Mehendale', '9811083684', 'having achieved HBA!C of 5.5 but with the TSH and GFR problem is it the right time to aim at Glycemic ladder', '2021-06-05 18:40:34', '91', 0, 0, 'ffdirp211120', 1, 0, 0, 0, 0, 0, NULL),
(45, 'batch59', 'Harsh Aggarwal', '9988395030', 'Still no sound after refreshing ', '2021-06-05 18:40:36', '91', 0, 0, 'ffdirp211120', 1, 0, 0, 0, 0, 0, NULL),
(46, 'batch59', 'Ajay Nafde', '9845401454', 'Coming out of the year with certain confidence , still not out of medicines but better than when we started', '2021-06-05 18:40:41', '', 0, 0, 'ffdirp211120', 1, 0, 0, 0, 0, 0, NULL),
(47, 'batch59', 'Nisha Pandey', '9769557224', 'Sugar fluctuations still there. Better than before but not free from medicine and diabetes. Please guide', '2021-06-05 18:40:44', '91', 0, 0, 'ffdirp211120', 1, 1, 0, 0, 0, 0, NULL),
(48, 'batch59', 'YA SrinivasaRao ', '9490167568', 'Would like to extend my term by another 6 months. Requested help desk for d same! Yet to hear from them', '2021-06-05 18:40:55', '', 0, 0, 'ffdirp211120', 1, 0, 0, 0, 0, 1, NULL),
(49, 'batch59', 'Moreshwar kale', '9270596599', 'yet hb1c and weight not reduced. Should i continue ', '2021-06-05 18:41:37', '', 0, 0, 'ffdirp211120', 1, 0, 0, 0, 0, 0, NULL),
(50, 'batch59', 'Ajay Nafde', '9845401454', 'Will stay connected through wow wednesdays ', '2021-06-05 18:42:23', '', 0, 0, 'ffdirp211120', 1, 0, 0, 0, 0, 0, NULL),
(51, 'batch59', 'Geetha pradad', '9449015339', 'I had to discontinue as myson had come down from abroad I have added 4kgs now I find difficult to keep away from tea our regular idli dosa how to control and get back to your protocol if you can help me I want to continue', '2021-06-05 18:42:50', '', 0, 0, 'ffdirp211120', 1, 0, 1, 0, 0, 0, NULL),
(52, 'batch59', 'DAYANANDA S', '9886134266', 'Please give us extension till  covid emergency lasts at least for another three  months, Sir.', '2021-06-05 18:43:15', '91', 0, 0, 'ffdirp211120', 1, 0, 0, 0, 0, 0, NULL),
(53, 'batch59', 'Pashupati Kumar', '9866315466', 'It is not closing, graduation to independence ', '2021-06-05 18:43:50', '', 0, 0, 'ffdirp211120', 1, 0, 0, 0, 0, 0, NULL),
(54, 'batch59', 'Sudershan Kumar Bakshi', '9419636419', 'Not connecting', '2021-06-05 18:44:28', '91', 0, 0, 'ffdirp211120', 0, 0, 0, 0, 0, 0, NULL),
(55, 'batch59', 'Sudershan Kumar Bakshi', '9419636419', 'My BMI remained below 23/24 but in the progress report it was shown 25', '2021-06-05 18:46:57', '91', 0, 0, 'ffdirp211120', 1, 0, 0, 0, 0, 0, NULL),
(56, 'batch59', 'Ranju Jhunjhunwala ', '9969424421', 'Sir about sugars kya karna chahiye 3 times surgery ho gayi abhi covid ho gaya sugars ki to wat lag gayi abhi to weight  bhi jyada ho gaya kya karen one year bhi hone ko hai pl suggest what to do ', '2021-06-05 18:48:27', '', 0, 0, 'ffdirp211120', 1, 1, 0, 0, 0, 0, NULL),
(57, 'batch59', 'Swati Shirolkar', '09900647730', 'Hi i am Swati Shirolkar from batch of 59.\r\nI am off the medicine of Diabetic from 5th day  after joining FFD  and still off the medicine. I am 69 now and had undergone byepass in June 2019.\r\nI did  GTT test on my own at home twice and i successed in that both times! \r\n \r\nMy question is \r\n1. Do I have to follow the same routine throughout my life? Can I do some changes from time to time?\r\n', '2021-06-05 18:50:49', '91', 0, 0, 'ffdirp211120', 1, 0, 0, 0, 0, 0, NULL),
(58, 'batch59', 'Ramachandran', '8939703363', '1) during 1 year program i had taken one complete test in oct20 after joining the program. planning to take test in the coming week. will i get the doctor review meeting . 2) after 6 mths, i lost the connection with FFD, that is i couldnot be regular in excercises, diet ... feeling less motivated.', '2021-06-05 18:51:03', '', 0, 0, 'ffdirp211120', 1, 1, 0, 0, 0, 0, NULL),
(59, 'batch59', 'Chittibabu', '90129465', 'slide image is blurry.  Not clear suddenly.  Initially good\r\n', '2021-06-05 18:52:09', '65', 0, 0, 'ffdirp211120', 0, 0, 0, 0, 0, 0, NULL),
(60, 'batch59', 'Chittibabu', '90129465', 'Now slides are fine\r\n', '2021-06-05 18:52:28', '65', 0, 0, 'ffdirp211120', 0, 0, 0, 0, 0, 0, NULL),
(61, 'batch59', 'Ramachandran', '8939703363', '3) Suggesting  FFD - like Wow Wed - would like suggest to to engage the FFDians on physical excerices. by physical excerices experts. group excercise program is more effective than individually owning. it.3) this program has given me a new lease of life and presception on diabetes that it can be controlled and free from it.  made me to be mindfull about diet and excercise .. thanks sir and FFD team ', '2021-06-05 18:53:08', '', 0, 0, 'ffdirp211120', 1, 0, 0, 0, 0, 0, NULL),
(62, 'batch59', 'Ramachandran', '8939703363', '4) would like to know what will i get and miss after the 1 year program. -- do i get support from excercise experts after theis program', '2021-06-05 18:53:13', '', 0, 0, 'ffdirp211120', 1, 0, 0, 0, 0, 0, NULL),
(63, 'batch59', 'Leena Chikte', '09987409246', 'How many people have passed GTT from this group?\r\n', '2021-06-05 18:55:33', '91', 0, 0, 'ffdirp211120', 1, 0, 0, 0, 0, 0, NULL),
(64, 'batch59', 'Payal Talreja', '9810419377', 'Itâ€™s a big boon to have got free from insulin after more than 12 years on it ', '2021-06-05 18:55:47', '', 0, 0, 'ffdirp211120', 1, 0, 0, 0, 0, 0, NULL),
(65, 'batch59', 'VARADARAJA PAI', '9995422061', 'I cud not take my final lab test becoz of total lock down...can i opt for forwarding my reports now?', '2021-06-05 18:56:31', '91', 0, 0, 'ffdirp211120', 1, 0, 0, 0, 0, 0, NULL),
(66, 'batch59', 'Ramachandran', '8939703363', 'can you ask the persons to speak  and share  who has cleared the GTT tests from our batch.-- their personal experience, and journey... in this live discussion\r\n', '2021-06-05 18:58:44', '', 0, 0, 'ffdirp211120', 0, 0, 0, 0, 0, 0, NULL),
(67, 'batch59', 'Shobhit kumar sinha', '09999033662', 'I am really very very thankful to you and your team Sir.\r\nYou people have done amazing work.My special thanks\r\n to Dr Rajesh Wanderer And Dietician Ms Gandhari. \r\nDr. Rajesh wanderer is very sincere and dedicated\r\n towards his job. He is very prompt in responding answer \r\n.Very helpful.,cooperative and disciplined in his approach.\r\n\r\n', '2021-06-05 19:02:36', '', 0, 0, 'ffdirp211120', 0, 0, 0, 0, 0, 0, NULL),
(68, 'batch59', 'YA SrinivasaRao ', '9490167568', 'Can we have a comprehensive daily yoga that could be suggested based on age and medical condition of the individual ', '2021-06-05 19:03:27', '', 0, 0, 'ffdirp211120', 0, 0, 0, 0, 0, 0, NULL),
(69, 'batch59', 'Ya SrinivasaRao ', '9490167568', 'Can you please provide a comprehensive diet receipts and list of allowed and disallowed food items as a ready reckoner ? Thanks ', '2021-06-05 19:09:05', '', 0, 0, 'ffdirp211120', 0, 0, 0, 0, 0, 0, NULL),
(70, 'batch59', 'Shobhit kumar sinha', '09999033662', 'I have become covid positive and getting hospitalised where Doctors have given Steroid,Remdesivir and many more medicine. The effects is that sugar level gone high and am still struggling to free from medicine', '2021-06-05 19:10:20', '', 0, 0, 'ffdirp211120', 0, 0, 0, 0, 0, 0, NULL),
(71, 'batch59', 'Ya SrinivasaRao ', '9490167568', 'Kindly provide a ready reckoner for exercises and yoga based ! Thank you ', '2021-06-05 19:10:35', '', 0, 0, 'ffdirp211120', 0, 0, 0, 0, 0, 0, NULL),
(72, 'batch59', 'Eman Guria', '7085095123', 'Even after consuming normal FFD recommended diets sometimes BSL readings are out of control, Dr. pl explain', '2021-06-05 19:10:37', '91', 0, 0, 'ffdirp211120', 0, 0, 0, 0, 0, 0, NULL),
(73, 'batch59', 'Nikesh Porwal', '9886302197', 'Namaste Dr. Pramodji and FFD team. I recently got COVID with severe lung infection, but fortunately I am recovering well. My life was saved because of FFD. As I had lost 12 kgs (from 74 to 62) and my hba1c came down to 6.1 and more importantly I was off medicine and insulin. A big thank you to you and FFD team for the great work. I am grateful to FFD for life.', '2021-06-05 19:12:17', '', 0, 0, 'ffdirp211120', 0, 0, 0, 0, 0, 0, NULL),
(74, 'batch59', 'Sunanda Ghodgaonkar', '9160455245', 'can we ever take dairy products?', '2021-06-05 19:14:58', '', 0, 0, 'ffdirp211120', 0, 0, 0, 0, 0, 0, NULL),
(75, 'batch59', 'Ya SrinivasaRao ', '9490167568', 'Requested for including me for mentoring in d previous live session. Yet to hear from FFD so far please ', '2021-06-05 19:15:15', '', 0, 0, 'ffdirp211120', 0, 0, 0, 0, 0, 0, NULL),
(76, 'batch59', 'Sunanda Ghodgaonkar', '9160455245', 'This is Sunanda Ghodgaonkar.\r\ncan we ever take dairy products?', '2021-06-05 19:16:11', '', 0, 0, 'ffdirp211120', 0, 0, 0, 0, 0, 0, NULL),
(77, 'batch59', 'Nikesh Porwal', '9886302197', 'I had COVID and currently recovering (currently oxygen saturation is low). My Sugar levels increased due to heavy dosage of steroids during treatment. I had to restart medicine and insulin to manage sugar levels. Need guidance on what I should do to improve overall health, increase oxygen saturation and reduce sugar levels.', '2021-06-05 19:16:13', '', 0, 0, 'ffdirp211120', 0, 0, 0, 0, 0, 0, NULL),
(78, 'batch59', 'Ashfaq Ahamed', '9741190000', 'Doctor thanks for a wonderful program congratulations to team ffd.Can we get all  our data to compare and track in future.\r\nWhat facilities for ec ffdians', '2021-06-05 19:16:28', '', 0, 0, 'ffdirp211120', 0, 0, 0, 0, 0, 0, NULL),
(79, 'batch59', 'Rajendra Besra ', '9668529623', 'Can Amway all plant protein be taken in anabolic smoothy for long time.also please suggest any other protein powder.', '2021-06-05 19:16:40', '', 0, 0, 'ffdirp211120', 0, 0, 0, 0, 0, 0, NULL),
(80, 'batch59', 'Rama N K', '9866092726', '3, 2, 4, 1', '2021-06-05 19:17:53', '91', 0, 0, 'ffdirp211120', 0, 0, 0, 0, 0, 0, NULL),
(81, 'batch59', 'Arut', '96452592', '3,2,1.4\r\n', '2021-06-05 19:17:58', '65', 0, 0, 'ffdirp211120', 1, 0, 0, 0, 0, 0, NULL),
(82, 'batch59', 'Boskey', '8447247178', '3214', '2021-06-05 19:18:00', '', 0, 0, 'ffdirp211120', 0, 0, 0, 0, 0, 0, NULL),
(83, 'batch59', 'GITESH SURESH JAJOO', '09270058419', '3214', '2021-06-05 19:18:00', '', 0, 0, 'ffdirp211120', 0, 0, 0, 0, 0, 0, NULL),
(84, 'batch59', 'Govindrajan R Bhatta', '504509300', '3,2,1,4\r\n', '2021-06-05 19:18:03', '971', 0, 0, 'ffdirp211120', 0, 0, 0, 0, 0, 0, NULL),
(85, 'batch59', 'Padma Diwakar', '9594049933', '3214', '2021-06-05 19:18:04', '91', 0, 0, 'ffdirp211120', 0, 0, 0, 0, 0, 0, NULL),
(86, 'batch59', 'Srikanth Bhat', '9845243213', '3, 2, 1, 4\r\n', '2021-06-05 19:18:04', '', 0, 0, 'ffdirp211120', 0, 0, 0, 0, 0, 0, NULL),
(87, 'batch59', 'Anitha Devi M', '9397623455', '3 2 1 4', '2021-06-05 19:18:05', '', 0, 0, 'ffdirp211120', 0, 0, 0, 0, 0, 0, NULL),
(88, 'batch59', 'Sanjay Dabholkar', '09881167871', '3214', '2021-06-05 19:18:06', '', 0, 0, 'ffdirp211120', 0, 0, 0, 0, 0, 0, NULL),
(89, 'batch59', 'Supiya', '7449189989', '2 3 4 1', '2021-06-05 19:18:06', '91', 0, 0, 'ffdirp211120', 0, 0, 0, 0, 0, 0, NULL),
(90, 'batch59', 'Manish', '4693442390', '3 2 14', '2021-06-05 19:18:06', '1', 0, 0, 'ffdirp211120', 0, 0, 0, 0, 0, 0, NULL),
(91, 'batch59', 'NITIN BIDIKAR', '9440685113', '3214\r\n', '2021-06-05 19:18:07', '91', 0, 0, 'ffdirp211120', 0, 0, 0, 0, 0, 0, NULL),
(92, 'batch59', 'Chittibabu', '90129465', '3214', '2021-06-05 19:18:08', '65', 0, 0, 'ffdirp211120', 0, 0, 0, 0, 0, 0, NULL),
(93, 'batch59', 'G Arunachalam', '9771407595', '2414', '2021-06-05 19:18:08', '91', 0, 0, 'ffdirp211120', 0, 0, 0, 0, 0, 0, NULL),
(94, 'batch59', 'Col V K Bhatnagar', '9223268250', '3214', '2021-06-05 19:18:09', '', 0, 0, 'ffdirp211120', 0, 0, 0, 0, 0, 0, NULL),
(95, 'batch59', 'Kalaichelvi', '9894261454', '3214', '2021-06-05 19:18:09', '91', 0, 0, 'ffdirp211120', 0, 0, 0, 0, 0, 0, NULL),
(96, 'batch59', 'R.VATHSALA', '9443345924', '3,2.1.4', '2021-06-05 19:18:09', '91', 0, 0, 'ffdirp211120', 0, 0, 0, 0, 0, 0, NULL),
(97, 'batch59', 'GANESH KUMAR GUPTA', '9451447324', '3 2 1 4\r\n', '2021-06-05 19:18:09', '', 0, 0, 'ffdirp211120', 0, 0, 0, 0, 0, 0, NULL),
(98, 'batch59', 'Amish Shah', '9199249543', '3,2,1,4\r\n', '2021-06-05 19:18:11', '1', 0, 0, 'ffdirp211120', 0, 0, 0, 0, 0, 0, NULL),
(99, 'batch59', 'Jatin shah', '9820224767', '3421\r\n', '2021-06-05 19:18:12', '91', 0, 0, 'ffdirp211120', 0, 0, 0, 0, 0, 0, NULL),
(100, 'batch59', 'Jaspal Singh', '9234603567', '3,2,1,4', '2021-06-05 19:18:12', '91', 0, 0, 'ffdirp211120', 0, 0, 0, 0, 0, 0, NULL),
(101, 'batch59', 'Rama N K', '9866092726', '3,2,1,4\r\n', '2021-06-05 19:18:13', '91', 0, 0, 'ffdirp211120', 0, 0, 0, 0, 0, 0, NULL),
(102, 'batch59', 'Prashant Gupta', '90230702', '3, 2, 1, 4\r\n', '2021-06-05 19:18:13', '65', 0, 0, 'ffdirp211120', 0, 0, 0, 0, 0, 0, NULL),
(103, 'batch59', 'Nirmal Mehendale', '9811083684', '2314', '2021-06-05 19:18:13', '91', 0, 0, 'ffdirp211120', 0, 0, 0, 0, 0, 0, NULL),
(104, 'batch59', 'Chandan', '9604638943', '3214', '2021-06-05 19:18:13', '91', 0, 0, 'ffdirp211120', 0, 0, 0, 0, 0, 0, NULL),
(105, 'batch59', 'chandan kumar', '8178298039', '3214', '2021-06-05 19:18:14', '', 0, 0, 'ffdirp211120', 0, 0, 0, 0, 0, 0, NULL),
(106, 'batch59', 'Nandkumar Athawale', '9821888430', '3,2,1,4', '2021-06-05 19:18:14', '91', 0, 0, 'ffdirp211120', 0, 0, 0, 0, 0, 0, NULL),
(107, 'batch59', 'Sanat kumar', '7702227162', '3241', '2021-06-05 19:18:14', '91', 0, 0, 'ffdirp211120', 0, 0, 0, 0, 0, 0, NULL),
(108, 'batch59', 'Naguesh pai kakode ', '9822120703', '3214', '2021-06-05 19:18:16', '', 0, 0, 'ffdirp211120', 0, 0, 0, 0, 0, 0, NULL),
(109, 'batch59', 'Sandhya Maheshwari', '09412273293', '3,2,1,4', '2021-06-05 19:18:16', '91', 0, 0, 'ffdirp211120', 0, 0, 0, 0, 0, 0, NULL),
(110, 'batch59', 'Shankar Iyer', '9167417501', '2314?', '2021-06-05 19:18:16', '91', 0, 0, 'ffdirp211120', 0, 0, 0, 0, 0, 0, NULL),
(111, 'batch59', 'Narendra Bari', '9970204831', '3241', '2021-06-05 19:18:16', '', 0, 0, 'ffdirp211120', 0, 0, 0, 0, 0, 0, NULL),
(112, 'batch59', 'Ramachandran', '8939703363', '3214', '2021-06-05 19:18:16', '', 0, 0, 'ffdirp211120', 0, 0, 0, 0, 0, 0, NULL),
(113, 'batch59', 'Madhuri Ranjalkar', '9820636570', '3,2,1,4', '2021-06-05 19:18:16', '91', 0, 0, 'ffdirp211120', 0, 0, 0, 0, 0, 0, NULL),
(114, 'batch59', 'Umarani V', '08754468963', '3214', '2021-06-05 19:18:17', '', 0, 0, 'ffdirp211120', 0, 0, 0, 0, 0, 0, NULL),
(115, 'batch59', 'Nikesh Porwal', '9886302197', '3,2,1,4', '2021-06-05 19:18:17', '', 0, 0, 'ffdirp211120', 0, 0, 0, 0, 0, 0, NULL),
(116, 'batch59', 'Mandeep kaur', '9779799007', '3214\r\n', '2021-06-05 19:18:17', '', 0, 0, 'ffdirp211120', 0, 0, 0, 0, 0, 0, NULL),
(117, 'batch59', 'Rajalekshmi Ramachandran', '8086829408', '3,2,1,4', '2021-06-05 19:18:17', '91', 0, 0, 'ffdirp211120', 0, 0, 0, 0, 0, 0, NULL),
(118, 'batch59', 'Mahesh Pophale', '8291182190', '2314\r\n', '2021-06-05 19:18:17', '', 0, 0, 'ffdirp211120', 0, 0, 0, 0, 0, 0, NULL),
(119, 'batch59', 'PK KAUSHIK', '09818429060', '3214\r\n', '2021-06-05 19:18:18', '', 0, 0, 'ffdirp211120', 0, 0, 0, 0, 0, 0, NULL),
(120, 'batch59', 'Archana Kadle ', '9372683512', '3214', '2021-06-05 19:18:18', '', 0, 0, 'ffdirp211120', 0, 0, 0, 0, 0, 0, NULL),
(121, 'batch59', 'Ravikant Joshi', '9819954065', '3,4,1,2', '2021-06-05 19:18:18', '', 0, 0, 'ffdirp211120', 0, 0, 0, 0, 0, 0, NULL),
(122, 'batch59', 'Supiya', '7449189989', '3 2 1 4', '2021-06-05 19:18:19', '91', 0, 0, 'ffdirp211120', 0, 0, 0, 0, 0, 0, NULL),
(123, 'batch59', 'Vineet Kumar Agarwal', '9350570521', '3, 2, 1, 4', '2021-06-05 19:18:20', '91', 0, 0, 'ffdirp211120', 0, 0, 0, 0, 0, 0, NULL),
(124, 'batch59', 'Lalita P Joshi', '9833888166', '3241', '2021-06-05 19:18:20', '', 0, 0, 'ffdirp211120', 0, 0, 0, 0, 0, 0, NULL),
(125, 'batch59', 'Nirmala Mahesh', '9886082905', '2341', '2021-06-05 19:18:22', '', 0, 0, 'ffdirp211120', 0, 0, 0, 0, 0, 0, NULL),
(126, 'batch59', 'Subramanian ', '9892066895', '3214', '2021-06-05 19:18:23', '91', 0, 0, 'ffdirp211120', 0, 0, 0, 0, 0, 0, NULL),
(127, 'batch59', 'Payal Talreja', '9810419377', '3 2 1 4', '2021-06-05 19:18:23', '', 0, 0, 'ffdirp211120', 0, 0, 0, 0, 0, 0, NULL),
(128, 'batch59', 'Sahana', '8861867328', '3214', '2021-06-05 19:18:24', '91', 0, 0, 'ffdirp211120', 0, 0, 0, 0, 0, 0, NULL),
(129, 'batch59', 'Swati Shirolkar', '09920647730', '3-2-1-4', '2021-06-05 19:18:25', '91', 0, 0, 'ffdirp211120', 0, 0, 0, 0, 0, 0, NULL),
(130, 'batch59', 'abhijeet bhand', '9960916122', '3-2-1-4', '2021-06-05 19:18:25', '', 0, 0, 'ffdirp211120', 0, 0, 0, 0, 0, 0, NULL),
(131, 'batch59', 'Rajnish kehair', '9810047296', '3 ,2,1,4', '2021-06-05 19:18:25', '91', 0, 0, 'ffdirp211120', 0, 0, 0, 0, 0, 0, NULL),
(132, 'batch59', 'Patrick Lobo', '9742586699', '3 2 41', '2021-06-05 19:18:28', '', 0, 0, 'ffdirp211120', 0, 0, 0, 0, 0, 0, NULL),
(133, 'batch59', 'MUKESH KUMBLE', '9529211010', '4231\r\n', '2021-06-05 19:18:28', '', 0, 0, 'ffdirp211120', 0, 0, 0, 0, 0, 0, NULL),
(134, 'batch59', 'Nimisha Shah', '9088128768', '3 2 4 1', '2021-06-05 19:18:29', '1', 0, 0, 'ffdirp211120', 0, 0, 0, 0, 0, 0, NULL),
(135, 'batch59', 'Amruta', '7387536067', '3,2,14', '2021-06-05 19:18:29', '91', 0, 0, 'ffdirp211120', 0, 0, 0, 0, 0, 0, NULL),
(136, 'batch59', 'Manish Kumar Rawat', '9650510611', '2 3 1 4', '2021-06-05 19:18:30', '', 0, 0, 'ffdirp211120', 0, 0, 0, 0, 0, 0, NULL),
(137, 'batch59', 'Sunanda Ghodgaonkar', '9160455245', '3,2,1,4', '2021-06-05 19:18:31', '', 0, 0, 'ffdirp211120', 0, 0, 0, 0, 0, 0, NULL),
(138, 'batch59', 'Awadh Kishore Pandey', '9438493466', '3214\r\n', '2021-06-05 19:18:31', '', 0, 0, 'ffdirp211120', 0, 0, 0, 0, 0, 0, NULL),
(139, 'batch59', 'Sureshkumar Achari', '09377840342', '3 2 1 4', '2021-06-05 19:18:32', '91', 0, 0, 'ffdirp211120', 0, 0, 0, 0, 0, 0, NULL),
(140, 'batch59', 'Eshleen Jolly', '9900832296', '3,2,1,4', '2021-06-05 19:18:32', '', 0, 0, 'ffdirp211120', 0, 0, 0, 0, 0, 0, NULL),
(141, 'batch59', 'Chhaya  Mangalgiri ', '9425555989', '3214', '2021-06-05 19:18:33', '', 0, 0, 'ffdirp211120', 0, 0, 0, 0, 0, 0, NULL),
(142, 'batch59', 'Ashfaq Ahamed', '9741190000', '4214', '2021-06-05 19:18:33', '', 0, 0, 'ffdirp211120', 0, 0, 0, 0, 0, 0, NULL),
(143, 'batch59', 'Raj Menon', '9895166727', '3214', '2021-06-05 19:18:33', '', 0, 0, 'ffdirp211120', 0, 0, 0, 0, 0, 0, NULL),
(144, 'batch59', 'lee', '9987409246', '3421', '2021-06-05 19:18:34', '91', 0, 0, 'ffdirp211120', 0, 0, 0, 0, 0, 0, NULL),
(145, 'batch59', 'Nalini P C', '9902020793', '3214', '2021-06-05 19:18:35', '91', 0, 0, 'ffdirp211120', 0, 0, 0, 0, 0, 0, NULL),
(146, 'batch59', 'Sriram', '9840088273', '3, 2 , 1, 4\r\n', '2021-06-05 19:18:36', '', 0, 0, 'ffdirp211120', 0, 0, 0, 0, 0, 0, NULL),
(147, 'batch59', 'Nayna', '9004304573', '2314', '2021-06-05 19:18:37', '91', 0, 0, 'ffdirp211120', 0, 0, 0, 0, 0, 0, NULL),
(148, 'batch59', 'La', '9860293313', '234', '2021-06-05 19:18:37', '91', 0, 0, 'ffdirp211120', 0, 0, 0, 0, 0, 0, NULL),
(149, 'batch59', 'Surekha Rajendrakumar', '09486103246', '3,2 1,4', '2021-06-05 19:18:37', '', 0, 0, 'ffdirp211120', 0, 0, 0, 0, 0, 0, NULL),
(150, 'batch59', 'Ya SrinivasaRao ', '9490167568', '3,2,1,4', '2021-06-05 19:18:39', '', 0, 0, 'ffdirp211120', 0, 0, 0, 0, 0, 0, NULL),
(151, 'batch59', 'VARADARAJA PAI', '9995422061', '3241', '2021-06-05 19:18:40', '91', 0, 0, 'ffdirp211120', 0, 0, 0, 0, 0, 0, NULL),
(152, 'batch59', 'Anand Kumar Hetamsaria', '9431153769', '4 3 2 1', '2021-06-05 19:18:46', '91', 0, 0, 'ffdirp211120', 0, 0, 0, 0, 0, 0, NULL),
(153, 'batch59', 'Deepa Gidwani', '63336760', '3 214', '2021-06-05 19:18:48', '852', 0, 0, 'ffdirp211120', 0, 0, 0, 0, 0, 0, NULL),
(154, 'batch59', 'Gouri ganesh wadekÃ r', '9970532727', '\r\n3241', '2021-06-05 19:18:52', '', 0, 0, 'ffdirp211120', 0, 0, 0, 0, 0, 0, NULL),
(155, 'batch59', 'Satish K R', '9845128550', '3-2-1-4\r\n', '2021-06-05 19:18:55', '', 0, 0, 'ffdirp211120', 0, 0, 0, 0, 0, 0, NULL),
(156, 'batch59', 'rajni gupta', '09873680734', '3214', '2021-06-05 19:18:58', '', 0, 0, 'ffdirp211120', 0, 0, 0, 0, 0, 0, NULL),
(157, 'batch59', 'Eman Guria', '7085095123', '3,2,1,4', '2021-06-05 19:19:07', '91', 0, 0, 'ffdirp211120', 0, 0, 0, 0, 0, 0, NULL),
(158, 'batch59', 'SHOBHIT SINHA', '09999033662', '3421', '2021-06-05 19:19:13', '', 0, 0, 'ffdirp211120', 0, 0, 0, 0, 0, 0, NULL),
(159, 'batch59', 'Banu Iyer', '416011701', 'Thank 3214', '2021-06-05 19:19:23', '61', 0, 0, 'ffdirp211120', 0, 0, 0, 0, 0, 0, NULL),
(160, 'batch59', 'DAYANANDA S', '9886134266', '3214', '2021-06-05 19:19:26', '91', 0, 0, 'ffdirp211120', 0, 0, 0, 0, 0, 0, NULL),
(161, 'batch59', 'SHIRISH WAMAN KIRLOSKAR', '09552554096', '1 4 2 3', '2021-06-05 19:19:40', '', 0, 0, 'ffdirp211120', 0, 0, 0, 0, 0, 0, NULL),
(162, 'batch59', 'Chittibabu', '90129465', '3214', '2021-06-05 19:19:40', '65', 0, 0, 'ffdirp211120', 0, 0, 0, 0, 0, 0, NULL),
(163, 'batch59', 'GANESH KUMAR GUPTA', '9451447324', 'Q2 3214', '2021-06-05 19:19:52', '', 0, 0, 'ffdirp211120', 0, 0, 0, 0, 0, 0, NULL),
(164, 'batch59', 'Umarani V', '08754468963', '3124', '2021-06-05 19:19:54', '', 0, 0, 'ffdirp211120', 0, 0, 0, 0, 0, 0, NULL),
(165, 'batch59', 'Anitha Devi M', '9397623455', '2) 3 14 3', '2021-06-05 19:19:56', '', 0, 0, 'ffdirp211120', 0, 0, 0, 0, 0, 0, NULL),
(166, 'batch59', 'Rama N K', '9866092726', '2 - 3,1,4,2', '2021-06-05 19:19:56', '91', 0, 0, 'ffdirp211120', 0, 0, 0, 0, 0, 0, NULL),
(167, 'batch59', 'Amish Shah', '9199249543', 'answer to question two ,  :  3, 1, 4, 2', '2021-06-05 19:19:57', '1', 0, 0, 'ffdirp211120', 0, 0, 0, 0, 0, 0, NULL),
(168, 'batch59', 'Ravikant Joshi', '9819954065', '3,2,1,4', '2021-06-05 19:19:57', '', 0, 0, 'ffdirp211120', 0, 0, 0, 0, 0, 0, NULL),
(169, 'batch59', 'Nandkumar Athawale', '9821888430', 'Q2 3142\r\n', '2021-06-05 19:19:57', '91', 0, 0, 'ffdirp211120', 0, 0, 0, 0, 0, 0, NULL),
(170, 'batch59', 'Nalini P C', '9902020793', 'Question 2 - 3142', '2021-06-05 19:19:57', '91', 0, 0, 'ffdirp211120', 0, 0, 0, 0, 0, 0, NULL),
(171, 'batch59', 'Boskey', '8447247178', '3142', '2021-06-05 19:19:58', '', 0, 0, 'ffdirp211120', 0, 0, 0, 0, 0, 0, NULL),
(172, 'batch59', 'Mahesh Pophale', '8291182190', '3124', '2021-06-05 19:19:58', '', 0, 0, 'ffdirp211120', 0, 0, 0, 0, 0, 0, NULL),
(173, 'batch59', 'Chittibabu', '90129465', '3134', '2021-06-05 19:19:58', '65', 0, 0, 'ffdirp211120', 0, 0, 0, 0, 0, 0, NULL),
(174, 'batch59', 'Padma Diwakar', '9594049933', 'q2. ans 3142\r\n', '2021-06-05 19:19:59', '91', 0, 0, 'ffdirp211120', 0, 0, 0, 0, 0, 0, NULL),
(175, 'batch59', 'GITESH SURESH JAJOO', '09270058419', '3142', '2021-06-05 19:19:59', '', 0, 0, 'ffdirp211120', 0, 0, 0, 0, 0, 0, NULL),
(176, 'batch59', 'PK KAUSHIK', '09818429060', 'Q2\r\nAns.3124\r\n', '2021-06-05 19:19:59', '', 0, 0, 'ffdirp211120', 0, 0, 0, 0, 0, 0, NULL),
(177, 'batch59', 'Nirmal Mehendale', '9811083684', 'q2 3142', '2021-06-05 19:19:59', '91', 0, 0, 'ffdirp211120', 0, 0, 0, 0, 0, 0, NULL),
(178, 'batch59', 'Subramanian ', '9892066895', '1342', '2021-06-05 19:19:59', '91', 0, 0, 'ffdirp211120', 0, 0, 0, 0, 0, 0, NULL),
(179, 'batch59', 'Arut', '96452592', '2, 3142\r\n', '2021-06-05 19:19:59', '65', 0, 0, 'ffdirp211120', 0, 0, 0, 0, 0, 0, NULL),
(180, 'batch59', 'Binay kumar Singh', '9431019953', '2134', '2021-06-05 19:20:00', '91', 0, 0, 'ffdirp211120', 0, 0, 0, 0, 0, 0, NULL),
(181, 'batch59', 'Patrick Lobo', '9742586699', '3214', '2021-06-05 19:20:00', '', 0, 0, 'ffdirp211120', 0, 0, 0, 0, 0, 0, NULL),
(182, 'batch59', 'Supiya', '7449189989', '2. 3124', '2021-06-05 19:20:00', '91', 0, 0, 'ffdirp211120', 0, 0, 0, 0, 0, 0, NULL),
(183, 'batch59', 'Govindrajan R Bhatta', '504509300', 'Q2: 3,1,4,2', '2021-06-05 19:20:01', '971', 0, 0, 'ffdirp211120', 0, 0, 0, 0, 0, 0, NULL),
(184, 'batch59', 'Archana Kadle ', '9372683512', '2  3143', '2021-06-05 19:20:02', '', 0, 0, 'ffdirp211120', 0, 0, 0, 0, 0, 0, NULL),
(185, 'batch59', 'Kalaichelvi', '9894261454', '3124', '2021-06-05 19:20:03', '91', 0, 0, 'ffdirp211120', 0, 0, 0, 0, 0, 0, NULL),
(186, 'batch59', 'Manish Kumar Rawat', '9650510611', 'Q2 ans 3 1 4 2', '2021-06-05 19:20:03', '', 0, 0, 'ffdirp211120', 0, 0, 0, 0, 0, 0, NULL),
(187, 'batch59', 'sonali sethi', '94223540', '2 2134', '2021-06-05 19:20:03', '852', 0, 0, 'ffdirp211120', 0, 0, 0, 0, 0, 0, NULL),
(188, 'batch59', 'Srikanth Bhat', '9845243213', 'Q2:\r\n 3, 1, 4, 2', '2021-06-05 19:20:04', '', 0, 0, 'ffdirp211120', 0, 0, 0, 0, 0, 0, NULL),
(189, 'batch59', 'Sahana', '8861867328', '2-3142', '2021-06-05 19:20:04', '91', 0, 0, 'ffdirp211120', 0, 0, 0, 0, 0, 0, NULL),
(190, 'batch59', 'Nirmala Mahesh', '9886082905', '2324', '2021-06-05 19:20:04', '', 0, 0, 'ffdirp211120', 0, 0, 0, 0, 0, 0, NULL),
(191, 'batch59', 'Col V K Bhatnagar', '9223268250', '3124', '2021-06-05 19:20:04', '', 0, 0, 'ffdirp211120', 0, 0, 0, 0, 0, 0, NULL),
(192, 'batch59', 'abhijeet bhand', '9960916122', 'Q.2 -  1342', '2021-06-05 19:20:06', '', 0, 0, 'ffdirp211120', 0, 0, 0, 0, 0, 0, NULL),
(193, 'batch59', 'Sanat kumar', '7702227162', '2 -1342', '2021-06-05 19:20:06', '91', 0, 0, 'ffdirp211120', 0, 0, 0, 0, 0, 0, NULL),
(194, 'batch59', 'Ashfaq Ahamed', '9741190000', '1234', '2021-06-05 19:20:06', '', 0, 0, 'ffdirp211120', 0, 0, 0, 0, 0, 0, NULL),
(195, 'batch59', 'Chandan', '9604638943', '3142', '2021-06-05 19:20:06', '91', 0, 0, 'ffdirp211120', 0, 0, 0, 0, 0, 0, NULL),
(196, 'batch59', 'Eshleen Jolly', '9900832296', '2) 1,3,4,2\r\n', '2021-06-05 19:20:06', '', 0, 0, 'ffdirp211120', 0, 0, 0, 0, 0, 0, NULL),
(197, 'batch59', 'Nikesh Porwal', '9886302197', 'Q2\r\n3,1,2,4', '2021-06-05 19:20:07', '', 0, 0, 'ffdirp211120', 0, 0, 0, 0, 0, 0, NULL),
(198, 'batch59', 'Awadh Kishore Pandey', '9438493466', '3124\r\n', '2021-06-05 19:20:07', '', 0, 0, 'ffdirp211120', 0, 0, 0, 0, 0, 0, NULL),
(199, 'batch59', 'S Dharmaraju ', '9849295350', '1324', '2021-06-05 19:20:07', '', 0, 0, 'ffdirp211120', 0, 0, 0, 0, 0, 0, NULL),
(200, 'batch59', 'Lalita P Joshi', '9833888166', '2 3214', '2021-06-05 19:20:07', '', 0, 0, 'ffdirp211120', 0, 0, 0, 0, 0, 0, NULL),
(201, 'batch59', 'Sureshkumar Achari', '09377840342', '3 1 2 4', '2021-06-05 19:20:07', '91', 0, 0, 'ffdirp211120', 0, 0, 0, 0, 0, 0, NULL),
(202, 'batch59', 'Narendra Bari', '9970204831', '3124', '2021-06-05 19:20:08', '', 0, 0, 'ffdirp211120', 0, 0, 0, 0, 0, 0, NULL),
(203, 'batch59', 'Chittibabu', '90129465', '3243', '2021-06-05 19:20:08', '65', 0, 0, 'ffdirp211120', 0, 0, 0, 0, 0, 0, NULL),
(204, 'batch59', 'Jagdish Menghani ', '6265039204', '2\r\n3124\r\n', '2021-06-05 19:20:08', '', 0, 0, 'ffdirp211120', 0, 0, 0, 0, 0, 0, NULL),
(205, 'batch59', 'Sanjay Dabholkar', '09881167871', '2 3142', '2021-06-05 19:20:08', '', 0, 0, 'ffdirp211120', 0, 0, 0, 0, 0, 0, NULL),
(206, 'batch59', 'Manish', '4693442390', '2-3142', '2021-06-05 19:20:08', '1', 0, 0, 'ffdirp211120', 0, 0, 0, 0, 0, 0, NULL),
(207, 'batch59', 'Rajalekshmi Ramachandran', '8086829408', '2134', '2021-06-05 19:20:09', '91', 0, 0, 'ffdirp211120', 0, 0, 0, 0, 0, 0, NULL),
(208, 'batch59', 'Prashant Gupta', '90230702', 'Q2 : 1, 3, 4, 2', '2021-06-05 19:20:09', '65', 0, 0, 'ffdirp211120', 0, 0, 0, 0, 0, 0, NULL),
(209, 'batch59', 'Simmi PATHAK', '09810721465', 'Q 21324', '2021-06-05 19:20:10', '91', 0, 0, 'ffdirp211120', 0, 0, 0, 0, 0, 0, NULL),
(210, 'batch59', 'Eman Guria', '7085095123', '2. 1 3 4 2', '2021-06-05 19:20:10', '91', 0, 0, 'ffdirp211120', 0, 0, 0, 0, 0, 0, NULL),
(211, 'batch59', 'NITIN BIDIKAR', '9440685113', 'Q2: 3214', '2021-06-05 19:20:10', '91', 0, 0, 'ffdirp211120', 0, 0, 0, 0, 0, 0, NULL),
(212, 'batch59', 'Satish K R', '9845128550', '3124\r\n', '2021-06-05 19:20:10', '', 0, 0, 'ffdirp211120', 0, 0, 0, 0, 0, 0, NULL),
(213, 'batch59', 'Jatin shah', '9820224767', '2 3124\r\n', '2021-06-05 19:20:10', '91', 0, 0, 'ffdirp211120', 0, 0, 0, 0, 0, 0, NULL),
(214, 'batch59', 'R.VATHSALA', '9443345924', '3,1,4,2', '2021-06-05 19:20:10', '91', 0, 0, 'ffdirp211120', 0, 0, 0, 0, 0, 0, NULL),
(215, 'batch59', 'Sunanda Ghodgaonkar', '9160455245', '2: 3,1,4,2\r\nSunanda Ghodgaonkar', '2021-06-05 19:20:11', '', 0, 0, 'ffdirp211120', 0, 0, 0, 0, 0, 0, NULL),
(216, 'batch59', 'Chhaya  Mangalgiri ', '9425555989', '3142', '2021-06-05 19:20:11', '', 0, 0, 'ffdirp211120', 0, 0, 0, 0, 0, 0, NULL),
(217, 'batch59', 'Leena Chikte', '09987409246', '3124', '2021-06-05 19:20:11', '91', 0, 0, 'ffdirp211120', 0, 0, 0, 0, 0, 0, NULL),
(218, 'batch59', 'Vineet Kumar Agarwal', '9350570521', '3 14 2', '2021-06-05 19:20:11', '91', 0, 0, 'ffdirp211120', 0, 0, 0, 0, 0, 0, NULL),
(219, 'batch59', 'Amruta', '7387536067', 'q2=3241', '2021-06-05 19:20:11', '91', 0, 0, 'ffdirp211120', 0, 0, 0, 0, 0, 0, NULL),
(220, 'batch59', 'Jaspal Singh', '9234603567', '3142\r\n', '2021-06-05 19:20:13', '91', 0, 0, 'ffdirp211120', 0, 0, 0, 0, 0, 0, NULL),
(221, 'batch59', 'Nilesh Jain', '09168603884', '3214', '2021-06-05 19:20:14', '91', 0, 0, 'ffdirp211120', 0, 0, 0, 0, 0, 0, NULL),
(222, 'batch59', 'Gouri ganesh wadekÃ r', '9970532727', 'Q2 1324', '2021-06-05 19:20:14', '', 0, 0, 'ffdirp211120', 0, 0, 0, 0, 0, 0, NULL),
(223, 'batch59', 'Swati Shirolkar', '09920647730', 'Q.2. 3-1-2-4', '2021-06-05 19:20:15', '91', 0, 0, 'ffdirp211120', 0, 0, 0, 0, 0, 0, NULL),
(224, 'batch59', 'Payal Talreja', '9810419377', 'Q2\r\n3142', '2021-06-05 19:20:16', '', 0, 0, 'ffdirp211120', 0, 0, 0, 0, 0, 0, NULL),
(225, 'batch59', 'MUKESH KUMBLE', '9529211010', '1243\r\n', '2021-06-05 19:20:16', '', 0, 0, 'ffdirp211120', 0, 0, 0, 0, 0, 0, NULL),
(226, 'batch59', 'Mandeep kaur', '9779799007', '3142 q2', '2021-06-05 19:20:16', '', 0, 0, 'ffdirp211120', 0, 0, 0, 0, 0, 0, NULL),
(227, 'batch59', 'Sandhya Maheshwari', '09412273293', '3 142', '2021-06-05 19:20:17', '91', 0, 0, 'ffdirp211120', 0, 0, 0, 0, 0, 0, NULL),
(228, 'batch59', 'Naguesh pai kakode ', '9822120703', '2\r\n1324', '2021-06-05 19:20:18', '', 0, 0, 'ffdirp211120', 0, 0, 0, 0, 0, 0, NULL),
(229, 'batch59', 'Anupama', '9542347566', '3142', '2021-06-05 19:20:18', '1', 0, 0, 'ffdirp211120', 0, 0, 0, 0, 0, 0, NULL),
(230, 'batch59', 'Sudershan Kumar Bakshi', '9419636419', '1,3,2,4', '2021-06-05 19:20:19', '91', 0, 0, 'ffdirp211120', 0, 0, 0, 0, 0, 0, NULL),
(231, 'batch59', 'Anupama', '9542347566', '3142', '2021-06-05 19:20:19', '1', 0, 0, 'ffdirp211120', 0, 0, 0, 0, 0, 0, NULL),
(232, 'batch59', 'Madhuri Ranjalkar', '9820636570', '2)43,1,4', '2021-06-05 19:20:21', '91', 0, 0, 'ffdirp211120', 0, 0, 0, 0, 0, 0, NULL),
(233, 'batch59', 'Deepa Gidwani', '63336760', '3142', '2021-06-05 19:20:22', '852', 0, 0, 'ffdirp211120', 0, 0, 0, 0, 0, 0, NULL),
(234, 'batch59', 'GOURI GANESH BHAWALKAR', '09920816519', '1324', '2021-06-05 19:20:22', '', 0, 0, 'ffdirp211120', 0, 0, 0, 0, 0, 0, NULL),
(235, 'batch59', 'Shailaja Vidwans', '9604011191', '3124', '2021-06-05 19:20:23', '', 0, 0, 'ffdirp211120', 0, 0, 0, 0, 0, 0, NULL),
(236, 'batch59', 'Banu Iyer', '416011701', '3142', '2021-06-05 19:20:24', '61', 0, 0, 'ffdirp211120', 0, 0, 0, 0, 0, 0, NULL),
(237, 'batch59', 'Ya SrinivasaRao ', '9490167568', '2. 3, 4 2', '2021-06-05 19:20:25', '', 0, 0, 'ffdirp211120', 0, 0, 0, 0, 0, 0, NULL),
(238, 'batch59', 'Surekha Rajendrakumar', '09486103246', '1,3,4,2', '2021-06-05 19:20:25', '', 0, 0, 'ffdirp211120', 0, 0, 0, 0, 0, 0, NULL),
(239, 'batch59', 'Raj Menon', '9895166727', '1342', '2021-06-05 19:20:28', '', 0, 0, 'ffdirp211120', 0, 0, 0, 0, 0, 0, NULL),
(240, 'batch59', 'chandan kumar', '8178298039', '3124', '2021-06-05 19:20:31', '', 0, 0, 'ffdirp211120', 0, 0, 0, 0, 0, 0, NULL),
(241, 'batch59', 'Gyanesh', '9765905570', 'Q2 3 1 4 2', '2021-06-05 19:20:33', '', 0, 0, 'ffdirp211120', 0, 0, 0, 0, 0, 0, NULL),
(242, 'batch59', 'Harshad', '9743139407', 'Q2 :- 3124', '2021-06-05 19:20:34', '', 0, 0, 'ffdirp211120', 0, 0, 0, 0, 0, 0, NULL),
(243, 'batch59', 'SHOBHIT SINHA', '09999033662', '3 124', '2021-06-05 19:20:46', '', 0, 0, 'ffdirp211120', 0, 0, 0, 0, 0, 0, NULL),
(244, 'batch59', 'SHOBHIT SINHA', '09999033662', '3142', '2021-06-05 19:20:53', '', 0, 0, 'ffdirp211120', 0, 0, 0, 0, 0, 0, NULL),
(245, 'batch59', 'Jaspal Singh', '9234603567', 'Why my response are not appearing ?', '2021-06-05 19:21:21', '91', 0, 0, 'ffdirp211120', 0, 0, 0, 0, 0, 0, NULL),
(246, 'batch59', 'Geetha pradad', '9449015339', '3214      \r\n\r\n\r\n3124\r\n', '2021-06-05 19:21:27', '', 0, 0, 'ffdirp211120', 0, 0, 0, 0, 0, 0, NULL),
(247, 'batch59', 'Prasad Vedula ', '9848071414', 'I had severe pains - right shoulder pain, right elbow pain - tennis elbow, pain in the right palm next to thumb and pain in the right foot. These are due to exercises like surya namaskar etc. as a result I could no do exercises properly. I could not do any muscle building at all. I need dedicated guidance for muscle strengthening and muscle building. I can extend for another 3 months. ', '2021-06-05 19:21:52', '', 0, 0, 'ffdirp211120', 0, 0, 0, 0, 0, 0, NULL),
(248, 'batch59', 'G Arunachalam', '9771407595', 'V\r\n', '2021-06-05 19:21:58', '91', 0, 0, 'ffdirp211120', 0, 0, 0, 0, 0, 0, NULL),
(249, 'batch59', 'Rajendra Besra ', '9668529623', 'Can Amway protein powder be taken with anabolic smoothy for long.is it having any side effects. I am still experiencing gum bleeding. Can it be replaced with whey protein powder.', '2021-06-05 19:22:03', '', 0, 0, 'ffdirp211120', 0, 0, 0, 0, 0, 0, NULL),
(250, 'batch59', 'Padma Diwakar', '9594049933', 'q 3. ans 4132', '2021-06-05 19:22:28', '91', 0, 0, 'ffdirp211120', 0, 0, 0, 0, 0, 0, NULL),
(251, 'batch59', 'Anitha Devi M', '9397623455', '3) 4132', '2021-06-05 19:22:31', '', 0, 0, 'ffdirp211120', 0, 0, 0, 0, 0, 0, NULL),
(252, 'batch59', 'Chittibabu', '90129465', '4132', '2021-06-05 19:22:33', '65', 0, 0, 'ffdirp211120', 0, 0, 0, 0, 0, 0, NULL),
(253, 'batch59', 'Nirmal Mehendale', '9811083684', 'q3 - 4123', '2021-06-05 19:22:36', '91', 0, 0, 'ffdirp211120', 0, 0, 0, 0, 0, 0, NULL),
(254, 'batch59', 'Manish Kumar Rawat', '9650510611', 'Q3 ans 4 1 2 3', '2021-06-05 19:22:37', '', 0, 0, 'ffdirp211120', 0, 0, 0, 0, 0, 0, NULL),
(255, 'batch59', 'Nalini P C', '9902020793', '3 - 4132', '2021-06-05 19:22:37', '91', 0, 0, 'ffdirp211120', 0, 0, 0, 0, 0, 0, NULL),
(256, 'batch59', 'Arut', '96452592', 'Q 3)  4,1,3,2\r\n', '2021-06-05 19:22:37', '65', 0, 0, 'ffdirp211120', 0, 0, 0, 0, 0, 0, NULL),
(257, 'batch59', 'Supiya', '7449189989', 'Q.3 3412', '2021-06-05 19:22:38', '91', 0, 0, 'ffdirp211120', 0, 0, 0, 0, 0, 0, NULL),
(258, 'batch59', 'Govindrajan R Bhatta', '504509300', '4,1,2,3', '2021-06-05 19:22:38', '971', 0, 0, 'ffdirp211120', 0, 0, 0, 0, 0, 0, NULL),
(259, 'batch59', 'GITESH SURESH JAJOO', '09270058419', '4123', '2021-06-05 19:22:39', '', 0, 0, 'ffdirp211120', 0, 0, 0, 0, 0, 0, NULL),
(260, 'batch59', 'Eshleen Jolly', '9900832296', '3-  4,1,3,2', '2021-06-05 19:22:39', '', 0, 0, 'ffdirp211120', 0, 0, 0, 0, 0, 0, NULL),
(261, 'batch59', 'Amish Shah', '9199249543', 'answer for 3: 4, 1, 2, 3 ', '2021-06-05 19:22:39', '1', 0, 0, 'ffdirp211120', 0, 0, 0, 0, 0, 0, NULL),
(262, 'batch59', 'Sanjay Dabholkar', '09881167871', '3 4123', '2021-06-05 19:22:40', '', 0, 0, 'ffdirp211120', 0, 0, 0, 0, 0, 0, NULL),
(263, 'batch59', 'Sanat kumar', '7702227162', '3-2341', '2021-06-05 19:22:40', '91', 0, 0, 'ffdirp211120', 0, 0, 0, 0, 0, 0, NULL),
(264, 'batch59', 'MUKESH KUMBLE', '9529211010', '4231\r\n', '2021-06-05 19:22:41', '', 0, 0, 'ffdirp211120', 0, 0, 0, 0, 0, 0, NULL),
(265, 'batch59', 'Ravikant Joshi', '9819954065', '4,3,1,2', '2021-06-05 19:22:41', '', 0, 0, 'ffdirp211120', 0, 0, 0, 0, 0, 0, NULL),
(266, 'batch59', 'Sandhya Maheshwari', '09412273293', 'Ans 3  4132', '2021-06-05 19:22:42', '91', 0, 0, 'ffdirp211120', 0, 0, 0, 0, 0, 0, NULL),
(267, 'batch59', 'Nandkumar Athawale', '9821888430', 'Q3 4132', '2021-06-05 19:22:42', '91', 0, 0, 'ffdirp211120', 0, 0, 0, 0, 0, 0, NULL),
(268, 'batch59', 'Kalaichelvi', '9894261454', '4132', '2021-06-05 19:22:42', '91', 0, 0, 'ffdirp211120', 0, 0, 0, 0, 0, 0, NULL),
(269, 'batch59', 'Umarani V', '08754468963', '4132', '2021-06-05 19:22:42', '', 0, 0, 'ffdirp211120', 0, 0, 0, 0, 0, 0, NULL),
(270, 'batch59', 'Jaspal Singh', '9234603567', '3 = 4312', '2021-06-05 19:22:43', '91', 0, 0, 'ffdirp211120', 0, 0, 0, 0, 0, 0, NULL),
(271, 'batch59', 'Sureshkumar Achari', '09377840342', '3 - 4 1 3 2', '2021-06-05 19:22:43', '91', 0, 0, 'ffdirp211120', 0, 0, 0, 0, 0, 0, NULL),
(272, 'batch59', 'GANESH KUMAR GUPTA', '9451447324', 'Q3 4312', '2021-06-05 19:22:44', '', 0, 0, 'ffdirp211120', 0, 0, 0, 0, 0, 0, NULL),
(273, 'batch59', 'Rama N K', '9866092726', 'Q3 - 4,1,3,2', '2021-06-05 19:22:44', '91', 0, 0, 'ffdirp211120', 0, 0, 0, 0, 0, 0, NULL),
(274, 'batch59', 'Srikanth Bhat', '9845243213', 'Q3: 4 1 3 2\r\n', '2021-06-05 19:22:44', '', 0, 0, 'ffdirp211120', 0, 0, 0, 0, 0, 0, NULL),
(275, 'batch59', 'Shankar Iyer', '9167417501', '3421', '2021-06-05 19:22:45', '91', 0, 0, 'ffdirp211120', 0, 0, 0, 0, 0, 0, NULL),
(276, 'batch59', 'PK KAUSHIK', '09818429060', 'Q3 ANSWER : 4123', '2021-06-05 19:22:45', '', 0, 0, 'ffdirp211120', 0, 0, 0, 0, 0, 0, NULL),
(277, 'batch59', 'NITIN BIDIKAR', '9440685113', 'q3: 4123', '2021-06-05 19:22:45', '91', 0, 0, 'ffdirp211120', 0, 0, 0, 0, 0, 0, NULL),
(278, 'batch59', 'Boskey', '8447247178', '3- 4123', '2021-06-05 19:22:46', '', 0, 0, 'ffdirp211120', 0, 0, 0, 0, 0, 0, NULL),
(279, 'batch59', 'Naguesh pai kakode ', '9822120703', '3\r\n4321', '2021-06-05 19:22:46', '', 0, 0, 'ffdirp211120', 0, 0, 0, 0, 0, 0, NULL),
(280, 'batch59', 'Mandeep kaur', '9779799007', 'Q3 4132', '2021-06-05 19:22:47', '', 0, 0, 'ffdirp211120', 0, 0, 0, 0, 0, 0, NULL),
(281, 'batch59', 'Subramanian ', '9892066895', '4132', '2021-06-05 19:22:47', '91', 0, 0, 'ffdirp211120', 0, 0, 0, 0, 0, 0, NULL),
(282, 'batch59', 'SHOBHIT SINHA', '09999033662', '4123', '2021-06-05 19:22:48', '', 0, 0, 'ffdirp211120', 0, 0, 0, 0, 0, 0, NULL),
(283, 'batch59', 'chandan kumar', '8178298039', '4123', '2021-06-05 19:22:49', '', 0, 0, 'ffdirp211120', 0, 0, 0, 0, 0, 0, NULL),
(284, 'batch59', 'Rajalekshmi Ramachandran', '8086829408', 'q3.3124', '2021-06-05 19:22:49', '91', 0, 0, 'ffdirp211120', 0, 0, 0, 0, 0, 0, NULL),
(285, 'batch59', 'Mahesh Pophale', '8291182190', '4132\r\n', '2021-06-05 19:22:50', '', 0, 0, 'ffdirp211120', 0, 0, 0, 0, 0, 0, NULL),
(286, 'batch59', 'Sanat kumar', '7702227162', '3- 2341', '2021-06-05 19:22:50', '91', 0, 0, 'ffdirp211120', 0, 0, 0, 0, 0, 0, NULL),
(287, 'batch59', 'Ravindiran', '9786333514', '4132', '2021-06-05 19:22:50', '91', 0, 0, 'ffdirp211120', 0, 0, 0, 0, 0, 0, NULL),
(288, 'batch59', 'Vineet Kumar Agarwal', '9350570521', '3- 4132', '2021-06-05 19:22:50', '91', 0, 0, 'ffdirp211120', 0, 0, 0, 0, 0, 0, NULL),
(289, 'batch59', 'Anupama', '9542347566', '4132', '2021-06-05 19:22:51', '1', 0, 0, 'ffdirp211120', 0, 0, 0, 0, 0, 0, NULL),
(290, 'batch59', 'Payal Talreja', '9810419377', 'Q3\r\n4123', '2021-06-05 19:22:51', '', 0, 0, 'ffdirp211120', 0, 0, 0, 0, 0, 0, NULL);
INSERT INTO `tbl_questions` (`id`, `user_batch`, `user_name`, `user_phone`, `user_question`, `asked_at`, `user_code`, `speaker`, `answered`, `eventname`, `responded`, `doctor`, `diet`, `exercise`, `mentor`, `operations`, `remark`) VALUES
(291, 'batch59', 'Eman Guria', '7085095123', '3. 2,1,3,4', '2021-06-05 19:22:52', '91', 0, 0, 'ffdirp211120', 0, 0, 0, 0, 0, 0, NULL),
(292, 'batch59', 'Anupama', '9542347566', '4132', '2021-06-05 19:22:52', '1', 0, 0, 'ffdirp211120', 0, 0, 0, 0, 0, 0, NULL),
(293, 'batch59', 'DR VILAS TRIBHUWAN', '9822272412', '4213', '2021-06-05 19:22:53', '', 0, 0, 'ffdirp211120', 0, 0, 0, 0, 0, 0, NULL),
(294, 'batch59', 'Prashant Gupta', '90230702', 'Q3: 4, 3, 1, 2', '2021-06-05 19:22:53', '65', 0, 0, 'ffdirp211120', 0, 0, 0, 0, 0, 0, NULL),
(295, 'batch59', 'R.VATHSALA', '9443345924', '4132', '2021-06-05 19:22:53', '91', 0, 0, 'ffdirp211120', 0, 0, 0, 0, 0, 0, NULL),
(296, 'batch59', 'Chhaya  Mangalgiri ', '9425555989', '2134', '2021-06-05 19:22:54', '', 0, 0, 'ffdirp211120', 0, 0, 0, 0, 0, 0, NULL),
(297, 'batch59', 'Archana Kadle ', '9372683512', '03  4231', '2021-06-05 19:22:54', '', 0, 0, 'ffdirp211120', 0, 0, 0, 0, 0, 0, NULL),
(298, 'batch59', 'Nimisha Shah', '9088128768', '4 1 3 2', '2021-06-05 19:22:56', '1', 0, 0, 'ffdirp211120', 0, 0, 0, 0, 0, 0, NULL),
(299, 'batch59', 'Harshad', '9743139407', 'Q3:-1234', '2021-06-05 19:22:56', '', 0, 0, 'ffdirp211120', 0, 0, 0, 0, 0, 0, NULL),
(300, 'batch59', 'Binay kumar Singh', '9431019953', '2134', '2021-06-05 19:22:56', '91', 0, 0, 'ffdirp211120', 0, 0, 0, 0, 0, 0, NULL),
(301, 'batch59', 'Lalita P Joshi', '9833888166', '3 4123', '2021-06-05 19:22:56', '', 0, 0, 'ffdirp211120', 0, 0, 0, 0, 0, 0, NULL),
(302, 'batch59', 'Awadh Kishore Pandey', '9438493466', '4312', '2021-06-05 19:22:56', '', 0, 0, 'ffdirp211120', 0, 0, 0, 0, 0, 0, NULL),
(303, 'batch59', 'Ashfaq Ahamed', '9741190000', '4231', '2021-06-05 19:22:57', '', 0, 0, 'ffdirp211120', 0, 0, 0, 0, 0, 0, NULL),
(304, 'batch59', 'Gouri ganesh wadekÃ r', '9970532727', 'Q3. 3421', '2021-06-05 19:22:57', '', 0, 0, 'ffdirp211120', 0, 0, 0, 0, 0, 0, NULL),
(305, 'batch59', 'abhijeet bhand', '9960916122', '4132\r\n', '2021-06-05 19:22:57', '', 0, 0, 'ffdirp211120', 0, 0, 0, 0, 0, 0, NULL),
(306, 'batch59', 'Sunanda Ghodgaonkar', '9160455245', 'Sunanda Ghodgaonkar\r\n3: 2,4,3,1', '2021-06-05 19:22:57', '', 0, 0, 'ffdirp211120', 0, 0, 0, 0, 0, 0, NULL),
(307, 'batch59', 'Surekha Rajendrakumar', '09486103246', '4,2,1,3', '2021-06-05 19:22:58', '', 0, 0, 'ffdirp211120', 0, 0, 0, 0, 0, 0, NULL),
(308, 'batch59', 'Ya SrinivasaRao ', '9490167568', '4 1 3 2', '2021-06-05 19:22:59', '', 0, 0, 'ffdirp211120', 0, 0, 0, 0, 0, 0, NULL),
(309, 'batch59', 'La', '9860293313', '134', '2021-06-05 19:23:00', '91', 0, 0, 'ffdirp211120', 0, 0, 0, 0, 0, 0, NULL),
(310, 'batch59', 'Surekha', '9845031842', '4132', '2021-06-05 19:23:00', '91', 0, 0, 'ffdirp211120', 0, 0, 0, 0, 0, 0, NULL),
(311, 'batch59', 'Narendra Bari', '9970204831', '4312', '2021-06-05 19:23:01', '', 0, 0, 'ffdirp211120', 0, 0, 0, 0, 0, 0, NULL),
(312, 'batch59', 'SHIRISH WAMAN KIRLOSKAR', '09552554096', '3) 4 2 3 1', '2021-06-05 19:23:01', '', 0, 0, 'ffdirp211120', 0, 0, 0, 0, 0, 0, NULL),
(313, 'batch59', 'Banu Iyer', '416011701', '4231', '2021-06-05 19:23:02', '61', 0, 0, 'ffdirp211120', 0, 0, 0, 0, 0, 0, NULL),
(314, 'batch59', 'La', '9860293313', '134', '2021-06-05 19:23:15', '91', 0, 0, 'ffdirp211120', 0, 0, 0, 0, 0, 0, NULL),
(315, 'batch59', 'Chandan', '9604638943', 'Anti-gravity\r\nTapping\r\nMuscle building', '2021-06-05 19:23:20', '91', 0, 0, 'ffdirp211120', 0, 0, 0, 0, 0, 0, NULL),
(316, 'batch59', 'Leena Chikte', '09987409246', '4231', '2021-06-05 19:23:22', '91', 0, 0, 'ffdirp211120', 0, 0, 0, 0, 0, 0, NULL),
(317, 'batch59', 'Satish K R', '9845128550', '4123\r\n', '2021-06-05 19:23:25', '', 0, 0, 'ffdirp211120', 0, 0, 0, 0, 0, 0, NULL),
(318, 'batch59', 'Nayna', '9004304573', '1342', '2021-06-05 19:23:27', '91', 0, 0, 'ffdirp211120', 0, 0, 0, 0, 0, 0, NULL),
(319, 'batch59', 'Shashi', '9818390035', 'I could attend phase 1,2 regularly and followed. Could not pay much attention to phase 3,4. I want to attend again where I would like to go through all phases, specially 3,4 again. How can I do and how much will be the payment ', '2021-06-05 19:23:34', '', 0, 0, 'ffdirp211120', 0, 0, 0, 0, 0, 0, NULL),
(320, 'batch59', 'Vijaykumar Kulkarni', '9448559798', '\r\n4132\r\n\r\n', '2021-06-05 19:23:36', '', 0, 0, 'ffdirp211120', 0, 0, 0, 0, 0, 0, NULL),
(321, 'batch59', 'GOURI GANESH BHAWALKAR', '09920816519', '3 4123', '2021-06-05 19:23:37', '', 0, 0, 'ffdirp211120', 0, 0, 0, 0, 0, 0, NULL),
(322, 'batch59', 'Nayna', '9004304573', '4132', '2021-06-05 19:24:55', '91', 0, 0, 'ffdirp211120', 0, 0, 0, 0, 0, 0, NULL),
(323, 'batch59', 'Syedfayazuddin', '07358088076', 'I want to region for 4months what\'s the procedure ', '2021-06-05 19:26:25', '', 0, 0, 'ffdirp211120', 0, 0, 0, 0, 0, 0, NULL),
(324, 'batch59', 'Sudershan Kumar Bakshi', '9419636419', 'Waist should be less than 32', '2021-06-05 19:26:33', '91', 0, 0, 'ffdirp211120', 0, 0, 0, 0, 0, 0, NULL),
(325, 'batch59', 'Prasad Vedula ', '9848071414', 'This session should be half yearly. Atleast 2 or 3 sessions in the year. ', '2021-06-05 19:29:18', '', 0, 0, 'ffdirp211120', 0, 0, 0, 0, 0, 0, NULL),
(326, 'batch59', 'Ya SrinivasaRao ', '9490167568', 'Lost most of my muscles...Best of my efforts hasnâ€™t changed much. Kindly advise ', '2021-06-05 19:30:19', '', 0, 0, 'ffdirp211120', 0, 0, 0, 0, 0, 0, NULL),
(327, 'batch59', 'Prasad Vedula ', '9848071414', 'I want to be a mentor. ', '2021-06-05 19:30:38', '', 0, 0, 'ffdirp211120', 0, 0, 0, 0, 0, 0, NULL),
(328, 'batch59', 'Prasad Vedula ', '9848071414', 'I am keen to be a mentor. ', '2021-06-05 19:30:54', '', 0, 0, 'ffdirp211120', 0, 0, 0, 0, 0, 0, NULL),
(329, 'batch59', 'Ya SrinivasaRao ', '9490167568', 'Would like to mentor please. Let me know way forward ', '2021-06-05 19:31:24', '', 0, 0, 'ffdirp211120', 0, 0, 0, 0, 0, 0, NULL),
(330, 'batch59', 'Chandra Prabha Rawal', '7303108777', 'What Exercises for 70+ ladies are best? Get exhausted soon. BMI is not coming down. Lost 8 kgs in first three months but then weight did not come down after that. ', '2021-06-05 19:31:54', '', 0, 0, 'ffdirp211120', 0, 0, 0, 0, 0, 0, NULL),
(331, 'batch59', 'Ravindiran', '9786333514', 'Ravindiran.C /56 yrs young/ 12 yr Diabatic with medicine stopped from 3 day. 30 kg wt reduced in 4 month. Stomach size reduce by 29cm. Sufferd by back pain and as advised all exercise stoped from 4 month onwards. Hence only IGT cleared. Still now with out medicine HBA1C- 6.3, Now back pain ok. last 15 days again basic exercise just started. Last 6 month FFD activity could not follow because of back pain. This year want to clear GTT. Need your support Dr. \r\nThank you. \r\nRavindiran', '2021-06-05 19:31:58', '91', 0, 0, 'ffdirp211120', 0, 0, 0, 0, 0, 0, NULL),
(332, 'batch59', 'Nisha Pandey', '9769557224', 'What is the process for getting associate with ffd', '2021-06-05 19:34:03', '91', 0, 0, 'ffdirp211120', 0, 0, 0, 0, 0, 0, NULL),
(333, 'batch59', 'Debashis ', '8887546878', 'BS on the upper side after Covid. However itâ€™s still manageable. Less than maximum level. A bit worried as I have passed GTT. Is that expected? Can we have a copy of this as recording.', '2021-06-05 19:35:55', '', 0, 0, 'ffdirp211120', 0, 0, 0, 0, 0, 0, NULL),
(334, 'batch59', 'Ya SrinivasaRao ', '9490167568', 'Would to participate in Wednesday yoga sessions even after this one year enrollment ', '2021-06-05 19:36:40', '', 0, 0, 'ffdirp211120', 0, 0, 0, 0, 0, 0, NULL),
(335, 'batch59', 'Prasad Vedula ', '9848071414', 'I am keen to become mentor. ', '2021-06-05 19:37:30', '', 0, 0, 'ffdirp211120', 0, 0, 0, 0, 0, 0, NULL),
(336, 'batch59', 'Lalita sharma            ', '8910064964', 'Sir Mera sugar abhi bhi normal nahi hua h I am lalita sharma ', '2021-06-05 19:38:49', '', 0, 0, 'ffdirp211120', 0, 0, 0, 0, 0, 0, NULL),
(337, 'batch59', 'La', '9860293313', 'I am Mrs lalitha bunyan my journey ends on 5 th June.I thank Dr Tripati for his guidance and thank all Drs who has guided me.it was amazing.I am closing my Ffd journey.Thank u very much.', '2021-06-05 19:39:34', '91', 0, 0, 'ffdirp211120', 0, 0, 0, 0, 0, 0, NULL),
(338, 'batch59', 'Subramanian ', '9892066895', 'Dear dr....thank you so much for such a nice journey. Your team of doctors are very transparent and honest and less medicinal. Would like to know what are the other medical tests one needs to take apart from the ones suggested by you ....just to concentrate on the whole body', '2021-06-05 19:39:59', '91', 0, 0, 'ffdirp211120', 0, 0, 0, 0, 0, 0, NULL),
(339, 'batch59', 'Ya SrinivasaRao ', '9490167568', 'Would like to get trained for taking GTT challenge please ', '2021-06-05 19:40:11', '', 0, 0, 'ffdirp211120', 0, 0, 0, 0, 0, 0, NULL),
(340, 'batch59', 'Umarani V', '08754468963', 'Supposing, we are not renewing our subscription to app for a period say 3 months can we renew at the existing cost or join afresh?', '2021-06-05 19:40:47', '', 0, 0, 'ffdirp211120', 1, 0, 0, 0, 0, 0, NULL),
(341, 'batch59', 'Sudershan Kumar Bakshi', '9419636419', 'Sir you are source of inspiration for all of us if we couldn\'t get the desired results it is mainly attributable to us\r\n', '2021-06-05 19:41:25', '91', 0, 0, 'ffdirp211120', 1, 0, 0, 0, 0, 0, NULL),
(342, 'batch59', 'R.VATHSALA', '9443345924', 'THANK YOU FOR FFDTEAM AND YOURSELF.THOUGH I AM NOT FREE NOW I HOPE BY 3 MONTHS TIME I WILL IMPROVE MYSELF IN ALL THE AREAS  AND LET FFD KNOW MY RESULTS .THANK YOU VERY MUCH FOR ALL THE TIME AND EFFORT DEDICATED TO THE SOCIETY.', '2021-06-05 19:41:48', '91', 0, 0, 'ffdirp211120', 1, 0, 0, 0, 0, 0, NULL),
(343, 'batch59', 'Ya SrinivasaRao ', '9490167568', 'Can we get a reckoner of Q&A that have come up during each of sessions  ', '2021-06-05 19:42:07', '', 0, 0, 'ffdirp211120', 1, 0, 0, 0, 0, 0, NULL),
(344, 'batch59', 'Payal Talreja', '9810419377', 'Doc, Does it matter how many years there are in your life or how much life is there in your years? ðŸ˜‰ðŸ˜„ðŸ™ðŸ½', '2021-06-05 19:42:29', '', 0, 0, 'ffdirp211120', 1, 0, 0, 0, 0, 0, NULL),
(345, 'batch59', 'Simmi PATHAK', '09810721465', 'Thank you Dr Tripathi, you are very genuinely contributing to get people free from diabetes,  we are indebted to you for life', '2021-06-05 19:43:47', '91', 0, 0, 'ffdirp211120', 1, 0, 0, 0, 0, 0, NULL),
(346, 'batch59', 'Padma Diwakar', '9594049933', 'thank you dr\r\nreally u changed our life. we are now more healthy, more fit, more intelligent in terms of health and will surely lie to join ur mission and help as many as we can. once again thank you', '2021-06-05 19:44:41', '91', 0, 0, 'ffdirp211120', 1, 0, 0, 0, 0, 0, NULL),
(347, 'batch59', 'Prasad Vedula ', '9848071414', 'My sugar levels have come down. ', '2021-06-05 19:44:52', '', 0, 0, 'ffdirp211120', 1, 0, 0, 0, 0, 0, NULL),
(348, 'batch59', 'Vineet Kumar Agarwal', '9350570521', 'FFD lifestyle is New normal for me now.', '2021-06-05 19:45:03', '91', 0, 0, 'ffdirp211120', 1, 0, 0, 0, 0, 0, NULL),
(349, 'batch59', 'Ya SrinivasaRao ', '9490167568', 'FFD can have areaswise / city based coordinators for smoother execution. Shall be too happy to coordinate for Hyderabad please ', '2021-06-05 19:45:11', '', 0, 0, 'ffdirp211120', 1, 0, 0, 0, 0, 0, NULL),
(350, 'batch59', 'Prasad Vedula ', '9848071414', 'Please exclude compliments and read other questions. ', '2021-06-05 19:45:20', '', 0, 0, 'ffdirp211120', 1, 0, 0, 0, 0, 0, NULL),
(351, 'batch59', 'Jivan patil', '9975568753', 'Feeling good thanks a lot a group as a ffdian', '2021-06-05 19:45:52', '', 0, 0, 'ffdirp211120', 1, 0, 0, 0, 0, 0, NULL),
(352, 'batch59', 'Banu Iyer', '416011701', 'Amazing transformation. Thank you kindly ', '2021-06-05 19:45:53', '61', 0, 0, 'ffdirp211120', 1, 0, 0, 0, 0, 0, NULL),
(353, 'batch59', 'Vimala.j ', '6301276729', 'This was a wonderfull one year in my life vimala j', '2021-06-05 19:45:58', '91', 0, 0, 'ffdirp211120', 1, 0, 0, 0, 0, 0, NULL),
(354, 'batch59', 'Rajnish kehair', '9810047296', 'Itâ€™s been the best period since I had diabetes ', '2021-06-05 19:46:02', '91', 0, 0, 'ffdirp211120', 1, 0, 0, 0, 0, 0, NULL),
(355, 'batch59', 'Narendra Bari', '9970204831', 'Stamina improved. Food changed for the life. Daily exercise is a normal now. FFD has helped. ', '2021-06-05 19:46:14', '', 0, 0, 'ffdirp211120', 1, 0, 0, 0, 0, 0, NULL),
(356, 'batch59', 'Satish K R', '9845128550', 'Thank you Dr Pramod & team...! You have wonderful knowledge.. We learnt what food is good & not good.. There were some Excersize tips in FFD App. How to get that..?\r\n', '2021-06-05 19:46:29', '', 0, 0, 'ffdirp211120', 1, 0, 0, 0, 0, 0, NULL),
(357, 'batch59', 'Ravikant Joshi', '9819954065', 'Thanks a lot Dr. Pramod for all that you are doing for making people free from Diabetes. Overall it was a nice journey. I have extended support for 2 more months.', '2021-06-05 19:46:30', '', 0, 0, 'ffdirp211120', 1, 0, 0, 0, 0, 0, NULL),
(358, 'batch59', 'PK KAUSHIK', '09818429060', 'FFD educated us to be independent in planning & thinking about our mediction , diet and exercise', '2021-06-05 19:46:32', '', 0, 0, 'ffdirp211120', 1, 0, 0, 0, 0, 0, NULL),
(359, 'batch59', 'Sanjay Bhole ', '9702027801', 'I improved myself with your ffd hp', '2021-06-05 19:46:34', '', 0, 0, 'ffdirp211120', 1, 0, 0, 0, 0, 0, NULL),
(360, 'batch59', 'Boskey', '8447247178', 'Lost 9kgs in 3 months and it was a superb feeling', '2021-06-05 19:46:41', '', 0, 0, 'ffdirp211120', 1, 0, 0, 0, 0, 0, NULL),
(361, 'batch59', 'Ya SrinivasaRao ', '9490167568', 'Itâ€™s an amazing journey with FFD. Loved it. Itâ€™s worth a try definitely ', '2021-06-05 19:46:43', '', 0, 0, 'ffdirp211120', 1, 0, 0, 0, 0, 0, NULL),
(362, 'batch59', 'Prasad Vedula ', '9848071414', 'I have recommended Ffd always to many people. ', '2021-06-05 19:46:43', '', 0, 0, 'ffdirp211120', 1, 0, 0, 0, 0, 0, NULL),
(363, 'batch59', 'Vimala.j ', '6301276729', 'May i know the name of the author learned optimism vimala.j', '2021-06-05 19:46:45', '91', 0, 0, 'ffdirp211120', 1, 0, 0, 0, 0, 0, 'martin seligman'),
(364, 'batch59', 'Leena Chikte', '09987409246', 'Im now medicine free.\r\nIt makes me happy.', '2021-06-05 19:46:46', '91', 0, 0, 'ffdirp211120', 1, 0, 0, 0, 0, 0, NULL),
(365, 'batch59', 'Sudershan Kumar Bakshi', '9419636419', 'Wonderful journey I was able to reduce my weight,hb1av ', '2021-06-05 19:46:55', '91', 0, 0, 'ffdirp211120', 1, 0, 0, 0, 0, 0, NULL),
(366, 'batch59', 'SHIRISH WAMAN KIRLOSKAR', '09552554096', 'It\'s really an eye opener\r\nMore and more input needed from my side\r\nMore concentrated communication required from FFD\r\nI reduced my tabs and increased my confidence to reduce sugar percentage', '2021-06-05 19:46:57', '', 0, 0, 'ffdirp211120', 1, 0, 0, 0, 0, 0, NULL),
(367, 'batch59', 'Gouri ganesh wadekÃ r', '9970532727', 'Very nice  thanks very. Much', '2021-06-05 19:46:59', '', 0, 0, 'ffdirp211120', 1, 0, 0, 0, 0, 0, NULL),
(368, 'batch59', 'Amish Shah', '9199249543', 'I have benefited a lot, and my and wife have incocorporated most of the teaching of FFD , is there a way we can get slides for todays session ', '2021-06-05 19:47:00', '1', 0, 0, 'ffdirp211120', 1, 0, 0, 0, 0, 0, NULL),
(369, 'batch59', 'BS Sridhar', '9819305562', 'Thanks a million to the FFD Team and Dr Pramod Tripathi for the Great Service. Wonderful exciting  journey for the last one year', '2021-06-05 19:47:00', '91', 0, 0, 'ffdirp211120', 1, 0, 0, 0, 0, 0, NULL),
(370, 'batch59', 'Prasad Vedula ', '9848071414', 'Overall it was a wonderful journey. ', '2021-06-05 19:47:00', '', 0, 0, 'ffdirp211120', 1, 0, 0, 0, 0, 0, NULL),
(371, 'batch59', 'Rajalekshmi Ramachandran', '8086829408', 'wonderful for me first 3 sessions', '2021-06-05 19:47:03', '91', 0, 0, 'ffdirp211120', 1, 0, 0, 0, 0, 0, NULL),
(372, 'batch59', 'S Dharmaraju ', '9849295350', 'Now I have great knowledge how to manage sugars, and I strongly feel there is no miracle except heardwork and diet desciplain ', '2021-06-05 19:47:13', '', 0, 0, 'ffdirp211120', 1, 0, 0, 0, 0, 0, NULL),
(373, 'batch59', 'Lalita P Joshi', '9833888166', 'Improved overall health... Yet to get out of medicines. Had gone out twice. But I am more energetic and fit. Shall continue quarter consultation. Have got cooperation from all staff. Thanks.. ', '2021-06-05 19:47:20', '', 0, 0, 'ffdirp211120', 1, 0, 0, 0, 0, 0, NULL),
(374, 'batch59', 'Debashis ', '8887546878', 'IRP was a game changer for me. Not only lost 38 kgs , passed GTT BUT WAS ALWAYS positive during Covid. I am now out of Covid and I think it had lot to do with inner transformation and positive thinkingThank you Dr Tripathi d FFD TEAM', '2021-06-05 19:47:21', '', 0, 0, 'ffdirp211120', 1, 0, 0, 0, 0, 0, NULL),
(375, 'batch59', 'Payal Talreja', '9810419377', 'Beautiful journey of self discovery and hope - joined just after I lost my father to cancer. Being a doc I cared for him at home but my sugars were 300 plus fasting. The internal transformation session unblocked my pain and I am so grateful ', '2021-06-05 19:47:22', '', 0, 0, 'ffdirp211120', 1, 0, 0, 0, 0, 0, NULL),
(376, 'batch59', 'Raj Menon', '9895166727', 'Not free as yet but will certainly endeavour to get freedom and I have gained  and learnt so much from FFD- Thank you FFD', '2021-06-05 19:47:25', '', 0, 0, 'ffdirp211120', 1, 0, 0, 0, 0, 0, NULL),
(377, 'batch59', 'Chandan', '9604638943', 'As we are ageing body gets weaker then how we become stronger it is only illusion of mind not the reality', '2021-06-05 19:47:44', '91', 0, 0, 'ffdirp211120', 1, 0, 0, 0, 0, 0, NULL),
(378, 'batch59', 'Deepa Gidwani', '63336760', 'I am still on medication but really willing to do what it takes to be free. Should I take a 3 or 6 month extension my going has been great and I am happy with my progress ', '2021-06-05 19:47:48', '852', 0, 0, 'ffdirp211120', 1, 0, 0, 0, 0, 0, NULL),
(379, 'batch59', 'Banu Iyer', '416011701', 'Feelinh  energetic like never before.', '2021-06-05 19:48:06', '61', 0, 0, 'ffdirp211120', 1, 0, 0, 0, 0, 0, NULL),
(380, 'batch59', 'Lalita P Joshi', '9833888166', 'Some more recipeesin portal please.. ', '2021-06-05 19:48:14', '', 0, 0, 'ffdirp211120', 1, 0, 0, 0, 1, 1, NULL),
(381, 'batch59', 'Swati Shirolkar', '09920647730', 'I didnt fill the form..Where will I get the form? My last consultation is still remaining..will.do after my last blood taste( after 10th)', '2021-06-05 19:48:30', '91', 0, 0, 'ffdirp211120', 1, 0, 0, 0, 0, 0, NULL),
(382, 'batch59', 'Nandkumar Athawale', '9821888430', 'Learned so much about diet and exercises. Exercised have now become part of daily routine. Great and memorable journey. Now I know how to manage body, diet, sugar levels and remain free from medicine.', '2021-06-05 19:48:37', '91', 0, 0, 'ffdirp211120', 1, 0, 0, 0, 0, 0, NULL),
(383, 'batch59', 'MUKESH KUMBLE', '9529211010', 'I never think that i can reduce Sugar from 350 to 106 .  Overall i am very much healthy now.  Started having all fruits even Mango, Watermelon . Thanks FFD.', '2021-06-05 19:48:44', '', 0, 0, 'ffdirp211120', 1, 0, 0, 0, 0, 0, NULL),
(384, 'batch59', 'Nandkumar Kagvate ', '9845285133', 'milk is silent killer then what is alternative for calcium source \r\n\r\n\r\n\r\n\r\n', '2021-06-05 19:48:44', '', 0, 0, 'ffdirp211120', 1, 0, 0, 0, 0, 0, NULL),
(385, 'batch59', 'Pradeep Kumar Barman', '9435048507', 'Thanks Dr. Tripathy. Thanks a lot.', '2021-06-05 19:48:46', '', 0, 0, 'ffdirp211120', 1, 0, 0, 0, 0, 0, NULL),
(386, 'batch59', 'Nikesh Porwal', '9886302197', 'Namaste Dr. Pramodji and FFD Team. I want to thank FFD team for saving my life !!!\r\nI lost 12 kgs, came off medicine and insulin, hba1c is 6.1. The results achieved with FFD helped me beat severe lung infection during COVID. Not sure without FFD a what would have happened to me. THANKS AGAIN AND WILL BE GRATEFUL TO FFD FOR LIFE !!!', '2021-06-05 19:48:54', '', 0, 0, 'ffdirp211120', 1, 0, 0, 0, 0, 0, NULL),
(387, 'batch59', 'Rama N K', '9866092726', 'Thank you Dr Pramod.  Program was good I use to dream of getting leaner and was not sure how to achieve it.  But with FFD I was able to reach 63 kgs last year in Dec \'20.  I felt really good and started my muscle building and gaining weight.....2021 with 2nd wave of Covid caused troubles at my personal front for last 2 months (Apr, May) so last 2 months was off track....so now I need to get back on track with some goals as advised by you.  contd.', '2021-06-05 19:48:55', '91', 0, 0, 'ffdirp211120', 1, 0, 0, 0, 0, 0, NULL),
(388, 'batch59', 'Ramachandra holakal', '0226003930', 'Inspire of following the system ofdiet and exercises BBl ,Pp1,pp2 pp3 are not becoming normal', '2021-06-05 19:48:55', '64', 0, 0, 'ffdirp211120', 1, 1, 0, 0, 0, 0, NULL),
(389, 'batch59', 'Eshleen Jolly', '9900832296', 'DOC, people around me have started saying that my husband has brought a new wife in this Covid timeðŸ˜„ðŸ˜„ Have found my new love relationship with food, excercise and myself. I feel so proud to be an FFDian. Heartfelt gratitude to u and your team', '2021-06-05 19:49:01', '', 0, 0, 'ffdirp211120', 1, 0, 0, 0, 0, 0, NULL),
(390, 'batch59', 'Rama N K', '9866092726', '2Contd....I have also taken up the role of mentor and completed mentoring Batch 60 and started with 71....looking forward for continuous association with FFD and also to try any future innovations that may come up from FFD.', '2021-06-05 19:49:04', '91', 0, 0, 'ffdirp211120', 1, 0, 0, 0, 0, 0, NULL),
(391, 'batch59', 'Datta Gulumkar', '7276833541', 'My journey with FFD was excellent ,only thing is that my weight is reduced yo 60kg , as nd my HBA1c was 5.3 only  I want increase haemoglobin  and weight by at least 40kg \r\n', '2021-06-05 19:49:06', '', 0, 0, 'ffdirp211120', 1, 0, 0, 0, 0, 0, NULL),
(392, 'batch59', 'satyajeet ghosh', '6316819232', 'Great work. I am continuing for one more year and help institutionalize the changes. Learned a lot about diet and exercise. Struggled with inner transformation ', '2021-06-05 19:49:09', '1', 0, 0, 'ffdirp211120', 1, 0, 0, 0, 0, 0, NULL),
(393, 'batch59', 'B A kulkarni', '7774031271', 'It was great experience, thanks to all, god bless you. My request keep education portal also for life ', '2021-06-05 19:49:09', '91', 0, 0, 'ffdirp211120', 1, 0, 0, 0, 0, 0, NULL),
(394, 'batch59', 'Jayachandra Pai', '9845042023', 'Knowledge on diabetes not to slip to the position of previous year ever!ðŸ™', '2021-06-05 19:49:33', '', 0, 0, 'ffdirp211120', 1, 0, 0, 0, 0, 0, NULL),
(395, 'batch59', 'Sunanda Bang', '09923408627', 'Why cantwe have videos permanently', '2021-06-05 19:49:34', '91', 0, 0, 'ffdirp211120', 1, 0, 0, 0, 0, 0, NULL),
(396, 'batch59', 'Datta Gulumkar', '7276833541', 'Want to increase upto 65kg', '2021-06-05 19:49:35', '', 0, 0, 'ffdirp211120', 1, 0, 1, 1, 0, 0, NULL),
(397, 'batch59', 'Deesha Pathak', '7875887355', 'Khapli wheat and brown rice has become part of our diet now.Thank you very much, the diebetes journey is still on but I am grateful to learn all you have shared. Hope you arrange a package  in future \r\nwhere smoothi is at our door step :)', '2021-06-05 19:49:43', '91', 0, 0, 'ffdirp211120', 1, 0, 0, 0, 0, 0, NULL),
(398, 'batch59', 'Datta Gulumkar', '7276833541', 'Please help me according to that ', '2021-06-05 19:49:51', '', 0, 0, 'ffdirp211120', 1, 0, 0, 0, 0, 0, NULL),
(399, 'batch59', 'Rajendra Besra ', '9668529623', 'Stamina is better.food is systematic.physic is nice at 58.anabolic smoothy still continuing.', '2021-06-05 19:49:58', '', 0, 0, 'ffdirp211120', 1, 0, 0, 0, 0, 0, NULL),
(400, 'batch59', 'satyajeet ghosh', '6316819232', 'I am still experimenting with food and exercising ', '2021-06-05 19:50:00', '1', 0, 0, 'ffdirp211120', 1, 0, 0, 0, 0, 0, NULL),
(401, 'batch59', 'GOURI BHAWALKAR', '09920816519', 'Firat 6 months are very nice. Remaining was not much helpful hence situation became stagnant. Mix feelings', '2021-06-05 19:50:04', '', 0, 0, 'ffdirp211120', 1, 0, 0, 0, 0, 0, NULL),
(402, 'batch59', 'Payal Talreja', '9810419377', 'Have enjoyed the whole process and Iâ€™ll have realised the miracle of mind, body and spirit working together. Have reccomended to so many people...and I know their life will change. My last HbA1C was 5.4 ', '2021-06-05 19:50:08', '', 0, 0, 'ffdirp211120', 1, 0, 0, 0, 0, 0, NULL),
(403, 'batch59', 'Ya SrinivasaRao ', '9490167568', 'Assigning Dr for consultation takes too long and many times insensitive. Would like FFD to streamline this aspect, including time allocated. ', '2021-06-05 19:50:26', '', 0, 0, 'ffdirp211120', 1, 1, 0, 0, 0, 1, NULL),
(404, 'batch59', 'Vimala.j ', '6301276729', 'At a mental level i am very free now. Previosly thaere uesed to be a big question about how to come out.as a natural healing lover this is the end for my quest about how to get healed.vimala.j', '2021-06-05 19:50:27', '91', 0, 0, 'ffdirp211120', 1, 0, 0, 0, 0, 0, NULL),
(405, 'batch59', 'Chittibabu', '90129465', 'I have learnt living healthy, confident and positive by managing my diet, exercise and thoughts in right direction through FFD in last one year. Thanks a ton', '2021-06-05 19:50:30', '65', 0, 0, 'ffdirp211120', 1, 0, 0, 0, 0, 0, NULL),
(406, 'batch59', 'Geetha prasad', '9449015339', 'Become emotionally strong\r\n ', '2021-06-05 19:50:30', '', 0, 0, 'ffdirp211120', 1, 0, 0, 0, 0, 0, NULL),
(407, 'batch59', 'Govindrajan R Bhatta', '504509300', 'good knowledge now,  out of medicine , however needs to fine tune exercise and control of taste buds ... :) \r\n ', '2021-06-05 19:50:31', '971', 0, 0, 'ffdirp211120', 1, 0, 0, 0, 0, 0, NULL),
(408, 'batch59', 'Datta Gulumkar', '7276833541', 'Only weight and haemoglobin I want to increase , my energy level increased drastically', '2021-06-05 19:50:33', '', 0, 0, 'ffdirp211120', 1, 1, 1, 0, 0, 0, NULL),
(409, 'batch59', 'Kalaichelvi', '9894261454', 'Relieved from insulin only because of ffd.... Thank you.... We received an idea about how to relieve from diabetes.... Atleast maintain below seven.... Thanks for the knowledge given... ', '2021-06-05 19:50:46', '91', 0, 0, 'ffdirp211120', 1, 0, 0, 0, 0, 0, NULL),
(410, 'batch59', 'Anitha Devi M', '9397623455', 'Thank you doctor for what you are doing.I am free of insulin and tablets right now.I never used to excercise previously but after joining FFD, i am excercising daily. Energy levels are increased, anger reduced. Got confidence that i can control my BSL if it increases in future.', '2021-06-05 19:50:54', '', 0, 0, 'ffdirp211120', 1, 0, 0, 0, 0, 0, NULL),
(411, 'batch59', 'Mandeep kaur', '9779799007', 'It is amazing to b part of ffd... Being type 1 iam happy that i learned alot....ofcourse to b insulin free is my goal.. But came to know that insulin is my friend.. N I hv to b with it... But weight gain is not only my but my family\'s goal as well... N m really thankful to ffd team for that.... My dr. Vaishali jadhav.. Diet xpert syali .. Mentor yogita n exercise xpert ashwini all are really supportive in the whole journey... ', '2021-06-05 19:50:54', '', 0, 0, 'ffdirp211120', 1, 0, 0, 0, 0, 0, NULL),
(412, 'batch59', 'Ravindiran', '9786333514', 'Ravindiran.C / 56 yrs young/ 12 yr Diabatic with medicine stopped from 3 day. 30 kg wt reduced in 4 month. Stomach size reduce by 29cm. Suffered by back pain and as advised all exercise stoped from 4 month onwards. Hence only IGT cleared. Still now with out medicine HBA1C- 6.3, Now back pain ok. last 15 days again basic exercise just started. Last 6 month FFD activity could not follow because of back pain. This year want to clear GTT. Need your support Dr. \r\nThank you. \r\nRavindiran', '2021-06-05 19:50:55', '91', 0, 0, 'ffdirp211120', 1, 0, 0, 0, 0, 0, NULL),
(413, 'batch59', 'Chitra', '9443341397', 'FFD has become a regular routine.Thank you Doctor and your team for the services.', '2021-06-05 19:50:57', '', 0, 0, 'ffdirp211120', 1, 0, 0, 0, 0, 0, NULL),
(414, 'batch59', 'Rajshri', '9823745513', 'FFD Dr Pramod jee Gratitude loved the efforts you take to make me spin so you are my LIFE LINE\r\nICAN IWILL i love this very helpful\r\n', '2021-06-05 19:50:59', '91', 0, 0, 'ffdirp211120', 1, 0, 0, 0, 0, 0, NULL),
(415, 'batch59', 'Sunanda Bang', '09923408627', 'Post meal not getting controlled somehow please suggest\r\nFirst 3 months were good', '2021-06-05 19:51:07', '91', 0, 0, 'ffdirp211120', 1, 1, 0, 0, 0, 0, NULL),
(416, 'batch59', 'Prasad Vedula ', '9848071414', 'Second 6 months were stagnant ', '2021-06-05 19:51:32', '', 0, 0, 'ffdirp211120', 1, 0, 0, 0, 0, 0, NULL),
(417, 'batch59', 'Mandeep kaur', '9779799007', 'Kindly have some different program for type 1\'s', '2021-06-05 19:51:34', '', 0, 0, 'ffdirp211120', 1, 0, 0, 0, 0, 0, NULL),
(418, 'batch59', 'Mahesh Pophale', '8291182190', 'Doc my medicines were stopped in 1 week. my HBA1C came down from 9.5 to 5.7 in 3 months. I lost 15 kg but had issue with my right leg which i was told that weight loss is reason. i gained 15 kg again and my pain has gone. My sugar again is unstable. On medication again. Want get rid the sugar.  ', '2021-06-05 19:51:34', '', 0, 0, 'ffdirp211120', 1, 1, 0, 0, 0, 0, NULL),
(419, 'batch59', 'PK KAUSHIK', '09818429060', 'With practically possible improvement in  diet, exrcise, medicines  alongwith better thinking horizon with support of FFD,  What do you say if I am able to maintain HB1AC around 7.3 in long run.   ', '2021-06-05 19:52:02', '', 0, 0, 'ffdirp211120', 1, 0, 0, 0, 0, 0, NULL),
(420, 'batch59', 'Umarani V', '08754468963', 'Listed 13 tests does not include calcium deficiency.  Can that be included?', '2021-06-05 19:52:14', '', 0, 0, 'ffdirp211120', 1, 0, 0, 0, 0, 0, NULL),
(421, 'batch59', 'Chandan', '9604638943', 'MY HBA1C WHEN I STARTED \r\n 19.2 BUT NOW ITS 6.2 THANKS TO FFD', '2021-06-05 19:52:18', '91', 0, 0, 'ffdirp211120', 1, 0, 0, 0, 0, 0, NULL),
(422, 'batch59', 'Gyanesh', '9765905570', 'Thanks FFD and Dr. Tripathi .. your program and the whole transformation journey has really helped me to understand how to control sugars and what food to eat and avoid taking pills .. Next target is to clear GTT in next 3-4 months', '2021-06-05 19:52:18', '', 0, 0, 'ffdirp211120', 1, 0, 0, 0, 0, 0, NULL),
(423, 'batch59', 'Vimala.j ', '6301276729', 'Want to attend atleast once in 6 months yor live session. Is it possible. My eyes water when ever i think of u and the services i enjoyd.vimalaj', '2021-06-05 19:52:20', '91', 0, 0, 'ffdirp211120', 1, 0, 0, 0, 0, 0, NULL),
(424, 'batch59', 'Prasad Vedula ', '9848071414', 'My hba1c came down to 5.7. ', '2021-06-05 19:52:22', '', 0, 0, 'ffdirp211120', 1, 0, 0, 0, 0, 0, NULL),
(425, 'batch59', 'Ya SrinivasaRao ', '9490167568', 'Would like to have best alternative for khapali wheat flour, (travelled to USA recently...not available easily here)', '2021-06-05 19:52:38', '', 0, 0, 'ffdirp211120', 1, 0, 0, 0, 0, 0, NULL),
(426, 'batch59', 'Col V K Bhatnagar', '9223268250', 'Lost 30 kgs and reversed diabetes. Underwent Bypass Surgery. Smooth and successful only because of this wonderful experience with FFD.  Lovely feeling. ', '2021-06-05 19:52:50', '', 0, 0, 'ffdirp211120', 1, 0, 0, 0, 0, 0, NULL),
(427, 'batch59', 'Archana Kadle ', '9372683512', 'Sir very beautiful journey, HbA1c is now 4.2 n I m waiting to clear GTT so already  extended for 6 months \r\nJust want to ask I want my same dr,dietitian and excercise expert ', '2021-06-05 19:53:42', '', 0, 0, 'ffdirp211120', 1, 0, 0, 0, 0, 0, NULL),
(428, 'batch59', 'Sunanda Bang', '09923408627', 'Thanks for the Knowledge enhancement for healthy life,for wow wednesdays for yoga sessions during lockdown ðŸ™', '2021-06-05 19:53:49', '91', 0, 0, 'ffdirp211120', 1, 0, 0, 0, 0, 0, NULL),
(429, 'batch59', 'Banu Iyer', '416011701', 'Apart from medicine free and clearing GTT, I am on the high about getting 5 sizes down ðŸ™', '2021-06-05 19:54:00', '61', 0, 0, 'ffdirp211120', 1, 0, 0, 0, 0, 0, NULL),
(430, 'batch59', 'Nimisha Shah', '9088128768', 'Lost weight but have put it back again what to do', '2021-06-05 19:54:02', '1', 0, 0, 'ffdirp211120', 1, 0, 1, 0, 0, 0, NULL),
(431, 'batch59', 'Rajshri', '9823745513', 'Hanumanjee blessings for you  \r\nYou changed me and GRATITUDE  ', '2021-06-05 19:54:10', '91', 0, 0, 'ffdirp211120', 1, 0, 0, 0, 0, 0, NULL),
(432, 'batch59', 'Archana Kadle ', '9372683512', 'Thank you very much sir . God bless you .....', '2021-06-05 19:54:26', '', 0, 0, 'ffdirp211120', 1, 0, 0, 0, 0, 0, NULL),
(433, 'batch59', 'Nandkumar Athawale', '9821888430', 'Would it be possible to allow exercise update although need not be responded by FFD? There is no other app to update and keep track.', '2021-06-05 19:54:30', '91', 0, 0, 'ffdirp211120', 1, 0, 0, 0, 0, 1, NULL),
(434, 'batch59', 'Vineet Kumar Agarwal', '9350570521', 'I have tried mangoes and sugar remained under control.', '2021-06-05 19:54:47', '91', 0, 0, 'ffdirp211120', 1, 0, 0, 0, 0, 0, NULL),
(435, 'batch59', 'NITIN BIDIKAR', '9440685113', 'Thank you Dr. and FFD team. Had wonderful time.', '2021-06-05 19:55:00', '91', 0, 0, 'ffdirp211120', 1, 0, 0, 0, 0, 0, NULL),
(436, 'batch59', 'Surekha', '9845031842', 'Grateful Dr to you forecer, My mother could able to sustain chemo n radio therapies(ano rectum cancer) due to your diet suggestions. Though she followed few of your protocols she is out of danger as of now. Your honest dedicated effort to human kind we yet to learn and implement to the level you put your effort to educate.  Lot to learn and educate ourselves. Love to see your yoga sessions. You are magical and much of the life skills under one roof. ðŸ˜ŠðŸŒ¹', '2021-06-05 19:55:07', '91', 0, 0, 'ffdirp211120', 1, 0, 0, 0, 0, 0, NULL),
(437, 'batch59', 'Ashfaq Ahamed', '9741190000', 'Great learning congratulations wonderful service to humanity God bless you', '2021-06-05 19:55:13', '', 0, 0, 'ffdirp211120', 1, 0, 0, 0, 0, 0, NULL),
(438, 'batch59', 'Sunanda Ghodgaonkar', '9160455245', 'Sunanda Ghodgaonkar\r\nWant to become a Mentor. What is the procedure?\r\n', '2021-06-05 19:55:25', '', 0, 0, 'ffdirp211120', 1, 0, 0, 0, 1, 1, NULL),
(439, 'batch59', 'Nirmal Mehendale', '9811083684', 'Dr Pramod Ji you have not taken up question that I posted around 1835 Hrs. Pl takeup those questions', '2021-06-05 19:55:48', '91', 0, 0, 'ffdirp211120', 1, 0, 0, 0, 0, 0, NULL),
(440, 'batch59', 'Payal Talreja', '9810419377', 'My endocrinologist said â€˜insulin is for life. Diabetes cannot be reversedâ€™ - I look forward to showing her my progress.,', '2021-06-05 19:56:13', '', 0, 0, 'ffdirp211120', 1, 0, 0, 0, 0, 0, NULL),
(441, 'batch59', 'Vijayaadiga', '8277259202', 'Wonderful journey, thank you, great full to you, \r\nI had 300gm Jack fruits, 97 BSL score,, iam eating 1mango daily', '2021-06-05 19:56:28', '91', 0, 0, 'ffdirp211120', 1, 0, 0, 0, 0, 0, NULL),
(442, 'batch59', 'Veena Jaswal', '9816251425', 'Everything is fine but sugar level doesnâ€™t come without stair climbing ', '2021-06-05 19:57:19', '', 0, 0, 'ffdirp211120', 1, 1, 0, 0, 0, 0, NULL),
(443, 'batch59', 'Nirmal Mehendale', '9811083684', 'my HBA!C is 5.5 now down from 8.2. But now have TSH of 6.72 and GFR has reducedto 79.9 from 99.1 lat June. What advice. my BMI today is pleatued at 24.5 since three months\r\n', '2021-06-05 19:58:09', '91', 0, 0, 'ffdirp211120', 1, 1, 1, 0, 0, 0, NULL),
(444, 'batch59', 'Nandkumar Kagvate ', '9845285133', 'FFD having scientific approach , success based on individual efforts & luck but no doubt there is overall improvement & may got adequate knowledge on controls & adjustments. Tks to all FFD team , planning to extend membership for next three months as Dr Nikhil & Tanmayi\'s  advice      ', '2021-06-05 19:58:15', '', 0, 0, 'ffdirp211120', 1, 0, 0, 0, 0, 0, NULL),
(445, 'batch59', 'Vineet Kumar Agarwal', '9350570521', 'I am sharing my delightful experience with my 10 mentees in their journey towards becoming freedom from diabetes. ', '2021-06-05 19:58:35', '91', 0, 0, 'ffdirp211120', 1, 0, 0, 0, 0, 0, NULL),
(446, 'batch59', 'Rajshri', '9823745513', 'How to improve Pp2/3 and reduce Cholostrol\r\nCan we AVOID Vaccine  how', '2021-06-05 19:58:39', '91', 0, 0, 'ffdirp211120', 1, 0, 0, 0, 0, 0, NULL),
(447, 'batch59', 'VARADARAJA PAI', '9995422061', 'FFD taught me to live on minimum things in life....', '2021-06-05 19:59:03', '91', 0, 0, 'ffdirp211120', 1, 0, 0, 0, 0, 0, NULL),
(448, 'batch59', 'Ya SrinivasaRao ', '9490167568', 'Dr Shubhankar is an asset for FFD sir ', '2021-06-05 19:59:46', '', 0, 0, 'ffdirp211120', 1, 0, 0, 0, 0, 0, NULL),
(449, 'batch59', 'Payal Talreja', '9810419377', 'Need more help understanding LADA and MUDA... please do sessions on these ', '2021-06-05 19:59:48', '', 0, 0, 'ffdirp211120', 1, 0, 0, 0, 0, 0, NULL),
(450, 'batch59', 'Rajshri', '9823745513', 'Sir  your EA is very  helping sweet \r\n', '2021-06-05 19:59:54', '91', 0, 0, 'ffdirp211120', 1, 0, 0, 0, 0, 0, NULL),
(451, 'batch59', 'Surekha Rajendrakumar', '09486103246', 'I am also enjoying mango often...even watermelon', '2021-06-05 20:00:01', '', 0, 0, 'ffdirp211120', 1, 0, 0, 0, 0, 0, NULL),
(452, 'batch59', 'Narendra Bari', '9970204831', 'After 5th month better guidance would have helped, it was not as per earlier 5 months. ', '2021-06-05 20:00:09', '', 0, 0, 'ffdirp211120', 1, 0, 0, 0, 0, 1, NULL),
(453, 'batch59', 'Nalini P C', '9902020793', 'Thank you very much Doctor for giving us the support and courage to understand Diabetes Reversal is possible. The immense knowledge and awareness shared in all the live and recorded sessions has enabled us to take charge and become accountable about our health rather than blaming everything is general and keep feeling guilty about whatever we eat. The whole concept of soul, mind, body healing is a comprehensive approach.  ', '2021-06-05 20:00:23', '91', 0, 0, 'ffdirp211120', 1, 0, 0, 0, 0, 0, NULL),
(454, 'batch59', 'Geetha Prasad', '9449015339', 'Wow Wednesdays are wonderful you are not a man an angel', '2021-06-05 20:00:47', '', 0, 0, 'ffdirp211120', 1, 0, 0, 0, 0, 0, NULL),
(455, 'batch59', 'Nimisha Shah', '9088128768', 'Gained 10% weight while still following predominantly FFD phase 2 diet. Why? Is body more sensitized on phase 2 diet where some normalization in food (diet) causes rapid weight gain post-FFD', '2021-06-05 20:00:47', '1', 0, 0, 'ffdirp211120', 1, 0, 0, 0, 0, 0, NULL),
(456, 'batch59', 'NITIN BIDIKAR', '9440685113', 'I am taking smoothie twice  a day.  How long we should take?', '2021-06-05 20:00:51', '91', 0, 0, 'ffdirp211120', 1, 0, 0, 0, 0, 0, NULL),
(457, 'batch59', 'Rajshri', '9823745513', 'Sir you are JADOOGAR mesmarizing', '2021-06-05 20:00:57', '91', 0, 0, 'ffdirp211120', 1, 0, 0, 0, 0, 0, NULL),
(458, 'batch59', 'Sapna desai', '9879440044', 'Very happy about my medicines stopping but gained backed weight once I started eating ', '2021-06-05 20:00:57', '', 0, 0, 'ffdirp211120', 1, 0, 1, 0, 0, 0, NULL),
(459, 'batch59', 'Binay kumar Singh', '9431019953', 'Except my pp2 level unsatisfactory result, associated problem due to bsl  everything gone, Thanks to ffd but I want extra 3 month', '2021-06-05 20:01:03', '91', 0, 0, 'ffdirp211120', 1, 0, 0, 0, 0, 0, NULL),
(460, 'batch59', 'Boskey', '8447247178', 'First 3 months were good, but after that the group motivation disappeared. Needed more focus throughout the year. Bcoz if it comes from ur side that ye karna hai to wohi karna hai (pathar ki lakir), agar hum par chod diya that follow what suits you to gai bhais pani me. Humse ho pata to FFD kyu join karte ', '2021-06-05 20:02:32', '', 0, 0, 'ffdirp211120', 1, 0, 0, 0, 0, 0, NULL),
(461, 'batch59', 'Col V K Bhatnagar', '9223268250', 'My compliments to Dr Nikhil Bhanagay, Ms Niyati Sathe and Dr Shubhankar Mahapure for helping me reach where I am today.', '2021-06-05 20:03:10', '', 0, 0, 'ffdirp211120', 1, 0, 0, 0, 0, 0, NULL),
(462, 'batch59', 'Binay kumar Singh', '9431019953', 'For increasing waist size which exercise to do', '2021-06-05 20:03:26', '91', 0, 0, 'ffdirp211120', 1, 0, 0, 1, 0, 0, NULL),
(463, 'batch59', 'Vimala.j ', '6301276729', 'Do we get the the wow wednesday sesiions in the whatsap vimalaj', '2021-06-05 20:03:55', '91', 0, 0, 'ffdirp211120', 0, 0, 0, 0, 0, 0, NULL),
(464, 'batch59', 'Ashfaq Ahamed', '9741190000', 'Do we need to continue the smoothie and will it help?\r\n', '2021-06-05 20:04:00', '', 0, 0, 'ffdirp211120', 1, 0, 0, 0, 0, 0, NULL),
(465, 'batch59', 'abhijeet bhand', '9960916122', 'HB1c was 7.3 at the time of joining, current is 5.8. Thank you Sir and all FFD team.', '2021-06-05 20:04:25', '', 0, 0, 'ffdirp211120', 1, 0, 0, 0, 0, 0, NULL),
(466, 'batch59', 'G Arunachalam', '9771407595', 'How long take medicine h1bic is6.4', '2021-06-05 20:04:31', '91', 0, 0, 'ffdirp211120', 1, 1, 0, 0, 0, 0, NULL),
(467, 'batch59', 'Vijaykumar Kulkarni', '9448559798', 'Can Istart milk  and curd', '2021-06-05 20:05:33', '', 0, 0, 'ffdirp211120', 1, 0, 0, 0, 0, 0, NULL),
(468, 'batch59', 'Anand Kumar Hetamsaria', '9431153769', 'Hi, I am satisfied with FFD program. Currently my fasting below 120 and PP1,PP2,PP3 below 170. HB1C is 6.9 . Weight 58.7 BMI 22.93 . I want to improve myself more, can you please guide on the same . Anything specifically i need to do ', '2021-06-05 20:05:41', '91', 0, 0, 'ffdirp211120', 1, 1, 1, 1, 0, 0, NULL),
(469, 'batch59', 'Binay kumar Singh', '9431019953', 'Sir my pp2 became 200 suddenly, Dr updated reclide mr30 for lauch, sometimes I becoming unhappy', '2021-06-05 20:06:05', '91', 0, 0, 'ffdirp211120', 1, 0, 0, 0, 0, 0, NULL),
(470, 'batch59', 'Rama N K', '9866092726', 'Would like to know your suggestions:\r\na. Sugars Monitoring - How frequently we should do now?\r\nb. Diet - Do you advise to follow same protocol or any suggestions?\r\nc. Exercise - Do we need to continue with Protein Powder for muscle building or can we focus on the activity identified as part of Athletic Identity?', '2021-06-05 20:06:08', '91', 0, 0, 'ffdirp211120', 1, 1, 0, 0, 0, 0, NULL),
(471, 'batch59', 'Jatin shah', '9820224767', 'Is nitro dump  only to reverse', '2021-06-05 20:06:09', '91', 0, 0, 'ffdirp211120', 1, 0, 0, 0, 0, 0, NULL),
(472, 'batch59', 'Sunanda Ghodgaonkar', '9160455245', 'Sunanda Ghodgaonkar\r\nFasting Sugar is still an issue. I am on Reclide 30 and tendia 20 before dinner. Pls Advise.\r\n.', '2021-06-05 20:06:32', '', 0, 0, 'ffdirp211120', 1, 1, 0, 0, 0, 0, NULL),
(473, 'batch59', 'Nandkumar Athawale', '9821888430', 'Can we keep updating exercises in FFD App for our own monitoring? Need not be seen by FFD. There is no other app for monitoring and control. May be even diet updation could be allowed. No response from FFD expected. Pl consider.', '2021-06-05 20:06:36', '91', 0, 0, 'ffdirp211120', 1, 0, 0, 0, 0, 1, NULL),
(474, 'batch59', 'Subramanian ', '9892066895', 'Thank you dr for such a nice journey. Your approach with less medicine is too good. Pl guide the areas of body , one needs to take care apart from the 13 tests suggested by you. Just to concentrate on the whole body. Your team is very honest and sincere. Thank you once again.', '2021-06-05 20:06:38', '91', 0, 0, 'ffdirp211120', 1, 0, 0, 0, 0, 0, NULL),
(475, 'batch59', 'Lakshmi Rao R', '9901054995', 'Stopped medicine since 3 months but sugars rising due to emotional issues. Stuck in between', '2021-06-05 20:06:51', '91', 0, 0, 'ffdirp211120', 1, 0, 0, 0, 0, 0, NULL),
(476, 'batch59', 'Sarika', '9850095130', 'Can we eat non veg ', '2021-06-05 20:07:00', '', 0, 0, 'ffdirp211120', 1, 0, 0, 0, 0, 0, NULL),
(477, 'batch59', 'Narendra Bari', '9970204831', 'Will the videos kept available for us on FFD app to refer. ', '2021-06-05 20:07:07', '', 0, 0, 'ffdirp211120', 1, 0, 0, 0, 0, 0, NULL),
(478, 'batch59', 'abhijeet bhand', '9960916122', 'current HB1C is 5.8, am eligible for GTT as i am in non diabetic range. Please suggest.', '2021-06-05 20:07:34', '', 0, 0, 'ffdirp211120', 1, 0, 0, 0, 0, 0, NULL),
(479, 'batch59', 'GOURI BHAWALKAR', '09920816519', 'Doctor when can we meet personally for consultation as so many doubts in mind', '2021-06-05 20:08:17', '', 0, 0, 'ffdirp211120', 1, 0, 0, 0, 0, 0, NULL),
(480, 'batch59', 'Sarika', '9850095130', 'Will our app be still active', '2021-06-05 20:08:18', '', 0, 0, 'ffdirp211120', 1, 0, 0, 0, 0, 0, NULL),
(481, 'batch59', 'shivakumar', '09445001500', 'mens sana in corpore sano:) lost 19 kgs, bmidown 5; plus points.  spoke to dr malhar and entering into sns. for further weight loss.need to  loose 10 kgs . hba1c 5.8 from 7.4', '2021-06-05 20:08:46', '91', 0, 0, 'ffdirp211120', 1, 0, 0, 0, 0, 0, NULL),
(482, 'batch59', 'Sanjay Bhole ', '9702027801', 'Appreciate very much , Thank You very much, Dr. Pramod n team. à¤–à¥‚à¤ªà¤š à¤ªà¥à¤°à¤—à¤¤à¥€ à¤à¤¾à¤²à¥€ à¤†à¤¹à¥‡,  sugar à¤ªà¥‚à¤°à¥à¤£ à¤—à¥‡à¤²à¥€ à¤¨à¤¸à¤²à¥€ à¤¤à¤°à¥€ à¤–à¥‚à¤ª à¤šà¤¾à¤‚à¤—à¤²à¥‡ à¤ªà¤°à¤¿à¤£à¤¾à¤® à¤à¤¾à¤²à¥‡ à¤†à¤¹à¥‡ ', '2021-06-05 20:08:56', '', 0, 0, 'ffdirp211120', 1, 0, 0, 0, 0, 0, NULL),
(483, 'batch59', 'Rajshri', '9823745513', 'Sir please  conduct Session for MENTAL  STRENGTH  in WOW Wed to avoid ALZIAMER etc', '2021-06-05 20:09:12', '91', 0, 0, 'ffdirp211120', 1, 0, 0, 0, 0, 1, NULL),
(484, 'batch59', 'Shankar Iyer', '9167417501', 'Our entire session was online. Can we have an offline session at Pune in future', '2021-06-05 20:09:21', '91', 0, 0, 'ffdirp211120', 1, 0, 0, 0, 0, 0, NULL),
(485, 'batch59', 'Madhu Sudhan Goyal', '9414459480', 'Will smothi continue till', '2021-06-05 20:09:53', '', 0, 0, 'ffdirp211120', 1, 0, 0, 0, 0, 0, NULL),
(486, 'batch59', 'Boskey', '8447247178', 'Never thought water fast can be so easy, thanks to FFD that i can do it. ', '2021-06-05 20:11:46', '', 0, 0, 'ffdirp211120', 1, 0, 0, 0, 0, 0, NULL),
(487, 'batch59', 'Prasad Vedula ', '9848071414', 'Sometimes High acidity and wind problems. Is it due to focused dal based diet. ', '2021-06-05 20:12:16', '', 0, 0, 'ffdirp211120', 1, 0, 0, 0, 0, 0, NULL),
(488, 'batch59', 'Sunanda Bang', '09923408627', 'Honestly saying level is same with what started FFD, no douby we gained knowledge, dirction, but for suitable medicines i hv to contact my diabetician only by which i got sugar to certain extent control, hardly any followup from exercise expert\r\nDietician were ok\r\n', '2021-06-05 20:12:18', '91', 0, 0, 'ffdirp211120', 1, 1, 1, 1, 0, 1, 'joint call'),
(489, 'batch59', 'Sarika', '9850095130', 'Will our app be active ...so that we have access to all documents and recipe', '2021-06-05 20:12:22', '', 0, 0, 'ffdirp211120', 1, 0, 0, 0, 0, 0, NULL),
(490, 'batch59', 'Swati Shirolkar', '09920647730', 'If my sugar remain under cotrol and want to increase my weight can I do little less exercises and more of Pranayam and meditation?weight is increasing slowly increasing..', '2021-06-05 20:12:41', '91', 0, 0, 'ffdirp211120', 1, 0, 0, 1, 0, 0, NULL),
(491, 'batch59', 'Prasad Vedula ', '9848071414', 'My HBA1c is 5.7. Can I go for GTT ', '2021-06-05 20:13:20', '', 0, 0, 'ffdirp211120', 1, 0, 0, 0, 0, 0, NULL),
(492, 'batch59', 'Madhu Sudhan Goyal', '9414459480', 'Fasting is more than 125', '2021-06-05 20:13:25', '', 0, 0, 'ffdirp211120', 1, 0, 0, 0, 0, 0, NULL),
(493, 'batch59', 'Shankar Iyer', '9167417501', 'How long milk and dairy products to be avoided.', '2021-06-05 20:13:39', '91', 0, 0, 'ffdirp211120', 1, 0, 0, 0, 0, 0, NULL),
(494, 'batch59', 'Sarika', '9850095130', 'Dr . Pramod thanks for everything...u still look the same as on first session ...hope we also be maintained  similarly under your guidance!', '2021-06-05 20:14:09', '', 0, 0, 'ffdirp211120', 1, 0, 0, 0, 0, 0, NULL),
(495, 'batch59', 'Harsha Chandaria', '771390955', 'The Transformation audios for the morning Meds are very low volume .... please check . If you record any properly audible ones, please share on the what\'s app chats even though we are finishing our year ', '2021-06-05 20:14:10', '254', 0, 0, 'ffdirp211120', 1, 0, 0, 0, 0, 0, NULL),
(496, 'batch59', 'Nandkumar Athawale', '9821888430', 'Thank You for response. but currently, I am not able to update my exercises or diet. Need some change in app.', '2021-06-05 20:14:20', '91', 0, 0, 'ffdirp211120', 1, 0, 0, 0, 0, 1, 'tech'),
(497, 'batch59', 'Yogesh Vyas', '9265452834', 'Medicine still required , sugar level not under control , wt. loss , though happy with the programe but my health is not improving . How can I achieve batter health ', '2021-06-05 20:14:35', '', 0, 0, 'ffdirp211120', 1, 1, 1, 1, 0, 0, NULL),
(498, 'batch59', 'Rajshri', '9823745513', 'FFD JINDABAAD ', '2021-06-05 20:15:22', '91', 0, 0, 'ffdirp211120', 1, 0, 0, 0, 0, 0, NULL),
(499, 'batch59', 'Subramanian ', '9892066895', 'Dr ...just to know which are the other parts of the body to check regularly apart from the areas covered by your suggested 13 tests....just to take care of whole body. Thank you so much.', '2021-06-05 20:15:27', '91', 0, 0, 'ffdirp211120', 1, 0, 0, 0, 0, 0, NULL),
(500, 'batch59', 'Kalaichelvi', '9894261454', 'Medication for good sleep? ', '2021-06-05 20:16:22', '91', 0, 0, 'ffdirp211120', 1, 0, 0, 0, 0, 0, 'meloset 3'),
(501, 'batch59', 'Bhanumathy gopalan', '9840941499', 'My fasting sugar is ranging between 120 to 140 for past 2months.need your remedy pl', '2021-06-05 20:16:38', '', 0, 0, 'ffdirp211120', 1, 0, 0, 0, 0, 0, NULL),
(502, 'batch59', 'Archana Kadle ', '9372683512', 'Sir please suggest where  i get advance asanas videos or which are the best videos?', '2021-06-05 20:16:38', '', 0, 0, 'ffdirp211120', 1, 0, 0, 0, 0, 0, NULL),
(503, 'batch59', 'Harsha Chandaria', '771390955', 'My HbA1C and Creatinine went up in this one year ....wondering why ? \r\nMy weigh loss was 8 kgs . Not diabetic ... ', '2021-06-05 20:17:01', '254', 0, 0, 'ffdirp211120', 1, 1, 0, 0, 0, 0, NULL),
(504, 'batch59', 'Rajshri', '9823745513', 'Can youguide us Moon Meditation in Wow Wednesday', '2021-06-05 20:17:13', '91', 0, 0, 'ffdirp211120', 1, 0, 0, 0, 0, 0, NULL),
(505, 'batch59', 'Shankar Iyer', '9167417501', 'Slowly gaining weight. What best can be done\r\n', '2021-06-05 20:17:41', '91', 0, 0, 'ffdirp211120', 1, 0, 0, 0, 0, 0, NULL),
(506, 'batch59', 'Bhanumathy gopalan', '9840941499', 'My fasting sugar 120-140: your remedy pl', '2021-06-05 20:17:42', '', 0, 0, 'ffdirp211120', 1, 0, 0, 0, 0, 0, NULL),
(507, 'batch59', 'Sarika', '9850095130', 'How can we get closing diet', '2021-06-05 20:18:05', '', 0, 0, 'ffdirp211120', 1, 0, 0, 0, 0, 0, NULL),
(508, 'batch59', 'Prasad Vedula ', '9848071414', 'I need support for muscle building muscle strengthening ', '2021-06-05 20:18:12', '', 0, 0, 'ffdirp211120', 1, 0, 0, 1, 0, 0, NULL);
INSERT INTO `tbl_questions` (`id`, `user_batch`, `user_name`, `user_phone`, `user_question`, `asked_at`, `user_code`, `speaker`, `answered`, `eventname`, `responded`, `doctor`, `diet`, `exercise`, `mentor`, `operations`, `remark`) VALUES
(509, 'batch59', 'shivakumar', '09445001500', 'lost 19 kgd .need to loose another 10 kgs .pls latch on with the right program pls.to achieve that', '2021-06-05 20:18:12', '91', 0, 0, 'ffdirp211120', 1, 0, 0, 0, 0, 0, NULL),
(510, 'batch59', 'Prasad Vedula ', '9848071414', 'Uric acid at 5.6. Is it ok. ', '2021-06-05 20:19:15', '', 0, 0, 'ffdirp211120', 1, 0, 0, 0, 0, 0, NULL),
(511, 'batch59', 'Harsha Chandaria', '771390955', 'How to do neuropathy check up ', '2021-06-05 20:19:27', '254', 0, 0, 'ffdirp211120', 1, 0, 0, 0, 0, 0, NULL),
(512, 'batch59', 'Rajshri', '9823745513', 'How much pp2/3 is ok no medicine', '2021-06-05 20:20:04', '91', 0, 0, 'ffdirp211120', 1, 0, 0, 0, 0, 0, NULL),
(513, 'batch59', 'Ramachandran', '8939703363', 'suggest me yoga excercise for better relieve from constipation.  i am having hot water - 3 ltrs for weight of 72 kgs.\r\n', '2021-06-05 20:20:13', '', 0, 0, 'ffdirp211120', 1, 0, 0, 0, 0, 0, NULL),
(514, 'batch59', 'Swati Shirolkar', '09920647730', 'My sugar tablet has stopped on 5th day itself..Fasting sugar is also below or slight above 100. Can I have tea with milk some times..?', '2021-06-05 20:20:39', '91', 0, 0, 'ffdirp211120', 1, 0, 0, 0, 0, 0, NULL),
(515, 'batch59', 'MUKESH KUMBLE', '9529211010', 'Can i have Ghee ? Soyabeen ?', '2021-06-05 20:21:40', '', 0, 0, 'ffdirp211120', 1, 0, 0, 0, 0, 0, NULL),
(516, 'batch59', 'Smita shah', '9767740044', 'Hello, I\'m Smita Shah. I have rejoined the program again as the last few months I couldn\'t be regular in following. I have started my strength training exercises now. Im just hoping to get proper dietary guidance for my muscle loss that has happened alot. My weightloss has happened alot n weight gain is not happening even though I am following the protein diet.\r\n', '2021-06-05 20:21:52', '', 0, 0, 'ffdirp211120', 1, 0, 1, 1, 0, 0, NULL),
(517, 'batch59', 'Umarani V', '08754468963', 'I have got rid of neuropathy totally. But my progress in controlling sugar and weight  is not very much. Due to various health issues , I have back to square one ie Now I am on first phase of food and exercise. I think my body is very slow in responding. Whether I will be able to achieve the goal once I recover my health. I am going to renew my membership. Whether I will get the personal care from all the experts as I am getting Now?', '2021-06-05 20:22:06', '', 0, 0, 'ffdirp211120', 1, 0, 0, 0, 0, 0, NULL),
(518, 'batch59', 'LAKSHMI M PARADKAR', '9821364250', 'I need to reduce another 10 kg, now on muscle building phase. whether SNS for a week and 1 meal for 7 days is ok\r\n', '2021-06-05 20:22:18', '', 0, 0, 'ffdirp211120', 1, 0, 0, 0, 0, 0, NULL),
(519, 'batch59', 'Swati Shirolkar', '09920647730', 'I want to reduce my HBA1C below 6 and then want to go for GTT..Give me all the best..THANKS A LOT DR PRAMOD & UR TEAM!', '2021-06-05 20:22:19', '91', 0, 0, 'ffdirp211120', 1, 0, 0, 0, 0, 0, NULL),
(520, 'batch59', 'Narendra Bari', '9970204831', 'Thanks for everything. ', '2021-06-05 20:22:28', '', 0, 0, 'ffdirp211120', 1, 0, 0, 0, 0, 0, NULL),
(521, 'batch59', 'Madhu Sudhan Goyal', '9414459480', 'Is it ok protin diet for kidney', '2021-06-05 20:22:31', '', 0, 0, 'ffdirp211120', 1, 1, 1, 0, 0, 0, NULL),
(522, 'batch59', 'Sudershan Kumar Bakshi', '9419636419', 'We are thankful to you', '2021-06-05 20:22:56', '91', 0, 0, 'ffdirp211120', 1, 0, 0, 0, 0, 0, NULL),
(523, 'batch59', 'Sunanda Bang', '09923408627', 'Will luv to join ffd once got free from medicine\r\nYes improvements going on that can be seen today', '2021-06-05 20:23:23', '91', 0, 0, 'ffdirp211120', 1, 0, 0, 0, 0, 0, NULL),
(524, 'batch59', 'Prasad Vedula ', '9848071414', 'Guided group Exercise session on zoom for one hour daily say from 7 to 8 am is highly recommended atleast for 3-4 days a week . This will have regimen and motivation ', '2021-06-05 20:23:33', '', 0, 0, 'ffdirp211120', 1, 0, 0, 0, 0, 0, NULL),
(525, 'batch59', 'shivakumar', '09445001500', 'you should move to telegram. whatsapp limitations exist', '2021-06-05 20:23:34', '91', 0, 0, 'ffdirp211120', 1, 0, 0, 0, 0, 0, NULL),
(526, 'batch59', 'Chittibabu', '90129465', 'Sir, any new research outcomes in diet, exercise etc....that happens in future, Pl help sharing the same to this group in future\r\n', '2021-06-05 20:23:39', '65', 0, 0, 'ffdirp211120', 1, 0, 0, 0, 0, 0, NULL),
(527, 'batch59', 'Harsha Chandaria', '771390955', 'How to donneuropathy check up', '2021-06-05 20:23:52', '254', 0, 0, 'ffdirp211120', 1, 0, 0, 0, 0, 0, NULL),
(528, 'batch59', 'Prasad Vedula ', '9848071414', 'I have asked many times but it has not happened ', '2021-06-05 20:23:57', '', 0, 0, 'ffdirp211120', 1, 0, 0, 0, 0, 0, NULL),
(529, 'batch59', 'NITIN BIDIKAR', '9440685113', 'I need to getup in the night for unration. Pl suggests some remedies.   ', '2021-06-05 20:23:57', '91', 0, 0, 'ffdirp211120', 1, 0, 0, 0, 0, 0, 'chandraprabhavati 1-0-1'),
(530, 'batch59', 'Pradeep Kumar Barman', '9435048507', 'What about non veg food?', '2021-06-05 20:24:08', '', 0, 0, 'ffdirp211120', 1, 0, 0, 0, 0, 0, NULL),
(531, 'batch59', 'Archana Kadle ', '9372683512', 'Sir after extending I will get Sam dr,dietitian n excercise expert isn\'t it ', '2021-06-05 20:24:09', '', 0, 0, 'ffdirp211120', 1, 0, 0, 0, 0, 0, NULL),
(532, 'batch59', 'Raj Menon', '9895166727', ' From 15.1 HbA1c a year ago to 6.8 currently,  any tip for weight gain please', '2021-06-05 20:24:24', '', 0, 0, 'ffdirp211120', 1, 0, 1, 0, 0, 0, NULL),
(533, 'batch59', 'Nirmal Mehendale', '9811083684', 'how to go in for GTT ', '2021-06-05 20:24:29', '91', 0, 0, 'ffdirp211120', 1, 0, 0, 0, 0, 0, NULL),
(534, 'batch59', 'JyotiLaxmidas', '211658165', 'Hello Doctor, Grateful and Thank you, will stay connected with FFD.', '2021-06-05 20:25:03', '64', 0, 0, 'ffdirp211120', 1, 0, 0, 0, 0, 0, NULL),
(535, 'batch59', 'Rajshri', '9823745513', 'Love to join you in Wow Wednesday  YOU ALSO TAKE CARE \r\n\r\n\r\n', '2021-06-05 20:25:24', '91', 0, 0, 'ffdirp211120', 1, 0, 0, 0, 0, 0, NULL),
(536, 'batch59', 'Prasad Vedula ', '9848071414', 'Guided group  exercise sessions for 1 hour atleast 3-4 days a week ', '2021-06-05 20:26:28', '', 0, 0, 'ffdirp211120', 1, 0, 0, 0, 0, 0, NULL),
(537, 'batch59', 'Shankar Iyer', '9167417501', 'What medical check up to be done after 3 months or yearl', '2021-06-05 20:26:54', '91', 0, 0, 'ffdirp211120', 1, 0, 0, 0, 0, 0, NULL),
(538, 'batch59', 'shivakumar', '09445001500', 'there is a need to see you.pls notify in whatsapp of the happenings. ', '2021-06-05 20:27:21', '91', 0, 0, 'ffdirp211120', 1, 0, 0, 0, 0, 0, NULL),
(539, 'batch59', 'Rajalekshmi Ramachandran', '8086829408', 'sleeplessness', '2021-06-05 20:27:21', '91', 0, 0, 'ffdirp211120', 1, 0, 0, 0, 0, 0, 'meloset 3'),
(540, 'batch59', 'Rajesh', '9600129846', 'Thanks a lot Dr', '2021-06-05 20:27:21', '91', 0, 0, 'ffdirp211120', 1, 0, 0, 0, 0, 0, NULL),
(541, 'batch59', 'vineet kumar agarwal', '9350570521', 'thank you so much Sir for guiding us ', '2021-06-05 20:29:29', '91', 0, 0, 'ffdirp211120', 0, 0, 0, 0, 0, 0, NULL),
(542, 'batch59', 'Himanahu', '9412996197', 'Thanks', '2021-06-05 20:29:54', '91', 0, 0, 'ffdirp211120', 0, 0, 0, 0, 0, 0, NULL),
(543, 'batch59', 'Rajshri', '9823745513', 'Pl podt palli chant in your voice', '2021-06-05 20:29:55', '91', 0, 0, 'ffdirp211120', 0, 0, 0, 0, 0, 0, NULL),
(544, 'batch59', 'Gouri ganesh wadekÃ r', '9970532727', 'By', '2021-06-05 20:30:00', '', 0, 0, 'ffdirp211120', 0, 0, 0, 0, 0, 0, NULL),
(545, 'batch59', 'Datta Gulumkar', '7286833541', 'Sir thnx and ur just given new life to me', '2021-06-05 20:30:46', '', 0, 0, 'ffdirp211120', 0, 0, 0, 0, 0, 0, NULL),
(546, 'batch59', 'Madhu Sudhan Goyal', '9414459480', 'H', '2021-06-05 21:00:08', '', 0, 0, 'ffdirp211120', 0, 0, 0, 0, 0, 0, NULL);

-- --------------------------------------------------------

--
-- Table structure for table `tbl_users`
--

CREATE TABLE `tbl_users` (
  `id` int(3) NOT NULL,
  `batch` varchar(10) NOT NULL,
  `name` varchar(100) NOT NULL,
  `reg_date` datetime NOT NULL,
  `mobile_num` varchar(20) NOT NULL,
  `login_date` datetime DEFAULT NULL,
  `logout_date` datetime DEFAULT NULL,
  `logout_status` int(11) DEFAULT '0',
  `cntry_code` varchar(10) DEFAULT NULL,
  `eventname` varchar(50) NOT NULL
) ENGINE=InnoDB DEFAULT CHARSET=utf8;

--
-- Dumping data for table `tbl_users`
--

INSERT INTO `tbl_users` (`id`, `batch`, `name`, `reg_date`, `mobile_num`, `login_date`, `logout_date`, `logout_status`, `cntry_code`, `eventname`) VALUES
(1, 'batch59', 'neeraj', '2021-06-02 17:04:46', '9700467764', '2021-06-02 17:04:46', '2021-06-02 18:03:04', 1, '93', 'ffdirp211120'),
(2, 'batch59', 'neeraj', '2021-06-02 17:05:24', '08367773537', '2021-06-02 17:05:24', '2021-06-02 18:03:04', 1, '', 'ffdirp211120'),
(3, 'batch59', 'V', '2021-06-02 17:50:28', '45', '2021-06-02 17:50:28', '2021-06-02 18:22:21', 1, '', 'ffdirp211120'),
(4, 'batch59', 'Bhaskar Kshirsagar', '2021-06-02 21:48:19', '9420781792', '2021-06-05 18:17:28', '2021-06-05 20:41:59', 1, '', 'ffdirp211120'),
(5, 'batch59', 'Aasawari', '2021-06-03 18:36:50', '9892851500', '2021-06-03 18:36:50', '2021-06-03 18:37:20', 1, '91', 'ffdirp211120'),
(6, 'batch59', 'Chetna Jalan', '2021-06-04 05:47:27', '9831150024', '2021-06-05 18:29:32', '2021-06-05 20:35:50', 1, '91', 'ffdirp211120'),
(7, 'batch59', 'Naval singh', '2021-06-04 09:22:30', '9898968688', '2021-06-04 09:22:30', '2021-06-04 09:56:03', 1, '', 'ffdirp211120'),
(8, 'batch59', 'M.Thyagaraj', '2021-06-04 16:49:09', '9448242408', '2021-06-05 18:22:06', '2021-06-05 18:34:11', 1, '91', 'ffdirp211120'),
(9, 'batch59', 'V', '2021-06-04 17:42:25', '514', '2021-06-04 17:42:25', '2021-06-04 17:44:56', 1, '', 'ffdirp211120'),
(10, 'batch59', 'Sriram Ramakrishnan', '2021-06-04 17:54:38', '9372806773', '2021-06-04 17:54:38', '2021-06-04 17:55:39', 1, '', 'ffdirp211120'),
(11, 'batch59', 'Dattukumar ', '2021-06-04 18:14:48', '8457727221', '2021-06-05 18:10:39', '2021-06-05 19:22:23', 0, '1', 'ffdirp211120'),
(12, 'batch59', 'Vyanktesh Pujari', '2021-06-04 18:22:39', '9730039000', '2021-06-04 18:50:00', '2021-06-04 19:02:48', 1, '', 'ffdirp211120'),
(13, 'batch59', 'Surekha Rajendrakumar', '2021-06-04 18:25:34', '09486103246', '2021-06-05 18:37:13', '2021-06-05 20:29:57', 0, '', 'ffdirp211120'),
(14, 'batch59', 'Surekha Rajendrakumar', '2021-06-04 18:31:02', '9486103246', '2021-06-04 18:31:02', '2021-06-04 18:43:38', 0, '', 'ffdirp211120'),
(15, 'batch59', 'Pradeep Kumar Barman', '2021-06-04 18:50:49', '09435048507', '2021-06-04 19:15:01', '2021-06-04 19:16:32', 1, '', 'ffdirp211120'),
(16, 'batch59', 'Pradeep Kumar Barman', '2021-06-04 19:14:08', '9435048507', '2021-06-05 18:29:57', '2021-06-05 20:56:07', 1, '', 'ffdirp211120'),
(17, 'batch59', 'Dr. SURENDRA Pal', '2021-06-04 21:44:52', '9880595280', '2021-06-05 19:22:35', '2021-06-05 20:31:06', 0, '', 'ffdirp211120'),
(18, 'batch59', 'Anil Kumar', '2021-06-05 05:48:15', '9848875750', '2021-06-05 08:25:14', '2021-06-05 08:26:45', 1, '', 'ffdirp211120'),
(19, 'batch59', 'MUKESH KUMBLE', '2021-06-05 08:09:55', '9529211010', '2021-06-05 18:39:08', '2021-06-05 20:30:25', 1, '', 'ffdirp211120'),
(20, 'batch59', 'Jyoti Laxmidas', '2021-06-05 13:14:13', '211658165', '2021-06-05 18:26:50', '2021-06-05 20:33:30', 1, '64', 'ffdirp211120'),
(21, 'batch59', 'Prabhu seksaria', '2021-06-05 15:13:59', '9827026934', '2021-06-05 18:52:14', '2021-06-05 20:30:14', 1, '', 'ffdirp211120'),
(22, 'batch59', 'Shavneet Kumar ', '2021-06-05 16:17:32', '8665690', '2021-06-05 19:19:45', '2021-06-05 19:26:35', 0, '679', 'ffdirp211120'),
(23, 'batch59', 'Aruna Avinash Kapalay', '2021-06-05 16:32:10', '9822195503', '2021-06-05 16:46:09', '2021-06-05 16:57:47', 1, '', 'ffdirp211120'),
(24, 'batch59', 'A S Patil', '2021-06-05 16:50:01', '9342466655', '2021-06-05 16:50:01', '2021-06-05 18:49:07', 0, '91', 'ffdirp211120'),
(25, 'batch59', 'Yogesh', '2021-06-05 16:57:10', '9265452834', '2021-06-05 18:30:22', '2021-06-05 20:33:16', 1, '', 'ffdirp211120'),
(26, 'batch59', 'Sunanda Ghodgaonkar', '2021-06-05 16:57:41', '9160455245', '2021-06-05 16:57:41', '2021-06-05 16:58:11', 1, '91', 'ffdirp211120'),
(27, 'batch59', 'Syedfayazuddin', '2021-06-05 17:07:07', '07358088076', '2021-06-05 19:30:06', '2021-06-05 20:30:07', 1, '', 'ffdirp211120'),
(28, 'batch59', 'samir gadagkar', '2021-06-05 17:20:57', '09916243034', '2021-06-12 15:46:00', '2021-06-12 15:46:30', 1, '', 'ffdirp211120'),
(29, 'batch59', 'Lalitha', '2021-06-05 17:24:31', '9860293313', '2021-06-05 18:31:29', '2021-06-05 20:29:01', 0, '91', 'ffdirp211120'),
(30, 'batch59', 'Moreshwar kale', '2021-06-05 17:26:55', '9270596599', '2021-06-05 17:39:35', '2021-06-05 17:53:43', 0, '91', 'ffdirp211120'),
(31, 'batch59', 'GANESH KUMAR GUPTA', '2021-06-05 17:35:07', '9451447324', '2021-06-05 17:35:07', '2021-06-05 17:40:37', 1, '91', 'ffdirp211120'),
(32, 'batch59', 'Lakshmi Paradkar ', '2021-06-05 17:36:05', '9821364250', '2021-06-05 18:44:18', '2021-06-05 20:29:59', 1, '', 'ffdirp211120'),
(33, 'batch59', 'GITESH SURESH JAJOO', '2021-06-05 17:39:59', '09270058419', '2021-06-05 18:26:46', '2021-06-05 19:24:17', 1, '', 'ffdirp211120'),
(34, 'batch59', 'Kusum chand', '2021-06-05 17:42:17', '9650172271', '2021-06-05 19:29:44', '2021-06-05 20:30:16', 1, '', 'ffdirp211120'),
(35, 'batch59', 'Shavneet Kumar ', '2021-06-05 17:52:14', '8665690', '2021-06-05 17:52:14', '2021-06-05 19:26:35', 0, '298', 'ffdirp211120'),
(36, 'batch59', 'Ashok kandarkar', '2021-06-05 17:52:36', '9420353363', '2021-06-05 20:17:19', '2021-06-05 20:32:50', 1, '91', 'ffdirp211120'),
(37, 'batch59', 'Jatin shah', '2021-06-05 17:54:17', '9820224767', '2021-06-05 20:27:21', '2021-06-05 20:29:51', 1, '91', 'ffdirp211120'),
(38, 'batch59', 'Nalini P C', '2021-06-05 17:56:13', '9902020793', '2021-06-05 17:56:13', '2021-06-05 20:37:31', 0, '91', 'ffdirp211120'),
(39, 'batch59', 'Mohammed shahid', '2021-06-05 17:58:36', '9880227025', '2021-06-05 18:55:48', '2021-06-05 20:30:32', 1, '', 'ffdirp211120'),
(40, 'batch59', 'Kalaichelvi', '2021-06-05 18:00:09', '9894261454', '2021-06-05 20:20:16', '2021-06-05 20:30:16', 1, '91', 'ffdirp211120'),
(41, 'batch59', 'Simmi PATHAK', '2021-06-05 18:00:41', '09810721465', '2021-06-05 19:16:57', '2021-06-05 20:30:12', 1, '91', 'ffdirp211120'),
(42, 'batch59', 'Moreshwar kale', '2021-06-05 18:03:52', '9270596599', '2021-06-05 18:09:54', '2021-06-05 20:01:18', 1, '', 'ffdirp211120'),
(43, 'batch59', 'Swati Shirolkar', '2021-06-05 18:04:12', '09900647730', '2021-06-05 18:04:12', '2021-06-05 19:15:27', 1, '91', 'ffdirp211120'),
(44, 'batch59', 'Eman Guria ', '2021-06-05 18:05:01', '7085095123', '2021-06-05 19:02:01', '2021-06-05 20:14:19', 1, '91', 'ffdirp211120'),
(45, 'batch59', 'Leena Chikte', '2021-06-05 18:06:19', '09987409246', '2021-06-05 19:18:56', '2021-06-05 20:04:45', 1, '91', 'ffdirp211120'),
(46, 'batch59', 'Sanjay Bhole ', '2021-06-05 18:07:38', '9702027801', '2021-06-05 19:27:52', '2021-06-05 20:30:50', 1, '', 'ffdirp211120'),
(47, 'batch59', 'Sunanda Ghodgaonkar', '2021-06-05 18:08:02', '9160455245', '2021-06-05 18:08:02', '2021-06-05 20:29:32', 1, '', 'ffdirp211120'),
(48, 'batch59', 'Chitra Natarajan', '2021-06-05 18:09:06', '9443341397', '2021-06-05 18:32:20', '2021-06-05 20:58:56', 1, '91', 'ffdirp211120'),
(49, 'batch59', 'YA SrinivasaRao ', '2021-06-05 18:11:00', '9490167568', '2021-06-05 19:05:40', '2021-06-05 20:30:11', 1, '', 'ffdirp211120'),
(50, 'batch59', 'Rekha pardeshi', '2021-06-05 18:11:51', '9373309160', '2021-06-05 20:22:23', '2021-06-05 20:31:25', 1, '91', 'ffdirp211120'),
(51, 'batch59', 'Satish K R', '2021-06-05 18:12:12', '9845128550', '2021-06-05 18:12:12', '2021-06-05 21:26:42', 1, '', 'ffdirp211120'),
(52, 'batch59', 'yesuratnam koppula', '2021-06-05 18:12:34', '9444503203', '2021-06-05 18:18:48', '2021-06-05 20:29:53', 0, '91', 'ffdirp211120'),
(53, 'batch59', 'Patrick Lobo', '2021-06-05 18:12:45', '9742586699', '2021-06-05 18:12:45', '2021-06-05 20:29:45', 1, '', 'ffdirp211120'),
(54, 'batch59', 'Mandeep kaur', '2021-06-05 18:12:53', '9779799007', '2021-06-05 18:12:53', '2021-06-05 20:29:54', 1, '', 'ffdirp211120'),
(55, 'batch59', 'Jaspal Singh', '2021-06-05 18:16:07', '9234603567', '2021-06-05 18:16:07', '2021-06-05 19:50:37', 1, '91', 'ffdirp211120'),
(56, 'batch59', 'Ajay Nafde', '2021-06-05 18:17:05', '9845401454', '2021-06-05 20:17:45', '2021-06-05 20:24:46', 1, '', 'ffdirp211120'),
(57, 'batch59', 'Rama N K', '2021-06-05 18:17:51', '9866092726', '2021-06-05 18:17:51', '2021-06-05 20:29:44', 0, '91', 'ffdirp211120'),
(58, 'batch59', 'K Krishnamoorthy', '2021-06-05 18:17:55', '9923616650', '2021-06-05 18:17:55', '2021-06-05 20:06:35', 0, '', 'ffdirp211120'),
(59, 'batch59', 'NITIN BIDIKAR', '2021-06-05 18:18:30', '9440685113', '2021-06-05 18:18:30', '2021-06-05 20:30:31', 1, '91', 'ffdirp211120'),
(60, 'batch59', 'Monica mantri', '2021-06-05 18:18:33', '7527170459', '2021-06-05 18:53:19', '2021-06-05 20:08:20', 1, '44', 'ffdirp211120'),
(61, 'batch59', 'Mahboob Alam', '2021-06-05 18:18:46', '7991182554', '2021-06-05 18:18:46', '2021-06-05 20:29:48', 0, '', 'ffdirp211120'),
(62, 'batch59', 'Ravikant Joshi', '2021-06-05 18:18:55', '9819954065', '2021-06-05 18:18:55', '2021-06-05 20:30:25', 1, '', 'ffdirp211120'),
(63, 'batch59', 'V', '2021-06-05 18:19:10', '654', '2021-06-05 18:19:10', '2021-06-05 18:19:40', 1, '', 'ffdirp211120'),
(64, 'batch59', 'Subramanian ', '2021-06-05 18:19:18', '9892066895', '2021-06-05 18:25:02', '2021-06-05 20:29:11', 0, '91', 'ffdirp211120'),
(65, 'batch59', 'Deesha Pathak', '2021-06-05 18:20:06', '7875887355', '2021-06-05 18:20:06', '2021-06-05 21:00:30', 1, '91', 'ffdirp211120'),
(66, 'batch59', 'A S Patil', '2021-06-05 18:20:18', '9342466655', '2021-06-07 08:26:32', '2021-06-07 08:27:02', 1, '', 'ffdirp211120'),
(67, 'batch59', 'Padma Diwakar', '2021-06-05 18:21:15', '9594049933', '2021-06-05 18:21:15', '2021-06-05 19:49:45', 1, '91', 'ffdirp211120'),
(68, 'batch59', 'Avinash Khandpur ', '2021-06-05 18:21:19', '9891121007', '2021-06-05 18:21:19', '2021-06-05 20:31:05', 1, '', 'ffdirp211120'),
(69, 'batch59', 'aruna kapalay', '2021-06-05 18:21:21', '9822195503', '2021-06-15 18:58:48', '2021-06-15 19:01:37', 1, '91', 'ffdirp211120'),
(70, 'batch59', 'Raji Menon', '2021-06-05 18:21:30', '9895166727', '2021-06-05 19:06:27', '2021-06-05 20:52:10', 1, '', 'ffdirp211120'),
(71, 'batch59', 'Vimala.j ', '2021-06-05 18:21:35', '6301276729', '2021-06-05 20:21:59', '2021-06-05 21:17:54', 1, '91', 'ffdirp211120'),
(72, 'batch59', 'DAYANANDA S', '2021-06-05 18:22:27', '9886134266', '2021-06-05 19:53:10', '2021-06-05 20:43:23', 1, '91', 'ffdirp211120'),
(73, 'batch59', 'Nandkumar Kagvate ', '2021-06-05 18:22:28', '9845285133', '2021-06-05 18:22:28', '2021-06-05 20:29:58', 1, '', 'ffdirp211120'),
(74, 'batch59', 'Neelam khandpur', '2021-06-05 18:22:38', '9953721005', '2021-06-15 16:57:30', '2021-06-15 16:58:00', 1, '', 'ffdirp211120'),
(75, 'batch59', 'Meena Shah', '2021-06-05 18:22:43', '9341112252', '2021-06-05 18:22:43', '2021-06-05 19:23:51', 1, '', 'ffdirp211120'),
(76, 'batch59', 'Rajalekshmi Ramachandran', '2021-06-05 18:22:48', '8086829408', '2021-06-05 18:22:48', '2021-06-05 20:45:21', 1, '91', 'ffdirp211120'),
(77, 'batch59', 'Ranjani', '2021-06-05 18:22:56', '9820697971', '2021-06-05 18:51:54', '2021-06-05 20:26:17', 1, '91', 'ffdirp211120'),
(78, 'batch59', 'Nayna', '2021-06-05 18:23:17', '9004304573', '2021-06-05 19:25:56', '2021-06-05 20:29:57', 1, '91', 'ffdirp211120'),
(79, 'batch59', 'Nimisha Shah', '2021-06-05 18:23:39', '9088128768', '2021-06-05 18:23:39', '2021-06-05 20:01:41', 1, '1', 'ffdirp211120'),
(80, 'batch59', 'Savita kandarkar', '2021-06-05 18:23:54', '9404845917', '2021-06-05 18:23:54', '2021-06-05 18:33:56', 0, '91', 'ffdirp211120'),
(81, 'batch59', 'Nikesh Porwal', '2021-06-05 18:23:54', '9886302197', '2021-06-05 18:40:06', '2021-06-05 20:31:26', 1, '', 'ffdirp211120'),
(82, 'batch59', 'venkatesan sundaram', '2021-06-05 18:23:57', '9500403740', '2021-06-05 18:23:57', '2021-06-05 19:57:27', 1, '91', 'ffdirp211120'),
(83, 'batch59', 'VARADARAJA PAI', '2021-06-05 18:24:01', '9995422061', '2021-06-05 18:24:01', '2021-06-05 20:30:25', 1, '91', 'ffdirp211120'),
(84, 'batch59', 'Anand Kumar Hetamsaria', '2021-06-05 18:24:06', '9431153769', '2021-06-05 18:24:06', '2021-06-05 20:16:30', 0, '91', 'ffdirp211120'),
(85, 'batch59', 'Lalita sharma            ', '2021-06-05 18:24:21', '8910064964', '2021-06-05 18:24:21', '2021-06-05 20:30:13', 1, '', 'ffdirp211120'),
(86, 'batch59', 'Srikanth Bhat', '2021-06-05 18:24:25', '9845243213', '2021-06-05 19:02:18', '2021-06-05 20:30:22', 1, '', 'ffdirp211120'),
(87, 'batch59', 'Lalita P Joshi', '2021-06-05 18:24:38', '9833888166', '2021-06-05 20:26:29', '2021-06-05 20:41:57', 1, '', 'ffdirp211120'),
(88, 'batch59', 'awadh kishore pandey', '2021-06-05 18:24:40', '9438493466', '2021-06-05 18:38:36', '2021-06-05 20:30:51', 1, '', 'ffdirp211120'),
(89, 'batch59', 'Ravindra Kumar Jain', '2021-06-05 18:25:07', '9824113747', '2021-06-05 18:25:07', '2021-06-05 20:27:20', 1, '', 'ffdirp211120'),
(90, 'batch59', 'Nidhi jain', '2021-06-05 18:25:41', '9910862229', '2021-06-05 19:54:50', '2021-06-05 20:34:13', 1, '', 'ffdirp211120'),
(91, 'batch59', 'Sandhya Maheshwari', '2021-06-05 18:25:44', '09412273293', '2021-06-05 18:25:44', '2021-06-05 19:44:55', 0, '91', 'ffdirp211120'),
(92, 'batch59', 'Nandkumar Athawale', '2021-06-05 18:26:00', '9821888430', '2021-06-05 18:26:00', '2021-06-05 20:36:46', 1, '91', 'ffdirp211120'),
(93, 'batch59', 'Kavita Shah', '2021-06-05 18:26:00', '9195229618', '2021-06-05 18:27:57', '2021-06-05 18:31:28', 1, '1', 'ffdirp211120'),
(94, 'batch59', 'Ravindiran', '2021-06-05 18:26:01', '9786333514', '2021-06-05 19:20:52', '2021-06-05 20:30:20', 1, '91', 'ffdirp211120'),
(95, 'batch59', 'Shailaja Vidwans', '2021-06-05 18:26:04', '9604011191', '2021-06-05 18:26:04', '2021-06-05 20:31:06', 1, '', 'ffdirp211120'),
(96, 'batch59', 'Chittibabu', '2021-06-05 18:26:14', '90129465', '2021-06-05 18:26:14', '2021-06-05 20:31:32', 1, '65', 'ffdirp211120'),
(97, 'batch59', 'Sanjay Kumar', '2021-06-05 18:26:23', '8107002200', '2021-06-05 18:26:23', '2021-06-05 18:31:51', 1, '', 'ffdirp211120'),
(98, 'batch59', 'Narendra Bari', '2021-06-05 18:26:41', '9970204831', '2021-06-05 18:26:41', '2021-06-05 20:30:11', 1, '', 'ffdirp211120'),
(99, 'batch59', 'Dipak Shah', '2021-06-05 18:27:00', '9825972712', '2021-06-05 19:50:51', '2021-06-05 20:29:29', 1, '', 'ffdirp211120'),
(100, 'batch59', 'Harsh Aggarwal', '2021-06-05 18:27:00', '9988395030', '2021-06-05 18:41:38', '2021-06-05 18:42:38', 1, '91', 'ffdirp211120'),
(101, 'batch59', 'DEVA RAJU', '2021-06-05 18:27:07', '9900254180', '2021-06-05 18:27:07', '2021-06-05 20:59:33', 0, '', 'ffdirp211120'),
(102, 'batch59', 'BS Sridhar', '2021-06-05 18:27:11', '9819305562', '2021-06-05 18:27:11', '2021-06-05 20:38:46', 1, '91', 'ffdirp211120'),
(103, 'batch59', 'Manish Kothari ', '2021-06-05 18:27:14', '4693443390', '2021-06-05 18:27:54', '2021-06-05 18:28:24', 1, '1', 'ffdirp211120'),
(104, 'batch59', 'satyajeet ghosh', '2021-06-05 18:27:26', '6316819232', '2021-06-05 18:27:26', '2021-06-05 20:18:27', 1, '1', 'ffdirp211120'),
(105, 'batch59', 'Sunita Bhamburdekar', '2021-06-05 18:27:36', '9370669878', '2021-06-05 18:27:36', '2021-06-05 20:11:37', 1, '', 'ffdirp211120'),
(106, 'batch59', 'Boskey', '2021-06-05 18:27:41', '8447247178', '2021-06-05 18:42:10', '2021-06-05 20:35:58', 1, '', 'ffdirp211120'),
(107, 'batch59', 'Nirmala Mahesh', '2021-06-05 18:27:46', '9886082905', '2021-06-05 19:28:35', '2021-06-05 20:55:32', 1, '', 'ffdirp211120'),
(108, 'batch59', 'Sureshkumar Achari', '2021-06-05 18:27:48', '09377840342', '2021-06-05 18:27:48', '2021-06-05 19:29:18', 1, '91', 'ffdirp211120'),
(109, 'batch59', 'Amish Shah', '2021-06-05 18:27:48', '9199249543', '2021-06-05 19:50:29', '2021-06-05 20:11:30', 1, '1', 'ffdirp211120'),
(110, 'batch59', 'Jayachandra Pai', '2021-06-05 18:27:58', '9845042023', '2021-06-05 19:48:02', '2021-06-05 20:18:51', 1, '', 'ffdirp211120'),
(111, 'batch59', 'Surendra Kulkarni', '2021-06-05 18:28:01', '9916909511', '2021-06-05 19:21:24', '2021-06-05 20:18:08', 1, '', 'ffdirp211120'),
(112, 'batch59', 'Nirmal Mehendale', '2021-06-05 18:28:13', '9811083684', '2021-06-05 18:28:13', '2021-06-05 20:29:49', 0, '91', 'ffdirp211120'),
(113, 'batch59', 'Anitha Devi M', '2021-06-05 18:28:15', '9397623455', '2021-06-05 18:28:15', '2021-06-05 20:30:15', 1, '', 'ffdirp211120'),
(114, 'batch59', 'Smita vijay shah', '2021-06-05 18:28:18', '9767740044', '2021-06-05 18:28:18', '2021-06-05 20:29:00', 0, '91', 'ffdirp211120'),
(115, 'batch59', 'Eshleen Jolly', '2021-06-05 18:28:18', '9900832296', '2021-06-05 18:28:18', '2021-06-05 20:31:52', 1, '', 'ffdirp211120'),
(116, 'batch59', 'Balbir', '2021-06-05 18:28:29', '0165555325', '2021-06-05 18:28:29', '2021-06-05 20:30:08', 0, '60', 'ffdirp211120'),
(117, 'batch59', 'Shashi', '2021-06-05 18:28:40', '9818390035', '2021-06-05 18:28:40', '2021-06-05 20:30:02', 0, '', 'ffdirp211120'),
(118, 'batch59', 'Veena Jaswal', '2021-06-05 18:28:41', '9816251425', '2021-06-05 19:40:47', '2021-06-05 21:21:18', 1, '', 'ffdirp211120'),
(119, 'batch59', 'Manish', '2021-06-05 18:28:55', '4693442390', '2021-06-05 18:28:55', '2021-06-05 20:30:00', 1, '1', 'ffdirp211120'),
(120, 'batch59', 'Aruna Kodati', '2021-06-05 18:29:00', '9490456735', '2021-06-05 19:19:07', '2021-06-05 20:36:02', 0, '', 'ffdirp211120'),
(121, 'batch59', 'Saraswati Mane', '2021-06-05 18:29:33', '9763026418', '2021-06-05 18:29:33', '2021-06-05 20:30:04', 1, '91', 'ffdirp211120'),
(122, 'batch59', 'Abhijeet Kudva', '2021-06-05 18:29:36', '9769799855', '2021-06-05 18:29:36', '2021-06-05 20:00:14', 1, '', 'ffdirp211120'),
(123, 'batch59', 'abhijeet bhand', '2021-06-05 18:29:47', '9960916122', '2021-06-05 18:29:47', '2021-06-05 20:30:27', 0, '', 'ffdirp211120'),
(124, 'batch59', 'Harsha Chandaria', '2021-06-05 18:29:50', '771390955', '2021-06-05 18:29:50', '2021-06-05 20:30:07', 0, '254', 'ffdirp211120'),
(125, 'batch59', 'Nitin Survase', '2021-06-05 18:30:01', '09561154646', '2021-06-05 18:30:01', '2021-06-05 20:30:01', 1, '', 'ffdirp211120'),
(126, 'batch59', 'SHIVA', '2021-06-05 18:30:02', '9445001500', '2021-06-05 18:30:02', '2021-06-05 22:45:57', 1, '', 'ffdirp211120'),
(127, 'batch59', 'Vineet kumar Agarwal', '2021-06-05 18:30:04', '9350570521', '2021-06-05 20:08:21', '2021-06-05 20:39:52', 1, '91', 'ffdirp211120'),
(128, 'batch59', 'ZAHURHUSEN KADRI ', '2021-06-05 18:30:08', '9228242597', '2021-06-05 19:33:52', '2021-06-05 20:29:53', 1, '91', 'ffdirp211120'),
(129, 'batch59', 'Anupama', '2021-06-05 18:30:12', '9542347566', '2021-06-05 18:30:12', '2021-06-05 20:29:45', 1, '1', 'ffdirp211120'),
(130, 'batch59', 'Vijaykumar Kulkarni', '2021-06-05 18:30:15', '9448559798', '2021-06-05 18:30:15', '2021-06-05 20:30:17', 1, '', 'ffdirp211120'),
(131, 'batch59', 'Jagdish Menghani ', '2021-06-05 18:30:20', '6265039204', '2021-06-05 18:30:20', '2021-06-05 20:31:36', 0, '', 'ffdirp211120'),
(132, 'batch59', 'Ramachandran', '2021-06-05 18:30:24', '8939703363', '2021-06-05 18:30:24', '2021-06-05 20:24:09', 0, '', 'ffdirp211120'),
(133, 'batch59', 'Deepa Gidwani', '2021-06-05 18:30:29', '63336760', '2021-06-05 18:30:29', '2021-06-05 20:08:39', 0, '852', 'ffdirp211120'),
(134, 'batch59', 'sonali sethi', '2021-06-05 18:30:39', '94223540', '2021-06-05 18:30:39', '2021-06-05 21:06:33', 1, '852', 'ffdirp211120'),
(135, 'batch59', 'Mahesh patel', '2021-06-05 18:30:43', '9826477758', '2021-06-05 20:28:20', '2021-06-05 20:33:21', 1, '91', 'ffdirp211120'),
(136, 'batch59', 'Manish Kumar Rawat', '2021-06-05 18:30:46', '9650510611', '2021-06-05 18:30:46', '2021-06-05 19:51:48', 1, '', 'ffdirp211120'),
(137, 'batch59', 'Girish M', '2021-06-05 18:30:55', '9844703366', '2021-06-05 18:55:22', '2021-06-05 19:55:29', 1, '91', 'ffdirp211120'),
(138, 'batch59', 'Rajesh', '2021-06-05 18:31:06', '9600129846', '2021-06-05 18:31:06', '2021-06-05 20:30:26', 1, '91', 'ffdirp211120'),
(139, 'batch59', 'GANESH KUMAR GUPTA', '2021-06-05 18:31:07', '9451447324', '2021-06-05 18:31:07', '2021-06-05 19:46:36', 1, '', 'ffdirp211120'),
(140, 'batch59', 'Ramawadh Vishwakarma', '2021-06-05 18:31:07', '9623918368', '2021-06-05 18:31:07', '2021-06-05 20:30:05', 1, '', 'ffdirp211120'),
(141, 'batch59', 'Bhanumathy', '2021-06-05 18:31:17', '9840941499', '2021-06-05 18:46:47', '2021-06-05 20:27:53', 0, '', 'ffdirp211120'),
(142, 'batch59', 'Umarani V', '2021-06-05 18:31:21', '8754468963', '2021-06-05 18:31:21', '2021-06-05 18:41:23', 1, '', 'ffdirp211120'),
(143, 'batch59', 'Shashi p. Deshmukh', '2021-06-05 18:31:25', '9049280189', '2021-06-05 19:04:15', '2021-06-05 19:04:45', 1, '', 'ffdirp211120'),
(144, 'batch59', 'Anjana ghosh', '2021-06-05 18:31:28', '7325479226', '2021-06-05 18:31:28', '2021-06-05 19:24:00', 1, '1', 'ffdirp211120'),
(145, 'batch59', 'Prashant Gupta', '2021-06-05 18:31:30', '90230702', '2021-06-05 18:31:30', '2021-06-05 20:30:30', 1, '65', 'ffdirp211120'),
(146, 'batch59', 'PK KAUSHIK', '2021-06-05 18:31:32', '09818429060', '2021-06-05 20:22:07', '2021-06-05 20:25:07', 1, '91', 'ffdirp211120'),
(147, 'batch59', 'Payal Talreja', '2021-06-05 18:31:36', '9810419377', '2021-06-05 18:31:36', '2021-06-05 20:02:24', 1, '', 'ffdirp211120'),
(148, 'batch59', 'Sunnita S Kanade', '2021-06-05 18:31:37', '9423992555', '2021-06-05 19:42:11', '2021-06-05 20:30:41', 1, '', 'ffdirp211120'),
(149, 'batch59', 'Gouri ganesh wadekÃ r', '2021-06-05 18:31:39', '9970532727', '2021-06-05 20:27:40', '2021-06-05 20:31:11', 1, '', 'ffdirp211120'),
(150, 'batch59', 'Gyanesh', '2021-06-05 18:31:40', '9765905570', '2021-06-05 19:30:27', '2021-06-05 20:30:02', 0, '', 'ffdirp211120'),
(151, 'batch59', 'Chandra Prabha Rawal', '2021-06-05 18:32:00', '7303108777', '2021-06-05 18:48:01', '2021-06-05 20:24:02', 1, '', 'ffdirp211120'),
(152, 'batch59', 'Naguesh pai kakode ', '2021-06-05 18:32:07', '9822120703', '2021-06-05 20:44:48', '2021-06-05 21:36:46', 1, '', 'ffdirp211120'),
(153, 'batch59', 'VASANT babu k', '2021-06-05 18:32:13', '9848834855', '2021-06-05 18:32:13', '2021-06-05 20:29:09', 0, '91', 'ffdirp211120'),
(154, 'batch59', 'Mahesh Pophale', '2021-06-05 18:32:15', '8291182190', '2021-06-05 18:32:15', '2021-06-05 20:41:16', 1, '', 'ffdirp211120'),
(155, 'batch59', 'rachana rao  ', '2021-06-05 18:32:19', '9323975761', '2021-06-05 18:32:19', '2021-06-05 20:29:52', 0, '91', 'ffdirp211120'),
(156, 'batch59', 'Archana Kadle ', '2021-06-05 18:32:37', '9372683512', '2021-06-05 18:32:37', '2021-06-05 20:30:23', 1, '', 'ffdirp211120'),
(157, 'batch59', 'Sanjay Dabholkar', '2021-06-05 18:32:38', '09881167871', '2021-06-05 18:54:24', '2021-06-05 20:37:28', 1, '', 'ffdirp211120'),
(158, 'batch59', 'Sriram', '2021-06-05 18:32:42', '9840088273', '2021-06-05 19:36:14', '2021-06-05 20:29:52', 0, '', 'ffdirp211120'),
(159, 'batch59', 'Madhuri Ranjalkar', '2021-06-05 18:32:48', '9820636570', '2021-06-05 18:32:48', '2021-06-05 20:12:09', 1, '91', 'ffdirp211120'),
(160, 'batch59', 'G Arunachalam', '2021-06-05 18:32:49', '9771407595', '2021-06-05 19:57:31', '2021-06-05 20:14:04', 0, '91', 'ffdirp211120'),
(161, 'batch59', 'Govindrajan R Bhatta', '2021-06-05 18:33:12', '504509300', '2021-06-05 18:33:12', '2021-06-05 20:00:43', 1, '971', 'ffdirp211120'),
(162, 'batch59', 'Harshad', '2021-06-05 18:33:18', '9743139407', '2021-06-05 20:03:40', '2021-06-05 20:20:26', 1, '', 'ffdirp211120'),
(163, 'batch59', 'Binay kumar Singh', '2021-06-05 18:33:31', '9431019953', '2021-06-05 19:33:17', '2021-06-05 20:29:51', 0, '91', 'ffdirp211120'),
(164, 'batch59', 'B A kulkarni', '2021-06-05 18:33:50', '7774031271', '2021-06-05 18:39:28', '2021-06-05 20:30:14', 1, '91', 'ffdirp211120'),
(165, 'batch59', 'R.VATHSALA', '2021-06-05 18:34:02', '9443345924', '2021-06-05 18:34:02', '2021-06-05 19:56:33', 1, '91', 'ffdirp211120'),
(166, 'batch59', 'Chhaya  Mangalgiri ', '2021-06-05 18:34:09', '9425555989', '2021-06-05 18:34:09', '2021-06-05 19:46:47', 0, '', 'ffdirp211120'),
(167, 'batch59', 'Dr Ram S', '2021-06-05 18:34:13', '09321117015', '2021-06-05 18:34:13', '2021-06-05 20:30:14', 1, '91', 'ffdirp211120'),
(168, 'batch59', 'Saroj Nagal ', '2021-06-05 18:34:49', '9406558504', '2021-06-05 18:34:49', '2021-06-05 19:08:20', 1, '91', 'ffdirp211120'),
(169, 'batch59', 'SATHYAVANTHA BHAT', '2021-06-05 18:34:59', '2068169699', '2021-06-05 19:21:55', '2021-06-05 19:38:36', 1, '1', 'ffdirp211120'),
(170, 'batch59', 'Supiya', '2021-06-05 18:35:06', '7449189989', '2021-06-05 19:20:07', '2021-06-05 19:59:38', 1, '91', 'ffdirp211120'),
(171, 'batch59', 'Rajnish kehair', '2021-06-05 18:35:17', '9810047296', '2021-06-05 20:29:10', '2021-06-05 20:30:11', 1, '91', 'ffdirp211120'),
(172, 'batch59', 'Sapna desai', '2021-06-05 18:35:29', '9879440044', '2021-06-05 19:31:02', '2021-06-05 20:37:55', 1, '', 'ffdirp211120'),
(173, 'batch59', 'Sahana', '2021-06-05 18:35:39', '8861867328', '2021-06-05 20:19:22', '2021-06-05 20:34:09', 1, '91', 'ffdirp211120'),
(174, 'batch59', 'Sanat kumar', '2021-06-05 18:35:46', '7702227162', '2021-06-05 19:45:05', '2021-06-05 19:59:07', 1, '91', 'ffdirp211120'),
(175, 'batch59', 'Ashfaq Ahamed', '2021-06-05 18:36:46', '9741190000', '2021-06-05 20:08:57', '2021-06-05 20:34:09', 1, '', 'ffdirp211120'),
(176, 'batch59', 'Smita vijay Shah', '2021-06-05 18:36:46', '9767740044', '2021-06-05 20:12:08', '2021-06-05 20:29:00', 0, '', 'ffdirp211120'),
(177, 'batch59', 'Surekha', '2021-06-05 18:36:56', '9845031842', '2021-06-05 18:38:16', '2021-06-05 20:39:58', 1, '91', 'ffdirp211120'),
(178, 'batch59', 'Veena Purna Chitwadigi', '2021-06-05 18:37:00', '09940546302', '2021-06-05 20:26:26', '2021-06-05 20:30:10', 1, '', 'ffdirp211120'),
(179, 'batch59', 'Sarang Nilkanth Balankhe', '2021-06-05 18:37:09', '9822003317', '2021-06-05 18:37:09', '2021-06-05 20:30:10', 1, '', 'ffdirp211120'),
(180, 'batch59', 'Pratibha Gupte', '2021-06-05 18:37:26', '9820644908', '2021-06-05 18:37:26', '2021-06-05 18:54:44', 1, '', 'ffdirp211120'),
(181, 'batch59', 'Vijayaadiga', '2021-06-05 18:37:50', '8277259502', '2021-06-05 18:37:50', '2021-06-05 18:56:25', 0, '91', 'ffdirp211120'),
(182, 'batch59', 'Sudershan Kumar Bakshi', '2021-06-05 18:37:55', '9419636419', '2021-06-05 18:43:49', '2021-06-05 20:24:53', 0, '91', 'ffdirp211120'),
(183, 'batch59', 'Nisha Pandey', '2021-06-05 18:37:58', '9769557224', '2021-06-05 18:37:58', '2021-06-05 20:36:28', 1, '91', 'ffdirp211120'),
(184, 'batch59', 'Prasad Vedula ', '2021-06-05 18:38:02', '9848071414', '2021-06-05 19:33:34', '2021-06-05 21:30:13', 1, '', 'ffdirp211120'),
(185, 'batch59', 'Ranju Jhunjhunwala ', '2021-06-05 18:38:05', '9969424421', '2021-06-05 19:47:56', '2021-06-05 20:29:40', 1, '', 'ffdirp211120'),
(186, 'batch59', 'Lakshmi Kalyani', '2021-06-05 18:38:16', '6381532725', '2021-06-05 18:38:16', '2021-06-05 19:04:48', 0, '91', 'ffdirp211120'),
(187, 'batch59', 'Navneet', '2021-06-05 18:38:17', '9326412354', '2021-06-05 19:45:23', '2021-06-05 20:01:54', 1, '', 'ffdirp211120'),
(188, 'batch59', 'Revati sakhare', '2021-06-05 18:38:20', '7776917350', '2021-06-05 18:38:20', '2021-06-05 20:24:29', 0, '', 'ffdirp211120'),
(189, 'batch59', 'Milan Shah', '2021-06-05 18:38:24', '09322242566', '2021-06-05 19:41:55', '2021-06-05 20:05:51', 0, '91', 'ffdirp211120'),
(190, 'batch59', 'Sanjay Shah', '2021-06-05 18:38:27', '7327189205', '2021-06-05 18:54:40', '2021-06-05 20:29:17', 1, '1', 'ffdirp211120'),
(191, 'batch59', 'Geetha pradad', '2021-06-05 18:38:35', '9449015339', '2021-06-05 20:08:56', '2021-06-05 20:10:19', 0, '', 'ffdirp211120'),
(192, 'batch59', 'Lakshmi Rao R', '2021-06-05 18:38:38', '9901054995', '2021-06-05 18:38:38', '2021-06-05 20:30:01', 0, '91', 'ffdirp211120'),
(193, 'batch59', 'Pashupati Kumar', '2021-06-05 18:38:43', '9866315466', '2021-06-05 18:38:43', '2021-06-05 19:51:16', 0, '', 'ffdirp211120'),
(194, 'batch59', 'Madhu Sudhan Goyal', '2021-06-05 18:38:48', '9414459480', '2021-06-05 18:38:48', '2021-06-05 21:00:34', 1, '', 'ffdirp211120'),
(195, 'batch59', 'Himanahu', '2021-06-05 18:39:07', '9412996197', '2021-06-05 18:39:07', '2021-06-05 20:30:28', 1, '91', 'ffdirp211120'),
(196, 'batch59', 'Chandan', '2021-06-05 18:39:27', '9604638943', '2021-06-05 20:43:29', '2021-06-05 21:01:06', 1, '91', 'ffdirp211120'),
(197, 'batch59', 'Rajshri SDeshpande', '2021-06-05 18:39:27', '9823745513', '2021-06-05 18:40:20', '2021-06-05 20:31:28', 1, '91', 'ffdirp211120'),
(198, 'batch59', 'Jayashree Bidwe', '2021-06-05 18:39:37', '8149161761', '2021-06-05 18:39:37', '2021-06-05 19:16:08', 1, '', 'ffdirp211120'),
(199, 'batch59', 'M Thyagaraj', '2021-06-05 18:39:41', '9448242408', '2021-06-05 18:39:41', '2021-06-05 20:30:51', 1, '', 'ffdirp211120'),
(200, 'batch59', 'Umarani V', '2021-06-05 18:39:52', '08754468963', '2021-06-05 19:08:56', '2021-06-05 21:22:29', 1, '', 'ffdirp211120'),
(201, 'batch59', 'Venu', '2021-06-05 18:41:31', '9742251372', '2021-06-05 19:07:20', '2021-06-05 19:31:51', 1, '', 'ffdirp211120'),
(202, 'batch59', 'revati sakhare', '2021-06-05 18:41:35', '7776917350', '2021-06-05 18:43:47', '2021-06-05 20:24:29', 0, '91', 'ffdirp211120'),
(203, 'batch59', 'Col V K Bhatnagar', '2021-06-05 18:41:42', '9223268250', '2021-06-05 18:41:42', '2021-06-05 20:41:25', 1, '', 'ffdirp211120'),
(204, 'batch59', 'kavita nangia', '2021-06-05 18:41:51', '09810696806', '2021-06-05 18:41:51', '2021-06-05 20:29:59', 1, '', 'ffdirp211120'),
(205, 'batch59', 'Sreedevi ', '2021-06-05 18:41:56', '8500086688', '2021-06-05 20:31:13', '2021-06-05 20:31:44', 0, '', 'ffdirp211120'),
(206, 'batch59', 'Ramachandra holakal', '2021-06-05 18:43:35', '0226003930', '2021-06-05 19:50:20', '2021-06-05 20:09:22', 1, '64', 'ffdirp211120'),
(207, 'batch59', 'Harsh Aggarwal', '2021-06-05 18:43:57', '9988395030', '2021-06-05 18:43:57', '2021-06-05 20:29:58', 1, '', 'ffdirp211120'),
(208, 'batch59', 'Rajender Arora', '2021-06-05 18:43:58', '9352302829', '2021-06-05 19:50:06', '2021-06-05 20:30:06', 1, '91', 'ffdirp211120'),
(209, 'batch59', 'Eman Guria', '2021-06-05 18:44:00', '7085095123', '2021-06-05 18:44:00', '2021-06-05 19:03:09', 1, '', 'ffdirp211120'),
(210, 'batch59', 'Banu Iyer', '2021-06-05 18:44:05', '416011701', '2021-06-05 18:44:05', '2021-06-05 20:33:07', 1, '61', 'ffdirp211120'),
(211, 'batch59', 'Amruta', '2021-06-05 18:44:17', '7387536067', '2021-06-05 18:44:17', '2021-06-05 21:39:04', 1, '91', 'ffdirp211120'),
(212, 'batch59', 'Shobhit kumar sinha', '2021-06-05 18:44:23', '09999033662', '2021-06-05 20:30:51', '2021-06-05 20:31:21', 1, '', 'ffdirp211120'),
(213, 'batch59', 'Urmila', '2021-06-05 18:44:49', '9970789706', '2021-06-05 18:44:49', '2021-06-05 18:46:20', 1, '91', 'ffdirp211120'),
(214, 'batch59', 'S Dharmaraju ', '2021-06-05 18:45:29', '9849295350', '2021-06-05 19:09:38', '2021-06-05 20:26:41', 1, '', 'ffdirp211120'),
(215, 'batch59', 'rajni gupta', '2021-06-05 18:46:10', '09873680734', '2021-06-05 18:46:10', '2021-06-05 20:19:40', 1, '', 'ffdirp211120'),
(216, 'batch59', 'Sunitha ', '2021-06-05 18:46:16', '0211725982', '2021-06-05 18:52:48', '2021-06-05 19:02:49', 1, '64', 'ffdirp211120'),
(217, 'batch59', 'PK KAUSHIK', '2021-06-05 18:46:22', '09818429060', '2021-06-05 18:46:22', '2021-06-05 20:01:52', 1, '', 'ffdirp211120'),
(218, 'batch59', 'Sanjay kumar', '2021-06-05 18:46:54', '8107002300', '2021-06-05 18:46:54', '2021-06-05 20:31:00', 1, '', 'ffdirp211120'),
(219, 'batch59', 'Anup Wagadre', '2021-06-05 18:48:08', '07760137674', '2021-06-05 18:48:08', '2021-06-05 18:48:49', 0, '44', 'ffdirp211120'),
(220, 'batch59', 'chandan kumar', '2021-06-05 18:48:38', '8178298039', '2021-06-05 18:48:38', '2021-06-05 20:36:40', 1, '', 'ffdirp211120'),
(221, 'batch59', 'Jivan patil', '2021-06-05 18:48:47', '9975568753', '2021-06-05 19:08:41', '2021-06-05 20:30:00', 0, '', 'ffdirp211120'),
(222, 'batch59', 'Prithviraj', '2021-06-05 18:49:01', '0899443032', '2021-06-05 18:49:01', '2021-06-05 18:55:32', 1, '353', 'ffdirp211120'),
(223, 'batch59', 'Rajender Arora', '2021-06-05 18:50:53', '9352382829', '2021-06-05 18:50:53', '2021-06-05 19:50:24', 1, '91', 'ffdirp211120'),
(224, 'batch59', 'Savita kandarkar', '2021-06-05 18:51:00', '940484591', '2021-06-05 18:51:00', '2021-06-05 20:17:44', 0, '91', 'ffdirp211120'),
(225, 'batch59', 'Ayush Jain', '2021-06-05 18:51:21', '09893300758', '2021-06-05 18:51:21', '2021-06-05 18:52:22', 1, '91', 'ffdirp211120'),
(226, 'batch59', 'Sunita Ranvirkar ', '2021-06-05 18:51:59', '7588838134', '2021-06-05 18:51:59', '2021-06-05 20:32:58', 1, '91', 'ffdirp211120'),
(227, 'batch59', 'Arjun Chandrashekar', '2021-06-05 18:52:02', '09986703892', '2021-06-05 18:52:02', '2021-06-05 18:53:02', 1, '', 'ffdirp211120'),
(228, 'batch59', 'Naveen', '2021-06-05 18:52:35', '9900216470', '2021-06-05 18:52:35', '2021-06-05 19:37:35', 1, '', 'ffdirp211120'),
(229, 'batch59', 'Nilesh Jain', '2021-06-05 18:52:38', '09168603884', '2021-06-05 18:52:38', '2021-06-05 19:58:41', 1, '91', 'ffdirp211120'),
(230, 'batch59', 'Shankar Iyer', '2021-06-05 18:54:18', '9167417501', '2021-06-05 19:23:47', '2021-06-05 20:30:03', 1, '91', 'ffdirp211120'),
(231, 'batch59', 'Gouri', '2021-06-05 18:55:03', '9920816519', '2021-06-05 18:56:22', '2021-06-05 18:57:53', 0, '', 'ffdirp211120'),
(232, 'batch59', 'KVSR ANJANEYULU', '2021-06-05 18:56:18', '09949992501', '2021-06-05 18:56:18', '2021-06-05 19:00:18', 1, '', 'ffdirp211120'),
(233, 'batch59', 'lee', '2021-06-05 18:56:39', '9987409246', '2021-06-05 18:56:39', '2021-06-05 19:18:50', 1, '91', 'ffdirp211120'),
(234, 'batch59', 'Ganesh', '2021-06-05 18:56:45', '9833119056', '2021-06-05 18:56:45', '2021-06-05 19:17:47', 1, '', 'ffdirp211120'),
(235, 'batch59', 'Vijayaadiga', '2021-06-05 18:57:42', '8277259202', '2021-06-05 18:57:42', '2021-06-05 20:31:16', 1, '91', 'ffdirp211120'),
(236, 'batch59', 'GOURI GANESH BHAWALKAR', '2021-06-05 18:59:08', '09920816519', '2021-06-05 19:24:27', '2021-06-05 21:48:36', 1, '', 'ffdirp211120'),
(237, 'batch59', 'Nirmala rathi', '2021-06-05 19:01:16', '9845191919', '2021-06-05 19:01:16', '2021-06-05 19:57:47', 1, '', 'ffdirp211120'),
(238, 'batch59', 'Devesh', '2021-06-05 19:03:29', '9623133429', '2021-06-05 19:03:29', '2021-06-05 19:17:00', 1, '91', 'ffdirp211120'),
(239, 'batch59', 'Arut', '2021-06-05 19:03:51', '96452592', '2021-06-05 19:03:51', '2021-06-05 20:17:22', 1, '65', 'ffdirp211120'),
(240, 'batch59', 'SHIRISH WAMAN KIRLOSKAR', '2021-06-05 19:04:30', '09552554096', '2021-06-05 19:04:30', '2021-06-05 20:31:46', 1, '', 'ffdirp211120'),
(241, 'batch59', 'Avishak Basumatary ', '2021-06-05 19:05:57', '9593709032', '2021-06-05 19:05:57', '2021-06-05 19:10:50', 1, '', 'ffdirp211120'),
(242, 'batch59', 'Ajit Jain', '2021-06-05 19:07:00', '09431214816', '2021-06-05 19:07:00', '2021-06-05 19:10:36', 0, '91', 'ffdirp211120'),
(243, 'batch59', 'DR VILAS TRIBHUWAN', '2021-06-05 19:07:10', '9822272412', '2021-06-05 19:07:10', '2021-06-05 20:34:43', 1, '', 'ffdirp211120'),
(244, 'batch59', 'Bhavna Yogen Joshi', '2021-06-05 19:08:24', '9495958468', '2021-06-05 20:00:19', '2021-06-05 20:33:25', 0, '', 'ffdirp211120'),
(245, 'batch59', 'Rajendra Besra ', '2021-06-05 19:12:47', '9668529623', '2021-06-05 20:22:58', '2021-06-05 20:27:20', 1, '', 'ffdirp211120'),
(246, 'batch59', 'Datta Gulumkar', '2021-06-05 19:15:39', '7276833541', '2021-06-05 19:15:39', '2021-06-05 19:51:12', 1, '', 'ffdirp211120'),
(247, 'batch59', 'Priya Dedhia', '2021-06-05 19:16:34', '9824058149', '2021-06-05 19:16:34', '2021-06-05 20:38:14', 1, '', 'ffdirp211120'),
(248, 'batch59', 'Swati Shirolkar', '2021-06-05 19:16:51', '09920647730', '2021-06-05 19:16:51', '2021-06-05 20:22:32', 1, '91', 'ffdirp211120'),
(249, 'batch59', 'M Thyagaraj', '2021-06-05 19:20:38', '94482408', '2021-06-05 19:20:38', '2021-06-05 19:57:27', 1, '', 'ffdirp211120'),
(250, 'batch59', 'Hema Marathe', '2021-06-05 19:21:00', '09930699219', '2021-06-05 19:21:00', '2021-06-05 19:31:31', 1, '', 'ffdirp211120'),
(251, 'batch59', 'Meena Shah', '2021-06-05 19:23:23', '9342887575', '2021-06-05 19:23:23', '2021-06-05 20:09:23', 1, '', 'ffdirp211120'),
(252, 'batch59', 'Debashis ', '2021-06-05 19:30:19', '8887546878', '2021-06-05 19:30:19', '2021-06-05 20:29:31', 1, '', 'ffdirp211120'),
(253, 'batch59', 'Swati Shirolkar', '2021-06-05 19:32:29', '9920647730', '2021-06-05 19:32:29', '2021-06-05 20:30:29', 1, '91', 'ffdirp211120'),
(254, 'batch59', 'K.Pramila', '2021-06-05 19:35:15', '9440520120', '2021-06-05 19:35:15', '2021-06-05 19:50:18', 1, '91', 'ffdirp211120'),
(255, 'batch59', 'Vasudha Chavan', '2021-06-05 19:36:52', '9146022109', '2021-06-05 19:36:52', '2021-06-05 20:42:23', 1, '', 'ffdirp211120'),
(256, 'batch59', 'Sunanda Bang', '2021-06-05 19:42:33', '09923408627', '2021-06-05 20:13:37', '2021-06-05 20:47:08', 1, '91', 'ffdirp211120'),
(257, 'batch59', 'Chitra', '2021-06-05 19:48:38', '9443341397', '2021-06-05 20:05:48', '2021-06-05 20:13:49', 1, '', 'ffdirp211120'),
(258, 'batch59', 'Datta Gulumkar', '2021-06-05 19:51:15', '7286833541', '2021-06-05 19:51:15', '2021-06-05 20:38:36', 1, '', 'ffdirp211120'),
(259, 'batch59', 'Laxmi Reddy', '2021-06-05 19:52:16', '702892989822', '2021-06-05 19:52:16', '2021-06-05 20:04:39', 1, '91', 'ffdirp211120'),
(260, 'batch59', 'Gaurav Jain ', '2021-06-05 19:58:53', '66960188', '2021-06-05 19:58:53', '2021-06-05 20:30:50', 1, '965', 'ffdirp211120'),
(261, 'batch59', 'Sarika', '2021-06-05 20:03:55', '9850095130', '2021-06-05 20:03:55', '2021-06-05 20:27:18', 1, '', 'ffdirp211120'),
(262, 'batch59', 'Varsha', '2021-06-05 20:05:16', '8183571892', '2021-06-05 20:05:16', '2021-06-05 20:30:48', 1, '1', 'ffdirp211120'),
(263, 'batch59', 'shivakumar', '2021-06-05 20:05:51', '09445001500', '2021-06-05 20:05:51', '2021-06-05 20:34:20', 1, '91', 'ffdirp211120'),
(264, 'batch59', 'Ajit Jain', '2021-06-05 20:10:13', '9431214816', '2021-06-05 20:10:13', '2021-06-05 20:52:14', 1, '91', 'ffdirp211120'),
(265, 'batch59', 'Eman Guria', '2021-06-05 20:14:11', '7085085123', '2021-06-05 20:14:11', '2021-06-05 21:44:24', 1, '91', 'ffdirp211120'),
(266, 'batch59', 'Dushyant', '2021-06-05 20:19:11', '9824043973', '2021-06-05 20:19:11', '2021-06-05 20:30:12', 1, '', 'ffdirp211120'),
(267, 'batch59', 'BHARAT .B. OSTWAL', '2021-06-05 20:33:20', '9844026283', '2021-06-05 20:33:20', '2021-06-05 20:34:22', 1, '', 'ffdirp211120'),
(268, 'batch59', 'Rajesh', '2021-06-05 20:35:38', '9043864996', '2021-06-05 20:35:38', '2021-06-05 20:39:49', 1, '1', 'ffdirp211120'),
(269, 'batch59', 'V.Sathish ', '2021-06-05 20:43:59', '0504104386', '2021-06-05 20:43:59', '2021-06-05 20:45:03', 1, '971', 'ffdirp211120'),
(270, 'batch59', 'Ram', '2021-06-05 20:45:27', '505530473', '2021-06-05 20:45:27', '2021-06-05 20:46:27', 1, '971', 'ffdirp211120'),
(271, 'batch59', 'Sathish Velayudhan', '2021-06-05 20:45:34', '504104386', '2021-06-05 20:45:34', '2021-06-05 20:46:04', 1, '971', 'ffdirp211120'),
(272, 'batch59', 'Pradeep Shenoy', '2021-06-05 20:51:04', '09845175175', '2021-06-05 20:51:04', '2021-06-05 20:51:34', 1, '91', 'ffdirp211120'),
(273, 'batch59', 'SHEES UR REHMAN', '2021-06-05 22:04:44', '9811402388', '2021-06-05 22:04:44', '2021-06-05 22:05:14', 1, '91', 'ffdirp211120'),
(274, 'batch59', 'Malhar', '2021-06-06 00:49:13', '9850839063', '2021-06-06 00:49:13', '2021-06-06 00:49:43', 1, '91', 'ffdirp211120'),
(275, 'batch59', 'ASHOK KUMAR AGARWALA', '2021-06-06 07:34:02', '09435047557', '2021-06-06 07:34:02', '2021-06-06 07:34:32', 1, '91', 'ffdirp211120'),
(276, 'batch59', 'P C PUSHPALATHA', '2021-06-06 08:23:23', '9400546030', '2021-06-06 11:41:18', '2021-06-06 12:05:57', 1, '91', 'ffdirp211120'),
(277, 'batch59', 'nutan', '2021-06-06 16:00:27', '08108550683', '2021-06-06 16:00:27', '2021-06-06 16:00:57', 1, '', 'ffdirp211120'),
(278, 'batch59', 'Ram Menon', '2021-06-06 16:11:06', '1505530473', '2021-06-06 16:11:06', '2021-06-06 16:17:11', 1, '971', 'ffdirp211120'),
(279, 'batch59', 'Shubhangi ponkshe', '2021-06-07 16:15:15', '08380888055', '2021-06-07 16:15:15', '2021-06-07 16:15:45', 1, '91', 'ffdirp211120'),
(280, 'batch59', 'Dushyant Patel', '2021-06-07 20:15:39', '919624023293', '2021-06-07 20:15:39', '2021-06-07 20:16:58', 1, '', 'ffdirp211120'),
(281, 'batch59', 'Sudhamati ravindra bhandare', '2021-06-09 21:47:09', '07517298701', '2021-06-09 21:47:09', '2021-06-09 21:47:39', 1, '', 'ffdirp211120'),
(282, 'batch60', 'neeraj', '2021-06-23 16:04:30', '08367773537', '2021-06-23 16:04:30', '2021-06-23 16:05:00', 1, '', 'ffdirp211120'),
(283, 'batch60', 'neeraj', '2021-06-23 16:06:15', '08367773537', '2021-06-23 16:06:15', '2021-06-23 16:08:16', 1, '93', 'ffdirp211120');

--
-- Indexes for dumped tables
--

--
-- Indexes for table `tbl_questions`
--
ALTER TABLE `tbl_questions`
  ADD PRIMARY KEY (`id`);

--
-- Indexes for table `tbl_users`
--
ALTER TABLE `tbl_users`
  ADD PRIMARY KEY (`id`);

--
-- AUTO_INCREMENT for dumped tables
--

--
-- AUTO_INCREMENT for table `tbl_questions`
--
ALTER TABLE `tbl_questions`
  MODIFY `id` int(11) NOT NULL AUTO_INCREMENT, AUTO_INCREMENT=547;
--
-- AUTO_INCREMENT for table `tbl_users`
--
ALTER TABLE `tbl_users`
  MODIFY `id` int(3) NOT NULL AUTO_INCREMENT, AUTO_INCREMENT=284;
/*!40101 SET CHARACTER_SET_CLIENT=@OLD_CHARACTER_SET_CLIENT */;
/*!40101 SET CHARACTER_SET_RESULTS=@OLD_CHARACTER_SET_RESULTS */;
/*!40101 SET COLLATION_CONNECTION=@OLD_COLLATION_CONNECTION */;
