-- phpMyAdmin SQL Dump
-- version 4.6.6deb5ubuntu0.5
-- https://www.phpmyadmin.net/
--
-- Host: localhost:3306
-- Generation Time: Feb 09, 2022 at 06:53 AM
-- Server version: 5.7.36-0ubuntu0.18.04.1
-- PHP Version: 7.2.24-0ubuntu0.18.04.10

SET SQL_MODE = "NO_AUTO_VALUE_ON_ZERO";
SET time_zone = "+00:00";


/*!40101 SET @OLD_CHARACTER_SET_CLIENT=@@CHARACTER_SET_CLIENT */;
/*!40101 SET @OLD_CHARACTER_SET_RESULTS=@@CHARACTER_SET_RESULTS */;
/*!40101 SET @OLD_COLLATION_CONNECTION=@@COLLATION_CONNECTION */;
/*!40101 SET NAMES utf8mb4 */;

--
-- Database: `coacteh9_ffd010220`
--

-- --------------------------------------------------------

--
-- Table structure for table `tbl_countries`
--

CREATE TABLE `tbl_countries` (
  `country` varchar(43) DEFAULT NULL,
  `cntry_code` varchar(5) DEFAULT NULL
) ENGINE=MyISAM DEFAULT CHARSET=utf8;

--
-- Dumping data for table `tbl_countries`
--

INSERT INTO `tbl_countries` (`country`, `cntry_code`) VALUES
('Afghanistan', '93'),
('Albania', '355'),
('Algeria', '213'),
('American Samoa', '1-684'),
('Andorra', '376'),
('Angola', '244'),
('Anguilla', '1-264'),
('Antarctica', '672'),
('Antigua', '1-268'),
('Argentina', '54'),
('Armenia', '374'),
('Aruba', '297'),
('Ascension', '247'),
('Australia', '61'),
('Australian External Territories', '672'),
('Austria', '43'),
('Azerbaijan', '994'),
('Bahamas', '1-242'),
('Bahrain', '973'),
('Bangladesh', '880'),
('Barbados', '1-246'),
('Barbuda', '1-268'),
('Belarus', '375'),
('Belgium', '32'),
('Belize', '501'),
('Benin', '229'),
('Bermuda', '1-441'),
('Bhutan', '975'),
('Bolivia', '591'),
('Bosnia & Herzegovina', '387'),
('Botswana', '267'),
('Brazil', '55'),
('British Virgin Islands', '1-284'),
('Brunei Darussalam', '673'),
('Bulgaria', '359'),
('Burkina Faso', '226'),
('Burundi', '257'),
('Cambodia', '855'),
('Cameroon', '237'),
('Canada', '1'),
('Cape Verde Islands', '238'),
('Cayman Islands', '1-345'),
('Central African Republic', '236'),
('Chad', '235'),
('Chatham Island (New Zealand)', '64'),
('Chile', '56'),
('China (PRC)', '86'),
('Christmas Island', '61-8'),
('Cocos-Keeling Islands', '61'),
('Colombia', '57'),
('Comoros', '269'),
('Congo', '242'),
('Congo, Dem. Rep. of?', '243'),
('Cook Islands', '682'),
('Costa Rica', '506'),
('C?te d\'Ivoire', '225'),
('Croatia', '385'),
('Cuba', '53'),
('Cuba', '5399'),
('Cura?ao', '599'),
('Cyprus', '357'),
('Czech Republic', '420'),
('Denmark', '45'),
('Diego Garcia', '246'),
('Djibouti', '253'),
('Dominica', '1-767'),
('Dominican Republic', '1-809'),
('East Timor', '670'),
('Easter Island', '56'),
('Ecuador', '593'),
('Egypt', '20'),
('El Salvador', '503'),
('Equatorial Guinea', '240'),
('Eritrea', '291'),
('Estonia', '372'),
('Ethiopia', '251'),
('Falkland Islands', '500'),
('Faroe Islands', '298'),
('Fiji Islands', '679'),
('Finland', '358'),
('France', '33'),
('French Antilles', '596'),
('French Guiana', '594'),
('French Polynesia', '689'),
('Gabonese Republic', '241'),
('Gambia', '220'),
('Georgia', '995'),
('Germany', '49'),
('Ghana', '233'),
('Gibraltar', '350'),
('Greece', '30'),
('Greenland', '299'),
('Grenada', '1-473'),
('Guadeloupe', '590'),
('Guam', '1-671'),
('Guantanamo Bay', '5399'),
('Guatemala', '502'),
('Guinea-Bissau', '245'),
('Guinea', '224'),
('Guyana', '592'),
('Haiti', '509'),
('Honduras', '504'),
('Hong Kong', '852'),
('Hungary', '36'),
('Iceland', '354'),
('India', '91'),
('Indonesia', '62'),
('Inmarsat (Atlantic Ocean - East)', '871'),
('Inmarsat (Atlantic Ocean - West)', '874'),
('Inmarsat (Indian Ocean)', '873'),
('Inmarsat (Pacific Ocean)', '872'),
('International Freephone Service', '800'),
('International Shared Cost Service (ISCS)', '808'),
('Iran', '98'),
('Iraq', '964'),
('Ireland', '353'),
('Iridium', '8816'),
('Israel', '972'),
('Italy', '39'),
('Jamaica', '1-876'),
('Japan', '81'),
('Jordan', '962'),
('Kazakhstan', '7'),
('Kenya', '254'),
('Kiribati', '686'),
('Korea (North)', '850'),
('Korea (South)', '82'),
('Kuwait', '965'),
('Kyrgyz Republic', '996'),
('Laos', '856'),
('Latvia', '371'),
('Lebanon', '961'),
('Lesotho', '266'),
('Liberia', '231'),
('Libya', '218'),
('Liechtenstein', '423'),
('Lithuania', '370'),
('Luxembourg', '352'),
('Macao', '853'),
('Macedonia', '389'),
('Madagascar', '261'),
('Malawi', '265'),
('Malaysia', '60'),
('Maldives', '960'),
('Mali Republic', '223'),
('Malta', '356'),
('Marshall Islands', '692'),
('Martinique', '596'),
('Mauritania', '222'),
('Mauritius', '230'),
('Mayotte Island', '269'),
('Mexico', '52'),
('Micronesia, (Federal States of)', '691'),
('Midway Island', '1-808'),
('Moldova', '373'),
('Monaco', '377'),
('Mongolia', '976'),
('Montenegro', '382'),
('Montserrat', '1-664'),
('Morocco', '212'),
('Mozambique', '258'),
('Myanmar', '95'),
('Namibia', '264'),
('Nauru', '674'),
('Nepal', '977'),
('Netherlands', '31'),
('Netherlands Antilles', '599'),
('Nevis', '1-869'),
('New Caledonia', '687'),
('New Zealand', '64'),
('Nicaragua', '505'),
('Niger', '227'),
('Nigeria', '234'),
('Niue', '683'),
('Norfolk Island', '672'),
('Northern Marianas Islands', '1-670'),
('Norway', '47'),
('Oman', '968'),
('Pakistan', '92'),
('Palau', '680'),
('Palestinian Settlements', '970'),
('Panama', '507'),
('Papua New Guinea', '675'),
('Paraguay', '595'),
('Peru', '51'),
('Philippines', '63'),
('Poland', '48'),
('Portugal', '351'),
('Puerto Rico', '1-787'),
('Qatar', '974'),
('R?union Island', '262'),
('Romania', '40'),
('Russia', '7'),
('Rwandese Republic', '250'),
('St. Helena', '290'),
('St. Kitts/Nevis', '1-869'),
('St. Lucia', '-757'),
('St. Pierre & Miquelon', '508'),
('St. Vincent & Grenadines', '1-784'),
('Samoa', '685'),
('San Marino', '378'),
('S?o Tom? and Principe', '239'),
('Saudi Arabia', '966'),
('Senegal', '221'),
('Serbia', '381'),
('Seychelles Republic', '248'),
('Sierra Leone', '232'),
('Singapore', '65'),
('Slovak Republic', '421'),
('Slovenia', '386'),
('Solomon Islands', '677'),
('Somali Democratic Republic', '252'),
('South Africa', '27'),
('Spain', '34'),
('Sri Lanka', '94'),
('Sudan', '249'),
('Suriname', '597'),
('Swaziland', '268'),
('Sweden', '46'),
('Switzerland', '41'),
('Syria', '963'),
('Taiwan', '886'),
('Tajikistan', '992'),
('Tanzania', '255'),
('Thailand', '66'),
('Thuraya (Mobile Satellite service)', '88216'),
('Timor Leste', '670'),
('Togolese Republic', '228'),
('Tokelau', '690'),
('Tonga Islands', '676'),
('Trinidad & Tobago', '1-868'),
('Tunisia', '216'),
('Turkey', '90'),
('Turkmenistan', '993'),
('Turks and Caicos Islands', '1-649'),
('Tuvalu', '688'),
('Uganda', '256'),
('Ukraine', '380'),
('United Arab Emirates', '971'),
('United Kingdom', '44'),
('United States of America', '1'),
('US Virgin Islands', '1-340'),
('Universal Personal Telecommunications (UPT)', '878'),
('Uruguay', '598'),
('Uzbekistan', '998'),
('Vanuatu', '678'),
('Vatican City', '39'),
('Venezuela', '58'),
('Vietnam', '84'),
('Wake Island', '808');

-- --------------------------------------------------------

--
-- Table structure for table `tbl_questions`
--

CREATE TABLE `tbl_questions` (
  `id` int(11) NOT NULL,
  `user_name` varchar(255) NOT NULL,
  `user_phone` varchar(15) NOT NULL,
  `user_question` varchar(500) NOT NULL,
  `asked_at` datetime NOT NULL,
  `user_code` varchar(10) NOT NULL
) ENGINE=MyISAM DEFAULT CHARSET=latin1;

--
-- Dumping data for table `tbl_questions`
--

INSERT INTO `tbl_questions` (`id`, `user_name`, `user_phone`, `user_question`, `asked_at`, `user_code`) VALUES
(1, 'Ajay', '9717969611', 'Can I save the session or will see after the complete of session', '2020-01-30 18:41:38', '91'),
(2, 'Zahir Hussain ', '9757341810', 'If diabetes is traditional, your treatment can reverse it?', '2020-01-31 05:12:33', '91'),
(3, 'Mannat', '9416295794', 'Is type 1 diabetes be cure', '2020-01-31 17:39:47', '91'),
(4, 'Mannat', '9416295794', 'Is type 1 diabetes be cure', '2020-01-31 17:39:56', '91'),
(5, 'Mannat', '9416295794', 'Is type 1 diabetes be cure', '2020-01-31 17:39:56', '91'),
(6, 'Mannat', '9416295794', 'Is type 1 diabetes be cure', '2020-01-31 17:39:56', '91'),
(7, 'Kamlendra singh', '9983615001', 'What is sugar', '2020-01-31 17:41:43', '91'),
(8, 'Balkar Singh Sandhu', '9814863233', 'How to reverse Daibties', '2020-01-31 18:01:19', '91'),
(9, 'Asha Srivastava', '9839316300', 'I am 73 yrs old .I am Diabetic for past 15 years and insulin dependent for past 6 years. I feel that my weight kept on increasing after I started taking Insulin. Now I sincerely want to minimize my medicines. What should I do Dr.?', '2020-01-31 19:29:54', '91'),
(10, 'Rajay shahdeo', '09312981021', 'Can i get recorded video as weÄºl for tdy session', '2020-02-01 08:44:06', '91'),
(11, 'Pratima Mathew\'s', '9730499877', 'Good morning\r\nI wanted to know with diabetes is it ok to have black coffee empty stomach in the morning?', '2020-02-01 08:46:34', '91'),
(12, 'Bijay Mishra', '9845597236', 'For people outside of your primary areas (Mumbai/Pune) how can people participate in the intensive program? can people travel for a week to attend and follow up over phone/whatsapp later?', '2020-02-01 08:46:55', '91'),
(13, 'Murthy ML', '9448493177', 'Am diabetic since22years,\r\nCan it b reversed.\r\nHow to reverse it.', '2020-02-01 08:47:03', '91'),
(14, 'ANJANI UPADHYAY', '7407186067', 'I am unable to watch video', '2020-02-01 08:47:11', '91'),
(15, 'Lalit Grover', '9803199151', 'I hv session now', '2020-02-01 08:51:08', '91'),
(16, 'JAYACHAND JAIN', '9844583442', 'What about\r\nbutter milk\r\nCurds\r\nGhee\r\nButter', '2020-02-01 08:52:45', '91'),
(17, 'Ramagopal', '9840577846', 'I am Ramgopal having diabetes from last 33 years', '2020-02-01 08:53:25', '91'),
(18, 'mohammed kamaluddin', '07000056811', 'If someone is on insulin, is reversal possible??', '2020-02-01 08:56:20', '91'),
(19, 'JAYACHAND JAIN', '9844583442', 'Will there be live session in this line.......?', '2020-02-01 08:58:08', '91'),
(20, 'Dr. Gopal Krishna Thakur', '8007845441', 'pre recorded video is playing', '2020-02-01 08:58:11', '91'),
(21, 'Tridib Tripathy', '9437022309', 'Am i connected or it is an add before the programme', '2020-02-01 08:58:32', '91'),
(22, 'Dr. Gopal Krishna Thakur', '8007845441', 'I am unable to find the live session', '2020-02-01 08:58:43', '91'),
(23, 'mohammed kamaluddin', '07000056811', 'Video gives idea like you have some residential program. Is it so.', '2020-02-01 08:59:37', '91'),
(24, 'Rohra jagdish p', '918369985029', 'My diabetes is hereditary will that be completely reversed ?', '2020-02-01 09:00:07', '91'),
(25, 'Madhusudan baldania', '9898023388', 'Hello', '2020-02-01 09:00:10', '91'),
(26, 'Kamal Motwani ', '9320152293', 'When wl start', '2020-02-01 09:00:15', '91'),
(27, 'M Unnikrishnan', '8687491441', 'Is it prerecorded going on ?', '2020-02-01 09:00:51', '91'),
(28, 'Amit khanna', '9219658682', 'The SSN has not started', '2020-02-01 09:00:53', '91'),
(29, 'nandakumar narayanapillai', '+918891367714', 'not getting video', '2020-02-01 09:01:19', '91'),
(30, 'N Nandakumar ', '8891367714', 'Not getting video', '2020-02-01 09:02:20', '91'),
(31, 'Tridib Tripathy', '9437022309', 'How do i log in', '2020-02-01 09:02:36', '91'),
(32, 'Ajaya Kumar Rath ', '9861057766', 'Safiring diabetes last 10 years can I free from this', '2020-02-01 09:02:39', '91'),
(33, 'Pratima Mathew\'s', '9730499877', 'Good morning \r\nI wanted to know with diabetes is it ok to have black coffee empty stomach in the morning ?', '2020-02-01 09:03:43', '91'),
(34, 'Murthy ML', '9448493177', 'Can I reverse diabetes', '2020-02-01 09:03:58', '91'),
(35, 'Hershil', '9703201145', 'Type 1 Diabetes is revertible', '2020-02-01 09:04:00', '91'),
(36, 'AJIT SINGH RANDHAWA', '9423749859', 'Dr tripathi is speaking in english', '2020-02-01 09:04:15', '91'),
(37, 'Amit khanna', '9219658682', '???', '2020-02-01 09:05:45', '91'),
(38, 'Manjusha Wadke', '9049210968', 'Unable to see lecture', '2020-02-01 09:06:36', '91'),
(39, 'Manjusha Wadke', '9049210968', 'Unable to see lecture', '2020-02-01 09:06:36', '91'),
(40, 'Prathipati Francis', '9440716870', 'Video is stopped', '2020-02-01 09:06:58', '91'),
(41, 'Prathipati Francis', '9440716870', 'Video is stopped', '2020-02-01 09:06:58', '91'),
(42, 'Prathipati Francis', '9440716870', 'Video is stopped', '2020-02-01 09:06:58', '91'),
(43, 'seemajulka855@gmail.com', '5042364266', 'I have read that cinnamon powder, methi powder and fresh karela juice can help a lot, how much of each should i take each day?', '2020-02-01 09:08:17', '1'),
(44, 'Prathipati Francis', '9440716870', 'Video is stopped', '2020-02-01 09:08:56', '91'),
(45, 'RAMESH BABU', '9845113195', 'NOT OPENING VIDEO', '2020-02-01 09:12:04', '91'),
(46, 'RAMESH BABU', '9845113195', 'NOT OPENING VIDEO', '2020-02-01 09:12:04', '91'),
(47, 'RAMESH BABU', '9845113195', 'NOT OPENING VIDEO', '2020-02-01 09:12:04', '91'),
(48, 'RAMESH BABU', '9845113195', 'NOT OPENING VIDEO', '2020-02-01 09:12:04', '91'),
(49, 'RAMESH BABU', '9845113195', 'NOT OPENING VIDEO', '2020-02-01 09:12:04', '91'),
(50, 'RAMESH BABU', '9845113195', 'NOT OPENING VIDEO', '2020-02-01 09:12:04', '91'),
(51, 'RAMESH BABU', '9845113195', 'NOT OPENING VIDEO', '2020-02-01 09:12:04', '91'),
(52, 'RAMESH BABU', '9845113195', 'NOT OPENING VIDEO', '2020-02-01 09:12:04', '91'),
(53, 'Ramagopal', '9840577846', 'I am Ramagopal having diabetes from last 32 years. Now I am 43. Type 1 diabetes and taking insulin from three times (4 injections).', '2020-02-01 09:13:51', '91'),
(54, 'Anil kumar Rai', '8729888929', 'Voice is fluctuating.', '2020-02-01 09:15:13', '91'),
(55, 'Murthy ML', '9448493177', 'S', '2020-02-01 09:18:01', '91'),
(56, 'Krupali Tayade', '09920651551', 'Yes', '2020-02-01 09:18:15', '91'),
(57, 'Dr. Gopal Krishna Thakur', '8007845441', 'is there two way communication during this session?', '2020-02-01 09:18:25', '91'),
(58, 'mahaveer chand', '9964047876', 'my father is 55 years male he is kidney transplant from 3 yrs can he follow this', '2020-02-01 09:20:56', '91'),
(59, 'Balkar Singh Sandhu', '9814863233', 'Voice is not coming', '2020-02-01 09:31:17', '91'),
(60, 'Santhanagopal', '9840881139', 'Does long term insulin have side effects', '2020-02-01 09:31:42', '91'),
(61, 'Manjusha Wadke', '9049210968', 'Not able to watch lecture.', '2020-02-01 09:38:07', '91'),
(62, 'Krishna', '9820164692', 'Can we put unsweetened whey protein in smoothie as post workout body needs protein to recover', '2020-02-01 09:44:02', '91'),
(63, 'Krishna', '9820164692', 'Is greek yogurt good tfor diabetic', '2020-02-01 09:46:16', '91'),
(64, 'Vc Maheshwari ', '9896355765', 'Voice gone', '2020-02-01 09:52:47', '91'),
(65, 'SOURAV Maity', '08885016910', 'Please share the video after the program', '2020-02-01 09:52:57', '91'),
(66, 'Anil kumar Rai', '8729888929', 'Adjust the volume please. It is fluctuating very frequently.', '2020-02-01 10:07:17', '91'),
(67, 'Dr.Vaishali Chinchkar', '9421179494', 'video is not available', '2020-02-01 10:08:45', '91'),
(68, 'Anil kumar Rai', '8729888929', 'Unable to hear', '2020-02-01 10:11:53', '91'),
(69, 'satish sharma', '9999031942', 'Pl send me recorded video on my mail ID satish.sharma9200@gmail.com', '2020-02-01 10:17:14', '91'),
(70, 'N Nandakumar', '8891367714', 'Not getting', '2020-02-01 10:23:04', '91'),
(71, 'Santhanagopal', '9840881139', 'I have Uric acid problem, can I have lemon and ginger warm water', '2020-02-01 10:26:48', '91'),
(72, 'Dr B K Sinha ', '9431277630', 'Dinner kya lena hai.', '2020-02-01 10:32:57', '91'),
(73, 'Dr B K Sinha ', '9431277630', 'Dinner kya lena  hai', '2020-02-01 10:33:45', '91'),
(74, 'Niraj Narain Pandey', '7739608807', 'I have kidney stone which smoothie should I take?', '2020-02-01 10:38:24', '91'),
(75, 'Niraj Narain Pandey', '7739608807', 'I have kidney stone which smoothie should I take?', '2020-02-01 10:38:24', '91'),
(76, 'SURENDER KUMAR NAGAL', '9829010789', 'i have no issues only fat issue, please advise doctor', '2020-02-01 10:46:23', '91'),
(77, 'Utpal', '9904064383', 'I am 40, weight 88kgs height 163cms, had angioplasty two years back, due to stress and food also found diabetes, last month my 3 month sugar was 8.1, having 50 percent travel, request to suggest suitable program,', '2020-02-01 10:52:56', '91'),
(78, 'Pintu Sarkar', '8145100357', 'Sir, when I will enter in ffd batch for 1 year...may I contact regularly with doctor? The tests nearby my place be available?', '2020-02-01 10:56:26', '91'),
(79, 'Amit khanna', '9219658682', 'Send me recording of this ssn', '2020-02-01 10:57:38', '91'),
(80, 'Dr B K Sinha ', '9431277630', 'Send me breakfast  Dinner and Lunch menu please.', '2020-02-01 10:57:57', '91'),
(81, 'Parveen Sarraf', '09896354621', 'RIP program regular Karen ke liye kya karna hoga', '2020-02-01 11:01:46', '91'),
(82, 'Bijay Mishra', '9845597236', 'With HBA1c of 10.2 in December, I have taken drastic step of stopping Metformin (1000 per day) , and taken aggressive KEtO, my levels are under 150 at an average. Can Keto continue for long term?', '2020-02-01 11:01:50', '91'),
(83, 'Sameena', '8073596412', 'I want to join but my programme will be interrupted by ramazan when we have to dry fast from dawn to dusk for a month. Any thoughts.', '2020-02-01 11:07:26', '91'),
(84, 'Hershil', '9703201145', 'IS it applicable for Type 1 Diabetes', '2020-02-01 11:08:51', '91'),
(85, 'Lata Dagwale', '9391164921', 'i need personal consultation, are you available at mumbai ?', '2020-02-01 11:10:00', '91'),
(86, 'Vaishali Panchal', '9833779930', 'I have a planned vacation from 15th February to 24th February, can I still start this program or I should join the next batch.', '2020-02-01 11:10:29', '91'),
(87, 'Madhusudan baldania', '9898023388', 'Die at plan', '2020-02-01 11:11:56', '91'),
(88, 'Parminder Kaur', '7226005876', 'I feel very hungry and cannot resist eating.   how to control ?', '2020-02-01 11:13:03', '91'),
(89, 'Swati Nigam', '5089817066', 'How and when to consume the seeds?', '2020-02-01 11:13:19', '1'),
(90, 'Sangeeta Goel', '9582230715', 'My case is as follows:  35 year old female, history of diabetes type2 since 10 years.  History of uterus cancer (diagnosed in 2014).  Done Radical Hysterectomy, Chemotherapy and Radiation.  Thyroid managed through medication.  Weight 102 KG, height 5ft5\".  Will my protocol be the same as other patients as my hormone profile is completely different (no ovaries so very little hormone production).  Multiple back injuries so are all your exercises safe for me?  Have leg swelling due to lymph nodes r', '2020-02-01 11:13:23', '91'),
(91, 'Asha', '2817363180', 'Namste dr, Difficult to get all the tests done as I live in USA, so any suggestions?', '2020-02-01 11:13:26', '1'),
(92, 'chandan kumar', '9689881094', 'When to stop my existing medicine.', '2020-02-01 11:13:26', '91'),
(93, 'Radhika Kamath', '9869524861', 'How does menopause impact treatment / recovery?\r\nDoes it work for Type 1?', '2020-02-01 11:13:32', '91'),
(94, 'Soumya Bose', '9830224413', 'I am 38 years old from Kolkata. Detected with high sugar and put on medicines for the past 2 years. My Father is a diabetic since past 20 years. He is 74 and on medicines including one for BP, one for Uric Acid and 3 for sugar. My wife developed Gestational Diabetes on both pregnancies and had to be controlled with insulin. She has Thyroid, elevated Cholestrol and PCOD too. I want a joining plan for 3 of us.\r\nAlso, we are bengalis and our primary eating habits comprise of Fish and meat along wit', '2020-02-01 11:13:36', '62'),
(95, 'Lata Dagwale', '9391164921', 'i need personal consultation . are you available at mumbai?', '2020-02-01 11:13:53', '91'),
(96, 'Boby nigam', '63966331275', 'Sir month by month charge le sakte ho kya', '2020-02-01 11:13:58', '91'),
(97, 'chandan kumar', '9689881094', 'How to register ?', '2020-02-01 11:13:58', '91'),
(98, 'Asha', '2817363180', 'Do we have any cheat day in a week so we can eat what we wish', '2020-02-01 11:13:58', '1'),
(99, 'Hema Ujwal', '9945293070', 'Can this program be taken up during pregnancy?', '2020-02-01 11:14:01', '91'),
(100, 'Tushar Mistry', '9916292842', 'Does Intensive Reversal Program apply for LADA diabetes as well ?', '2020-02-01 11:14:06', '91'),
(101, 'hanchate venkataramana rao', '8125551177', 'What is the 40000cores', '2020-02-01 11:14:17', '91'),
(102, 'Krishna', '9820164692', 'Can we gain weight in this plan', '2020-02-01 11:14:21', '91'),
(103, 'Nikhil Aggarwal', '9650693612', 'i have recently done some of the tests in first week of January; do i have to these as well or can i send these will they work', '2020-02-01 11:14:25', '91'),
(104, 'vyas gudi', '8390830189', 'can i have coffee?', '2020-02-01 11:14:25', '91'),
(105, 'Swati Nigam', '5089817066', 'For Thyroid and diabetes whats the smoothie recipe?', '2020-02-01 11:14:26', '1'),
(106, 'Dr. Gopal Krishna Thakur', '8007845441', 'Is Revital H a supplement?', '2020-02-01 11:14:31', '91'),
(107, 'Hema Ujwal', '9945293070', 'can this program be taken during pregnancy?', '2020-02-01 11:14:34', '91'),
(108, 'Prashant Vashisht', '8209633985', 'I have 240 to 280 fasting blood suger level. Can this curable?', '2020-02-01 11:14:35', '91'),
(109, 'Hema Ujwal', '9945293070', 'can this program be taken during pregnancy?', '2020-02-01 11:14:50', '91'),
(110, 'ASHWINI K LAL', '9872074406', 'I AM POSTED AT SUCH A PLACE WHERE INTERNET AND WATSAPP CONNECTIVITY IS NOT PROPER. HOW TO MANAGE THIS.', '2020-02-01 11:14:52', '91'),
(111, 'Dr.Vaishali Chinchkar', '9421179494', 'i am not diabetic but i have thyroid problem', '2020-02-01 11:14:54', '91'),
(112, 'hanchate venkataramana rao', '8125551177', 'I want stop medisin', '2020-02-01 11:14:55', '91'),
(113, 'Hema Ujwal', '9945293070', 'can this program be taken during pregnancy?', '2020-02-01 11:15:03', '91'),
(114, 'Deepak Sahu', '6371334717', 'My Hba1c 7.3 age 39 what should i do', '2020-02-01 11:15:10', '91'),
(115, 'Harish talreja', '9827022256', 'Sir mujhe diabetes nhi h pr meri height ke hisaab se weight bhot zyada hai...weught loss ke liye aapka ye program kaam aayega kya..aur uska fees kya rahega?', '2020-02-01 11:15:16', '91'),
(116, 'Hema Ujwal', '9945293070', 'can this program be taken during pregnancy?', '2020-02-01 11:15:18', '91'),
(117, 'Hema Ujwal', '9945293070', 'can this program be taken during pregnancy?', '2020-02-01 11:15:29', '91'),
(118, 'Shivaji ghuge', '7038900045', 'Muze aur Mrs dono ko join karna hai to kaisa rejisterd hona hai', '2020-02-01 11:15:29', '91'),
(119, 'LAXMI DHAUL', '9811175538', 'I HAVE NO DIABETES BUT AM OBESE AND WANT TO LOOSE WEIGHT 65 YRS 120 KG', '2020-02-01 11:15:32', '91'),
(120, 'Rohit Sood', '8130428429', 'Do you have a center in Gurgaon or Delhi', '2020-02-01 11:15:32', '91'),
(121, 'Nikhil Aggarwal', '9650693612', 'are you available personally in Pune for consultation during the 1 year program', '2020-02-01 11:15:36', '91'),
(122, 'Hema Ujwal', '9945293070', 'can this program be taken during pregnancy?', '2020-02-01 11:15:42', '91'),
(123, 'Subhash Kamei', '7002146122', 'Can I start from tomorrow', '2020-02-01 11:15:43', '91'),
(124, 'Rabindra Kumar Mishra', '7004703854', 'à¤®à¥ˆà¤‚ à¤Ÿà¥‚à¤°à¤¿à¤‚à¤— à¤œà¥‰à¤¬ à¤•à¤°à¤¤à¤¾ à¤¹à¥à¥¤ à¤®à¤¹à¥€à¤¨à¥‡ à¤®à¥‡à¤‚ 10 à¤¸ 15 à¤¦à¤¿à¤¨ à¤¬à¤¾à¤¹à¤° à¤°à¤¹à¤¤à¤¾ à¤¹à¥‚à¤‚à¥¤\r\nà¤¯à¥‡ à¤•à¥ˆà¤¸à¥‡ à¤®à¥ˆà¤¨à¥‡à¤œ à¤¹à¥‹à¤—à¤¾?', '2020-02-01 11:15:48', '91'),
(125, 'HEMANT VORA', '9321121734', 'I live in USA but I am here in Mumbai- how will it  work for me', '2020-02-01 11:15:52', '91'),
(126, 'Hema Ujwal', '9945293070', 'can this program be taken during pregnancy?', '2020-02-01 11:15:53', '91'),
(127, 'Tridib Tripathy', '9437022309', '3k is for both wife and husband for an year he kya with Dr. Consultation ??', '2020-02-01 11:15:55', '91'),
(128, 'Virender Mattoo', '7022281966', 'If Uric Acid level is high how would a daal diet help.', '2020-02-01 11:15:57', '91'),
(129, 'Girish', '9008904400', 'What are the green leaves to avoid for smoothie', '2020-02-01 11:16:02', '91'),
(130, 'LAlit Grover ', '9803199151', 'I want to join  Residencial  program', '2020-02-01 11:16:11', '91'),
(131, 'Milind Savagaonkar', '9845944544', 'I was following 2 meals plan and not facing issues like acidity. Already, I started following your diet :) . Can I fit your diet into 2 meals like combine smoothie with meals?', '2020-02-01 11:16:17', '91'),
(132, 'Hema Ujwal', '9945293070', 'can this program be taken during pregnancy?', '2020-02-01 11:16:19', '91'),
(133, 'Rabindra Kumar Mishra', '7004703854', 'à¤ªà¥‡à¤®à¥‡à¤‚à¤Ÿ à¤«à¥à¤²à¥‡à¤•à¥à¤¸à¤¿à¤¬à¤²à¤¿à¤Ÿà¥€ à¤¹à¥ˆ à¤•à¥à¤¯à¤¾?', '2020-02-01 11:16:22', '91'),
(134, 'vyas gudi', '8390830189', 'my bsl fluctuates very frequently.. can i benefit from this program?', '2020-02-01 11:16:26', '91'),
(135, 'Deepak Sahu', '6371334717', 'I have kidney stone operation before 1 week should i do all exercise and yoga from now', '2020-02-01 11:16:28', '91'),
(136, 'Jayakrushna Sahoo', '9776656999', 'Dear Sir\r\nCan the next registration fees of 24000 be available in installments', '2020-02-01 11:16:29', '91'),
(137, 'Muktar Shaikh', '9403912233', 'Blood test what you suggested has to be done with with the medicine that I am taking...or without those medicine. Pls suggest', '2020-02-01 11:16:32', '91'),
(138, 'Hema Ujwal', '9945293070', 'can this program be taken during pregnancy?', '2020-02-01 11:16:32', '91'),
(139, 'Hema Ujwal', '9945293070', 'can this program be taken during pregnancy?', '2020-02-01 11:16:40', '91'),
(140, 'Hema Ujwal', '9945293070', 'can this program be taken during pregnancy?', '2020-02-01 11:16:49', '91'),
(141, 'Rahul Gorai', '7978836268', 'my doctor said, yogurt is ok for diabetes. Also, google says so. Do I need to stop curd?', '2020-02-01 11:16:52', '91'),
(142, 'Hema Ujwal', '9945293070', 'can this program be taken during pregnancy?', '2020-02-01 11:16:55', '91'),
(143, 'XYZ', '7566661023', 'Fear of life ?', '2020-02-01 11:16:57', '91'),
(144, 'Rajinder singh', '9467879679', 'sir , my family members say that cows milk is necessary and force me to drink it. I am 16 years old and suffering from thyroid. WHAT TO BE DONE ? THE SAY WE USED TO DRINK MILK IN OUR CHILDHOOD .', '2020-02-01 11:17:00', '91'),
(145, 'Debasish Sahu', '09820107556', 'How long Nonveg can be stopped?', '2020-02-01 11:17:08', '91'),
(146, 'Hema Ujwal', '9945293070', 'can this program be taken during pregnancy?', '2020-02-01 11:17:11', '91'),
(147, 'Nikhil Aggarwal', '9650693612', 'i am already on vildagliptin and metrofin. can these be stopped and should i stopped now or after consultation with IRP doctor', '2020-02-01 11:17:13', '91'),
(148, 'Hema Ujwal', '9945293070', 'can this program be taken during pregnancy?', '2020-02-01 11:17:15', '91'),
(149, 'Sandhya Shukla', '9937307932', 'I saw it for my husband who is prediabetic. I am non diabetic but can I join it for weight loss and overall health. I have gained weight after hysterectomy operation last year.', '2020-02-01 11:17:18', '91'),
(150, 'Hema Ujwal', '9945293070', 'can this program be taken during pregnancy?', '2020-02-01 11:17:35', '91'),
(151, 'ASHWINI K LAL', '9872074406', 'BEING POSTED IN J&K IT IS NOT POSSIBLE TO ALL ITEMS FOR SMOOTHY. HOW TO GET OVER IT', '2020-02-01 11:17:39', '91'),
(152, 'Prashant Vashisht', '8209633985', 'Please send the list of test required?', '2020-02-01 11:17:40', '91'),
(153, 'Sunil Kumar Singh', '9431442075', 'hello dr im suffering from asthma from last 30 years and diabetes from last 22 years and i also have a pacemaker implanted and irregular blood pressure and over weight as well, my height is 5 feet 7 inch and weight 96kgs, age 63years kindly advise.', '2020-02-01 11:17:44', '91'),
(154, 'Sangameshwari Patil', '9448294446', 'After one year program are we to follow the same diet or normal diet', '2020-02-01 11:17:47', '91'),
(155, 'SURENDER KUMAR NAGAL', '9829010789', 'I want to join Residential programme for fat issues. I am low blood pressure and throid issues. please advise how I can be registered', '2020-02-01 11:17:51', '91'),
(156, 'HEMANT VORA', '9321121734', 'Hib is 6.2 to 6.8 since last 3 months will the program help me faster', '2020-02-01 11:17:54', '91'),
(157, 'Rahul Gorai', '7978836268', 'Rahul (Bangalore):  My doctor said, yogurt is ok for diabetes. Also, google says so. Do I need to stop curd?', '2020-02-01 11:18:06', '91'),
(158, 'Rajender Singh', '9440873389', 'sugar vs jaggery. which do you suggest is better? are both bad or can i substitute sugar with jaggery for a healthy diet', '2020-02-01 11:18:13', '91'),
(159, 'Lata Dagwale', '9391164921', 'I am on insulin from past 12 years and now suffering from Severe gastric problem? not sure if i can start the diet you have mentioned', '2020-02-01 11:18:32', '91'),
(160, 'Virender Mattoo', '7022281966', 'My fasting sugar level remains 140-145 but PP levels remain less than 165 what can be the reason for this?', '2020-02-01 11:18:33', '91'),
(161, 'Virender Mattoo', '7022281966', 'My fasting sugar level remains 140-145 but PP levels remain less than 165 what can be the reason for this?', '2020-02-01 11:18:33', '91'),
(162, 'Virender Mattoo', '7022281966', 'My fasting sugar level remains 140-145 but PP levels remain less than 165 what can be the reason for this?', '2020-02-01 11:18:33', '91'),
(163, 'Virender Mattoo', '7022281966', 'My fasting sugar level remains 140-145 but PP levels remain less than 165 what can be the reason for this?', '2020-02-01 11:18:33', '91'),
(164, 'Ganesh', '9890289814', 'When you remain available in pune for personal consultatition?', '2020-02-01 11:18:33', '91'),
(165, 'Bijay Mishra', '9845597236', 'My Insulin fasting is 4.66 and PP is 9.8 , are there issues with Insulin creation or insulin resistance?', '2020-02-01 11:18:37', '91'),
(166, 'RUDRAGOUDA SHANTANAVAR', '9945844988', 'I am diagnosed with Diabetes last month and not started any tablets yet,can i register your programme  so that to avoid tablets ?', '2020-02-01 11:18:37', '91'),
(167, 'Debasish Sahu', '09820107556', 'Jaggery and honey can be replaced with sugar?', '2020-02-01 11:18:41', '91'),
(168, 'Hema Ujwal', '9945293070', 'can this program be taken during pregnancy?', '2020-02-01 11:18:43', '91'),
(169, 'Anil kumar Rai', '8729888929', 'What is the procerss for further joining..', '2020-02-01 11:18:43', '91'),
(170, 'Deepak Sahu', '6371334717', 'my weight is 102 how can i reduce weight and sugar', '2020-02-01 11:18:48', '91'),
(171, 'madhav sarwate', '8082040248', 'instead of steps climbing, can we do slope climbing', '2020-02-01 11:18:49', '91'),
(172, 'AJIT SINGH RANDHAWA', '9423749859', 'Charges for residential programme', '2020-02-01 11:18:50', '91'),
(173, 'Hema Ujwal', '9945293070', 'can this program be taken during pregnancy?', '2020-02-01 11:18:50', '91'),
(174, 'Hema Ujwal', '9945293070', 'can this program be taken during pregnancy?', '2020-02-01 11:18:54', '91'),
(175, 'Hema Ujwal', '9945293070', 'can this program be taken during pregnancy?', '2020-02-01 11:19:00', '91'),
(176, 'Hema Ujwal', '9945293070', 'can this program be taken during pregnancy?', '2020-02-01 11:19:06', '91'),
(177, 'Hema Ujwal', '9945293070', 'can this program be taken during pregnancy?', '2020-02-01 11:19:12', '91'),
(178, 'Hema Ujwal', '9945293070', 'can this program be taken during pregnancy?', '2020-02-01 11:19:17', '91'),
(179, 'Tushar Mistry', '9916292842', 'Why does regular doctors not prescribe the diet, exercise and medications like FFD ?', '2020-02-01 11:19:20', '91'),
(180, 'Deepa Thilak', '9886257676', 'mujhe gestational diabetics tha...ayurvedic medicine me hoon... ppbs is 193 hai...me eligible hoon kya  ? buisiness karthi hoon, travel mein rehti hoon... fatty liver, 90 kgs, cholestrol ,BP', '2020-02-01 11:19:24', '91'),
(181, 'Amit Aggarwal', '09818270114', 'I am in process of weight loss from last 8 months and reduced from 132 kgs to 99 kgs with exercise and some diet but I found now my sugar levels reached 340 and now with diet and medication around 130-170. What type of program will be beneficial to me?', '2020-02-01 11:19:35', '91'),
(182, 'Rohra jagdish p', '918369985029', 'Can I join this when coming to meet dr Nikhil on coming tuesday', '2020-02-01 11:19:38', '91'),
(183, 'LAlit Grover ', '9803199151', 'How program can improve  sexual reproductive system.. Without naming  pls answer', '2020-02-01 11:19:38', '91'),
(184, 'Syed Mohammed Khalid', '7981465502', 'i have loss of appetite and have high glucose levels my hba1c is beyond 7.5,i have low hdl levels', '2020-02-01 11:19:43', '91'),
(185, 'Naveen', '9755646766', 'How does the app work', '2020-02-01 11:19:54', '91'),
(186, 'Radhika Kamath', '9869524861', 'How does menopause impact treatment / recovery?\r\nDoes it work for Type 1?', '2020-02-01 11:20:10', '91'),
(187, 'Mannat', '9416295794', 'Sir beti mannat jo type 1 from 6 months diagnosis or on insulin .flatuate bhot hoti h  same diat and insulin', '2020-02-01 11:20:12', '91'),
(188, 'Haresh Desai', '9427121716', 'May I do this programme if I am going to join brahm avidya in this month for 5 days\r\nMay I pay amount in installments? How?', '2020-02-01 11:20:27', '91'),
(189, 'NARENDRA PAREKH', '9924270776', 'Can we take sweet fruit or sugarcane juice as diabatic', '2020-02-01 11:20:27', '91'),
(190, 'Sunil Kumar Singh', '9431442075', 'and sir i also take insulin 61 unites and zorly medicine.', '2020-02-01 11:20:31', '91'),
(191, 'Deepa Thilak', '9886257676', 'registered now...', '2020-02-01 11:20:32', '91'),
(192, 'Sunayana Harlalka', '9163397004', 'How to reduce potassium level', '2020-02-01 11:20:45', '91'),
(193, 'Prabhakar Bhimrao Chalwadi', '9767899348', 'My duty is not a fix scheduled , can i join this programme', '2020-02-01 11:20:45', '91'),
(194, 'UC YADAV', '9971367778', 'Self and wife watched the programme. Both diabetic and she also has thyroid. Can both join the pgme', '2020-02-01 11:20:52', '91'),
(195, 'Amin Penangwala', '9320078913', 'I did not have sugar till last year Lat week took a report - \r\nHbA1c 7.5\r\nMean blood sugar MBG 163.75\r\nwant to come and meet you', '2020-02-01 11:20:52', '91'),
(196, 'Boby nigam', '63966331275', 'Sir mujhe 10 din pahle hi diabetis hua he', '2020-02-01 11:20:56', '91'),
(197, 'NEELAM MAHTO ', '9425166082', 'Evening snacks any. Between lunch and dinner?', '2020-02-01 11:21:12', '91'),
(198, 'Syed Mohammed Khalid', '7981465502', 'have missed the starting of the program how can i watch it', '2020-02-01 11:21:14', '91'),
(199, 'Rahul Gorai', '7978836268', 'Rahul (Bangalore):  My doctor said, yogurt is ok for diabetes. Also, google says so. Do I need to stop curd?', '2020-02-01 11:21:22', '91'),
(200, 'Amin Penangwala', '9320078913', 'my age is 65years', '2020-02-01 11:21:38', '91'),
(201, 'Anand Pandey', '7355056671', 'How much cost I have to bear for said test in ur programs', '2020-02-01 11:21:46', '91'),
(202, 'Subhash Kamei', '7002146122', 'Please share  me the video as I could  watch the entire video due to net problem', '2020-02-01 11:22:01', '91'),
(203, 'hanchate venkataramana rao', '8125551177', 'Residential program join karna hai', '2020-02-01 11:22:34', '91'),
(204, 'Harshad sarode', '9860730773', 'Hi Pramod , day before  I got report showing HbA1c 13  n fasting 326,  family is asking to hospitalise . But good I join this session', '2020-02-01 11:22:37', '91'),
(205, 'Ankur Majumder', '09886569085', 'My mother, may have blockage in heart will confirm by today has appointment with cardiologist, so is it right time to join or should she join by next session.', '2020-02-01 11:23:03', '91'),
(206, 'ASHWINI K LAL', '9872074406', 'I WANT TO JOIN THE PROGRAME HOW TO MAKE PAYMENT AND START THE COURSE', '2020-02-01 11:23:25', '91'),
(207, 'padmavathi', '9704165628', 'i have been suffering from sugar forthe past two months my main problem is back pain limbarspondolosis for years i could not exercise for a long time lot of stress i cannot exercise i changed the dr the dr said nothing serious with ur back start ur exercise at present i just started the phisiotherapy. sir, after i get well and start doing the exercises may be i can follow ur programme.', '2020-02-01 11:23:26', '91'),
(208, 'Monish polad', '9823860930', '2 meal program chalu aahe, hba1c 6 hai { fasting sugar 105} { post meal 130} konta program chalu karaycha maza age 36 aahe', '2020-02-01 11:23:39', '91'),
(209, 'NIBRAT KUMAR BISWAL', '8825844381', 'Sir mein ek garib paribaar se hun aur mere paas utna paisa nehin hain mereliye koi suggestion', '2020-02-01 11:23:41', '91'),
(210, 'Ashwani Yadav', '09650459321', 'heart pumping is low, can I join the program', '2020-02-01 11:23:43', '91'),
(211, 'Krishna', '9820164692', 'My hb1ac reduced to 6.4 from 10.8 with dixit diet and ai started smoothie from last month', '2020-02-01 11:23:46', '91'),
(212, 'SURENDER KUMAR NAGAL', '9829010789', 'if we come both husband and wife what will be the charges for Residential programme.', '2020-02-01 11:23:50', '91'),
(213, 'SURENDER KUMAR NAGAL', '9829010789', 'do you cure for Cancer patients as well.', '2020-02-01 11:24:05', '91'),
(214, 'Mannat', '9416295794', 'Sir beti mannat Jo 6month se type 1 diabetes h on insulin .flatuat bhot Hoti h same diat and insline', '2020-02-01 11:24:12', '91'),
(215, 'SURENDER KUMAR NAGAL', '9829010789', 'if I want to join Residential programs for two weeks, is that possible', '2020-02-01 11:24:28', '91'),
(216, 'Jaydeep kothari ', '9825016339', 'What will be every month charges for one year', '2020-02-01 11:24:38', '91'),
(217, 'Shivaji ghuge', '7038900045', 'How to  register for the program', '2020-02-01 11:24:39', '91'),
(218, 'HEMANT VORA', '9321121734', 'this program sustainable? Will it back to square one?', '2020-02-01 11:24:43', '91'),
(219, 'Ashwani Yadav', '09650459321', 'any mentor in Gurgaon.', '2020-02-01 11:25:05', '91'),
(220, 'ANJANI UPADHYAY', '7407186067', 'I am working in shift duty in pharma industry. 6:15 to 14:45, 14:30 to 23:00,22:45 to 07:00.I am 40 year old an suffering from diabetes form 10 year. How can I manage this program as I have no mobile in duty time.', '2020-02-01 11:25:29', '91'),
(221, 'Mihir Jha', '81887594', 'I will have problem in getting all the test without a local doctor prescribing for it..', '2020-02-01 11:25:48', '65'),
(222, 'ANJANI UPADHYAY', '7407186067', 'Please reply me', '2020-02-01 11:25:53', '91'),
(223, 'Rahul Gorai', '7978836268', 'Any mentor in Bangalore', '2020-02-01 11:26:26', '91'),
(224, 'Sunil pugalia', '9825138144', 'Kay me weight lifting running kar sakta hu khana mam karke bhi', '2020-02-01 11:26:28', '91'),
(225, 'B V Satyanarayana', '9885714202', 'I am diabitic since 11 years', '2020-02-01 11:26:51', '91'),
(226, 'B V Satyanarayana', '9885714202', 'I am diabitic since 11 years', '2020-02-01 11:26:51', '91'),
(227, 'B V Satyanarayana', '9885714202', 'I am diabitic since 11 years', '2020-02-01 11:26:51', '91'),
(228, 'Ashwani Yadav', '09650459321', 'heart pumping is low , can i join', '2020-02-01 11:27:06', '91'),
(229, 'Haresh Desai', '9427121716', 'Can you send list of report that we have to test before the course joining', '2020-02-01 11:27:16', '91'),
(230, 'B V Satyanarayana', '9885714202', 'I am diabitc since 11 years Also su', '2020-02-01 11:27:28', '91'),
(231, 'B V Satyanarayana', '9885714202', 'I am diabitc since 11 years Also su', '2020-02-01 11:27:28', '91'),
(232, 'Urvashinigam', '6291866694', 'Any mentor  in kolkata', '2020-02-01 11:27:36', '91'),
(233, 'Tushar Mistry', '9916292842', 'My fasting C peptide is 0.8 and Stimulated is 2.0. Doctor says I am LADA. Can Intensive Reversal Program help me ?', '2020-02-01 11:27:51', '91'),
(234, 'Sunil pugalia', '9825138144', 'Kay me weight lifting regularly kar sakta nun yah khana kam karke', '2020-02-01 11:27:54', '91'),
(235, 'SURENDER KUMAR NAGAL', '9829010789', 'i want to join myself for Residential program as a patient of fat issue', '2020-02-01 11:28:36', '91'),
(236, 'Nikhil Aggarwal', '9650693612', 'my mother is diabetic from last 3 years and has 2 PSVT attacks where heart beat increased multi fold and she is on blood thinners as well.. will this program help her as well from diabetes and heart problem she has and can she get rid of all three medicines she has', '2020-02-01 11:29:58', '91'),
(237, 'SURENDER KUMAR NAGAL', '9829010789', 'What will be the test list before coming to join Residential programme for fat issue.', '2020-02-01 11:30:28', '91'),
(238, 'JAYACHAND JAIN', '9844583442', 'Network gone at the time of smoothie explanation\r\nPlease help', '2020-02-01 11:30:45', '91'),
(239, 'RUDRAGOUDA SHANTANAVAR', '9945844988', 'My mother is diagnosed with Breast cancer and have diabetic.Doctor told to start Chemotheraphy ,is it curable by joining this programme', '2020-02-01 11:31:34', '91'),
(240, 'HEMANT VORA', '9321121734', 'My weight only 67 KG, how weight reduction will help?', '2020-02-01 11:33:04', '91'),
(241, 'Swati Nigam', '5089817066', 'Is kalimiri same as kali mirch?', '2020-02-01 11:33:08', '1'),
(242, 'Dr.Renuka Mahesh Kulkarni', '9422647268', 'can I make this reversal', '2020-02-01 11:33:59', '91'),
(243, 'Bijay Mishra', '9845597236', 'Can the report taken last month works or do we take a fresh one?', '2020-02-01 11:34:39', '91'),
(244, 'Rahul Gorai', '7978836268', 'I am doing night shift in my work. Does it has an impact on sugar level ?', '2020-02-01 11:34:59', '91'),
(245, 'HEMANT VORA', '9321121734', 'Stopping Milk and wheat roti is a big question mark for my wife, how do I tell her?', '2020-02-01 11:35:26', '91'),
(246, 'Rajender Singh', '9440873389', 'compared to sugar , is organic jaggery better?', '2020-02-01 11:35:41', '91'),
(247, 'Milind Savagaonkar', '9845944544', 'I am taking Aurvedic medicines, so in program do I need to switch to other medicines?', '2020-02-01 11:35:48', '91'),
(248, 'Rajinder singh', '9467879679', 'sir , i am sixteen years old and is suffering from thyroid . my family members force me to take cows milk. what to do', '2020-02-01 11:36:06', '91'),
(249, 'ASHWINI K LAL', '9872074406', 'PL HELP HOW TO PAY BECAUSE THERE ARE TOO MANY OPTION', '2020-02-01 11:36:09', '91'),
(250, 'SURENDER KUMAR NAGAL', '9829010789', 'thanks doctor', '2020-02-01 11:36:10', '91'),
(251, 'Asha', '2817363180', 'Taken in November will it work?', '2020-02-01 11:36:22', '1'),
(252, 'Deepak Sahu', '6371334717', 'i have kidney stone opeartion before 1 week so can i do the exercise', '2020-02-01 11:37:03', '91'),
(253, 'Rabindra Kumar Mishra', '7004703854', 'Do you have installment pay optuon', '2020-02-01 11:37:08', '91'),
(254, 'Sunil Kumar Singh', '9431442075', 'i wish to connect and want to talk to you.', '2020-02-01 11:37:26', '91'),
(255, 'Mannat', '9416295794', 'Sir mannat yypi 1', '2020-02-01 11:37:26', '91'),
(256, 'Sandhya Shukla', '9937307932', 'Can we take A2 milk', '2020-02-01 11:37:26', '91'),
(257, 'Mannat', '9416295794', 'Sir mannat yypi 1', '2020-02-01 11:37:26', '91'),
(258, 'Mannat', '9416295794', 'Sir mannat yypi 1', '2020-02-01 11:37:26', '91'),
(259, 'Mannat', '9416295794', 'Sir mannat yypi 1', '2020-02-01 11:37:26', '91'),
(260, 'Mannat', '9416295794', 'Sir mannat yypi 1', '2020-02-01 11:37:26', '91'),
(261, 'Mannat', '9416295794', 'Sir mannat yypi 1', '2020-02-01 11:37:26', '91'),
(262, 'Sunil Kumar Singh', '9431442075', 'i wish to connect and want to talk to you.', '2020-02-01 11:37:26', '91'),
(263, 'Sandhya Shukla', '9937307932', 'Can we take A2 milk', '2020-02-01 11:37:26', '91'),
(264, 'Mannat', '9416295794', 'Sir mannat yypi 1', '2020-02-01 11:37:26', '91'),
(265, 'NARENDRA PAREKH', '9924270776', 'Can be watch repeat to day', '2020-02-01 11:37:42', '91'),
(266, 'Asha', '2817363180', 'How will the morning session work for USA patients', '2020-02-01 11:37:53', '1'),
(267, 'Mohit Sahu', '9730015915', 'HBC1-6.4, Kindly advise', '2020-02-01 11:38:13', '91'),
(268, 'Milind Savagaonkar', '9845944544', 'could not hear your answer about 2 meals program. I am really interested in 16 hours fasting, Can i combine your diet with 2 meals?', '2020-02-01 11:38:38', '91'),
(269, 'Rahul Gorai', '7978836268', 'i am registering right now. can i apply any coupon code?', '2020-02-01 11:38:46', '91'),
(270, 'Mannat', '9416295794', 'Mannar type 1 sugar flatuate diagnosis from 6 month', '2020-02-01 11:39:17', '91'),
(271, 'Mannat', '9416295794', 'Mannar type 1 sugar flatuate diagnosis from 6 month', '2020-02-01 11:39:17', '91'),
(272, 'Mannat', '9416295794', 'Mannar type 1 sugar flatuate diagnosis from 6 month', '2020-02-01 11:39:17', '91'),
(273, 'Piyush Mishra', '9035000550', 'CLD bhi hai sugar ke sath, khane a', '2020-02-01 11:39:30', '91'),
(274, 'TEJASH P JOSHI', '9393911113', 'i am diabetic since 2012 and started medicationfrom 2016 daily 1 talet', '2020-02-01 11:39:33', '91'),
(275, 'Shrinivas chebbi', '9741123417', 'Right now I have come for a Ayurvedic treatment for my BP detected a year back and sugar borderline at 6.5. Your suggestion please', '2020-02-01 11:39:39', '91'),
(276, 'Shiben  Wadekar', '09987256005', 'Dr is reactive hypoglycemia cureable', '2020-02-01 11:39:46', '91'),
(277, 'Shiben  Wadekar', '09987256005', 'Dr  is reactive hypoglycemia curable.', '2020-02-01 11:40:13', '91'),
(278, 'Boby nigam', '63966331275', 'Bye bye', '2020-02-01 11:40:22', '91'),
(279, 'madhav sarwate', '8082040248', 'THIS IS MADHAV SARWATE\r\nI  HAVE ALREADY JOINED IRS PROGRAMME \r\nMY INSULINE DOSE REDUCED BY HALF', '2020-02-01 11:40:42', '91'),
(280, 'RAMESH BABU', '9845113195', 'MY NAME IS RAMESH BABU MP MY ID NO. 10371149 I AM DIABETIC SINCE 30 YEARS, I AM DOING EVERYDAY ONE HOUR PRANAYAMA AND WALKING 40 MINUTES, 45 MINUTES MEDITAION, EVERY THING IS OK BUT HBA1C IS 9.5, I AM TAKING INSULIN 10 UNITS AND TABLETS 3', '2020-02-01 11:40:52', '91'),
(281, 'satish sharma', '9999031942', 'please send me link', '2020-02-01 11:41:20', '91'),
(282, 'Seema sapre ', '+61431160903', 'Hello', '2020-02-01 11:46:27', '61'),
(283, 'Seema sapre ', '+61431160903', 'Any one will call me for joining this', '2020-02-01 11:47:15', '61'),
(284, 'Dil gurung', '7576814038', 'Curing diabetes type ii', '2020-02-01 18:26:41', '91'),
(285, 'Narendra parekh', '9924270776', 'Hi sar kesehe aap', '2020-02-01 21:48:33', '91'),
(286, 'Rajinder Sharma', '8510086584', 'Which salt should be used.', '2020-02-01 21:56:13', '91'),
(287, 'Satyavir Singh', '9891063120', 'Video nahi chal raha h', '2020-02-02 09:08:00', '91'),
(288, 'Sukhvinder Dosanjh', '6612030004', 'I am 51 years and diabetic since 2007 I have one stent and taking three types of diabetes medicine and vegitarian', '2020-02-03 02:23:21', '1'),
(289, 'Ashis Pal ', '9436517067', 'Please send me the video program as i could not see it. I have paid. Please consider. What browser is to be used. Send in my email ashispal2010@gmail.com', '2020-02-03 09:17:06', '91'),
(290, 'Devendra Mehta ', '9376195888', 'Plz advise the next session date ! I already informed u the reason I couldnâ€™t attend ! Pl', '2020-02-03 14:37:44', '91'),
(291, 'Kamla Tondon ', '9830111388', 'I didnâ€™t understand what does it mean by your browser doesnâ€™t support this video', '2020-02-07 16:21:17', '91'),
(292, 'Seema julka', '5042362446', 'What time is online 2nd session today', '2020-02-08 21:35:13', '1'),
(293, 'Devendra Mehta', '9376195888', 'Due to some reason and request from my side my session is now shifted to 28th or 29th Feb 2020! Hope I will be informed in time ! Thanks', '2020-02-19 17:33:54', '91');

-- --------------------------------------------------------

--
-- Table structure for table `tbl_users`
--

CREATE TABLE `tbl_users` (
  `id` int(3) NOT NULL,
  `name` varchar(100) NOT NULL,
  `reg_date` datetime NOT NULL,
  `mobile_num` varchar(20) NOT NULL,
  `login_date` datetime DEFAULT NULL,
  `logout_date` datetime DEFAULT NULL,
  `logout_status` int(11) DEFAULT '0',
  `cntry_code` varchar(12) DEFAULT NULL
) ENGINE=MyISAM DEFAULT CHARSET=utf8;

--
-- Dumping data for table `tbl_users`
--

INSERT INTO `tbl_users` (`id`, `name`, `reg_date`, `mobile_num`, `login_date`, `logout_date`, `logout_status`, `cntry_code`) VALUES
(1, 'viraj', '2020-01-24 12:23:36', '9765875731', '2020-02-04 20:09:57', '2020-02-04 20:10:27', 1, '91'),
(2, 'Pooja', '2020-01-24 12:29:38', '9768161921', '2020-02-03 09:59:09', '2020-02-03 09:59:39', 1, '91'),
(3, 'priyanka', '2020-01-24 15:12:11', '7757552138', '2020-01-24 15:12:11', '2020-01-24 15:12:49', 0, '91'),
(4, 'Z', '2020-01-24 18:29:51', '1234', '2020-02-01 18:37:19', '2020-02-01 18:38:20', 0, '91'),
(5, 'Kalyani', '2020-01-25 12:55:08', '7276818211', '2020-01-31 14:45:29', '2020-01-31 14:45:59', 1, '91'),
(6, 'amol', '2020-01-25 14:08:35', '9021224058', '2020-01-25 14:08:35', '2020-01-25 14:13:05', 1, '91'),
(7, 'Ashwani Yadav', '2020-01-27 11:41:46', '09650459321', '2020-02-01 08:58:14', '2020-02-01 11:41:15', 1, '91'),
(8, 'a', '2020-01-27 16:53:16', '1', '2020-01-27 16:53:16', '2020-01-27 16:59:17', 1, '91'),
(9, 'priyanka', '2020-01-29 13:03:17', '7757045213', '2020-02-03 11:20:09', '2020-02-03 11:20:20', 0, '91'),
(10, 'Pawan Singh', '2020-01-29 18:50:15', '9560760808', '2020-01-29 18:50:15', '2020-01-29 18:50:45', 1, '91'),
(11, 'R s vidyarthi ', '2020-01-29 20:11:05', '9897587860', '2020-02-01 09:00:58', '2020-02-01 11:30:29', 1, '91'),
(12, 'SURENDRA KUMAR NAGPAL', '2020-01-30 15:13:09', '9829010789', '2020-02-01 11:15:40', '2020-02-01 11:36:40', 1, '91'),
(13, 'Rajashri Vanarase', '2020-01-30 16:02:03', '7038118792', '2020-01-30 16:02:03', '2020-01-30 16:02:33', 1, '91'),
(14, 'Rohini Sharma', '2020-01-30 16:04:05', '9890654916', '2020-01-30 16:04:05', '2020-01-30 16:06:35', 1, '91'),
(15, 'Amit', '2020-01-30 16:06:55', '9021261854', '2020-02-01 08:45:38', '2020-02-01 09:15:53', 0, '91'),
(16, 'Abhai', '2020-01-30 16:39:47', '9773595991', '2020-02-01 16:15:50', '2020-02-01 16:27:56', 1, '91'),
(17, 'Satyavir Singh', '2020-01-30 16:44:34', '8891063120', '2020-01-30 16:44:34', '2020-01-30 16:45:04', 1, '91'),
(18, 'Pankaj Sen', '2020-01-30 17:02:33', '7908122038', '2020-02-01 11:21:45', '2020-02-01 11:44:27', 1, '91'),
(19, 'Vijaya Ayyalraj', '2020-01-30 17:04:48', '9346290077', '2020-02-01 14:53:14', '2020-02-01 14:54:17', 1, '91'),
(20, 'madhav p sarwate', '2020-01-30 17:13:30', '8082040248', '2020-02-02 21:22:56', '2020-02-02 21:24:56', 1, '91'),
(21, 'Satyavir Singh', '2020-01-30 17:13:34', '9891063120', '2020-02-02 09:06:46', '2020-02-02 09:08:47', 1, '91'),
(22, 'Ajay', '2020-01-30 18:40:27', '9717969611', '2020-02-01 19:55:52', '2020-02-01 20:07:56', 1, '91'),
(23, 'Mohammed kamaluddin', '2020-01-30 18:42:41', '07000056811', '2020-02-01 08:48:58', '2020-02-01 12:00:22', 1, '91'),
(24, 'Parveen Sarraf', '2020-01-30 19:15:53', '09896354621', '2020-02-11 07:31:46', '2020-02-11 07:32:16', 1, '91'),
(25, 'Narendra Parekh', '2020-01-30 19:41:46', '9924270776', '2020-02-03 06:58:23', '2020-02-03 06:58:53', 1, '91'),
(26, 'Manish Verma', '2020-01-30 20:13:12', '8050682256', '2020-02-01 08:59:39', '2020-02-01 11:58:57', 1, '91'),
(27, 'Zahir Hussain ', '2020-01-31 05:11:32', '9757341810', '2020-02-02 08:42:00', '2020-02-02 08:43:03', 1, '91'),
(28, 'Arati Manjrekar', '2020-01-31 06:22:35', '5155544984', '2020-01-31 06:22:35', '2020-01-31 06:23:05', 1, '1'),
(29, 'Sankaranarayanan R', '2020-01-31 07:31:54', '9744684137', '2020-01-31 07:31:54', '2020-01-31 07:33:25', 1, '91'),
(30, 'Sunil Bala', '2020-01-31 10:43:37', '9899139363', '2020-02-01 19:22:58', '2020-02-01 20:59:29', 1, '91'),
(31, 'Seema sapre ', '2020-01-31 12:11:07', '+431160903', '2020-01-31 12:11:07', '2020-01-31 12:16:40', 1, '672'),
(32, 'ANJANI UPADHYAY', '2020-01-31 12:28:41', '7407186067', '2020-02-01 08:48:02', '2020-02-01 11:41:33', 1, '91'),
(33, 'Jyotsna', '2020-01-31 14:41:12', '9911014767', '2020-01-31 14:41:12', '2020-01-31 14:45:43', 1, '91'),
(34, 'Pawan', '2020-01-31 15:34:47', '09545329222', '2020-01-31 17:08:31', '2020-01-31 17:19:08', 0, '91'),
(35, 'AJIT SINGH RANDHAWA', '2020-01-31 16:27:02', '9423749859', '2020-04-23 12:43:41', '2020-04-23 12:44:11', 1, '91'),
(36, 'Pawan ', '2020-01-31 16:41:12', '9545329222', '2020-02-01 13:01:35', '2020-02-01 13:43:59', 0, '91'),
(37, 'Sujatha ', '2020-01-31 16:50:48', '9845563760', '2020-02-02 09:41:19', '2020-02-02 09:42:24', 0, '91'),
(38, 'Anita Vashisht ', '2020-01-31 17:04:07', '9560952111', '2020-02-01 08:47:32', '2020-02-01 11:40:37', 1, '91'),
(39, 'Bhavana Agarwal ', '2020-01-31 17:23:37', '9007929644', '2020-02-01 11:37:52', '2020-02-01 11:40:22', 1, '91'),
(40, 'Mannat', '2020-01-31 17:32:35', '9416295794', '2020-02-01 08:59:08', '2020-02-01 11:42:10', 1, '91'),
(41, 'Kamlendra singh', '2020-01-31 17:40:36', '9983615001', '2020-02-01 08:51:27', '2020-02-01 09:12:27', 1, '91'),
(42, 'Balkar Singh Sandhu', '2020-01-31 18:00:33', '9814863233', '2020-02-01 15:23:50', '2020-02-01 15:24:20', 1, '91'),
(43, 'PAWAN AGARWAL', '2020-01-31 18:25:52', '9933306621', '2020-02-02 21:37:28', '2020-02-02 21:38:20', 0, '91'),
(44, 'Juhi jha', '2020-01-31 18:27:54', '8890555111', '2020-02-01 08:46:43', '2020-02-01 11:31:54', 1, '91'),
(45, 'Harshad M Rana', '2020-01-31 18:33:02', '9173783194', '2020-02-02 06:55:13', '2020-02-02 06:59:44', 1, '91'),
(46, 'N Nandakumar', '2020-01-31 18:34:52', '8891367714', '2020-02-02 16:18:19', '2020-02-02 17:07:21', 1, '91'),
(47, 'Mahaveer chand ', '2020-01-31 18:37:18', '9964047876', '2020-02-01 08:53:29', '2020-02-01 11:22:30', 1, '91'),
(48, 'Akanksha Gautam', '2020-01-31 18:41:38', '9404309485', '2020-02-01 10:55:20', '2020-02-01 12:08:21', 1, '91'),
(49, 'Ashok', '2020-01-31 18:42:40', '9440439452', '2020-01-31 18:42:40', '2020-01-31 18:43:41', 1, '91'),
(50, 'Tridib Tripathy', '2020-01-31 18:43:24', '9437022309', '2020-02-01 11:36:24', '2020-02-01 11:41:04', 0, '91'),
(51, 'Subhash Gautam', '2020-01-31 18:45:36', '9990044782', '2020-01-31 18:45:36', '2020-01-31 18:47:07', 1, '91'),
(52, 'Johnny c c', '2020-01-31 18:47:31', '9840027100', '2020-01-31 18:47:31', '2020-01-31 18:51:57', 1, '91'),
(53, 'Deepak Sahu', '2020-01-31 18:50:36', '6371334717', '2020-02-01 08:57:17', '2020-02-01 11:42:23', 0, '91'),
(54, 'Antaryami Sahoo', '2020-01-31 19:01:13', '9337548036', '2020-02-05 00:08:16', '2020-02-05 00:08:30', 0, '91'),
(55, 'HS Parashiva murthy', '2020-01-31 19:02:46', '9964598642', '2020-01-31 19:02:46', '2020-01-31 19:03:47', 1, '91'),
(56, 'Dilip Budhale', '2020-01-31 19:14:08', '09922388882', '2020-01-31 19:14:08', '2020-01-31 19:15:09', 1, '91'),
(57, 'Jyotsna', '2020-01-31 19:16:17', '9711107376', '2020-02-03 08:38:06', '2020-02-03 08:38:36', 1, '91'),
(58, 'Asha Srivastava', '2020-01-31 19:18:53', '9839316300', '2020-02-01 08:53:03', '2020-02-01 11:40:42', 0, '91'),
(59, 'Ashutosh S Tripathi', '2020-01-31 19:28:38', '8134636639', '2020-02-02 07:16:51', '2020-02-02 09:31:24', 1, '1'),
(60, 'Viraj', '2020-01-31 19:44:18', '9765875732', '2020-01-31 19:44:18', '2020-01-31 19:56:00', 1, '91'),
(61, 'Harshad sarode', '2020-01-31 19:48:21', '9860730774', '2020-02-03 10:41:21', '2020-02-03 10:41:51', 1, '91'),
(62, 'Meenaxi Bhatt', '2020-01-31 19:53:48', '988075601', '2020-01-31 19:53:48', '2020-01-31 20:05:42', 1, '91'),
(63, 'Ramesh Babu', '2020-01-31 20:23:33', '9845113195', '2020-02-01 17:33:15', '2020-02-01 18:28:17', 1, '91'),
(64, 'Jaswant ', '2020-01-31 20:32:29', '9424125777', '2020-02-01 19:17:29', '2020-02-01 19:17:59', 1, '91'),
(65, 'Rohra jagdish parsram', '2020-01-31 20:33:32', '918369985029', '2020-02-01 17:56:54', '2020-02-01 17:57:54', 1, '91'),
(66, 'Sreejesh rs', '2020-01-31 21:02:44', '9640688082', '2020-01-31 21:02:44', '2020-01-31 21:03:27', 0, '91'),
(67, 'ashok guru', '2020-01-31 21:10:07', '9408793608', '2020-01-31 21:16:58', '2020-01-31 21:17:59', 1, '91'),
(68, 'Ram Sharma', '2020-01-31 21:10:52', '9918728061', '2020-02-01 08:44:58', '2020-02-01 11:34:58', 1, '91'),
(69, 'SADASIVAN Nair ', '2020-01-31 21:44:03', '9943984490', '2020-01-31 21:44:03', '2020-01-31 21:45:05', 1, '91'),
(70, 'N.Kumar', '2020-01-31 21:51:54', '9427326226', '2020-02-01 08:55:39', '2020-02-01 11:55:10', 1, '91'),
(71, 'Niraj Narain Pandey', '2020-01-31 21:55:41', '7739608807', '2020-02-01 11:20:30', '2020-02-01 11:28:01', 1, '91'),
(72, 'akin Penangwala', '2020-01-31 22:20:21', '9320078913', '2020-02-02 15:45:56', '2020-02-02 17:56:56', 1, '91'),
(73, 'C.A.Sridhar', '2020-01-31 22:22:52', '9844040835', '2020-02-01 09:00:30', '2020-02-01 10:45:01', 1, '91'),
(74, 'Madhavan Unnikrishnan', '2020-01-31 22:37:33', '9415307784', '2020-01-31 22:37:33', '2020-01-31 22:38:03', 1, '91'),
(75, 'Dharmendar Kanwar', '2020-01-31 22:41:52', '7014299525', '2020-01-31 22:41:52', '2020-01-31 22:42:22', 1, '91'),
(76, 'hanchate venkataramana rao', '2020-01-31 22:44:40', '8125551177', '2020-02-01 09:03:27', '2020-02-01 11:35:33', 1, '91'),
(77, 'Piyush Mishra', '2020-01-31 23:38:01', '9035000550', '2020-02-01 08:57:06', '2020-02-01 11:40:23', 1, '91'),
(78, 'Subir kumar', '2020-01-31 23:47:29', '9798384545', '2020-02-17 11:47:27', '2020-02-17 11:47:57', 1, '91'),
(79, 'Syed Mohammed Khalid', '2020-02-01 00:11:07', '7981465502', '2020-02-03 20:58:39', '2020-02-03 20:59:40', 1, '91'),
(80, 'Preethy Nair ', '2020-02-01 04:00:56', '7534024472', '2020-02-01 04:00:56', '2020-02-01 04:02:27', 1, '44'),
(81, 'Seema', '2020-02-01 06:08:46', '5042364226', '2020-02-01 21:47:53', '2020-02-01 21:52:59', 1, '1'),
(82, 'SUJIT PURUSHOTHAMAN', '2020-02-01 06:18:46', '8895028505', '2020-02-01 19:05:07', '2020-02-01 19:32:13', 1, '91'),
(83, 'Rajender Singh', '2020-02-01 06:54:56', '9440873389', '2020-02-03 18:08:44', '2020-02-03 18:09:45', 1, '91'),
(84, 'Subhash Kamei', '2020-02-01 07:18:09', '7002146122', '2020-02-02 07:06:35', '2020-02-02 09:29:40', 1, '91'),
(85, 'XYX', '2020-02-01 07:26:51', '7566661023', '2020-02-01 09:02:36', '2020-02-01 11:41:37', 1, '91'),
(86, 'nandakumar narayanapillai', '2020-02-01 07:45:14', '+918891367714', '2020-02-01 07:45:14', '2020-02-01 10:02:45', 1, '91'),
(87, 'Urvashi nigam', '2020-02-01 07:53:17', '6291866694', '2020-02-01 14:31:58', '2020-02-01 15:41:47', 1, '91'),
(88, 'Shiben wadekar ', '2020-02-01 08:06:50', '09987256005', '2020-02-01 14:27:27', '2020-02-01 14:27:57', 1, '91'),
(89, 'Anil Kumar Rai', '2020-02-01 08:13:18', '8729888929', '2020-02-03 17:22:36', '2020-02-03 17:23:06', 1, '91'),
(90, 'priyanka', '2020-02-01 08:20:13', '775745213', '2020-02-01 08:20:13', '2020-02-01 11:53:27', 1, '91'),
(91, 'Chitra Singh', '2020-02-01 08:25:17', '9811164108', '2020-02-01 08:25:17', '2020-02-01 11:06:47', 1, '91'),
(92, 'seemajulka855@gmail.com', '2020-02-01 08:30:55', '5042364266', '2020-02-01 08:30:55', '2020-02-01 15:13:00', 1, '1'),
(93, 'Hema Ujwal', '2020-02-01 08:31:05', '9945293070', '2020-02-01 08:45:34', '2020-02-01 11:20:23', 0, '91'),
(94, 'UMANG PATEL', '2020-02-01 08:32:04', '9227512756 ', '2020-02-01 08:32:04', '2020-02-01 11:13:16', 1, '91'),
(95, 'Seema sapre ', '2020-02-01 08:34:23', '+61431160903', '2020-02-01 08:59:50', '2020-02-01 11:49:22', 1, '61'),
(96, 'Amit Aggarwal', '2020-02-01 08:34:35', '9818270114', '2020-02-01 08:34:35', '2020-02-01 09:08:35', 1, '91'),
(97, 'Muktar Shaikh', '2020-02-01 08:35:05', '9403912233', '2020-02-01 08:47:26', '2020-02-01 11:50:11', 1, '91'),
(98, 'Oommen', '2020-02-01 08:36:34', '8111950476', '2020-02-02 13:26:28', '2020-02-02 13:45:30', 1, '91'),
(99, 'Shebin koshy', '2020-02-01 08:37:36', '8891418498', '2020-02-01 08:37:36', '2020-02-01 08:38:37', 1, '91'),
(100, 'Nikhil Aggarwal', '2020-02-01 08:37:58', '9650693612', '2020-02-01 08:37:58', '2020-02-01 12:00:41', 1, '91'),
(101, 'J.Laxminarayana Reddy', '2020-02-01 08:38:32', '55460808', '2020-02-01 23:28:11', '2020-02-01 23:49:12', 1, '974'),
(102, 'Parminder Kaur', '2020-02-01 08:38:50', '7226005876', '2020-02-08 07:10:50', '2020-02-08 07:11:20', 1, '91'),
(103, 'NEELAM MAHTO ', '2020-02-01 08:39:32', '9425166082', '2020-02-01 08:39:32', '2020-02-01 11:40:42', 0, '91'),
(104, 'Rajni Gupta', '2020-02-01 08:39:39', '9045049827', '2020-02-01 08:39:39', '2020-02-01 11:10:53', 1, '91'),
(105, 'Sandhya', '2020-02-01 08:40:01', '8919201364', '2020-02-03 18:56:54', '2020-02-03 18:57:24', 1, '91'),
(106, 'Sangeeta Goel', '2020-02-01 08:40:07', '9582230715', '2020-02-01 08:40:07', '2020-02-01 11:35:52', 1, '91'),
(107, 'Sunil Kumar Singh', '2020-02-01 08:41:19', '9431442075', '2020-02-01 08:47:53', '2020-02-01 11:46:37', 0, '91'),
(108, 'Padma kumar B', '2020-02-01 08:41:23', '9995987998', '2020-02-01 10:50:13', '2020-02-01 11:14:14', 1, '91'),
(109, 'M. Srinivas Rao', '2020-02-01 08:41:55', '9246891718', '2020-02-01 15:30:04', '2020-02-01 15:30:34', 1, '91'),
(110, 'Omkar gutte', '2020-02-01 08:42:05', '9067711515', '2020-02-01 09:04:56', '2020-02-01 11:39:45', 1, '91'),
(111, 'Rajay shahdeo', '2020-02-01 08:42:38', '09312981021', '2020-02-01 08:42:38', '2020-02-01 11:30:41', 1, '91'),
(112, 'Nibrat Kumar Biswal', '2020-02-01 08:42:58', '8825844381', '2020-02-06 16:14:27', '2020-02-06 16:14:57', 1, '91'),
(113, 'Manjusha Wadke', '2020-02-01 08:43:34', '9049210968', '2020-02-01 18:02:42', '2020-02-01 20:08:56', 0, '91'),
(114, 'Pratima Mathew\'s', '2020-02-01 08:43:39', '9730499877', '2020-02-01 14:26:39', '2020-02-01 16:38:43', 1, '91'),
(115, 'Arvind taneja', '2020-02-01 08:44:33', '9313105757', '2020-02-01 08:44:33', '2020-02-01 11:56:24', 1, '91'),
(116, 'Swati Nigam', '2020-02-01 08:44:52', '5089817066', '2020-02-01 08:44:52', '2020-02-01 11:40:10', 0, '1'),
(117, 'Murthy ML', '2020-02-01 08:44:53', '9448493177', '2020-02-01 08:44:53', '2020-02-01 11:07:06', 0, '91'),
(118, 'Padmaja Inamdar', '2020-02-01 08:45:00', '9982018087', '2020-02-01 08:45:00', '2020-02-01 11:55:34', 1, '91'),
(119, 'Rahul Gorai', '2020-02-01 08:45:04', '7978836268', '2020-02-01 08:45:04', '2020-02-01 11:42:04', 1, '91'),
(120, 'M Unnikrishnan', '2020-02-01 08:45:14', '8687491441', '2020-02-01 18:52:27', '2020-02-01 18:54:28', 1, '91'),
(121, 'Anand Pandey', '2020-02-01 08:45:31', '7355056671', '2020-02-01 09:03:43', '2020-02-01 11:30:44', 1, '91'),
(122, 'NAVNEET', '2020-02-01 08:45:39', '9425250345', '2020-02-01 08:45:39', '2020-02-01 11:41:12', 1, '91'),
(123, 'Rabindra Kumar Mishra', '2020-02-01 08:45:43', '7004703854', '2020-02-01 19:13:22', '2020-02-01 19:58:24', 1, '91'),
(124, 'NAVEEN', '2020-02-01 08:45:47', '9755646766', '2020-02-01 11:33:14', '2020-02-01 11:40:11', 0, '91'),
(125, 'Bijay Mishra', '2020-02-01 08:45:48', '9845597236', '2020-02-03 09:21:49', '2020-02-03 09:22:19', 1, '91'),
(126, 'haresh krr', '2020-02-01 08:45:58', '9994383516', '2020-02-01 09:31:43', '2020-02-01 10:58:14', 1, '91'),
(127, 'Hershil', '2020-02-01 08:46:02', '9703201145', '2020-02-01 08:46:02', '2020-02-01 11:41:03', 1, '91'),
(128, 'Dr.Vaishali Chinchkar', '2020-02-01 08:46:05', '9421179494', '2020-02-01 08:46:05', '2020-02-01 11:42:06', 1, '91'),
(129, 'Shakti Thapliyal', '2020-02-01 08:46:05', '9764530700', '2020-02-01 08:49:45', '2020-02-01 11:41:56', 1, '91'),
(130, 'UC YADAV', '2020-02-01 08:46:18', '9971367778', '2020-02-01 08:46:18', '2020-02-01 11:44:18', 1, '91'),
(131, 'Sunita Majumdar', '2020-02-01 08:46:41', '09830086778', '2020-02-01 09:17:43', '2020-02-01 11:01:26', 1, '91'),
(132, 'Vc Maheshwari ', '2020-02-01 08:46:46', '9896355765', '2020-02-02 10:34:49', '2020-02-02 10:36:21', 1, '91'),
(133, 'Sachin Saxena', '2020-02-01 08:46:47', '9456244891', '2020-02-01 09:38:43', '2020-02-01 11:12:16', 1, '91'),
(134, 'Arati Manjrekar', '2020-02-01 08:47:09', '5159540125', '2020-02-01 10:11:45', '2020-02-01 11:40:46', 1, '1'),
(135, 'Lata Dagwale', '2020-02-01 08:47:10', '9391164921', '2020-02-01 08:47:10', '2020-02-01 11:40:05', 0, '91'),
(136, 'Ramreddy Yeltiwar ', '2020-02-01 08:47:19', '9011017900', '2020-02-01 08:47:19', '2020-02-01 11:40:26', 1, '91'),
(137, 'chandan kumar', '2020-02-01 08:47:22', '9689881094', '2020-02-01 08:47:22', '2020-02-01 11:40:26', 1, '91'),
(138, 'Boby nigam', '2020-02-01 08:47:35', '63966331275', '2020-02-04 09:22:05', '2020-02-04 09:22:35', 1, '91'),
(139, 'Manish Singh', '2020-02-01 08:47:44', '9972021275', '2020-02-01 08:47:44', '2020-02-01 11:41:41', 0, '91'),
(140, 'SHARAD PATEL', '2020-02-01 08:47:47', '9838706009', '2020-02-01 08:47:47', '2020-02-01 11:31:31', 0, '91'),
(141, 'Haresh Desai', '2020-02-01 08:47:49', '9427121716', '2020-02-01 15:19:43', '2020-02-01 15:46:41', 1, '91'),
(142, 'vyas gudi', '2020-02-01 08:47:53', '8390830189', '2020-02-02 18:27:23', '2020-02-02 18:40:25', 1, '91'),
(143, 'Ankita Handa', '2020-02-01 08:48:15', '9650756390', '2020-02-01 09:45:37', '2020-02-01 11:03:38', 1, '91'),
(144, 'Sujit Purushothama', '2020-02-01 08:48:31', '08895028505', '2020-02-01 18:00:20', '2020-02-01 18:15:51', 1, '91'),
(145, 'subhash gautam', '2020-02-01 08:48:39', '09990044782', '2020-02-01 08:48:39', '2020-02-01 11:40:42', 1, '91'),
(146, 'Harish', '2020-02-01 08:48:41', '9008008291', '2020-02-01 08:48:41', '2020-02-01 09:53:20', 0, '91'),
(147, 'Renu mlhotra', '2020-02-01 08:48:49', '9868430167', '2020-02-01 19:23:47', '2020-02-01 20:07:47', 1, '91'),
(148, 'Manish Murarka', '2020-02-01 08:48:51', '9830042474', '2020-02-01 08:48:51', '2020-02-01 09:31:53', 1, '91'),
(149, 'Om prakash', '2020-02-01 08:49:02', '9829014242', '2020-02-01 08:49:02', '2020-02-01 11:43:33', 1, '91'),
(150, 'Shashi Arora', '2020-02-01 08:49:03', '9811073908', '2020-02-01 08:53:54', '2020-02-01 11:41:55', 1, '91'),
(151, 'SOURAV Maity', '2020-02-01 08:49:08', '08885016910', '2020-02-02 10:08:52', '2020-02-02 10:09:22', 1, '91'),
(152, 'Dr. Gopal Krishna Thakur', '2020-02-01 08:49:13', '8007845441', '2020-02-01 08:54:20', '2020-02-01 11:23:47', 0, '91'),
(153, 'Vaishali Panchal', '2020-02-01 08:49:20', '9833779930', '2020-02-01 08:56:10', '2020-02-01 11:30:14', 1, '91'),
(154, 'Sandhya Shukla', '2020-02-01 08:49:31', '9937307932', '2020-02-01 09:38:06', '2020-02-01 11:40:01', 1, '91'),
(155, 'lokendra kumar sharma', '2020-02-01 08:49:38', '9414708805', '2020-02-01 08:49:38', '2020-02-01 11:40:02', 0, '91'),
(156, 'Udaybhanu ', '2020-02-01 08:49:41', '9989946116', '2020-02-01 09:05:07', '2020-02-01 11:05:57', 1, '91'),
(157, 'Ramagopal', '2020-02-01 08:49:48', '9840577846', '2020-02-02 17:27:19', '2020-02-02 17:27:49', 1, '91'),
(158, 'Tushar Mistry', '2020-02-01 08:49:50', '9916292842', '2020-02-01 08:49:50', '2020-02-01 13:48:24', 1, '91'),
(159, 'Utpal', '2020-02-01 08:49:52', '9904064383', '2020-02-01 11:34:55', '2020-02-01 11:42:26', 1, '91'),
(160, 'Harish joshi', '2020-02-01 08:49:59', '9764151211', '2020-02-01 08:49:59', '2020-02-01 10:06:30', 1, '91'),
(161, 'Anup Kumar Pandey', '2020-02-01 08:50:01', '9438493201', '2020-02-03 11:50:43', '2020-02-03 11:51:13', 1, '91'),
(162, 'Girish', '2020-02-01 08:50:03', '9008904400', '2020-02-01 08:50:03', '2020-02-01 12:16:44', 1, '91'),
(163, 'Sunayana Harlalka', '2020-02-01 08:50:06', '9163397004', '2020-02-01 08:50:06', '2020-02-01 11:40:15', 1, '91'),
(164, 'Amit Aggarwal', '2020-02-01 08:50:15', '09818270114', '2020-02-01 15:22:35', '2020-02-01 15:55:05', 1, '91'),
(165, 'Virender Mattoo', '2020-02-01 08:50:17', '7022281966', '2020-02-01 08:58:26', '2020-02-01 16:01:24', 1, '91'),
(166, 'Lalit Grover', '2020-02-01 08:50:17', '9803199151', '2020-02-01 09:13:34', '2020-02-01 11:36:57', 1, '91'),
(167, 'Ajaya Kumar Rath ', '2020-02-01 08:50:20', '9861057766', '2020-02-01 08:50:20', '2020-02-01 11:50:04', 1, '91'),
(168, 'Pintu Sarkar', '2020-02-01 08:50:32', '8145100357', '2020-02-03 17:59:31', '2020-02-03 18:00:01', 1, '91'),
(169, 'Jayakrushna Sahoo', '2020-02-01 08:50:44', '9776656999', '2020-02-01 08:50:44', '2020-02-01 11:36:25', 0, '91'),
(170, 'JAYACHAND JAIN', '2020-02-01 08:50:46', '9844583442', '2020-02-02 21:06:47', '2020-02-02 21:08:51', 1, '91'),
(171, 'Miti Sharma', '2020-02-01 08:50:50', '8743010101', '2020-02-01 22:59:03', '2020-02-01 23:28:45', 1, '91'),
(172, 'Khurram kazmi', '2020-02-01 08:51:10', '9918201620', '2020-02-03 12:41:08', '2020-02-03 12:41:26', 0, '91'),
(173, 'Kamal Motwani ', '2020-02-01 08:51:11', '9320152293', '2020-02-01 15:07:03', '2020-02-01 15:08:04', 1, '91'),
(174, 'Sunil Rustagi', '2020-02-01 08:51:11', '9818646530', '2020-02-01 08:51:11', '2020-02-01 11:02:42', 1, '91'),
(175, 'Amit khanna', '2020-02-01 08:51:20', '9219658682', '2020-02-01 08:51:20', '2020-02-01 11:02:54', 0, '91'),
(176, 'prabhakar bhushetti', '2020-02-01 08:51:33', '9845761295', '2020-02-01 08:51:33', '2020-02-01 11:26:33', 1, '91'),
(177, 'Pawan kumar', '2020-02-01 08:51:42', '07404444752', '2020-02-01 08:51:42', '2020-02-01 11:58:43', 1, '44'),
(178, 'Dr B K Sinha ', '2020-02-01 08:51:43', '9431277630', '2020-02-01 08:51:43', '2020-02-01 11:16:44', 1, '91'),
(179, 'DEVENDAR RAO CHEETI', '2020-02-01 08:52:05', '9849648511', '2020-02-01 08:52:05', '2020-02-01 11:07:53', 1, '91'),
(180, 'Rohit Sood', '2020-02-01 08:52:06', '8130428429', '2020-02-01 08:52:06', '2020-02-01 12:18:39', 1, '91'),
(181, 'LAXMI DHAUL', '2020-02-01 08:52:23', '9811175538', '2020-02-01 08:52:23', '2020-02-01 11:29:23', 1, '91'),
(182, 'tummalapenta satish kumar tummalapenta', '2020-02-01 08:52:31', '9866236138', '2020-02-01 08:52:31', '2020-02-01 10:58:18', 1, '91'),
(183, 'Debasish Sahu', '2020-02-01 08:52:42', '09820107556', '2020-02-01 08:52:42', '2020-02-01 12:24:02', 1, '91'),
(184, 'Milind Savagaonkar', '2020-02-01 08:52:57', '9845944544', '2020-02-02 18:28:28', '2020-02-02 21:54:59', 1, '91'),
(185, 'Prashant Vashisht', '2020-02-01 08:53:06', '8209633985', '2020-02-01 08:53:06', '2020-02-01 11:21:02', 0, '91'),
(186, 'Mihir Jha', '2020-02-01 08:53:12', '81887594', '2020-02-01 08:53:12', '2020-02-01 11:41:44', 1, '65'),
(187, 'Asha', '2020-02-01 08:53:26', '2817363180', '2020-02-01 08:53:26', '2020-02-01 11:40:28', 1, '1'),
(188, 'HEMANT VORA', '2020-02-01 08:53:38', '9321121734', '2020-02-01 15:16:28', '2020-02-01 16:13:08', 1, '91'),
(189, 'Naveen', '2020-02-01 08:53:42', '09755646766', '2020-02-01 10:44:48', '2020-02-01 10:45:18', 1, '91'),
(190, 'Rajindra Bhatia ', '2020-02-01 08:53:59', '9958663367', '2020-02-01 08:53:59', '2020-02-01 11:40:39', 1, '91'),
(191, 'RUDRAGOUDA SHANTANAVAR', '2020-02-01 08:54:04', '9945844988', '2020-02-01 08:54:04', '2020-02-01 11:40:59', 0, '91'),
(192, 'Jyoti', '2020-02-01 08:54:21', '7092029251', '2020-02-01 08:54:21', '2020-02-01 11:42:21', 0, '91'),
(193, 'Ankur Majumder', '2020-02-01 08:54:41', '09886569085', '2020-02-01 08:54:41', '2020-02-01 11:40:09', 0, '91'),
(194, 'Mohinder Kumar Kalra', '2020-02-01 08:54:54', '9888799080', '2020-02-01 09:01:27', '2020-02-01 12:21:38', 1, '91'),
(195, 'harish talreja', '2020-02-01 08:54:57', '9827022256', '2020-02-01 10:18:03', '2020-02-01 11:25:34', 1, '91'),
(196, 'Krishna', '2020-02-01 08:55:04', '9820164692', '2020-02-01 08:55:04', '2020-02-01 11:42:22', 1, '91'),
(197, 'Rajendra Narayanrao Lande', '2020-02-01 08:55:06', '9822337798', '2020-02-01 08:55:06', '2020-02-01 11:41:06', 1, '91'),
(198, 'Siladitya Mishra ', '2020-02-01 08:55:14', '7752019197', '2020-02-01 08:55:14', '2020-02-01 11:47:29', 1, '91'),
(199, 'Subhash Sethi', '2020-02-01 08:55:25', '9810076947', '2020-02-01 09:21:51', '2020-02-01 11:40:58', 1, '91'),
(200, 'Kamla Tondon ', '2020-02-01 08:55:27', '9930111388', '2020-02-01 09:08:33', '2020-02-01 10:48:04', 1, '91'),
(201, 'Harshad sarode', '2020-02-01 08:55:29', '9860730773', '2020-02-01 08:55:29', '2020-02-01 11:46:01', 1, '91'),
(202, 'Shobhana', '2020-02-01 08:55:36', '9819203558', '2020-02-01 08:55:36', '2020-02-01 11:35:37', 1, '91'),
(203, 'Radhika Kamath', '2020-02-01 08:55:58', '9869524861', '2020-02-01 08:55:58', '2020-02-01 11:40:06', 0, '91'),
(204, 'Ashok ', '2020-02-01 08:56:05', '9825065947', '2020-02-04 17:11:15', '2020-02-04 17:11:25', 0, '91'),
(205, 'ASHWANI KUMAR', '2020-02-01 08:56:32', '9818322367', '2020-02-02 18:32:55', '2020-02-02 19:47:26', 1, '91'),
(206, 'Madhusudan baldania', '2020-02-01 08:56:54', '9898023388', '2020-02-01 23:52:48', '2020-02-01 23:54:01', 0, '91'),
(207, 'SANKARANARAYANAN R', '2020-02-01 08:56:57', '09744684137', '2020-02-01 08:56:57', '2020-02-01 11:30:59', 1, '91'),
(208, 'Soumya Bose', '2020-02-01 08:57:21', '9830224413', '2020-02-01 08:57:21', '2020-02-01 11:25:55', 0, '62'),
(209, 'riyaz baig', '2020-02-01 08:57:21', '9030478260', '2020-02-01 08:57:21', '2020-02-01 11:32:52', 1, '91'),
(210, 'Syma Ahmed', '2020-02-01 08:57:23', '9818649696', '2020-02-01 08:57:23', '2020-02-01 11:37:58', 0, '91'),
(211, 'Geetha Sathish', '2020-02-01 08:57:45', '9600133705', '2020-02-01 08:57:45', '2020-02-01 11:23:39', 0, '91'),
(212, 'Dr.Renuka Mahesh Kulkarni', '2020-02-01 08:57:53', '9422647268', '2020-02-01 08:57:53', '2020-02-01 11:40:24', 1, '91'),
(213, 'Krupali Tayade', '2020-02-01 08:58:29', '09920651551', '2020-02-01 08:58:29', '2020-02-01 10:44:30', 1, '91'),
(214, 'B V Satyanarayana', '2020-02-01 08:58:41', '9885714202', '2020-02-02 01:43:48', '2020-02-02 02:13:48', 1, '91'),
(215, 'Monish polad', '2020-02-01 08:58:49', '9823860930', '2020-06-10 12:14:26', '2020-06-10 12:15:27', 1, '91'),
(216, 'Capt. Devendra Kumar', '2020-02-01 08:58:49', '9695831185', '2020-02-01 08:58:49', '2020-02-01 10:54:20', 1, '91'),
(217, 'Sangameshwari Patil', '2020-02-01 08:58:52', '9448294446', '2020-02-01 08:58:52', '2020-02-01 11:23:41', 0, '91'),
(218, 'karthik ', '2020-02-01 08:59:01', '9008026791', '2020-02-01 09:05:07', '2020-02-01 11:14:38', 1, '91'),
(219, 'Ankita Handa', '2020-02-01 08:59:13', '9650756390', '2020-02-01 08:59:13', '2020-02-01 11:07:46', 1, '504'),
(220, 'Prabhudayal  Yadav', '2020-02-01 08:59:17', '9892745572', '2020-02-01 08:59:17', '2020-02-01 11:42:48', 1, '91'),
(221, 'Ratnadip Ganguly', '2020-02-01 08:59:27', '9088008362', '2020-02-01 08:59:27', '2020-02-01 11:23:00', 1, '91'),
(222, 'Rajinder singh', '2020-02-01 08:59:27', '9467879679', '2020-02-01 08:59:27', '2020-02-01 11:40:36', 1, '91'),
(223, 'Sunil Pugalia', '2020-02-01 08:59:29', '9825138144', '2020-02-01 19:15:42', '2020-02-01 19:23:42', 1, '91'),
(224, 'Ritu', '2020-02-01 08:59:48', '9881912049', '2020-02-01 08:59:48', '2020-02-01 09:37:01', 1, '91'),
(225, 'Prathipati Francis', '2020-02-01 09:00:02', '9440716870', '2020-02-01 18:42:13', '2020-02-01 18:54:16', 1, '91'),
(226, 'Srinivasan Venkatasubramanian', '2020-02-01 09:00:32', '+919845895465', '2020-02-01 09:00:32', '2020-02-01 09:45:20', 1, '91'),
(227, 'Rajinder Sharma', '2020-02-01 09:00:48', '8510086584', '2020-02-01 21:55:36', '2020-02-01 23:04:37', 1, '91'),
(228, 'Jyothi unnithan', '2020-02-01 09:00:57', '9822714550', '2020-02-01 09:00:57', '2020-02-01 11:40:59', 1, '91'),
(229, 'Suresh Gopi T S', '2020-02-01 09:01:02', '9911264121', '2020-02-01 09:01:02', '2020-02-01 11:22:04', 1, '91'),
(230, 'Jaydeep kothari ', '2020-02-01 09:01:09', '9825016339', '2020-02-01 09:01:09', '2020-02-01 11:26:40', 1, '91'),
(231, 'Jyotsna', '2020-02-01 09:01:25', '971110767', '2020-02-01 09:01:25', '2020-02-01 11:40:56', 1, '91'),
(232, 'Rakesh Kumar', '2020-02-01 09:01:42', '09810022452', '2020-02-01 09:01:42', '2020-02-01 09:05:19', 1, '91'),
(233, 'Prabhakar Bhimrao Chalwadi', '2020-02-01 09:01:56', '9767899348', '2020-02-03 09:47:36', '2020-02-03 09:48:06', 1, '91'),
(234, 'anil', '2020-02-01 09:02:04', '529195625', '2020-02-01 14:49:18', '2020-02-01 14:49:35', 0, '971'),
(235, 'SANJEEV DEV CHOUDHURY ', '2020-02-01 09:02:20', '9435117818', '2020-02-01 10:03:10', '2020-02-01 11:42:11', 1, '91'),
(236, 'TEJASH P JOSHI', '2020-02-01 09:02:28', '9393911113', '2020-02-02 15:58:46', '2020-02-02 15:59:16', 1, '91'),
(237, 'S Krushna Kumar', '2020-02-01 09:02:33', '9840023023', '2020-02-01 09:02:33', '2020-02-01 09:07:05', 1, '91'),
(238, 'Shivaji ghuge', '2020-02-01 09:02:52', '7038900045', '2020-02-01 09:02:52', '2020-02-01 11:41:25', 1, '91'),
(239, 'sundaresh nayak', '2020-02-01 09:03:22', '9322271948', '2020-02-01 09:03:22', '2020-02-01 11:19:02', 1, '91'),
(240, 'Ashraf Amin Penangwala', '2020-02-01 09:03:50', '9321127475', '2020-02-01 09:03:50', '2020-02-01 11:53:20', 1, '91'),
(241, 'Santhanagopal', '2020-02-01 09:05:33', '9840881139', '2020-02-01 09:05:33', '2020-02-01 11:26:34', 1, '91'),
(242, 'Deepa Thilak', '2020-02-01 09:05:54', '9886257676', '2020-02-01 09:05:54', '2020-02-01 12:13:12', 1, '91'),
(243, 'ASHWINI K LAL', '2020-02-01 09:05:56', '9872074406', '2020-02-01 11:32:58', '2020-02-01 11:41:12', 0, '91'),
(244, 'Raju', '2020-02-01 09:06:42', '9167253864', '2020-02-01 09:06:42', '2020-02-01 09:07:12', 1, '91'),
(245, 'Shweta', '2020-02-01 09:07:33', '9922172287', '2020-02-01 09:07:33', '2020-02-01 09:44:06', 1, '91'),
(246, 'Vinit', '2020-02-01 09:07:55', '9820282898', '2020-02-01 09:07:55', '2020-02-01 11:43:18', 1, '91'),
(247, 'Ganesh', '2020-02-01 09:07:56', '9890289814', '2020-02-01 09:07:56', '2020-02-01 11:40:30', 0, '91'),
(248, 'Kanchan ', '2020-02-01 09:07:58', '9172182763', '2020-02-01 11:05:23', '2020-02-01 11:25:15', 1, '91'),
(249, 'Manoj sipani', '2020-02-01 09:10:13', '8779989508', '2020-02-01 09:10:13', '2020-02-01 09:10:43', 1, '91'),
(250, 'Laxmiputra Kallurmath', '2020-02-01 09:15:05', '9818030178 ', '2020-02-01 09:15:05', '2020-02-01 11:41:55', 1, '91'),
(251, 'Shrinivas chebbi', '2020-02-01 09:15:38', '9741123417', '2020-02-01 09:15:38', '2020-02-01 11:43:13', 1, '91'),
(252, 'Shivani', '2020-02-01 09:16:00', '9910448536', '2020-02-01 09:16:00', '2020-02-01 09:24:02', 1, '91'),
(253, 'Sameena', '2020-02-01 09:16:40', '8073596412', '2020-02-01 09:16:40', '2020-02-01 11:40:42', 0, '91'),
(254, 'srinivasan v', '2020-02-01 09:20:00', '9845895465', '2020-02-01 09:20:00', '2020-02-01 11:35:31', 1, '91'),
(255, 'mohammed afsar', '2020-02-01 09:20:25', '9818264540', '2020-02-01 11:57:18', '2020-02-01 12:05:06', 1, '91'),
(256, 'Padmavathi', '2020-02-01 09:21:57', '9704165628', '2020-02-03 11:21:29', '2020-02-03 11:21:59', 1, '91'),
(257, 'rajeev tripathi', '2020-02-01 09:23:42', '9810492660', '2020-02-01 09:23:42', '2020-02-01 12:09:42', 1, '91'),
(258, 'Test', '2020-02-01 09:23:52', '6969696969', '2020-02-01 09:23:52', '2020-02-01 09:28:23', 1, '91'),
(259, 'Shivani Tripathi', '2020-02-01 09:27:48', '09910448536', '2020-02-01 09:27:48', '2020-02-01 09:28:49', 1, '91'),
(260, 'Manish Murarka', '2020-02-01 09:29:40', '9830147702', '2020-02-01 09:29:40', '2020-02-01 11:57:06', 1, '91'),
(261, 'Manor sipani', '2020-02-01 09:30:28', '7303131415', '2020-02-01 09:30:28', '2020-02-01 11:40:59', 1, '91'),
(262, 'Pooja Shinde', '2020-02-01 09:30:37', '7020603515', '2020-02-01 09:30:37', '2020-02-01 09:34:23', 0, '91'),
(263, 'Shrilekha Roy', '2020-02-01 09:31:08', '9315614799', '2020-02-01 09:31:08', '2020-02-01 11:51:08', 1, '91'),
(264, 'Sangita ghuge', '2020-02-01 09:31:27', '9420928989', '2020-02-01 09:31:27', '2020-02-01 09:34:22', 1, '91'),
(265, 'Malhar Ganla', '2020-02-01 09:31:52', '09850839063', '2020-02-01 10:57:29', '2020-02-01 11:05:04', 1, '91'),
(266, 'Rajyashri chakraborty', '2020-02-01 09:33:20', '8617271143', '2020-02-01 09:33:20', '2020-02-01 11:42:21', 1, '91'),
(267, 'Renumalhotra', '2020-02-01 09:41:17', '9878430177', '2020-02-01 09:41:17', '2020-02-01 11:15:22', 1, '91'),
(268, 'Mohit Sahu', '2020-02-01 09:42:29', '9730015915', '2020-02-01 09:42:29', '2020-02-01 11:59:02', 1, '91'),
(269, 'vishal agarwal', '2020-02-01 09:44:29', '7599214445', '2020-02-01 15:27:04', '2020-02-01 15:28:05', 1, '91'),
(270, 'Nandini l', '2020-02-01 09:46:54', '8904913225', '2020-02-01 09:46:54', '2020-02-01 09:56:39', 1, '91'),
(271, 'Arvind ', '2020-02-01 09:54:07', '9028737083', '2020-02-01 09:54:07', '2020-02-01 13:04:24', 0, '91'),
(272, 'Akshat Jharia', '2020-02-01 09:54:13', '7204420017', '2020-02-01 09:54:13', '2020-02-01 12:18:14', 1, '91'),
(273, 'Raj', '2020-02-01 09:56:09', '8308903917', '2020-02-01 09:56:09', '2020-02-01 09:57:22', 0, '91'),
(274, 'Ritesh Bakliwal', '2020-02-01 10:00:20', '0507184935', '2020-02-01 10:00:20', '2020-02-01 11:12:20', 1, '971'),
(275, 'satish sharma', '2020-02-01 10:00:41', '9999031942', '2020-02-01 10:00:41', '2020-02-01 11:41:42', 1, '91'),
(276, 'Rajarshi Shankar Guha', '2020-02-01 10:03:49', '08939918812', '2020-02-01 10:03:49', '2020-02-01 10:04:49', 1, '91'),
(277, 'Syed Chisty', '2020-02-01 10:22:32', '33002575', '2020-02-01 15:25:01', '2020-02-01 16:36:48', 0, '974'),
(278, 'Vyas gudi', '2020-02-01 10:40:35', '839083019', '2020-02-01 10:40:35', '2020-02-01 11:24:22', 1, '91'),
(279, 'Akanksha', '2020-02-01 10:48:25', '09404309485', '2020-02-01 10:48:25', '2020-02-01 11:32:52', 1, '91'),
(280, 'Pradip Agarwal', '2020-02-01 10:51:11', '09433013838', '2020-02-01 10:51:11', '2020-02-01 11:11:54', 1, '856'),
(281, 'UC Yadav', '2020-02-01 10:56:50', '997@367778', '2020-02-01 10:56:50', '2020-02-01 10:57:53', 1, '91'),
(282, 'Sunil pugalia', '2020-02-01 11:33:04', '9825138145', '2020-02-01 11:33:04', '2020-02-01 11:38:38', 1, '91'),
(283, 'ramgopal', '2020-02-01 11:39:29', '9717637431', '2020-02-01 11:39:29', '2020-02-01 11:41:59', 1, '91'),
(284, 'Prathamesh Thombare', '2020-02-01 11:49:50', '8149759541', '2020-02-01 13:03:06', '2020-02-01 13:04:21', 0, '91'),
(285, 'Shiva Sunder Mahapatra', '2020-02-01 11:57:38', '09439706456', '2020-02-01 14:07:11', '2020-02-01 17:07:25', 1, '91'),
(286, 'sophy samuel', '2020-02-01 12:23:03', '95261125', '2020-02-01 12:23:03', '2020-02-01 12:25:05', 1, '968'),
(287, 'Partha Pratim Dhar ', '2020-02-01 12:48:55', '7002823234', '2020-02-01 12:48:55', '2020-02-01 12:50:26', 1, '91'),
(288, 'Jacintha', '2020-02-01 15:04:49', '0808 707 5057', '2020-02-01 15:04:49', '2020-02-01 15:11:20', 1, '91'),
(289, 'Avadhesh kumar', '2020-02-01 15:41:54', '7080202098', '2020-02-01 19:38:23', '2020-02-01 19:39:26', 1, '91'),
(290, 'Radha Subramanya', '2020-02-01 16:04:58', '09448506219', '2020-02-01 16:04:58', '2020-02-01 16:21:01', 1, '91'),
(291, 'Mallikarjun Josyula', '2020-02-01 16:18:37', '08374061616', '2020-02-01 16:18:37', '2020-02-01 16:37:15', 1, '91'),
(292, 'Ajay kumar shukla', '2020-02-01 16:48:44', '9412558347', '2020-02-03 21:27:08', '2020-02-03 21:27:38', 1, '91'),
(293, 'SOURAV Maity', '2020-02-01 16:55:53', '8885016910', '2020-02-01 18:37:50', '2020-02-01 18:44:05', 1, '91'),
(294, 'Pramod Sawant', '2020-02-01 17:14:35', '8999772859', '2020-02-02 15:28:28', '2020-02-02 16:19:04', 1, '91'),
(295, 'Ajay Kumar Shukla', '2020-02-01 17:24:35', '94 12 558347', '2020-02-01 18:28:40', '2020-02-01 18:53:20', 1, '91'),
(296, 'pradip agarwal', '2020-02-01 18:02:46', '9433013838', '2020-02-02 20:11:23', '2020-02-02 22:40:33', 1, '91'),
(297, 'Dil gurung', '2020-02-01 18:25:51', '7576814038', '2020-02-01 18:25:51', '2020-02-01 18:26:49', 0, '91'),
(298, 'GYAN RANJAN MISHRA ', '2020-02-01 19:03:11', '09040201820', '2020-02-01 22:03:21', '2020-02-01 22:11:42', 0, '91'),
(299, 'Sid', '2020-02-01 19:08:07', '7600576003', '2020-02-01 19:08:07', '2020-02-01 19:16:36', 1, '91'),
(300, 'Dr B K Sinha ', '2020-02-01 19:17:23', '943277630', '2020-02-01 19:22:26', '2020-02-01 19:24:06', 1, '91'),
(301, 'Sid', '2020-02-01 19:18:01', '07600576003', '2020-02-01 19:18:01', '2020-02-01 19:19:02', 1, '91'),
(302, 'Bijay Mishra', '2020-02-01 19:33:22', '09845597236', '2020-02-01 19:33:22', '2020-02-01 22:47:53', 1, '91'),
(303, 'Anil kr Rai', '2020-02-01 19:38:37', '8729888919', '2020-02-01 20:43:31', '2020-02-01 22:29:10', 1, '91'),
(304, 'Ashish Pratap Singh', '2020-02-01 19:49:51', '8171033334', '2020-02-01 19:49:51', '2020-02-01 23:07:50', 1, '91'),
(305, 'Batakrishna Mohanty', '2020-02-01 19:59:07', '9988602373', '2020-02-01 19:59:07', '2020-02-01 22:37:00', 0, '91'),
(306, 'Sid', '2020-02-01 20:13:55', '7428723482', '2020-02-01 20:13:55', '2020-02-01 20:15:55', 1, '91'),
(307, 'Abhai', '2020-02-01 20:30:09', '9773575991', '2020-02-09 16:34:22', '2020-02-09 16:34:52', 1, '91'),
(308, 'Dipti mandal', '2020-02-01 20:52:06', '8918538445', '2020-02-01 20:52:06', '2020-02-01 20:57:41', 1, '91'),
(309, 'B P SHUKLA', '2020-02-01 21:40:19', '9810495101', '2020-02-01 21:40:19', '2020-02-01 21:40:49', 1, '91'),
(310, 'Pradeep jain', '2020-02-01 22:01:33', '9377508921', '2020-02-14 17:57:48', '2020-02-14 17:58:18', 1, '91'),
(311, 'GYAN RANJAN MISHRA ', '2020-02-01 22:10:57', '9040201820', '2020-02-01 22:10:57', '2020-02-01 22:21:23', 1, '91'),
(312, 'Kamlesh Rathod', '2020-02-01 22:50:13', '9998225571', '2020-02-01 22:50:13', '2020-02-02 00:53:51', 1, '91'),
(313, 'Arvind Gaikwad', '2020-02-01 23:22:16', '7710980412', '2020-02-01 23:22:16', '2020-02-01 23:28:17', 1, '91'),
(314, 'Pramila chinthala', '2020-02-01 23:29:18', '7675017333', '2020-02-01 23:29:18', '2020-02-02 00:23:19', 1, '91'),
(315, 'Pawan ', '2020-02-01 23:56:43', '9545339222', '2020-02-01 23:56:43', '2020-02-01 23:57:14', 0, '91'),
(316, 'Naveen', '2020-02-02 01:13:02', '07795824386', '2020-02-02 13:43:22', '2020-02-02 14:21:56', 1, '91'),
(317, 'Dilip pethe', '2020-02-02 06:07:03', '9822066732', '2020-02-02 09:05:36', '2020-02-02 11:14:09', 1, '91'),
(318, 'Pawan ', '2020-02-02 06:32:09', '9545329222', '2020-02-02 06:32:09', '2020-02-02 06:33:11', 1, '872'),
(319, 'Sukhvinder Dosanjh', '2020-02-02 08:06:17', '6612030004', '2020-02-02 23:36:32', '2020-02-03 02:24:12', 1, '1'),
(320, 'Renu malhotra', '2020-02-02 09:30:19', '09868430167', '2020-02-02 09:30:19', '2020-02-02 09:54:21', 1, '91'),
(321, 'Abhishekh ', '2020-02-02 10:59:02', '9999730994', '2020-02-02 10:59:02', '2020-02-02 11:09:03', 1, '91'),
(322, 'Jayanthi', '2020-02-02 11:02:36', '9448937332', '2020-02-07 17:35:46', '2020-02-07 17:35:56', 0, '91'),
(323, 'Ankit aggarwal', '2020-02-02 12:15:36', '9811498780', '2020-02-02 16:32:58', '2020-02-02 16:58:02', 1, '91'),
(324, 'Dipti Sonaria ', '2020-02-02 12:47:15', '9824475503', '2020-02-02 22:49:44', '2020-02-02 23:28:45', 1, '91'),
(325, 'Aditya Chebbi', '2020-02-02 12:49:51', '9108281973', '2020-02-02 18:32:04', '2020-02-02 23:57:09', 1, '91'),
(326, 'Sushama Lanjekar', '2020-02-02 13:11:59', '9422401365', '2020-02-02 14:26:18', '2020-02-02 15:44:19', 1, '91'),
(327, 'Boby nigam', '2020-02-02 13:35:56', '6396631275', '2020-02-04 09:23:04', '2020-02-04 09:23:34', 1, '91'),
(328, 'Dr B k Sinha', '2020-02-02 13:57:11', '09431230415', '2020-02-03 10:19:50', '2020-02-03 10:20:20', 1, '91'),
(329, 'Harish  Talreja', '2020-02-02 17:28:52', '09827022256', '2020-02-06 16:21:54', '2020-02-06 16:23:24', 1, '91'),
(330, 'Manmohan Sharma ', '2020-02-02 17:34:33', '9861177778', '2020-02-02 17:34:33', '2020-02-02 17:36:34', 1, '91'),
(331, 'Suvarna', '2020-02-02 17:54:48', '9881004007', '2020-02-02 17:54:48', '2020-02-02 20:56:49', 1, '91'),
(332, 'Devendra Mehta ', '2020-02-02 19:20:27', '9376195888', '2020-02-19 17:32:21', '2020-02-19 17:34:22', 1, '91'),
(333, 'Pramod Tripathi', '2020-02-02 20:37:56', '09881912050', '2020-02-02 20:37:56', '2020-02-02 20:45:31', 1, '91'),
(334, 'Shiben Wadekar ', '2020-02-02 22:53:32', '9987256005', '2020-02-02 22:53:32', '2020-02-03 01:22:33', 1, '91'),
(335, 'Ashis Pal ', '2020-02-03 09:14:06', '9436517067', '2020-02-05 16:22:07', '2020-02-05 16:25:38', 1, '91'),
(336, 'Archana chawla', '2020-02-03 11:57:09', '9929846000', '2020-02-03 11:57:09', '2020-02-03 11:57:39', 1, '91'),
(337, 'sopi towang', '2020-02-03 19:24:16', '+918259078550', '2020-02-03 19:24:16', '2020-02-03 19:24:46', 1, '91'),
(338, 'Sopitot Towang', '2020-02-03 19:25:54', '08259078550', '2020-02-03 19:25:54', '2020-02-03 19:35:39', 1, '91'),
(339, 'Dr Ajay Kumar Shukla', '2020-02-03 21:24:25', '+91 94125 58347', '2020-02-03 21:24:25', '2020-02-03 21:24:55', 1, '91'),
(340, 'Ankit', '2020-02-04 19:09:30', '9812125011', '2020-02-04 19:09:30', '2020-02-04 19:10:00', 1, '91'),
(341, 'Ramakrishna', '2020-02-06 21:27:39', '9000296355', '2020-02-06 21:27:39', '2020-02-06 21:29:40', 1, '91'),
(342, 'Kamla Tondon ', '2020-02-07 16:20:10', '9830111388', '2020-02-07 16:20:10', '2020-02-07 16:21:41', 1, '91'),
(343, 'Seema julka', '2020-02-08 21:33:57', '5042362446', '2020-02-08 21:33:57', '2020-02-08 21:36:00', 1, '1'),
(344, 'Amit Kumar Jena', '2020-02-22 20:04:27', '9937386999', '2020-02-22 20:04:27', '2020-02-22 20:04:57', 1, '91'),
(345, 'Reynold', '2020-11-12 14:38:46', '+919611518064', '2020-11-12 14:38:46', '2020-11-12 14:38:55', 0, '91');

--
-- Indexes for dumped tables
--

--
-- Indexes for table `tbl_questions`
--
ALTER TABLE `tbl_questions`
  ADD PRIMARY KEY (`id`);

--
-- Indexes for table `tbl_users`
--
ALTER TABLE `tbl_users`
  ADD PRIMARY KEY (`id`);

--
-- AUTO_INCREMENT for dumped tables
--

--
-- AUTO_INCREMENT for table `tbl_questions`
--
ALTER TABLE `tbl_questions`
  MODIFY `id` int(11) NOT NULL AUTO_INCREMENT, AUTO_INCREMENT=294;
--
-- AUTO_INCREMENT for table `tbl_users`
--
ALTER TABLE `tbl_users`
  MODIFY `id` int(3) NOT NULL AUTO_INCREMENT, AUTO_INCREMENT=346;
/*!40101 SET CHARACTER_SET_CLIENT=@OLD_CHARACTER_SET_CLIENT */;
/*!40101 SET CHARACTER_SET_RESULTS=@OLD_CHARACTER_SET_RESULTS */;
/*!40101 SET COLLATION_CONNECTION=@OLD_COLLATION_CONNECTION */;
