-- phpMyAdmin SQL Dump
-- version 4.6.6deb5ubuntu0.5
-- https://www.phpmyadmin.net/
--
-- Host: localhost:3306
-- Generation Time: Feb 09, 2022 at 06:51 AM
-- Server version: 5.7.36-0ubuntu0.18.04.1
-- PHP Version: 7.2.24-0ubuntu0.18.04.10

SET SQL_MODE = "NO_AUTO_VALUE_ON_ZERO";
SET time_zone = "+00:00";


/*!40101 SET @OLD_CHARACTER_SET_CLIENT=@@CHARACTER_SET_CLIENT */;
/*!40101 SET @OLD_CHARACTER_SET_RESULTS=@@CHARACTER_SET_RESULTS */;
/*!40101 SET @OLD_COLLATION_CONNECTION=@@COLLATION_CONNECTION */;
/*!40101 SET NAMES utf8mb4 */;

--
-- Database: `coact_ffd_18dec`
--

-- --------------------------------------------------------

--
-- Table structure for table `tbl_countries`
--

CREATE TABLE `tbl_countries` (
  `country` varchar(43) DEFAULT NULL,
  `cntry_code` varchar(5) DEFAULT NULL
) ENGINE=MyISAM DEFAULT CHARSET=utf8;

--
-- Dumping data for table `tbl_countries`
--

INSERT INTO `tbl_countries` (`country`, `cntry_code`) VALUES
('Afghanistan', '93'),
('Albania', '355'),
('Algeria', '213'),
('American Samoa', '1-684'),
('Andorra', '376'),
('Angola', '244'),
('Anguilla', '1-264'),
('Antarctica', '672'),
('Antigua', '1-268'),
('Argentina', '54'),
('Armenia', '374'),
('Aruba', '297'),
('Ascension', '247'),
('Australia', '61'),
('Australian External Territories', '672'),
('Austria', '43'),
('Azerbaijan', '994'),
('Bahamas', '1-242'),
('Bahrain', '973'),
('Bangladesh', '880'),
('Barbados', '1-246'),
('Barbuda', '1-268'),
('Belarus', '375'),
('Belgium', '32'),
('Belize', '501'),
('Benin', '229'),
('Bermuda', '1-441'),
('Bhutan', '975'),
('Bolivia', '591'),
('Bosnia & Herzegovina', '387'),
('Botswana', '267'),
('Brazil', '55'),
('British Virgin Islands', '1-284'),
('Brunei Darussalam', '673'),
('Bulgaria', '359'),
('Burkina Faso', '226'),
('Burundi', '257'),
('Cambodia', '855'),
('Cameroon', '237'),
('Canada', '1'),
('Cape Verde Islands', '238'),
('Cayman Islands', '1-345'),
('Central African Republic', '236'),
('Chad', '235'),
('Chatham Island (New Zealand)', '64'),
('Chile', '56'),
('China (PRC)', '86'),
('Christmas Island', '61-8'),
('', ''),
('Cocos-Keeling Islands', '61'),
('Colombia', '57'),
('Comoros', '269'),
('Congo', '242'),
('Congo, Dem. Rep. of?', '243'),
('Cook Islands', '682'),
('Costa Rica', '506'),
('C?te d\'Ivoire', '225'),
('Croatia', '385'),
('Cuba', '53'),
('Cuba', '5399'),
('Cura?ao', '599'),
('Cyprus', '357'),
('Czech Republic', '420'),
('Denmark', '45'),
('Diego Garcia', '246'),
('Djibouti', '253'),
('Dominica', '1-767'),
('Dominican Republic', '1-809'),
('East Timor', '670'),
('Easter Island', '56'),
('Ecuador', '593'),
('Egypt', '20'),
('El Salvador', '503'),
('Equatorial Guinea', '240'),
('Eritrea', '291'),
('Estonia', '372'),
('Ethiopia', '251'),
('Falkland Islands', '500'),
('Faroe Islands', '298'),
('Fiji Islands', '679'),
('Finland', '358'),
('France', '33'),
('French Antilles', '596'),
('French Guiana', '594'),
('French Polynesia', '689'),
('Gabonese Republic', '241'),
('Gambia', '220'),
('Georgia', '995'),
('Germany', '49'),
('Ghana', '233'),
('Gibraltar', '350'),
('Greece', '30'),
('Greenland', '299'),
('Grenada', '1-473'),
('Guadeloupe', '590'),
('Guam', '1-671'),
('Guantanamo Bay', '5399'),
('Guatemala', '502'),
('Guinea-Bissau', '245'),
('Guinea', '224'),
('Guyana', '592'),
('Haiti', '509'),
('Honduras', '504'),
('Hong Kong', '852'),
('Hungary', '36'),
('Iceland', '354'),
('India', '91'),
('Indonesia', '62'),
('Inmarsat (Atlantic Ocean - East)', '871'),
('Inmarsat (Atlantic Ocean - West)', '874'),
('Inmarsat (Indian Ocean)', '873'),
('Inmarsat (Pacific Ocean)', '872'),
('International Freephone Service', '800'),
('International Shared Cost Service (ISCS)', '808'),
('Iran', '98'),
('Iraq', '964'),
('Ireland', '353'),
('Iridium', '8816'),
('Israel', '972'),
('Italy', '39'),
('Jamaica', '1-876'),
('Japan', '81'),
('Jordan', '962'),
('Kazakhstan', '7'),
('Kenya', '254'),
('Kiribati', '686'),
('Korea (North)', '850'),
('Korea (South)', '82'),
('Kuwait', '965'),
('Kyrgyz Republic', '996'),
('Laos', '856'),
('Latvia', '371'),
('Lebanon', '961'),
('Lesotho', '266'),
('Liberia', '231'),
('Libya', '218'),
('Liechtenstein', '423'),
('Lithuania', '370'),
('Luxembourg', '352'),
('Macao', '853'),
('Macedonia', '389'),
('Madagascar', '261'),
('Malawi', '265'),
('Malaysia', '60'),
('Maldives', '960'),
('Mali Republic', '223'),
('Malta', '356'),
('Marshall Islands', '692'),
('Martinique', '596'),
('Mauritania', '222'),
('Mauritius', '230'),
('Mayotte Island', '269'),
('Mexico', '52'),
('Micronesia, (Federal States of)', '691'),
('Midway Island', '1-808'),
('Moldova', '373'),
('Monaco', '377'),
('Mongolia', '976'),
('Montenegro', '382'),
('Montserrat', '1-664'),
('Morocco', '212'),
('Mozambique', '258'),
('Myanmar', '95'),
('Namibia', '264'),
('Nauru', '674'),
('Nepal', '977'),
('Netherlands', '31'),
('Netherlands Antilles', '599'),
('Nevis', '1-869'),
('New Caledonia', '687'),
('New Zealand', '64'),
('Nicaragua', '505'),
('Niger', '227'),
('Nigeria', '234'),
('Niue', '683'),
('Norfolk Island', '672'),
('Northern Marianas Islands', '1-670'),
('', ''),
('Norway', '47'),
('Oman', '968'),
('Pakistan', '92'),
('Palau', '680'),
('Palestinian Settlements', '970'),
('Panama', '507'),
('Papua New Guinea', '675'),
('Paraguay', '595'),
('Peru', '51'),
('Philippines', '63'),
('Poland', '48'),
('Portugal', '351'),
('Puerto Rico', '1-787'),
('Qatar', '974'),
('R?union Island', '262'),
('Romania', '40'),
('Russia', '7'),
('Rwandese Republic', '250'),
('St. Helena', '290'),
('St. Kitts/Nevis', '1-869'),
('St. Lucia', '-757'),
('St. Pierre & Miquelon', '508'),
('St. Vincent & Grenadines', '1-784'),
('Samoa', '685'),
('San Marino', '378'),
('S?o Tom? and Principe', '239'),
('Saudi Arabia', '966'),
('Senegal', '221'),
('Serbia', '381'),
('Seychelles Republic', '248'),
('Sierra Leone', '232'),
('Singapore', '65'),
('Slovak Republic', '421'),
('Slovenia', '386'),
('Solomon Islands', '677'),
('Somali Democratic Republic', '252'),
('South Africa', '27'),
('Spain', '34'),
('Sri Lanka', '94'),
('Sudan', '249'),
('Suriname', '597'),
('Swaziland', '268'),
('Sweden', '46'),
('Switzerland', '41'),
('Syria', '963'),
('Taiwan', '886'),
('Tajikistan', '992'),
('Tanzania', '255'),
('Thailand', '66'),
('Thuraya (Mobile Satellite service)', '88216'),
('Timor Leste', '670'),
('Togolese Republic', '228'),
('Tokelau', '690'),
('Tonga Islands', '676'),
('Trinidad & Tobago', '1-868'),
('Tunisia', '216'),
('Turkey', '90'),
('Turkmenistan', '993'),
('Turks and Caicos Islands', '1-649'),
('Tuvalu', '688'),
('Uganda', '256'),
('Ukraine', '380'),
('United Arab Emirates', '971'),
('United Kingdom', '44'),
('United States of America', '1'),
('US Virgin Islands', '1-340'),
('Universal Personal Telecommunications (UPT)', '878'),
('Uruguay', '598'),
('Uzbekistan', '998'),
('Vanuatu', '678'),
('Vatican City', '39'),
('Venezuela', '58'),
('Vietnam', '84'),
('Wake Island', '808');

-- --------------------------------------------------------

--
-- Table structure for table `tbl_questions`
--

CREATE TABLE `tbl_questions` (
  `id` int(11) NOT NULL,
  `user_batch` varchar(10) NOT NULL,
  `user_name` varchar(255) NOT NULL,
  `user_phone` varchar(15) NOT NULL,
  `user_question` varchar(500) NOT NULL,
  `asked_at` datetime NOT NULL,
  `user_code` varchar(10) NOT NULL,
  `speaker` int(11) NOT NULL DEFAULT '0',
  `answered` int(11) NOT NULL DEFAULT '0',
  `eventname` varchar(50) NOT NULL,
  `responded` int(11) DEFAULT '0',
  `doctor` int(11) DEFAULT '0',
  `diet` int(11) DEFAULT '0',
  `exercise` int(11) DEFAULT '0',
  `mentor` int(11) DEFAULT '0',
  `operations` int(11) DEFAULT '0',
  `InnerTransformation` int(11) DEFAULT '0',
  `Sales` int(11) DEFAULT '0',
  `Program` int(11) DEFAULT '0',
  `remark` varchar(250) DEFAULT NULL
) ENGINE=MyISAM DEFAULT CHARSET=latin1;

--
-- Dumping data for table `tbl_questions`
--

INSERT INTO `tbl_questions` (`id`, `user_batch`, `user_name`, `user_phone`, `user_question`, `asked_at`, `user_code`, `speaker`, `answered`, `eventname`, `responded`, `doctor`, `diet`, `exercise`, `mentor`, `operations`, `InnerTransformation`, `Sales`, `Program`, `remark`) VALUES
(1, 'batch66', 'Anil Sunger', '8800620181', 'My blood pressure has been lately coming in the range of 134/77 to 142/84. Till about two months ago it was in the range of 110/65 to 120/75. What is to be done to control such increase?? I am 69 years young lad.', '2021-12-14 20:54:21', '', 0, 0, 'ffdirp211120', 0, 0, 0, 0, 0, 0, 0, 0, 0, NULL),
(2, 'batch66', 'Anil Sunger', '8800620181', 'Follow up guidelines and anxiety handeling in case things go wrong ', '2021-12-17 17:39:39', '', 0, 0, 'ffdirp211120', 0, 0, 0, 0, 0, 0, 0, 0, 0, NULL),
(3, 'batch66', 'Anil Sunger', '8800620181', 'Wish to continue with the program for another year. What are the options please?', '2021-12-17 23:07:16', '', 0, 0, 'ffdirp211120', 0, 0, 0, 0, 0, 0, 0, 0, 0, NULL),
(4, 'batch66', 'Nirmala Shastri', '9902431865', 'It\'s  been a very memorable year.  Thank you is a very small word!!! Learnt a lot! Enjoyed your sessions!!!', '2021-12-18 13:50:32', '', 0, 0, 'ffdirp211120', 0, 0, 0, 0, 0, 0, 0, 0, 0, NULL),
(5, 'batch66', 'Pushpalatha KN', '09448129297', ' namasthe Did knew when one year completed sooper 2021ðŸ‘ðŸ™', '2021-12-18 14:04:37', '', 0, 0, 'ffdirp211120', 0, 0, 0, 0, 0, 0, 0, 0, 0, NULL),
(6, 'batch66', 'Akshay Sawant', '7743613430', 'Hello Doc, My BMI Drop is 28.8 to 23. Kindly ask the team to update the list. Thanks', '2021-12-18 14:11:11', '44', 0, 0, 'ffdirp211120', 0, 0, 0, 0, 0, 0, 0, 0, 0, NULL),
(7, 'batch66', 'Anil sunger', '8800620181', 'Wish to Continue with the program. How do we do it?', '2021-12-18 14:13:43', '', 0, 0, 'ffdirp211120', 0, 0, 0, 0, 0, 0, 0, 0, 0, NULL),
(8, 'batch66', 'Akshay Sawant', '7743613430', 'Dr Tripathi, looking very slick today!', '2021-12-18 14:19:24', '44', 0, 0, 'ffdirp211120', 0, 0, 0, 0, 0, 0, 0, 0, 0, NULL),
(9, 'batch66', 'SEEMA UPADHYE', '551570539', 'Yes I remember first phase, caused max effect\r\n', '2021-12-18 14:19:56', '971', 0, 0, 'ffdirp211120', 0, 0, 0, 0, 0, 0, 0, 0, 0, NULL),
(10, 'batch66', 'Jayant Sadegaonkar', '9422879208', 'What diet to follow now?', '2021-12-18 14:20:44', '91', 0, 0, 'ffdirp211120', 0, 0, 0, 0, 0, 0, 0, 0, 0, NULL),
(11, 'batch66', 'Akshay Sawant', '7743613430', 'Been enjoying 3-2-1. Joined Gym, did 108 Suryanamaskaras, regularly doing 60min Cycling once a week. Training for 10k run now.', '2021-12-18 14:21:31', '44', 0, 0, 'ffdirp211120', 0, 0, 0, 0, 0, 0, 0, 0, 0, NULL),
(12, 'batch66', 'SEEMA UPADHYE', '551570539', 'Juices enjoyed a lot, still drinking', '2021-12-18 14:23:24', '971', 0, 0, 'ffdirp211120', 0, 0, 0, 0, 0, 0, 0, 0, 0, NULL),
(13, 'batch66', 'Akshay Sawant', '7743613430', 'Still doing Kapalbhati, Agnisar daily and Juice Feasting on Sunday (Rest day).', '2021-12-18 14:23:58', '44', 0, 0, 'ffdirp211120', 0, 0, 0, 0, 0, 0, 0, 0, 0, NULL),
(14, 'batch66', 'Manasi dharmendra bhangale', '09637048579', 'Weight loss is not happen in my case', '2021-12-18 14:24:05', '', 0, 0, 'ffdirp211120', 0, 0, 0, 0, 0, 0, 0, 0, 0, NULL),
(15, 'batch66', 'Pushpalatha KN', '09448129297', 'Want extend the journey,help us with relaxation pls.', '2021-12-18 14:24:38', '', 0, 0, 'ffdirp211120', 0, 0, 0, 0, 0, 0, 0, 0, 0, NULL),
(16, 'batch66', 'Manasi dharmendra bhangale', '09637048579', 'If I want to rejoin the program for weight loss then what are the charges', '2021-12-18 14:25:58', '', 0, 0, 'ffdirp211120', 0, 0, 0, 0, 0, 0, 0, 0, 0, NULL),
(17, 'batch66', 'Anjali Omprakash Gundawar', '8999049433', 'Regular diet exercise ke liye Saal bhar ki file chahiye thi ', '2021-12-18 14:30:38', '', 0, 0, 'ffdirp211120', 0, 0, 0, 0, 0, 0, 0, 0, 0, NULL),
(18, 'batch66', 'Abhishek', '8447794566', 'Can we have access to education portal for life with a price? We tend to forget. I understand that this has possibility of sharing of intellectual property. Any way around that?', '2021-12-18 14:32:55', '', 0, 0, 'ffdirp211120', 0, 0, 0, 0, 0, 0, 0, 0, 0, NULL),
(19, 'batch66', 'Abhishek', '8447794566', '3 2 1 4', '2021-12-18 14:34:40', '', 0, 0, 'ffdirp211120', 0, 0, 0, 0, 0, 0, 0, 0, 0, NULL),
(20, 'batch66', 'Sangita Sukumaran', '09820963663', '3214', '2021-12-18 14:34:44', '', 0, 0, 'ffdirp211120', 0, 0, 0, 0, 0, 0, 0, 0, 0, NULL),
(21, 'batch66', 'VIJAY KESANAKURTHY', '7995472428', '3214\r\n', '2021-12-18 14:34:45', '', 0, 0, 'ffdirp211120', 0, 0, 0, 0, 0, 0, 0, 0, 0, NULL),
(22, 'batch66', 'Tejas jadhav', '9870717252', '3\r\n2\r\n1\r\n4', '2021-12-18 14:34:50', '', 0, 0, 'ffdirp211120', 0, 0, 0, 0, 0, 0, 0, 0, 0, NULL),
(23, 'batch66', 'abhijeet', '9343212020', '3214', '2021-12-18 14:34:51', '', 0, 0, 'ffdirp211120', 0, 0, 0, 0, 0, 0, 0, 0, 0, NULL),
(24, 'batch66', 'Kavitha K. Shenoi', '09845385136', '3 2 1 4\r\n', '2021-12-18 14:34:52', '', 0, 0, 'ffdirp211120', 0, 0, 0, 0, 0, 0, 0, 0, 0, NULL),
(25, 'batch66', 'Kavitha K. Shenoi', '09845385136', '3 2 1 4\r\n', '2021-12-18 14:34:53', '', 0, 0, 'ffdirp211120', 0, 0, 0, 0, 0, 0, 0, 0, 0, NULL),
(26, 'batch66', 'Sanjeev Lalwani', '07218131613', '3241\r\n', '2021-12-18 14:34:53', '91', 0, 0, 'ffdirp211120', 0, 0, 0, 0, 0, 0, 0, 0, 0, NULL),
(27, 'batch66', 'Vivekanand Yadav', '9826018562', '2314', '2021-12-18 14:34:54', '', 0, 0, 'ffdirp211120', 0, 0, 0, 0, 0, 0, 0, 0, 0, NULL),
(28, 'batch66', 'Hemalathashivkumar', '9972753167', '3214', '2021-12-18 14:34:54', '', 0, 0, 'ffdirp211120', 0, 0, 0, 0, 0, 0, 0, 0, 0, NULL),
(29, 'batch66', 'Raja Rajeswara Rao Velpucharla', '9160111520', '3,2,1,4', '2021-12-18 14:34:56', '', 0, 0, 'ffdirp211120', 0, 0, 0, 0, 0, 0, 0, 0, 0, NULL),
(30, 'batch66', 'Amar Shelar', '9665903781', '3214', '2021-12-18 14:34:58', '', 0, 0, 'ffdirp211120', 0, 0, 0, 0, 0, 0, 0, 0, 0, NULL),
(31, 'batch66', 'M.Rajeshwari', '9963730777', '3,2,1,4', '2021-12-18 14:35:00', '', 0, 0, 'ffdirp211120', 0, 0, 0, 0, 0, 0, 0, 0, 0, NULL),
(32, 'batch66', 'Prasad Ganji', '7736797155', '3214\r\n', '2021-12-18 14:35:01', '44', 0, 0, 'ffdirp211120', 0, 0, 0, 0, 0, 0, 0, 0, 0, NULL),
(33, 'batch66', 'Sameer Shah', '8875025713', '3214', '2021-12-18 14:35:02', '', 0, 0, 'ffdirp211120', 0, 0, 0, 0, 0, 0, 0, 0, 0, NULL),
(34, 'batch66', 'Neeta chabukswar ', '9833063912', '2314', '2021-12-18 14:35:03', '', 0, 0, 'ffdirp211120', 0, 0, 0, 0, 0, 0, 0, 0, 0, NULL),
(35, 'batch66', 'Sridharan P', '09445393723', '3214\r\n', '2021-12-18 14:35:05', '', 0, 0, 'ffdirp211120', 0, 0, 0, 0, 0, 0, 0, 0, 0, NULL),
(36, 'batch66', 'Sanjeev Lalwani', '07218131613', '3214', '2021-12-18 14:35:06', '91', 0, 0, 'ffdirp211120', 0, 0, 0, 0, 0, 0, 0, 0, 0, NULL),
(37, 'batch66', 'Pushpalatha KN', '09448129297', '3214', '2021-12-18 14:35:08', '', 0, 0, 'ffdirp211120', 0, 0, 0, 0, 0, 0, 0, 0, 0, NULL),
(38, 'batch66', 'Nirmala Shastri', '9902431865', '3214', '2021-12-18 14:35:08', '', 0, 0, 'ffdirp211120', 0, 0, 0, 0, 0, 0, 0, 0, 0, NULL),
(39, 'batch66', 'Mohammed Asif Ansari', '9820353583', '3.2.1.4', '2021-12-18 14:35:10', '', 0, 0, 'ffdirp211120', 0, 0, 0, 0, 0, 0, 0, 0, 0, NULL),
(40, 'batch66', 'Bandana', '557579456', '3 214', '2021-12-18 14:35:11', '971', 0, 0, 'ffdirp211120', 0, 0, 0, 0, 0, 0, 0, 0, 0, NULL),
(41, 'batch66', 'SEEMA UPADHYE', '551570539', '3, 2, 1, 4', '2021-12-18 14:35:11', '971', 0, 0, 'ffdirp211120', 0, 0, 0, 0, 0, 0, 0, 0, 0, NULL),
(42, 'batch66', 'Suryakant Rathod', '9945568717', '2,3,1,4', '2021-12-18 14:35:13', '', 0, 0, 'ffdirp211120', 0, 0, 0, 0, 0, 0, 0, 0, 0, NULL),
(43, 'batch66', 'Sarjerao Hari Madane', '8806362216', '1324', '2021-12-18 14:35:15', '', 0, 0, 'ffdirp211120', 0, 0, 0, 0, 0, 0, 0, 0, 0, NULL),
(44, 'batch66', 'Ajay Kale', '09823047200', '3214', '2021-12-18 14:35:18', '', 0, 0, 'ffdirp211120', 0, 0, 0, 0, 0, 0, 0, 0, 0, NULL),
(45, 'batch66', 'Vandana Sharma ', '9424026929', '3 2 1 4', '2021-12-18 14:35:21', '', 0, 0, 'ffdirp211120', 0, 0, 0, 0, 0, 0, 0, 0, 0, NULL),
(46, 'batch66', 'Nikhil Nimkar', '9820912035', '3214', '2021-12-18 14:35:22', '91', 0, 0, 'ffdirp211120', 0, 0, 0, 0, 0, 0, 0, 0, 0, NULL),
(47, 'batch66', 'Tejas jadhav', '9870717252', '3\r\n1\r\n4\r\n2', '2021-12-18 14:35:57', '', 0, 0, 'ffdirp211120', 0, 0, 0, 0, 0, 0, 0, 0, 0, NULL),
(48, 'batch66', 'Sanjeev Lalwani', '07218131613', '3124\r\n', '2021-12-18 14:35:57', '91', 0, 0, 'ffdirp211120', 0, 0, 0, 0, 0, 0, 0, 0, 0, NULL),
(49, 'batch66', 'Amar Shelar', '9665903781', '1342', '2021-12-18 14:35:58', '', 0, 0, 'ffdirp211120', 0, 0, 0, 0, 0, 0, 0, 0, 0, NULL),
(50, 'batch66', 'Prasad Ganji', '7736797155', '3142', '2021-12-18 14:36:00', '44', 0, 0, 'ffdirp211120', 0, 0, 0, 0, 0, 0, 0, 0, 0, NULL),
(51, 'batch66', 'Abhishek', '8447794566', 'Diet - 3 1 4 2\r\n', '2021-12-18 14:36:04', '', 0, 0, 'ffdirp211120', 0, 0, 0, 0, 0, 0, 0, 0, 0, NULL),
(52, 'batch66', 'Vandana Sharma ', '9424026929', '3142', '2021-12-18 14:36:05', '', 0, 0, 'ffdirp211120', 0, 0, 0, 0, 0, 0, 0, 0, 0, NULL),
(53, 'batch66', 'Hemalathashivkumar', '9972753167', '3142', '2021-12-18 14:36:05', '', 0, 0, 'ffdirp211120', 0, 0, 0, 0, 0, 0, 0, 0, 0, NULL),
(54, 'batch66', 'Nirmala Shastri', '9902431865', '3124', '2021-12-18 14:36:06', '', 0, 0, 'ffdirp211120', 0, 0, 0, 0, 0, 0, 0, 0, 0, NULL),
(55, 'batch66', 'Sridharan P', '09445393723', '1342\r\n', '2021-12-18 14:36:06', '', 0, 0, 'ffdirp211120', 0, 0, 0, 0, 0, 0, 0, 0, 0, NULL),
(56, 'batch66', 'Kavitha K. Shenoi', '09845385136', 'diet 3142\r\n', '2021-12-18 14:36:08', '', 0, 0, 'ffdirp211120', 0, 0, 0, 0, 0, 0, 0, 0, 0, NULL),
(57, 'batch66', 'SEEMA UPADHYE', '551570539', '3,1,4,2', '2021-12-18 14:36:09', '971', 0, 0, 'ffdirp211120', 0, 0, 0, 0, 0, 0, 0, 0, 0, NULL),
(58, 'batch66', 'Raja Rajeswara Rao Velpucharla', '9160111520', 'Diet 3, 1,4,2\r\n', '2021-12-18 14:36:09', '', 0, 0, 'ffdirp211120', 0, 0, 0, 0, 0, 0, 0, 0, 0, NULL),
(59, 'batch66', 'Sanjeev Lalwani', '07218131613', 'Diet 3124', '2021-12-18 14:36:12', '91', 0, 0, 'ffdirp211120', 0, 0, 0, 0, 0, 0, 0, 0, 0, NULL),
(60, 'batch66', 'Akshay Sawant', '7743613430', '3214', '2021-12-18 14:36:13', '44', 0, 0, 'ffdirp211120', 0, 0, 0, 0, 0, 0, 0, 0, 0, NULL),
(61, 'batch66', 'Sameer Shah', '8875025713', '1343', '2021-12-18 14:36:15', '', 0, 0, 'ffdirp211120', 0, 0, 0, 0, 0, 0, 0, 0, 0, NULL),
(62, 'batch66', 'Nikhil Nimkar', '9820912035', '3124\r\n', '2021-12-18 14:36:16', '91', 0, 0, 'ffdirp211120', 0, 0, 0, 0, 0, 0, 0, 0, 0, NULL),
(63, 'batch66', 'M.Rajeshwari', '9963730777', 'Diet 3142', '2021-12-18 14:36:16', '', 0, 0, 'ffdirp211120', 0, 0, 0, 0, 0, 0, 0, 0, 0, NULL),
(64, 'batch66', 'abhijeet', '9343212020', '3124', '2021-12-18 14:36:18', '', 0, 0, 'ffdirp211120', 0, 0, 0, 0, 0, 0, 0, 0, 0, NULL),
(65, 'batch66', 'Pushpalatha KN', '09448129297', '3124', '2021-12-18 14:36:19', '', 0, 0, 'ffdirp211120', 0, 0, 0, 0, 0, 0, 0, 0, 0, NULL),
(66, 'batch66', 'Mrunal kolwankar', '9820769382', '1 324\r\n', '2021-12-18 14:36:19', '', 0, 0, 'ffdirp211120', 0, 0, 0, 0, 0, 0, 0, 0, 0, NULL),
(67, 'batch66', 'VIJAY KESANAKURTHY', '7995472428', '3124', '2021-12-18 14:36:20', '', 0, 0, 'ffdirp211120', 0, 0, 0, 0, 0, 0, 0, 0, 0, NULL),
(68, 'batch66', 'Sunil Karodi', '9422320535', '3142', '2021-12-18 14:36:25', '', 0, 0, 'ffdirp211120', 0, 0, 0, 0, 0, 0, 0, 0, 0, NULL),
(69, 'batch66', 'Chandrashekhar', '9481245906', '1342', '2021-12-18 14:36:26', '', 0, 0, 'ffdirp211120', 0, 0, 0, 0, 0, 0, 0, 0, 0, NULL),
(70, 'batch66', 'Neeta chabukswar ', '9833063912', '3142', '2021-12-18 14:36:26', '', 0, 0, 'ffdirp211120', 0, 0, 0, 0, 0, 0, 0, 0, 0, NULL),
(71, 'batch66', 'Ajay Kale', '09823047200', 'Diat3142', '2021-12-18 14:36:27', '', 0, 0, 'ffdirp211120', 0, 0, 0, 0, 0, 0, 0, 0, 0, NULL),
(72, 'batch66', 'BHUNESH SINGH', '08910459316', '3124', '2021-12-18 14:36:28', '', 0, 0, 'ffdirp211120', 0, 0, 0, 0, 0, 0, 0, 0, 0, NULL),
(73, 'batch66', 'Dhana Prova Dutta', '09435534800', '3143', '2021-12-18 14:36:29', '', 0, 0, 'ffdirp211120', 0, 0, 0, 0, 0, 0, 0, 0, 0, NULL),
(74, 'batch66', 'Bandana', '557579456', 'Diet3142', '2021-12-18 14:37:04', '971', 0, 0, 'ffdirp211120', 0, 0, 0, 0, 0, 0, 0, 0, 0, NULL),
(75, 'batch66', 'Sarjerao Hari Madane', '8806362216', '3142', '2021-12-18 14:37:07', '', 0, 0, 'ffdirp211120', 0, 0, 0, 0, 0, 0, 0, 0, 0, NULL),
(76, 'batch66', 'Sanjeev Lalwani', '07218131613', 'exercise 4312', '2021-12-18 14:37:59', '91', 0, 0, 'ffdirp211120', 0, 0, 0, 0, 0, 0, 0, 0, 0, NULL),
(77, 'batch66', 'Prasad Ganji', '7736797155', '4123', '2021-12-18 14:38:04', '44', 0, 0, 'ffdirp211120', 0, 0, 0, 0, 0, 0, 0, 0, 0, NULL),
(78, 'batch66', 'Abhishek', '8447794566', 'ex 4 1 2 3', '2021-12-18 14:38:05', '', 0, 0, 'ffdirp211120', 0, 0, 0, 0, 0, 0, 0, 0, 0, NULL),
(79, 'batch66', 'Raja Rajeswara Rao Velpucharla', '9160111520', 'Ex4132', '2021-12-18 14:38:06', '', 0, 0, 'ffdirp211120', 0, 0, 0, 0, 0, 0, 0, 0, 0, NULL),
(80, 'batch66', 'VIJAY KESANAKURTHY', '7995472428', '4132', '2021-12-18 14:38:07', '', 0, 0, 'ffdirp211120', 0, 0, 0, 0, 0, 0, 0, 0, 0, NULL),
(81, 'batch66', 'Tejas jadhav', '9870717252', 'Exe 4 1 3 2\r\n', '2021-12-18 14:38:07', '', 0, 0, 'ffdirp211120', 0, 0, 0, 0, 0, 0, 0, 0, 0, NULL),
(82, 'batch66', 'M.Rajeshwari', '9963730777', 'Ex4321', '2021-12-18 14:38:10', '', 0, 0, 'ffdirp211120', 0, 0, 0, 0, 0, 0, 0, 0, 0, NULL),
(83, 'batch66', 'Nikhil Nimkar', '9820912035', '4123\r\n', '2021-12-18 14:38:11', '91', 0, 0, 'ffdirp211120', 0, 0, 0, 0, 0, 0, 0, 0, 0, NULL),
(84, 'batch66', 'Sridharan P', '09445393723', '4132', '2021-12-18 14:38:11', '', 0, 0, 'ffdirp211120', 0, 0, 0, 0, 0, 0, 0, 0, 0, NULL),
(85, 'batch66', 'abhijeet', '9343212020', 'ex 4132', '2021-12-18 14:38:12', '', 0, 0, 'ffdirp211120', 0, 0, 0, 0, 0, 0, 0, 0, 0, NULL),
(86, 'batch66', 'Neeta chabukswar ', '9833063912', '4132', '2021-12-18 14:38:12', '', 0, 0, 'ffdirp211120', 0, 0, 0, 0, 0, 0, 0, 0, 0, NULL),
(87, 'batch66', 'Kavitha K. Shenoi', '09845385136', 'ex 4132', '2021-12-18 14:38:13', '', 0, 0, 'ffdirp211120', 0, 0, 0, 0, 0, 0, 0, 0, 0, NULL),
(88, 'batch66', 'Vandana Sharma ', '9424026929', '1432', '2021-12-18 14:38:16', '', 0, 0, 'ffdirp211120', 0, 0, 0, 0, 0, 0, 0, 0, 0, NULL),
(89, 'batch66', 'Mrunal kolwankar', '9820769382', '4132\r\n', '2021-12-18 14:38:17', '', 0, 0, 'ffdirp211120', 0, 0, 0, 0, 0, 0, 0, 0, 0, NULL),
(90, 'batch66', 'Sangita Sukumaran', '09820963663', 'Exercise 4123', '2021-12-18 14:38:18', '', 0, 0, 'ffdirp211120', 0, 0, 0, 0, 0, 0, 0, 0, 0, NULL),
(91, 'batch66', 'Akshay Sawant', '7743613430', 'Ex 4132', '2021-12-18 14:38:21', '44', 0, 0, 'ffdirp211120', 0, 0, 0, 0, 0, 0, 0, 0, 0, NULL),
(92, 'batch66', 'Sameer Shah', '8875025713', 'Ex4123', '2021-12-18 14:38:22', '', 0, 0, 'ffdirp211120', 0, 0, 0, 0, 0, 0, 0, 0, 0, NULL),
(93, 'batch66', 'Nikhil Nimkar', '9820912035', 'exercise 4123\r\n', '2021-12-18 14:38:23', '91', 0, 0, 'ffdirp211120', 0, 0, 0, 0, 0, 0, 0, 0, 0, NULL),
(94, 'batch66', 'jayanthi', '9426749137', 'ex4123', '2021-12-18 14:38:24', '', 0, 0, 'ffdirp211120', 0, 0, 0, 0, 0, 0, 0, 0, 0, NULL),
(95, 'batch66', 'Pushpalatha KN', '09448129297', '2341', '2021-12-18 14:38:24', '', 0, 0, 'ffdirp211120', 0, 0, 0, 0, 0, 0, 0, 0, 0, NULL),
(96, 'batch66', 'Hemalathashivkumar', '9972753167', 'â´132', '2021-12-18 14:38:25', '', 0, 0, 'ffdirp211120', 0, 0, 0, 0, 0, 0, 0, 0, 0, NULL),
(97, 'batch66', 'Ajay Kale', '09823047200', 'Ex4231', '2021-12-18 14:38:25', '', 0, 0, 'ffdirp211120', 0, 0, 0, 0, 0, 0, 0, 0, 0, NULL),
(98, 'batch66', 'Nirmala Shastri', '9902431865', '4124', '2021-12-18 14:38:25', '', 0, 0, 'ffdirp211120', 0, 0, 0, 0, 0, 0, 0, 0, 0, NULL),
(99, 'batch66', 'Vivekanand Yadav', '9826018562', '\r\nEx4132\r\n\r\n', '2021-12-18 14:38:28', '', 0, 0, 'ffdirp211120', 0, 0, 0, 0, 0, 0, 0, 0, 0, NULL),
(100, 'batch66', 'Sunil Karodi', '9422320535', 'Ex 4231', '2021-12-18 14:38:31', '', 0, 0, 'ffdirp211120', 0, 0, 0, 0, 0, 0, 0, 0, 0, NULL),
(101, 'batch66', 'Kavitha K. Shenoi', '09845385136', 'ex 4312\r\n', '2021-12-18 14:38:37', '', 0, 0, 'ffdirp211120', 0, 0, 0, 0, 0, 0, 0, 0, 0, NULL),
(102, 'batch66', 'Luna Jain Bhaskar', '9135687485', 'Ex 4132', '2021-12-18 14:38:38', '1', 0, 0, 'ffdirp211120', 0, 0, 0, 0, 0, 0, 0, 0, 0, NULL),
(103, 'batch66', 'Uma Shankar Virat', '9205631488', '4123', '2021-12-18 14:38:38', '', 0, 0, 'ffdirp211120', 0, 0, 0, 0, 0, 0, 0, 0, 0, NULL),
(104, 'batch66', 'Brajesh kumar kumar', '09771592130', '4231', '2021-12-18 14:38:51', '', 0, 0, 'ffdirp211120', 0, 0, 0, 0, 0, 0, 0, 0, 0, NULL),
(105, 'batch66', 'Sarjerao Hari Madane', '8806362216', 'Ex-4132', '2021-12-18 14:38:59', '', 0, 0, 'ffdirp211120', 0, 0, 0, 0, 0, 0, 0, 0, 0, NULL),
(106, 'batch66', 'M.Rajeshwari', '9963730777', 'Please tell us how to be in touch even after the program completion', '2021-12-18 14:41:23', '', 0, 0, 'ffdirp211120', 1, 0, 0, 0, 0, 0, 0, 0, 0, NULL),
(107, 'batch66', 'Anjali Omprakash Gundawar', '8999049433', 'Saal bhar ki file mile to better rahega matab kuch miss Hogaya to dekh sakte hai', '2021-12-18 14:41:49', '', 0, 0, 'ffdirp211120', 1, 0, 0, 0, 0, 0, 0, 0, 0, NULL),
(108, 'batch66', 'Amruta Kulkarni', '09096677700', 'à¤†à¤ªà¤²à¥‡ à¤µà¤¿à¤¡à¤¿à¤“ à¤¨à¤‚à¤¤à¤° à¤ªà¤£ à¤ªà¤¹à¤¾à¤¤à¤¾ à¤¯à¥‡à¤¤à¥€à¤² à¤•à¤¾', '2021-12-18 14:45:09', '', 0, 0, 'ffdirp211120', 1, 0, 0, 0, 0, 0, 0, 0, 0, NULL),
(109, 'batch66', 'Pushpalatha KN', '09448129297', 'Lucky to hava a Lifetime guide and supporter...ffd', '2021-12-18 14:47:09', '', 0, 0, 'ffdirp211120', 1, 0, 0, 0, 0, 0, 0, 0, 0, NULL),
(110, 'batch66', 'Pallavi', '7405890424', 'Good morning Dr tripathi my bmi 20 stamina is good had amazing time for me my all family loose8kg wea. F.bsl still high will reach soon my saf goal. Had surgery now in recovery thank you to you n all FFD teams ', '2021-12-18 14:48:56', '44', 0, 0, 'ffdirp211120', 1, 0, 0, 0, 0, 0, 0, 0, 0, NULL),
(111, 'batch66', 'Pallavi', '7405890424', 'Like to continue till Clearly GTT. ', '2021-12-18 14:51:11', '44', 0, 0, 'ffdirp211120', 1, 0, 0, 0, 0, 0, 0, 0, 0, NULL),
(112, 'batch66', 'M.Rajeshwari', '9963730777', 'Feeling very very sad that it\'s coming almost to an end', '2021-12-18 14:53:46', '', 0, 0, 'ffdirp211120', 1, 0, 0, 0, 0, 0, 0, 0, 0, NULL),
(113, 'batch66', 'Amar Shelar', '9665903781', 'Where is form', '2021-12-18 14:54:36', '', 0, 0, 'ffdirp211120', 1, 0, 0, 0, 0, 0, 0, 0, 0, NULL),
(114, 'batch66', 'Akshay Sawant', '7743613430', 'Hope you have received by Story and feedback on the word file shared few days back.', '2021-12-18 14:55:38', '44', 0, 0, 'ffdirp211120', 1, 0, 0, 0, 0, 1, 0, 0, 0, 'd'),
(115, 'batch66', 'Akshay Sawant', '7743613430', 'Life Changing Experience', '2021-12-18 14:56:18', '44', 0, 0, 'ffdirp211120', 1, 0, 0, 0, 0, 0, 0, 0, 0, NULL),
(116, 'batch66', 'Abhishek', '8447794566', 'I was ~18 BMI when I joined. Gained 10 kgs in 11 months. Loving the muscles.', '2021-12-18 14:56:39', '', 0, 0, 'ffdirp211120', 1, 0, 0, 0, 0, 0, 0, 0, 0, NULL),
(117, 'batch66', 'Anjali Omprakash Gundawar', '8999049433', 'I hve lost my 11 kg', '2021-12-18 14:56:53', '', 0, 0, 'ffdirp211120', 1, 0, 0, 0, 0, 0, 0, 0, 0, NULL),
(118, 'batch66', 'Pushpalatha KN', '09448129297', 'Not received form', '2021-12-18 14:56:55', '', 0, 0, 'ffdirp211120', 1, 0, 0, 0, 0, 0, 0, 0, 0, NULL),
(119, 'batch66', 'SEEMA UPADHYE', '551570539', 'I am better in many ways only sugar  and weight has to reduce more. So extending program . ', '2021-12-18 14:57:04', '971', 0, 0, 'ffdirp211120', 1, 0, 0, 0, 0, 0, 0, 0, 0, NULL),
(120, 'batch66', 'Nirmala Shastri', '9902431865', 'Memorable year!!  Thank you Dr Pramodji and team. It\'s great to FFD Club.', '2021-12-18 14:57:45', '', 0, 0, 'ffdirp211120', 1, 0, 0, 0, 0, 0, 0, 0, 0, NULL),
(121, 'batch66', 'Sunil Karodi', '9422320535', 'Journey was fantastic. Slightly offtrack now due to marriage in home. Thinking of repeating phases again as they were last year to get further better results\r\n', '2021-12-18 14:58:14', '', 0, 0, 'ffdirp211120', 1, 0, 0, 0, 0, 0, 0, 0, 0, NULL),
(122, 'batch66', 'KK', '9884017822', 'Am joining late. How do we continue to stay connected with FFD doctor?', '2021-12-18 14:58:32', '', 0, 0, 'ffdirp211120', 1, 0, 0, 0, 0, 0, 0, 0, 0, NULL),
(123, 'batch66', 'Tejas jadhav', '9870717252', 'I learned fasting and I really love to do fasting. Completed 10days of fasting. Target is 30days in next 3months.  Thanks. My journey is still not completed will continue FFD plans...', '2021-12-18 14:58:52', '', 0, 0, 'ffdirp211120', 1, 0, 0, 0, 0, 0, 0, 0, 1, NULL),
(124, 'batch66', 'Sunil Karodi', '9422320535', 'Not able to join muktostav as it shows rotate your screen', '2021-12-18 14:58:56', '', 0, 0, 'ffdirp211120', 1, 0, 0, 0, 0, 0, 0, 0, 0, NULL),
(125, 'batch66', 'M.Rajeshwari', '9963730777', 'Journey is very inspiring and really have learnt so many things and kept on sharing with people around us', '2021-12-18 14:59:40', '', 0, 0, 'ffdirp211120', 1, 0, 0, 0, 0, 0, 0, 0, 0, NULL),
(126, 'batch66', 'Akshay Sawant', '7743613430', 'Form Done. I have also shared my story (5 pages of light reading) on the Batch 66 WhatsApp Group.', '2021-12-18 15:00:34', '44', 0, 0, 'ffdirp211120', 1, 0, 0, 0, 0, 0, 0, 0, 0, NULL),
(127, 'batch66', 'Nagananda', '9902261880', 'Completed filling', '2021-12-18 15:00:42', '91', 0, 0, 'ffdirp211120', 1, 0, 0, 0, 0, 0, 0, 0, 0, NULL),
(128, 'batch66', 'Raja Rajeswara Rao Velpucharla', '9160111520', 'It is very heartening to note that we will continue to be associated with FFD. Thanks a ton to you and the entire team for the wonderful transformation that I am experiencing. And I am still improving. ', '2021-12-18 15:00:55', '', 0, 0, 'ffdirp211120', 1, 0, 0, 0, 0, 0, 0, 0, 0, NULL),
(129, 'batch66', 'Mandakini', '9427747084', 'Will we get the recordings ? ', '2021-12-18 15:01:14', '', 0, 0, 'ffdirp211120', 1, 0, 0, 0, 0, 0, 0, 0, 0, NULL),
(130, 'batch66', 'Chandrashekhar', '9481245906', 'The journey simply superb. Enjoying the journey now as mentor. Also submitted for club as head facilitator. Provide services possible through subscription at nominal fee.', '2021-12-18 15:01:59', '', 0, 0, 'ffdirp211120', 1, 0, 0, 0, 0, 0, 0, 0, 0, NULL),
(131, 'batch66', 'Shalini', '9890343587', 'How to join the club? ', '2021-12-18 15:02:17', '', 0, 0, 'ffdirp211120', 1, 0, 0, 0, 0, 0, 0, 0, 0, NULL),
(132, 'batch66', 'KK', '9884017822', 'Your dedication is greatly appreciated. ', '2021-12-18 15:02:21', '', 0, 0, 'ffdirp211120', 1, 0, 0, 0, 0, 0, 0, 0, 0, NULL),
(133, 'batch66', 'Mandakini', '9427747084', 'My program will end by January second week... will I be able to talk with the concerned people? ', '2021-12-18 15:02:38', '', 0, 0, 'ffdirp211120', 1, 0, 0, 0, 0, 0, 0, 0, 0, NULL),
(134, 'batch66', 'KK', '9884017822', 'You had asked your Ops to contact me during previous session. No one contacted ', '2021-12-18 15:03:11', '', 0, 0, 'ffdirp211120', 1, 0, 0, 0, 0, 1, 0, 0, 1, 'p1'),
(135, 'batch66', 'jayanthi', '9426749137', 'it has been a wonderful journey,never thought that i could run, do suryanamaskars so easily.very aware of what i can eat and what no. has been totally educative Thank you so much', '2021-12-18 15:03:13', '', 0, 0, 'ffdirp211120', 1, 0, 0, 0, 0, 0, 0, 0, 0, NULL),
(136, 'batch66', 'Sanjeev Lalwani', '07218131613', 'I would like to thank you all for the great program ... opening various possibilities.  I possibly achieved only 50% of what I set out to achieve, however that is also a great progress. I am still on this journey, will continue on a regular basis.  Can you share the meditation audios\' please.', '2021-12-18 15:03:24', '91', 0, 0, 'ffdirp211120', 1, 0, 0, 0, 0, 0, 0, 0, 0, NULL),
(137, 'batch66', 'VIJAY KESANAKURTHY', '7995472428', 'I stopped Metformin within 2 weeks of starting the program. BA1C is below 6.3. I am unable to get fasting BSL below 100. What should be done in the future?', '2021-12-18 15:03:28', '', 0, 0, 'ffdirp211120', 1, 0, 0, 0, 0, 0, 0, 0, 0, NULL),
(138, 'batch66', 'Tejas jadhav', '9870717252', 'I did nominated my self for fasting 10 days, not sure. Can i apply for next year..', '2021-12-18 15:03:50', '', 0, 0, 'ffdirp211120', 1, 0, 1, 0, 0, 0, 0, 0, 0, 'next year fasting '),
(139, 'batch66', 'KK', '9884017822', 'Can we visit your centre in Pune if we travel? Do we have option to meet with you?', '2021-12-18 15:03:57', '', 0, 0, 'ffdirp211120', 1, 0, 0, 0, 0, 0, 0, 0, 0, NULL),
(140, 'batch66', 'Amruta Kulkarni', '09096677700', 'My last cunsultation is pending', '2021-12-18 15:04:06', '', 0, 0, 'ffdirp211120', 1, 0, 0, 0, 0, 0, 0, 0, 0, NULL),
(141, 'batch66', 'abhijeet', '9343212020', 'very happy.\r\nfrom hba1c of 11.6 to 6.3 in 3 months.... able to maintain the same.', '2021-12-18 15:04:14', '', 0, 0, 'ffdirp211120', 1, 0, 0, 0, 0, 0, 0, 0, 0, NULL),
(142, 'batch66', 'Kavitha K. Shenoi', '09845385136', 'Wonderful program.. didn\'t think I could lose weight to reach my college levels...despite hyothyroid.. thanks a bunch..Dr. Tripathy, You are excellent and love your super energy..', '2021-12-18 15:04:51', '', 0, 0, 'ffdirp211120', 1, 0, 0, 0, 0, 0, 0, 0, 0, NULL),
(143, 'batch66', 'Hemalathashivkumar', '9972753167', 'I became 65 yr young. Feeling sad bcos ending one  year .miss your energising sessions', '2021-12-18 15:05:18', '', 0, 0, 'ffdirp211120', 1, 0, 0, 0, 0, 0, 0, 0, 0, NULL),
(144, 'batch66', 'Raja Rajeswara Rao Velpucharla', '9160111520', 'Yours has been an amazing story. It would be nice if you consider writing a book.', '2021-12-18 15:05:59', '', 0, 0, 'ffdirp211120', 1, 0, 0, 0, 0, 0, 0, 0, 0, NULL),
(145, 'batch66', 'Kavitha K. Shenoi', '09845385136', 'A little worried now that my weight is up by 2-3 kgs...hoping i will be able to reverse it', '2021-12-18 15:06:17', '', 0, 0, 'ffdirp211120', 1, 0, 0, 0, 0, 0, 0, 0, 0, NULL),
(146, 'batch66', 'VIJAY KESANAKURTHY', '7995472428', 'I am underweight! Can not lose 15% weight. No fat in liver/pancreas! ', '2021-12-18 15:06:29', '', 0, 0, 'ffdirp211120', 1, 0, 0, 0, 0, 0, 0, 0, 0, NULL),
(147, 'batch66', 'KK', '9884017822', 'My fasting and PP1 sugar is always good. Itâ€™s PP3 that goes off track if I decorate from\r\nProtocol diet ', '2021-12-18 15:06:42', '', 0, 0, 'ffdirp211120', 1, 0, 0, 0, 0, 0, 0, 0, 0, NULL),
(148, 'batch66', 'Akshay Sawant', '7743613430', 'Will Wow Wednesday be reinstated? Still doing the Yoga sessions for Belly Fat Yoga, Spinal Yoga.', '2021-12-18 15:07:29', '44', 0, 0, 'ffdirp211120', 1, 0, 0, 0, 0, 0, 0, 0, 0, NULL),
(149, 'batch66', 'Sonal dharmendra bhangale', '09637048579', 'Very happy my hba1c 14.2 to 6.4', '2021-12-18 15:07:40', '', 0, 0, 'ffdirp211120', 1, 0, 0, 0, 0, 0, 0, 0, 0, NULL),
(150, 'batch66', 'M.Rajeshwari', '9963730777', 'Fasting is always a problem', '2021-12-18 15:07:50', '', 0, 0, 'ffdirp211120', 1, 0, 0, 0, 0, 0, 0, 0, 0, NULL),
(151, 'batch66', 'Sunil Karodi', '9422320535', 'Change is I manage to wear kurta which I worein my wedding 28 years back', '2021-12-18 15:08:05', '', 0, 0, 'ffdirp211120', 1, 0, 0, 0, 0, 0, 0, 0, 0, NULL),
(152, 'batch66', 'Pushpalatha KN', '09448129297', 'TQ dr jiðŸ™', '2021-12-18 15:08:58', '', 0, 0, 'ffdirp211120', 1, 0, 0, 0, 0, 0, 0, 0, 0, NULL),
(153, 'batch66', 'Kavitha K. Shenoi', '09845385136', 'nitrous oxide how does it work.. was not explained any time i think or i missed', '2021-12-18 15:09:34', '', 0, 0, 'ffdirp211120', 1, 0, 0, 0, 0, 0, 0, 0, 0, NULL),
(154, 'batch66', 'Akshay Sawant', '7743613430', 'Looking very slick today Doc!', '2021-12-18 15:09:35', '44', 0, 0, 'ffdirp211120', 1, 0, 0, 0, 0, 0, 0, 0, 0, NULL),
(155, 'batch66', 'Prasad Ganji', '7736797155', 'I will forever be greatful to you and FFD for helping us in reversing. Thank you for all you do! ', '2021-12-18 15:09:53', '44', 0, 0, 'ffdirp211120', 1, 0, 0, 0, 0, 0, 0, 0, 0, NULL),
(156, 'batch66', 'M.Rajeshwari', '9963730777', 'Shall I have to extend my program for three months as I am not free of medicine yet', '2021-12-18 15:10:20', '', 0, 0, 'ffdirp211120', 1, 0, 0, 0, 0, 0, 0, 0, 1, NULL),
(157, 'batch66', 'Tejas jadhav', '9870717252', 'Please plan to meet each and every FFD club when it will be formed, whenever you have time, may be this year, next year or next to next year.', '2021-12-18 15:10:48', '', 0, 0, 'ffdirp211120', 1, 0, 0, 0, 0, 0, 0, 0, 0, NULL),
(158, 'batch66', 'Raja Rajeswara Rao Velpucharla', '9160111520', 'Curious to know the role of homoeopathy in the treatment of diabetes. I understand your wife is a homoeopath. What are her views?', '2021-12-18 15:10:53', '', 0, 0, 'ffdirp211120', 1, 0, 0, 0, 0, 0, 0, 0, 0, NULL),
(159, 'batch66', 'TUSHAR NARENDRA FADIA', '9819732479', 'what about medicines/exercise & diet after 1 year?', '2021-12-18 15:11:08', '', 0, 0, 'ffdirp211120', 1, 0, 0, 0, 0, 0, 0, 0, 0, NULL),
(160, 'batch66', 'Sunil Karodi', '9422320535', 'No net work when you answered my question  pl comment', '2021-12-18 15:11:18', '', 0, 0, 'ffdirp211120', 1, 0, 0, 0, 0, 0, 0, 0, 0, NULL),
(161, 'batch66', 'Nirmala Shastri', '9902431865', 'I exercise one hour after my lunch. Is it ok', '2021-12-18 15:11:25', '', 0, 0, 'ffdirp211120', 1, 0, 0, 1, 0, 0, 0, 0, 0, NULL),
(162, 'batch66', 'Dr Vrinda Choudhary ', '9022259869', 'Is the dal based breakfast causing my uric acid level to go up... ', '2021-12-18 15:11:45', '91', 0, 0, 'ffdirp211120', 1, 1, 1, 0, 0, 0, 0, 0, 0, NULL),
(163, 'batch66', 'Anjali Omprakash Gundawar', '09922729293', 'Walking is enough for diabetes ', '2021-12-18 15:11:45', '', 0, 0, 'ffdirp211120', 1, 0, 0, 1, 0, 0, 0, 0, 0, NULL),
(164, 'batch66', 'jayanthi', '9426749137', 'must commend your energy levels ,awesome and inspiring', '2021-12-18 15:12:05', '', 0, 0, 'ffdirp211120', 1, 0, 0, 0, 0, 0, 0, 0, 0, NULL),
(165, 'batch66', 'Vivekanand Yadav', '9826018562', 'Why fasting reading are taken in consideration in GTT, as it is a test to be done after taking 75gm of glucose?', '2021-12-18 15:12:07', '', 0, 0, 'ffdirp211120', 1, 0, 0, 0, 0, 0, 0, 0, 0, NULL),
(166, 'batch66', 'Akshay Sawant', '7743613430', 'As a result of Inner Transformation, I have gained mental strength and found lot of clarity in life. Being and Engineer, I have decided to work on Environmental Projects for the rest of my career to achieve Net Zero Carbon on Earth.', '2021-12-18 15:12:25', '44', 0, 0, 'ffdirp211120', 1, 0, 0, 0, 0, 0, 0, 0, 0, NULL),
(167, 'batch66', 'Chandrashekhar', '9481245906', 'Ideal exercise duration for a day after reaching ideal bmi', '2021-12-18 15:12:28', '', 0, 0, 'ffdirp211120', 1, 0, 0, 0, 0, 0, 0, 0, 0, NULL),
(168, 'batch66', 'Sunil Karodi', '9422320535', 'Thanks', '2021-12-18 15:13:23', '', 0, 0, 'ffdirp211120', 1, 0, 0, 0, 0, 0, 0, 0, 0, NULL),
(169, 'batch66', 'Kavitha K. Shenoi', '09845385136', 'how to know how much exercise to do..', '2021-12-18 15:13:53', '', 0, 0, 'ffdirp211120', 1, 0, 0, 0, 0, 0, 0, 0, 0, NULL),
(170, 'batch66', 'Pushpalatha KN', '09448129297', 'It too didn\'t catch your reply pls', '2021-12-18 15:14:00', '', 0, 0, 'ffdirp211120', 1, 0, 0, 0, 0, 0, 0, 0, 0, NULL),
(171, 'batch66', 'Raja Rajeswara Rao Velpucharla', '9160111520', 'I missed your answer about your writing a book on your story, due to network issue. Could you please repeat?', '2021-12-18 15:14:03', '', 0, 0, 'ffdirp211120', 1, 0, 0, 0, 0, 0, 0, 0, 0, NULL),
(172, 'batch66', 'Anjali Omprakash Gundawar', '09922729293', 'I can\'t control urine ', '2021-12-18 15:14:04', '', 0, 0, 'ffdirp211120', 1, 1, 0, 0, 0, 0, 0, 0, 0, NULL),
(173, 'batch66', 'jayanthi', '9426749137', 'yes', '2021-12-18 15:14:44', '', 0, 0, 'ffdirp211120', 1, 0, 0, 0, 0, 0, 0, 0, 0, NULL),
(174, 'batch66', 'Dhana Prova Dutta', '09435534800', 'Sir,Iam 5am clubmember,I am following 15 minutes journal writing 15 meditation and then 3-2 1 everday.Iam on medicine.', '2021-12-18 15:14:49', '', 0, 0, 'ffdirp211120', 1, 0, 0, 0, 0, 0, 0, 0, 0, NULL),
(175, 'batch66', 'BHUNESH SINGH', '08910459316', 'My BMI is stable 23 for long time can I do juice feasting  once in month', '2021-12-18 15:14:53', '', 0, 0, 'ffdirp211120', 1, 0, 0, 0, 0, 0, 0, 0, 0, NULL),
(176, 'batch66', 'Shalini', '9890343587', 'As I am taking supplement, it could be in ayurveda because it suits me. ', '2021-12-18 15:14:57', '', 0, 0, 'ffdirp211120', 1, 0, 0, 0, 0, 0, 0, 0, 0, NULL),
(177, 'batch66', 'jayanthi', '9426749137', 'will be there with you', '2021-12-18 15:15:05', '', 0, 0, 'ffdirp211120', 1, 0, 0, 0, 0, 0, 0, 0, 0, NULL),
(178, 'batch66', 'Akshay Sawant', '7743613430', 'Any tips on how to deal with travelling where Diet food may not be available? I have been eating salads mainly.', '2021-12-18 15:15:06', '44', 0, 0, 'ffdirp211120', 1, 0, 0, 0, 0, 0, 0, 0, 0, NULL),
(179, 'batch66', 'Chandrashekhar', '9481245906', '144 SN in 98 minwithout break - 92 km cycling - 10 km brisk walk', '2021-12-18 15:15:51', '', 0, 0, 'ffdirp211120', 1, 0, 0, 0, 0, 0, 0, 0, 0, NULL),
(180, 'batch66', 'abhijeet', '9343212020', 'I did 108 SN .... Sattviko Lifestyle Food yoga SN marathon today..\r\n\r\nthis was shared in ffd group.', '2021-12-18 15:16:00', '', 0, 0, 'ffdirp211120', 1, 0, 0, 0, 0, 0, 0, 0, 0, NULL),
(181, 'batch66', 'Akshay Sawant', '7743613430', 'Great Tip from Dr Malhar - Kuch to Karo. Works for my Vichlit Atma!', '2021-12-18 15:16:33', '44', 0, 0, 'ffdirp211120', 1, 0, 0, 0, 0, 0, 0, 0, 0, NULL),
(182, 'batch66', 'VIJAY KESANAKURTHY', '7995472428', 'For Fasting sugar >100, you talked about reducing weight. but I am underweight. I am Gymming 3 days in week. Any further advise? The session was offline when you answered the question. I missed it.', '2021-12-18 15:17:27', '', 0, 0, 'ffdirp211120', 1, 0, 0, 0, 0, 0, 0, 0, 0, NULL),
(183, 'batch66', 'Anjali Omprakash Gundawar', '09922729293', 'How can  follow diet after completion of this course ', '2021-12-18 15:17:56', '', 0, 0, 'ffdirp211120', 1, 0, 1, 0, 0, 0, 0, 0, 0, NULL),
(184, 'batch66', 'SEEMA UPADHYE', '551570539', 'Improved but still more to do as fasting still high and wt loss required \r\n', '2021-12-18 15:18:33', '971', 0, 0, 'ffdirp211120', 1, 0, 0, 0, 0, 0, 0, 0, 0, NULL),
(185, 'batch66', 'Aruna Taduri', '7675908652', 'Good afternoon Doctor, if I gain weight below 25 BMI , does it effect my sugar levels? I lost 20 kgs, and doing yoga and jumba  regularly. ', '2021-12-18 15:18:35', '', 0, 0, 'ffdirp211120', 1, 0, 0, 0, 0, 0, 0, 0, 0, NULL),
(186, 'batch66', 'VIJAY KESANAKURTHY', '7995472428', 'Thanks!', '2021-12-18 15:18:44', '', 0, 0, 'ffdirp211120', 1, 0, 0, 0, 0, 0, 0, 0, 0, NULL),
(187, 'batch66', 'Akshay Sawant', '7743613430', 'Loving 3-2-1, that was a fantastic teaching. Great Support from Exercise Expert Yogini. Enjoying Gym, did 108 SN, every Sat 25kn Cycling, now training for 10k run.', '2021-12-18 15:19:27', '44', 0, 0, 'ffdirp211120', 1, 0, 0, 0, 0, 0, 0, 0, 0, NULL),
(188, 'batch66', 'Lakshmi Indradev', '9342253903', 'Thank you very much drðŸ™ðŸ¼\r\nGod bless you & your family members ðŸ™ðŸ¼', '2021-12-18 15:19:32', '', 0, 0, 'ffdirp211120', 1, 0, 0, 0, 0, 0, 0, 0, 0, NULL),
(189, 'batch66', 'Amar Shelar', '9665903781', 'plz tell Inner transformation audio clips to follow', '2021-12-18 15:20:12', '', 0, 0, 'ffdirp211120', 1, 0, 0, 0, 0, 0, 0, 0, 0, NULL),
(190, 'batch66', 'Chandrashekhar', '9481245906', 'On Reclide MR 30 a day. It means I have insulin release challenge. Would this be overcome over a period of time. Or is it OK to consume this pill on a longer duration.', '2021-12-18 15:20:27', '', 0, 0, 'ffdirp211120', 1, 0, 0, 0, 0, 0, 0, 0, 0, NULL),
(191, 'batch66', 'Anjali Omprakash Gundawar', '09922729293', 'Muscle decrease is necessary ', '2021-12-18 15:20:27', '', 0, 0, 'ffdirp211120', 1, 0, 0, 0, 0, 0, 0, 0, 0, NULL),
(192, 'batch66', 'Sunil Karodi', '9422320535', 'Relatives were shocked after seeing change. Given ffd details to join', '2021-12-18 15:20:34', '', 0, 0, 'ffdirp211120', 1, 0, 0, 0, 0, 0, 0, 0, 0, NULL),
(193, 'batch66', 'Neeta chabukswar ', '9833063912', 'I am happy that i connected with ffd..lost 8 kg.. feel much energized..  Found a healthy way of living for life.. My efforts shall continue with ur help.. Things were going very smooth till phase 5..then had a bit of set back in phase 5 ..Still have a half tab bef dinner..continuing phase 4 routine.. Looking forward to meet you at next mahotsav!! ', '2021-12-18 15:21:04', '', 0, 0, 'ffdirp211120', 1, 0, 0, 0, 0, 0, 0, 0, 0, NULL),
(194, 'batch66', 'Mandakini', '9427747084', 'For how long will we be able to see the education portal? ', '2021-12-18 15:21:22', '', 0, 0, 'ffdirp211120', 1, 0, 0, 0, 0, 0, 0, 0, 0, NULL),
(195, 'batch66', 'Nirmala Shastri', '9902431865', 'Thank you Dr Pramodji. I enjoyed all your sessions!! It\'s been a great year.', '2021-12-18 15:21:25', '', 0, 0, 'ffdirp211120', 1, 0, 0, 0, 0, 0, 0, 0, 0, NULL),
(196, 'batch66', 'Anjali Omprakash Gundawar', '09922729293', 'Tysm pramod ji ur FFd help me lot ', '2021-12-18 15:22:20', '', 0, 0, 'ffdirp211120', 0, 0, 0, 0, 0, 0, 0, 0, 0, NULL),
(197, 'batch66', 'Anjali Omprakash Gundawar', '09922729293', 'Tysm pramod ji ur FFd help me lot ', '2021-12-18 15:22:22', '', 0, 0, 'ffdirp211120', 0, 0, 0, 0, 0, 0, 0, 0, 0, NULL),
(198, 'batch66', 'Anjali Omprakash Gundawar', '09922729293', 'Tysm pramod ji ur FFd help me lot ', '2021-12-18 15:22:25', '', 0, 0, 'ffdirp211120', 1, 0, 0, 0, 0, 0, 0, 0, 0, NULL),
(199, 'batch66', 'Vivekanand Yadav', '9826018562', 'In this one year program my will power is increased very much, now I have positive attitude towards my life, thanks a lot to you and your team sir.', '2021-12-18 15:22:35', '', 0, 0, 'ffdirp211120', 1, 0, 0, 0, 0, 0, 0, 0, 0, NULL),
(200, 'batch66', 'Aruna Taduri', '7675908652', 'Thank you so much for your advise and thanks to all my Doctors and exercise expert and dietician and mentor. ', '2021-12-18 15:22:55', '', 0, 0, 'ffdirp211120', 1, 0, 0, 0, 0, 0, 0, 0, 0, NULL),
(201, 'batch66', 'Amar Shelar', '9665903781', 'My hba1c was 5.3........when i will do gtt', '2021-12-18 15:22:57', '', 0, 0, 'ffdirp211120', 1, 0, 1, 0, 0, 0, 0, 0, 0, NULL),
(202, 'batch66', 'Hemalathashivkumar', '9972753167', 'What to do for muscle building. I have disability with my left hand surgery.bmi 23 .lost 12 kg.', '2021-12-18 15:23:19', '', 0, 0, 'ffdirp211120', 1, 0, 0, 1, 0, 0, 0, 0, 0, NULL),
(203, 'batch66', 'Chandrashekhar', '9481245906', 'Is ffd planning it\'s own wearable in the coming days? I love to wear one.', '2021-12-18 15:23:41', '', 0, 0, 'ffdirp211120', 1, 0, 0, 0, 0, 0, 0, 0, 0, NULL),
(204, 'batch66', 'Akshay Sawant', '7743613430', 'Keep Going Doctor, I wish you and the Team all the success with this Program. I have every confidence that you (or I should say we, I am a Mentor) will achieve the goal of 100k and more. Also, so proud of this program as a fellow Indian, this will go truly global soon.', '2021-12-18 15:23:47', '44', 0, 0, 'ffdirp211120', 1, 0, 0, 0, 0, 0, 0, 0, 0, NULL),
(205, 'batch66', 'Anjali Omprakash Gundawar', '09922729293', 'Mera course kab complete hoga how to know ', '2021-12-18 15:24:19', '', 0, 0, 'ffdirp211120', 1, 0, 0, 0, 0, 0, 0, 0, 1, NULL),
(206, 'batch66', 'Aruna Taduri', '7675908652', 'How to continue after completion of one year and after reaching the goals like GTT and weight loss.', '2021-12-18 15:24:54', '', 0, 0, 'ffdirp211120', 1, 0, 0, 0, 0, 0, 0, 0, 0, NULL),
(207, 'batch66', 'Anjali Omprakash Gundawar', '09922729293', 'Want to continue for 3 month ', '2021-12-18 15:25:08', '', 0, 0, 'ffdirp211120', 1, 0, 0, 0, 0, 0, 0, 0, 1, NULL),
(208, 'batch66', 'jayanthi', '9426749137', 'wow,congrarulations ', '2021-12-18 15:25:40', '', 0, 0, 'ffdirp211120', 1, 0, 0, 0, 0, 0, 0, 0, 0, NULL),
(209, 'batch66', 'Sonal dharmendra bhangale', '09637048579', 'My hba1c drop down 14.2 to 6.4 but weight gain why this will happen', '2021-12-18 15:26:13', '', 0, 0, 'ffdirp211120', 1, 1, 0, 0, 0, 0, 0, 0, 0, NULL),
(210, 'batch66', 'jayanthi', '9426749137', 'would like to be a mentor but dont feel that i know enough to guide others', '2021-12-18 15:27:11', '', 0, 0, 'ffdirp211120', 1, 0, 0, 0, 1, 0, 0, 0, 0, NULL),
(211, 'batch66', 'Hemalathashivkumar', '9972753167', 'FOR ME FFD MEANS FARMING HAPPINESS', '2021-12-18 15:27:13', '', 0, 0, 'ffdirp211120', 1, 0, 0, 0, 0, 0, 0, 0, 0, NULL),
(212, 'batch66', 'Gayatri', '9629438916', 'Thnq Dr', '2021-12-18 15:27:36', '', 0, 0, 'ffdirp211120', 0, 0, 0, 0, 0, 0, 0, 0, 0, NULL),
(213, 'batch66', 'Mandakini', '9427747084', 'Thank you... thank you... Thank you..ðŸ™ðŸ‡®ðŸ‡³ðŸ™', '2021-12-18 15:31:23', '', 0, 0, 'ffdirp211120', 0, 0, 0, 0, 0, 0, 0, 0, 0, NULL),
(214, 'batch66', 'Anjali Omprakash Gundawar', '09922729293', 'Tyji', '2021-12-18 15:33:29', '', 0, 0, 'ffdirp211120', 0, 0, 0, 0, 0, 0, 0, 0, 0, NULL),
(215, 'batch66', 'Neetu shah', '9784039717', 'Thank you sir just tankyou', '2021-12-18 15:33:45', '', 0, 0, 'ffdirp211120', 0, 0, 0, 0, 0, 0, 0, 0, 0, NULL),
(216, 'batch66', 'Kavitha K. Shenoi', '09845385136', 'THANK YOU SO MUCH', '2021-12-18 15:33:54', '', 0, 0, 'ffdirp211120', 0, 0, 0, 0, 0, 0, 0, 0, 0, NULL),
(217, 'batch66', 'Akshay Sawant', '7743613430', 'Thank You from the heart!!', '2021-12-18 15:34:03', '44', 0, 0, 'ffdirp211120', 0, 0, 0, 0, 0, 0, 0, 0, 0, NULL),
(218, 'batch66', 'Nirmala Shastri', '9902431865', 'Thank you', '2021-12-18 15:34:05', '', 0, 0, 'ffdirp211120', 0, 0, 0, 0, 0, 0, 0, 0, 0, NULL),
(219, 'batch66', 'Parimal Parekh', '9821044313', 'Thank you so much.', '2021-12-18 15:34:23', '', 0, 0, 'ffdirp211120', 0, 0, 0, 0, 0, 0, 0, 0, 0, NULL),
(220, 'batch66', 'Luna Jain Bhaskar', '9135687485', 'Thanks for helping in reversal journey. FFD has helped me learn about myself, never thought I could achieve what I have done & learnt, still learning. :) \r\nThank you from the bottom of my heart. ', '2021-12-18 15:34:40', '1', 0, 0, 'ffdirp211120', 0, 0, 0, 0, 0, 0, 0, 0, 0, NULL),
(221, 'batch66', 'Mrutyunjaya AKKI', '09972710767', 'I want kannada speach', '2021-12-18 17:55:58', '', 0, 0, 'ffdirp211120', 0, 0, 0, 0, 0, 0, 0, 0, 0, NULL),
(222, 'batch66', 'Rajkanya Bansod', '8223999710', 'Dear Sir / Madam I am fine August me mujhe ghutne me injury ho gai thi run karte samay tab ', '2021-12-20 11:25:58', '', 0, 0, 'ffdirp211120', 0, 0, 0, 0, 0, 0, 0, 0, 0, NULL);

-- --------------------------------------------------------

--
-- Table structure for table `tbl_users`
--

CREATE TABLE `tbl_users` (
  `id` int(3) NOT NULL,
  `batch` varchar(10) NOT NULL,
  `name` varchar(100) NOT NULL,
  `reg_date` datetime NOT NULL,
  `mobile_num` varchar(20) NOT NULL,
  `login_date` datetime DEFAULT NULL,
  `logout_date` datetime DEFAULT NULL,
  `logout_status` int(11) DEFAULT '0',
  `cntry_code` varchar(10) DEFAULT NULL,
  `eventname` varchar(50) NOT NULL
) ENGINE=InnoDB DEFAULT CHARSET=utf8;

--
-- Dumping data for table `tbl_users`
--

INSERT INTO `tbl_users` (`id`, `batch`, `name`, `reg_date`, `mobile_num`, `login_date`, `logout_date`, `logout_status`, `cntry_code`, `eventname`) VALUES
(1, 'batch66', 'Vibhav ', '2021-12-10 12:08:13', '9765875731', '2021-12-10 12:08:13', '2021-12-10 12:08:27', 0, '91', 'ffdirp211120'),
(2, 'batch66', 'Anil Sunger', '2021-12-14 20:50:05', '8800620181', '2021-12-18 15:02:44', '2021-12-18 15:22:19', 1, '', 'ffdirp211120'),
(3, 'batch66', 'Asha', '2021-12-14 22:47:40', '9393676699', '2021-12-18 14:01:17', '2021-12-18 14:47:16', 1, '', 'ffdirp211120'),
(4, 'batch66', 'Mayur Mahajan', '2021-12-15 09:58:35', '9921971499', '2021-12-15 09:58:35', '2021-12-15 10:04:19', 1, '91', 'ffdirp211120'),
(5, 'batch66', 'T N Swamy', '2021-12-15 20:08:58', '9849670056', '2021-12-15 20:08:58', '2021-12-15 20:09:59', 1, '', 'ffdirp211120'),
(6, 'batch66', 'Prabhakar', '2021-12-16 11:24:37', '9820434891', '2021-12-16 11:24:37', '2021-12-16 11:25:07', 1, '', 'ffdirp211120'),
(7, 'batch66', 'Pushpalatha KN', '2021-12-16 18:22:51', '09448129297', '2021-12-18 13:30:51', '2021-12-18 15:37:06', 1, '', 'ffdirp211120'),
(8, 'batch66', 'Subramanya Avadhani', '2021-12-16 18:30:47', '9945167523', '2021-12-19 06:48:45', '2021-12-19 06:50:28', 1, '', 'ffdirp211120'),
(9, 'batch66', 'Rajkanya Bansod', '2021-12-16 18:58:55', '8223999710', '2021-12-27 09:53:03', '2021-12-27 09:53:33', 1, '', 'ffdirp211120'),
(10, 'batch66', 'Sandhya Anoop ', '2021-12-17 07:02:13', '81867939', '2021-12-18 14:13:24', '2021-12-18 15:10:23', 1, '65', 'ffdirp211120'),
(11, 'batch66', 'Kamal Pachisia', '2021-12-17 10:04:01', '8978786207', '2021-12-18 14:44:50', '2021-12-18 16:47:30', 1, '91', 'ffdirp211120'),
(12, 'batch66', 'Taware Girish', '2021-12-17 11:05:10', '7588385560', '2021-12-17 11:05:10', '2021-12-17 11:05:40', 1, '', 'ffdirp211120'),
(13, 'batch66', 'Lavanya Iyer', '2021-12-17 16:41:56', '4162682401', '2021-12-17 16:41:56', '2021-12-17 16:42:26', 1, '1', 'ffdirp211120'),
(14, 'batch66', 'Nirmala Shastri', '2021-12-18 13:45:02', '9902431865', '2021-12-18 15:03:12', '2021-12-18 15:34:42', 1, '', 'ffdirp211120'),
(15, 'batch66', 'v', '2021-12-18 13:45:14', '6511', '2021-12-18 13:45:14', '2021-12-18 13:45:27', 0, '', 'ffdirp211120'),
(16, 'batch66', 'Raja Rajeswara Rao Velpucharla', '2021-12-18 13:54:30', '9160111520', '2021-12-18 15:33:23', '2021-12-18 15:39:54', 1, '', 'ffdirp211120'),
(17, 'batch66', 'Nikhil Nimkar', '2021-12-18 13:56:06', '9820912035', '2021-12-18 14:01:00', '2021-12-18 15:26:34', 1, '91', 'ffdirp211120'),
(18, 'batch66', 'VIJAY KESANAKURTHY', '2021-12-18 13:56:41', '7995472428', '2021-12-18 13:56:41', '2021-12-18 15:34:13', 0, '', 'ffdirp211120'),
(19, 'batch66', 'Sridharan P', '2021-12-18 13:58:15', '09445393723', '2021-12-18 13:58:15', '2021-12-18 15:11:45', 1, '', 'ffdirp211120'),
(20, 'batch66', 'Hemalathashivkumar', '2021-12-18 13:58:24', '9972753167', '2021-12-18 15:02:51', '2021-12-18 15:34:29', 1, '', 'ffdirp211120'),
(21, 'batch66', 'Dhana Prova Dutta', '2021-12-18 13:58:29', '09435534800', '2021-12-18 15:08:47', '2021-12-18 15:34:48', 1, '', 'ffdirp211120'),
(22, 'batch66', 'TUSHAR NARENDRA FADIA', '2021-12-18 13:58:43', '9819732479', '2021-12-18 15:05:20', '2021-12-18 15:34:20', 1, '', 'ffdirp211120'),
(23, 'batch66', 'Pushpa Porwal', '2021-12-18 13:58:50', '9826222333', '2021-12-18 13:58:50', '2021-12-18 15:37:20', 1, '', 'ffdirp211120'),
(24, 'batch66', 'Sunil Karodi', '2021-12-18 13:58:51', '9422320535', '2021-12-18 15:09:06', '2021-12-18 15:35:07', 1, '', 'ffdirp211120'),
(25, 'batch66', 'Amruta Kulkarni', '2021-12-18 13:58:59', '09096677700', '2021-12-18 15:09:34', '2021-12-18 15:34:35', 1, '', 'ffdirp211120'),
(26, 'batch66', 'Vivekanand Yadav', '2021-12-18 13:59:09', '9826018562', '2021-12-18 15:33:09', '2021-12-18 15:39:27', 1, '', 'ffdirp211120'),
(27, 'batch66', 'Vijaykumar', '2021-12-18 13:59:34', '9657727332', '2021-12-18 13:59:34', '2021-12-18 15:07:23', 0, '91', 'ffdirp211120'),
(28, 'batch66', 'Luna  Bhaskar', '2021-12-18 14:00:13', '9135687485', '2021-12-18 14:01:48', '2021-12-18 15:56:44', 1, '1', 'ffdirp211120'),
(29, 'batch66', 'Sabitha', '2021-12-18 14:00:27', '09873421962', '2021-12-18 15:09:11', '2021-12-18 15:34:42', 1, '', 'ffdirp211120'),
(30, 'batch66', 'Shailaja  T G', '2021-12-18 14:00:30', '09980005014', '2021-12-18 14:00:30', '2021-12-18 15:34:31', 1, '', 'ffdirp211120'),
(31, 'batch66', 'BHUNESH SINGH', '2021-12-18 14:00:42', '08910459316', '2021-12-18 15:05:31', '2021-12-18 15:34:31', 1, '', 'ffdirp211120'),
(32, 'batch66', 'Mrunal kolwankar', '2021-12-18 14:00:47', '9820769382', '2021-12-18 15:00:15', '2021-12-18 15:46:03', 1, '', 'ffdirp211120'),
(33, 'batch66', 'Ajay Kale', '2021-12-18 14:01:01', '09823047200', '2021-12-18 15:16:59', '2021-12-18 15:18:00', 1, '', 'ffdirp211120'),
(34, 'batch66', 'SEEMA UPADHYE', '2021-12-18 14:01:14', '551570539', '2021-12-18 14:01:14', '2021-12-18 15:36:41', 1, '971', 'ffdirp211120'),
(35, 'batch66', 'Abhishek', '2021-12-18 14:01:26', '8447794566', '2021-12-18 14:01:26', '2021-12-18 15:05:18', 1, '', 'ffdirp211120'),
(36, 'batch66', 'Prakash', '2021-12-18 14:01:37', '9959868881', '2021-12-18 14:01:37', '2021-12-18 15:35:24', 1, '', 'ffdirp211120'),
(37, 'batch66', 'jayanthi', '2021-12-18 14:01:53', '9426749137', '2021-12-18 15:09:27', '2021-12-18 15:34:27', 1, '', 'ffdirp211120'),
(38, 'batch66', 'Sunil shinde', '2021-12-18 14:02:01', '9869433826', '2021-12-18 14:02:01', '2021-12-18 14:23:02', 1, '', 'ffdirp211120'),
(39, 'batch66', 'Shalini', '2021-12-18 14:02:22', '9890343587', '2021-12-18 14:38:51', '2021-12-18 15:44:35', 1, '', 'ffdirp211120'),
(40, 'batch66', 'Neetu shah', '2021-12-18 14:02:24', '9784039717', '2021-12-18 14:08:17', '2021-12-18 15:34:49', 1, '', 'ffdirp211120'),
(41, 'batch66', 'Akshay Sawant', '2021-12-18 14:02:25', '7743613430', '2021-12-18 15:08:41', '2021-12-18 15:34:41', 1, '44', 'ffdirp211120'),
(42, 'batch66', 'Prasad Ganji', '2021-12-18 14:03:24', '7736797155', '2021-12-18 14:03:24', '2021-12-18 15:34:26', 1, '44', 'ffdirp211120'),
(43, 'batch66', 'Prabodh Sunhare', '2021-12-18 14:04:28', '9505554000', '2021-12-18 15:05:16', '2021-12-18 15:26:47', 1, '', 'ffdirp211120'),
(44, 'batch66', 'Kishore Jotwani', '2021-12-18 14:05:27', '9192443461', '2021-12-18 14:55:20', '2021-12-18 15:24:39', 1, '1', 'ffdirp211120'),
(45, 'batch66', 'Amar Shelar', '2021-12-18 14:05:39', '9665903781', '2021-12-18 15:09:07', '2021-12-18 16:03:38', 1, '', 'ffdirp211120'),
(46, 'batch66', 'Tejas jadhav', '2021-12-18 14:06:03', '9870717252', '2021-12-18 14:06:03', '2021-12-18 15:20:12', 1, '', 'ffdirp211120'),
(47, 'batch66', 'Sanjeev Lalwani', '2021-12-18 14:06:56', '07218131613', '2021-12-18 14:06:56', '2021-12-18 15:06:27', 1, '91', 'ffdirp211120'),
(48, 'batch66', 'Yash Motwani', '2021-12-18 14:07:09', '8005946083', '2021-12-18 14:07:09', '2021-12-18 15:35:22', 1, '', 'ffdirp211120'),
(49, 'batch66', 'Vijay sawant', '2021-12-18 14:07:30', '9324125262', '2021-12-18 15:00:30', '2021-12-18 15:34:49', 1, '', 'ffdirp211120'),
(50, 'batch66', 'Sarjerao Hari Madane', '2021-12-18 14:07:40', '8806362216', '2021-12-18 14:07:40', '2021-12-18 15:02:11', 1, '', 'ffdirp211120'),
(51, 'batch66', 'abhijeet', '2021-12-18 14:07:41', '9343212020', '2021-12-18 14:07:41', '2021-12-18 15:27:58', 0, '', 'ffdirp211120'),
(52, 'batch66', 'Sangita Sukumaran', '2021-12-18 14:07:41', '09820963663', '2021-12-18 14:07:41', '2021-12-18 14:56:42', 1, '', 'ffdirp211120'),
(53, 'batch66', 'Neeta chabukswar ', '2021-12-18 14:07:50', '9833063912', '2021-12-18 14:07:50', '2021-12-18 15:34:39', 1, '', 'ffdirp211120'),
(54, 'batch66', 'Brajesh kumar kumar', '2021-12-18 14:08:05', '09771592130', '2021-12-18 16:11:18', '2021-12-18 16:11:48', 1, '', 'ffdirp211120'),
(55, 'batch66', 'Devendra  Jain', '2021-12-18 14:09:00', '09331131286', '2021-12-18 15:13:50', '2021-12-18 15:32:51', 1, '', 'ffdirp211120'),
(56, 'batch66', 'Uma Shankar Virat', '2021-12-18 14:09:06', '9205631488', '2021-12-18 15:00:14', '2021-12-18 15:34:19', 0, '', 'ffdirp211120'),
(57, 'batch66', 'Vandana Sharma ', '2021-12-18 14:09:09', '9424026929', '2021-12-18 14:09:09', '2021-12-18 15:35:10', 1, '', 'ffdirp211120'),
(58, 'batch66', 'Sameer Shah', '2021-12-18 14:09:19', '8875025713', '2021-12-18 14:09:19', '2021-12-18 15:35:03', 1, '', 'ffdirp211120'),
(59, 'batch66', 'Sampada Pujari', '2021-12-18 14:09:53', '9822792628', '2021-12-18 14:09:53', '2021-12-18 16:31:46', 1, '91', 'ffdirp211120'),
(60, 'batch66', 'Rishika ', '2021-12-18 14:13:00', '8105603810', '2021-12-18 14:13:00', '2021-12-18 15:34:31', 1, '', 'ffdirp211120'),
(61, 'batch66', 'Mallikarjun Jabshetty', '2021-12-18 14:14:18', '09900052230', '2021-12-18 14:19:57', '2021-12-18 15:34:28', 1, '', 'ffdirp211120'),
(62, 'batch66', 'Kavitha K. Shenoi', '2021-12-18 14:14:18', '09845385136', '2021-12-18 14:14:18', '2021-12-18 15:34:48', 1, '', 'ffdirp211120'),
(63, 'batch66', 'Pallavi', '2021-12-18 14:14:37', '7405890424', '2021-12-18 14:14:37', '2021-12-18 16:49:08', 1, '44', 'ffdirp211120'),
(64, 'batch66', 'Arvind Bagde', '2021-12-18 14:14:40', '09059014053', '2021-12-18 15:06:19', '2021-12-18 15:08:19', 1, '', 'ffdirp211120'),
(65, 'batch66', 'Rachna Lal', '2021-12-18 14:14:50', '9284738977', '2021-12-18 15:08:04', '2021-12-18 15:39:06', 1, '', 'ffdirp211120'),
(66, 'batch66', 'surekha', '2021-12-18 14:15:07', '966314938', '2021-12-18 15:34:12', '2021-12-18 15:34:42', 1, '', 'ffdirp211120'),
(67, 'batch66', 'Jayant Sadegaonkar', '2021-12-18 14:15:18', '9422879208', '2021-12-18 14:15:18', '2021-12-18 14:29:49', 1, '91', 'ffdirp211120'),
(68, 'batch66', 'Suryakant Rathod', '2021-12-18 14:16:10', '9945568717', '2021-12-18 15:34:47', '2021-12-18 15:35:17', 1, '', 'ffdirp211120'),
(69, 'batch66', 'Dr.Rashmi mathur', '2021-12-18 14:16:22', '09970289322', '2021-12-18 14:16:22', '2021-12-18 14:16:52', 1, '', 'ffdirp211120'),
(70, 'batch66', 'Bandana', '2021-12-18 14:16:28', '557579456', '2021-12-18 15:01:27', '2021-12-18 15:08:58', 1, '971', 'ffdirp211120'),
(71, 'batch66', 'Manasi dharmendra bhangale', '2021-12-18 14:18:00', '09637048579', '2021-12-18 15:08:27', '2021-12-18 15:33:41', 1, '', 'ffdirp211120'),
(72, 'batch66', 'Mohammed Asif Ansari', '2021-12-18 14:18:19', '9820353583', '2021-12-18 15:20:40', '2021-12-18 15:34:41', 1, '', 'ffdirp211120'),
(73, 'batch66', 'Sunita Deshpande', '2021-12-18 14:18:35', '9421058238', '2021-12-18 15:13:49', '2021-12-18 15:38:50', 1, '', 'ffdirp211120'),
(74, 'batch66', 'Sonika', '2021-12-18 14:19:08', '9953434832', '2021-12-18 14:21:33', '2021-12-18 14:55:14', 1, '', 'ffdirp211120'),
(75, 'batch66', 'Chandrashekhar', '2021-12-18 14:19:09', '9481245906', '2021-12-18 15:08:57', '2021-12-18 15:34:22', 0, '', 'ffdirp211120'),
(76, 'batch66', 'Nagananda', '2021-12-18 14:19:49', '9902261880', '2021-12-18 14:19:49', '2021-12-18 15:40:09', 1, '91', 'ffdirp211120'),
(77, 'batch66', 'Rohini Bhagat', '2021-12-18 14:21:49', '9833181958', '2021-12-18 14:21:49', '2021-12-18 15:55:32', 1, '', 'ffdirp211120'),
(78, 'batch66', 'Gayatri', '2021-12-18 14:23:01', '9629438916', '2021-12-18 14:23:01', '2021-12-18 15:34:46', 1, '', 'ffdirp211120'),
(79, 'batch66', 'Mahendra Katkam', '2021-12-18 14:24:37', '09819121819', '2021-12-18 14:24:37', '2021-12-18 14:28:23', 0, '', 'ffdirp211120'),
(80, 'batch66', 'Dr Vrinda Choudhary ', '2021-12-18 14:28:04', '9022259869', '2021-12-18 14:28:04', '2021-12-18 15:34:26', 0, '91', 'ffdirp211120'),
(81, 'batch66', 'Anjali Omprakash Gundawar', '2021-12-18 14:29:10', '8999049433', '2021-12-18 14:29:10', '2021-12-18 15:01:13', 1, '', 'ffdirp211120'),
(82, 'batch66', 'M.Rajeshwari', '2021-12-18 14:33:21', '9963730777', '2021-12-18 15:06:30', '2021-12-18 15:34:46', 1, '', 'ffdirp211120'),
(83, 'batch66', 'Aruna Taduri', '2021-12-18 14:56:27', '7675908652', '2021-12-18 15:04:54', '2021-12-18 15:34:41', 1, '', 'ffdirp211120'),
(84, 'batch66', 'Snehal ', '2021-12-18 14:57:12', '9566157590', '2021-12-18 14:57:12', '2021-12-18 14:59:12', 1, '', 'ffdirp211120'),
(85, 'batch66', 'KK', '2021-12-18 14:57:18', '9884017822', '2021-12-18 15:01:33', '2021-12-18 15:09:03', 1, '', 'ffdirp211120'),
(86, 'batch66', 'Mandakini', '2021-12-18 14:58:58', '9427747084', '2021-12-18 14:58:58', '2021-12-18 15:34:59', 1, '', 'ffdirp211120'),
(87, 'batch66', 'Anjali Omprakash Gundawar', '2021-12-18 15:00:50', '09922729293', '2021-12-18 15:00:50', '2021-12-18 15:42:59', 0, '', 'ffdirp211120'),
(88, 'batch66', 'Sangita Sabankar', '2021-12-18 15:02:07', '9423861613', '2021-12-18 15:02:07', '2021-12-18 15:34:38', 1, '', 'ffdirp211120'),
(89, 'batch66', 'Mohan', '2021-12-18 15:06:24', '9821338470', '2021-12-18 15:06:24', '2021-12-18 15:37:03', 1, '', 'ffdirp211120'),
(90, 'batch66', 'Ravindran ', '2021-12-18 15:07:06', '9942461648', '2021-12-18 15:27:23', '2021-12-18 15:36:27', 1, '', 'ffdirp211120'),
(91, 'batch66', 'Parimal Parekh', '2021-12-18 15:10:26', '9821044313', '2021-12-18 15:10:26', '2021-12-18 15:36:30', 1, '', 'ffdirp211120'),
(92, 'batch66', 'Lakshmi Indradev', '2021-12-18 15:16:12', '9342253903', '2021-12-18 15:32:51', '2021-12-18 15:34:21', 1, '', 'ffdirp211120'),
(93, 'batch66', 'Abhay', '2021-12-18 15:26:15', '9822439617', '2021-12-18 15:26:15', '2021-12-18 15:36:51', 1, '', 'ffdirp211120'),
(94, 'batch66', 'MUKUL ', '2021-12-18 15:32:40', '9820267805', '2021-12-18 15:32:40', '2021-12-18 15:35:41', 1, '', 'ffdirp211120'),
(95, 'batch66', 'Chandrani', '2021-12-18 16:10:16', '9899918200', '2021-12-18 16:10:16', '2021-12-18 16:11:35', 1, '91', 'ffdirp211120'),
(96, 'batch66', 'Tushar', '2021-12-18 16:44:14', '9833159797', '2021-12-18 19:30:54', '2021-12-18 20:02:24', 1, '', 'ffdirp211120'),
(97, 'batch66', 'Mrutyunjaya AKKI', '2021-12-18 17:55:11', '09972710767', '2021-12-18 17:55:11', '2021-12-18 17:56:11', 1, '', 'ffdirp211120'),
(98, 'batch66', 'Samina', '2021-12-18 18:00:17', '9949656226', '2021-12-18 18:00:17', '2021-12-18 18:00:47', 1, '', 'ffdirp211120'),
(99, 'batch66', 'Usharani ', '2021-12-18 18:21:32', '9902343025', '2021-12-20 20:10:52', '2021-12-20 20:10:55', 0, '', 'ffdirp211120'),
(100, 'batch66', 'Subramanya Avadhani', '2021-12-18 18:23:08', '9945318653', '2021-12-18 18:23:08', '2021-12-18 18:23:38', 1, '', 'ffdirp211120'),
(101, 'batch66', 'Rupa', '2021-12-19 09:16:42', '4697671122', '2021-12-19 09:16:42', '2021-12-19 09:17:12', 1, '1', 'ffdirp211120'),
(102, 'batch66', 'Anshu Airen', '2021-12-19 10:25:09', '9820126250', '2021-12-19 10:25:09', '2021-12-19 10:26:10', 1, '', 'ffdirp211120'),
(103, 'batch66', 'Girish', '2022-01-03 11:16:53', '9845114494', '2022-01-03 11:16:53', '2022-01-03 11:17:23', 1, '', 'ffdirp211120'),
(104, 'batch66', 'Mansing Hembram', '2022-01-23 15:39:37', '7008850679', '2022-01-23 15:39:37', '2022-01-23 15:40:03', 0, '', 'ffdirp211120'),
(105, 'batch66', 'Rahul Desai', '2022-02-07 22:27:33', '8108055333', '2022-02-07 22:33:18', '2022-02-07 22:33:34', 0, '', 'ffdirp211120');

--
-- Indexes for dumped tables
--

--
-- Indexes for table `tbl_questions`
--
ALTER TABLE `tbl_questions`
  ADD PRIMARY KEY (`id`);

--
-- Indexes for table `tbl_users`
--
ALTER TABLE `tbl_users`
  ADD PRIMARY KEY (`id`);

--
-- AUTO_INCREMENT for dumped tables
--

--
-- AUTO_INCREMENT for table `tbl_questions`
--
ALTER TABLE `tbl_questions`
  MODIFY `id` int(11) NOT NULL AUTO_INCREMENT, AUTO_INCREMENT=223;
--
-- AUTO_INCREMENT for table `tbl_users`
--
ALTER TABLE `tbl_users`
  MODIFY `id` int(3) NOT NULL AUTO_INCREMENT, AUTO_INCREMENT=106;
/*!40101 SET CHARACTER_SET_CLIENT=@OLD_CHARACTER_SET_CLIENT */;
/*!40101 SET CHARACTER_SET_RESULTS=@OLD_CHARACTER_SET_RESULTS */;
/*!40101 SET COLLATION_CONNECTION=@OLD_COLLATION_CONNECTION */;
