-- phpMyAdmin SQL Dump
-- version 4.6.6deb5ubuntu0.5
-- https://www.phpmyadmin.net/
--
-- Host: localhost:3306
-- Generation Time: Feb 09, 2022 at 06:53 AM
-- Server version: 5.7.36-0ubuntu0.18.04.1
-- PHP Version: 7.2.24-0ubuntu0.18.04.10

SET SQL_MODE = "NO_AUTO_VALUE_ON_ZERO";
SET time_zone = "+00:00";


/*!40101 SET @OLD_CHARACTER_SET_CLIENT=@@CHARACTER_SET_CLIENT */;
/*!40101 SET @OLD_CHARACTER_SET_RESULTS=@@CHARACTER_SET_RESULTS */;
/*!40101 SET @OLD_COLLATION_CONNECTION=@@COLLATION_CONNECTION */;
/*!40101 SET NAMES utf8mb4 */;

--
-- Database: `coacteh9_ffd070320`
--

-- --------------------------------------------------------

--
-- Table structure for table `tbl_countries`
--

CREATE TABLE `tbl_countries` (
  `country` varchar(43) DEFAULT NULL,
  `cntry_code` varchar(5) DEFAULT NULL
) ENGINE=MyISAM DEFAULT CHARSET=utf8;

--
-- Dumping data for table `tbl_countries`
--

INSERT INTO `tbl_countries` (`country`, `cntry_code`) VALUES
('Afghanistan', '93'),
('Albania', '355'),
('Algeria', '213'),
('American Samoa', '1-684'),
('Andorra', '376'),
('Angola', '244'),
('Anguilla', '1-264'),
('Antarctica', '672'),
('Antigua', '1-268'),
('Argentina', '54'),
('Armenia', '374'),
('Aruba', '297'),
('Ascension', '247'),
('Australia', '61'),
('Australian External Territories', '672'),
('Austria', '43'),
('Azerbaijan', '994'),
('Bahamas', '1-242'),
('Bahrain', '973'),
('Bangladesh', '880'),
('Barbados', '1-246'),
('Barbuda', '1-268'),
('Belarus', '375'),
('Belgium', '32'),
('Belize', '501'),
('Benin', '229'),
('Bermuda', '1-441'),
('Bhutan', '975'),
('Bolivia', '591'),
('Bosnia & Herzegovina', '387'),
('Botswana', '267'),
('Brazil', '55'),
('British Virgin Islands', '1-284'),
('Brunei Darussalam', '673'),
('Bulgaria', '359'),
('Burkina Faso', '226'),
('Burundi', '257'),
('Cambodia', '855'),
('Cameroon', '237'),
('Canada', '1'),
('Cape Verde Islands', '238'),
('Cayman Islands', '1-345'),
('Central African Republic', '236'),
('Chad', '235'),
('Chatham Island (New Zealand)', '64'),
('Chile', '56'),
('China (PRC)', '86'),
('Christmas Island', '61-8'),
('Cocos-Keeling Islands', '61'),
('Colombia', '57'),
('Comoros', '269'),
('Congo', '242'),
('Congo, Dem. Rep. of?', '243'),
('Cook Islands', '682'),
('Costa Rica', '506'),
('C?te d\'Ivoire', '225'),
('Croatia', '385'),
('Cuba', '53'),
('Cuba', '5399'),
('Cura?ao', '599'),
('Cyprus', '357'),
('Czech Republic', '420'),
('Denmark', '45'),
('Diego Garcia', '246'),
('Djibouti', '253'),
('Dominica', '1-767'),
('Dominican Republic', '1-809'),
('East Timor', '670'),
('Easter Island', '56'),
('Ecuador', '593'),
('Egypt', '20'),
('El Salvador', '503'),
('Equatorial Guinea', '240'),
('Eritrea', '291'),
('Estonia', '372'),
('Ethiopia', '251'),
('Falkland Islands', '500'),
('Faroe Islands', '298'),
('Fiji Islands', '679'),
('Finland', '358'),
('France', '33'),
('French Antilles', '596'),
('French Guiana', '594'),
('French Polynesia', '689'),
('Gabonese Republic', '241'),
('Gambia', '220'),
('Georgia', '995'),
('Germany', '49'),
('Ghana', '233'),
('Gibraltar', '350'),
('Greece', '30'),
('Greenland', '299'),
('Grenada', '1-473'),
('Guadeloupe', '590'),
('Guam', '1-671'),
('Guantanamo Bay', '5399'),
('Guatemala', '502'),
('Guinea-Bissau', '245'),
('Guinea', '224'),
('Guyana', '592'),
('Haiti', '509'),
('Honduras', '504'),
('Hong Kong', '852'),
('Hungary', '36'),
('Iceland', '354'),
('India', '91'),
('Indonesia', '62'),
('Inmarsat (Atlantic Ocean - East)', '871'),
('Inmarsat (Atlantic Ocean - West)', '874'),
('Inmarsat (Indian Ocean)', '873'),
('Inmarsat (Pacific Ocean)', '872'),
('International Freephone Service', '800'),
('International Shared Cost Service (ISCS)', '808'),
('Iran', '98'),
('Iraq', '964'),
('Ireland', '353'),
('Iridium', '8816'),
('Israel', '972'),
('Italy', '39'),
('Jamaica', '1-876'),
('Japan', '81'),
('Jordan', '962'),
('Kazakhstan', '7'),
('Kenya', '254'),
('Kiribati', '686'),
('Korea (North)', '850'),
('Korea (South)', '82'),
('Kuwait', '965'),
('Kyrgyz Republic', '996'),
('Laos', '856'),
('Latvia', '371'),
('Lebanon', '961'),
('Lesotho', '266'),
('Liberia', '231'),
('Libya', '218'),
('Liechtenstein', '423'),
('Lithuania', '370'),
('Luxembourg', '352'),
('Macao', '853'),
('Macedonia', '389'),
('Madagascar', '261'),
('Malawi', '265'),
('Malaysia', '60'),
('Maldives', '960'),
('Mali Republic', '223'),
('Malta', '356'),
('Marshall Islands', '692'),
('Martinique', '596'),
('Mauritania', '222'),
('Mauritius', '230'),
('Mayotte Island', '269'),
('Mexico', '52'),
('Micronesia, (Federal States of)', '691'),
('Midway Island', '1-808'),
('Moldova', '373'),
('Monaco', '377'),
('Mongolia', '976'),
('Montenegro', '382'),
('Montserrat', '1-664'),
('Morocco', '212'),
('Mozambique', '258'),
('Myanmar', '95'),
('Namibia', '264'),
('Nauru', '674'),
('Nepal', '977'),
('Netherlands', '31'),
('Netherlands Antilles', '599'),
('Nevis', '1-869'),
('New Caledonia', '687'),
('New Zealand', '64'),
('Nicaragua', '505'),
('Niger', '227'),
('Nigeria', '234'),
('Niue', '683'),
('Norfolk Island', '672'),
('Northern Marianas Islands', '1-670'),
('Norway', '47'),
('Oman', '968'),
('Pakistan', '92'),
('Palau', '680'),
('Palestinian Settlements', '970'),
('Panama', '507'),
('Papua New Guinea', '675'),
('Paraguay', '595'),
('Peru', '51'),
('Philippines', '63'),
('Poland', '48'),
('Portugal', '351'),
('Puerto Rico', '1-787'),
('Qatar', '974'),
('R?union Island', '262'),
('Romania', '40'),
('Russia', '7'),
('Rwandese Republic', '250'),
('St. Helena', '290'),
('St. Kitts/Nevis', '1-869'),
('St. Lucia', '-757'),
('St. Pierre & Miquelon', '508'),
('St. Vincent & Grenadines', '1-784'),
('Samoa', '685'),
('San Marino', '378'),
('S?o Tom? and Principe', '239'),
('Saudi Arabia', '966'),
('Senegal', '221'),
('Serbia', '381'),
('Seychelles Republic', '248'),
('Sierra Leone', '232'),
('Singapore', '65'),
('Slovak Republic', '421'),
('Slovenia', '386'),
('Solomon Islands', '677'),
('Somali Democratic Republic', '252'),
('South Africa', '27'),
('Spain', '34'),
('Sri Lanka', '94'),
('Sudan', '249'),
('Suriname', '597'),
('Swaziland', '268'),
('Sweden', '46'),
('Switzerland', '41'),
('Syria', '963'),
('Taiwan', '886'),
('Tajikistan', '992'),
('Tanzania', '255'),
('Thailand', '66'),
('Thuraya (Mobile Satellite service)', '88216'),
('Timor Leste', '670'),
('Togolese Republic', '228'),
('Tokelau', '690'),
('Tonga Islands', '676'),
('Trinidad & Tobago', '1-868'),
('Tunisia', '216'),
('Turkey', '90'),
('Turkmenistan', '993'),
('Turks and Caicos Islands', '1-649'),
('Tuvalu', '688'),
('Uganda', '256'),
('Ukraine', '380'),
('United Arab Emirates', '971'),
('United Kingdom', '44'),
('United States of America', '1'),
('US Virgin Islands', '1-340'),
('Universal Personal Telecommunications (UPT)', '878'),
('Uruguay', '598'),
('Uzbekistan', '998'),
('Vanuatu', '678'),
('Vatican City', '39'),
('Venezuela', '58'),
('Vietnam', '84'),
('Wake Island', '808');

-- --------------------------------------------------------

--
-- Table structure for table `tbl_questions`
--

CREATE TABLE `tbl_questions` (
  `id` int(11) NOT NULL,
  `user_name` varchar(255) NOT NULL,
  `user_phone` varchar(15) NOT NULL,
  `user_question` varchar(500) NOT NULL,
  `asked_at` datetime NOT NULL,
  `user_code` varchar(10) NOT NULL,
  `speaker` int(11) NOT NULL DEFAULT '0',
  `answered` int(11) NOT NULL DEFAULT '0'
) ENGINE=MyISAM DEFAULT CHARSET=latin1;

--
-- Dumping data for table `tbl_questions`
--

INSERT INTO `tbl_questions` (`id`, `user_name`, `user_phone`, `user_question`, `asked_at`, `user_code`, `speaker`, `answered`) VALUES
(1, 'Seeta k Gornal', '08618508094', 'Mera login nahi ho paa raha his', '2020-03-02 16:23:54', '91', 0, 0),
(2, 'Seeta k Gornal', '08618508094', 'Login nahi ho pa raha hai', '2020-03-03 15:49:13', '91', 0, 0),
(3, 'Kuldeep chattha', '9355618567', 'Sir\r\nAage kya karna hai', '2020-03-06 18:35:34', '91', 0, 0),
(4, 'Vijay sengar', '09950144930', 'Sir à¤®à¥‡à¤°à¥€ à¤¶à¥à¤—à¤° 250 - 300 à¤•à¥‡ à¤•à¤°à¥€à¤¬ à¤°à¤¹à¤¤à¥€ à¤¹à¥ˆ à¤œà¤¬à¤•à¤¿ à¤®à¥‡à¤‚ 3 à¤Ÿà¥‡à¤¬à¥à¤²à¥‡à¤Ÿ à¤²à¥‡ à¤°à¤¹à¤¾ à¤¹à¥ˆ à¤¹à¥‚à¤', '2020-03-06 20:35:09', '91', 0, 0),
(5, 'Nimain Charan Sutar', '9437190831', 'I am having diabetes, high BP, hypothyroidism since last 12 years and on medication. What to do?', '2020-03-07 08:21:16', '91', 0, 0),
(6, 'Dipaksinh chavda', '9700001707', 'Kab chalu hoga online', '2020-03-07 08:44:12', '91', 0, 0),
(7, 'Vinay Kumar Chawla', '7011048954', 'Good Morming', '2020-03-07 08:47:41', '91', 0, 0),
(8, 'Vinay Kumar Chawla', '7011048954', 'Can we take Light Breakfast', '2020-03-07 08:48:04', '91', 0, 0),
(9, 'Priti goyal', '8059312943', 'How to reverse diabetes', '2020-03-07 08:51:10', '91', 0, 0),
(10, 'Lokesh jain', '9844848170', 'Sir my weight lost sudden around 8 to 10 kg suddenly in just a month', '2020-03-07 08:52:33', '91', 0, 0),
(11, 'Kishu Teckchandani', '9811123222', 'what should we prepard for -- we will do excercises or only listen or ???   should  we be empty stomach or we can have breakfast ?/', '2020-03-07 08:54:28', '91', 0, 0),
(12, 'Balwantsingh', '9417705048', 'Both hands are Shivering ? 2weight loosing 5 kg.  Height5-9 now54 kg? 3 Illusion in bison? 4 sexual weakness totally. 5.', '2020-03-07 08:56:13', '91', 0, 0),
(13, 'Sham Sunder Goyal', '7009261061', 'which one to choose pri or sec', '2020-03-07 08:56:16', '91', 0, 0),
(14, 'SHALINI MESHRAM', '9860032131', 'Namaste sir.  I m shalini from Nagpur . I m prediabetic. But not started medicine yet. Since 2 months I hv started diet n smoothie and yoga. Now my pre n post meal sugar level is upto Normal. I need your suggestion for further action.', '2020-03-07 08:56:38', '91', 0, 0),
(15, 'Nimain Charan Sutar', '9437190831', 'What to do if I am diabetes', '2020-03-07 08:57:58', '91', 0, 0),
(16, 'Madhukar', '9866695193', 'I am T2 diabetic 25, on insulin 30+25 units', '2020-03-07 08:58:23', '91', 0, 0),
(17, 'Balwantsingh', '9417705048', '5Booth feet burning sensation\r\n6pain in toes of both feet', '2020-03-07 08:58:32', '91', 0, 0),
(18, 'Mukesh Agrawal ', '9425510508', 'He sir', '2020-03-07 08:59:11', '91', 0, 0),
(19, 'Sham Sunder Goyal', '7009261061', 'raise the voie levels', '2020-03-07 08:59:16', '91', 0, 0),
(20, 'Rameshbhai Patel', '9825026952', 'Hi I am Rameshbhai Patel from Ahmedabad, Gujarat', '2020-03-07 09:00:17', '91', 0, 0),
(21, 'Rajani Choudhary', '914-426-2064', 'Rajani from New York', '2020-03-07 09:02:25', '1', 0, 0),
(22, 'Tejesh', '7404257404', 'hi', '2020-03-07 09:08:18', '91', 0, 0),
(23, 'Madhukar', '9866695193', 'How to control diabetes', '2020-03-07 09:08:19', '91', 0, 0),
(24, 'Asma Zahara ', '9945691344', 'hello sir, can a diabetic patient have kissan tomato sauce and chilli sauce', '2020-03-07 09:12:14', '91', 0, 0),
(25, 'Nimain Charan Sutar', '9437190831', 'What to do?', '2020-03-07 09:13:36', '91', 0, 0),
(26, 'Vijay sengar', '09950144930', 'Sir meri sugar 200 se kam nhi ho ri he fasting', '2020-03-07 09:16:51', '91', 0, 0),
(27, 'Piyadad Dsouza', '9869844557', 'Those who are on blood thinners can they take spirulina or moringa tablets in smoothie', '2020-03-07 09:17:00', '91', 0, 0),
(28, 'Kuldeep chattha', '9355618567', 'What happened', '2020-03-07 09:17:35', '91', 0, 0),
(29, 'Chandrashekhar M. Panchbudhe', '9970702710', 'Sound nahi hai', '2020-03-07 09:17:36', '91', 0, 0),
(30, 'Kuldeep chattha', '9355618567', 'Video nhi chal rhi', '2020-03-07 09:17:47', '91', 0, 0),
(31, 'Kuldeep chattha', '9355618567', 'Hello', '2020-03-07 09:18:31', '91', 0, 0),
(32, 'Neeraj', '9838814809', 'Sir weight loss for diabtes', '2020-03-07 09:20:49', '91', 0, 0),
(33, 'Lokesh jain', '9844848170', 'Sir meri age 29 he first time jab diagnosed hua toh 240 ppbs tha 15 din baad 180 tha... Uske baad mera wajan 8 kilo kam hua suddenly in 15 days... Dawai koi nahi le raha hu', '2020-03-07 09:21:08', '91', 0, 0),
(34, 'Partha  Abhishek', '7797676677', 'Sir i am 29 male.my sugar sometimes goes very high hba1c 8.9 but when i reduce eating and increase phsycal activity sugar goes down ..these happens frequently. I am 10 kgs overweight .my triglycerides are also very .it reached almost 1100. On taking medicines it came down ..but again its high 575. I dont take medicines for diabetis.', '2020-03-07 09:24:48', '91', 0, 0),
(35, 'Abdul haque Sami ', '9423503522', 'Net work is not good', '2020-03-07 09:25:59', '91', 0, 0),
(36, 'Chandrashekhar M. Panchbudhe', '9970702710', 'à¤†à¤µà¤¾à¤œ à¤à¤•à¥‚ à¤¯à¥‡à¤¤ à¤¨à¤¾à¤¹à¥€', '2020-03-07 09:26:23', '91', 0, 0),
(37, 'Neeraj', '9838814809', 'Sir video not clear', '2020-03-07 09:26:45', '91', 0, 0),
(38, 'Abdul haque Sami ', '9423503522', 'Sir my mobile is buffering what to do', '2020-03-07 09:28:14', '91', 0, 0),
(39, 'Piyadad Dsouza', '9869844557', 'Timings for taking smoothie nuts seeds', '2020-03-07 09:37:38', '91', 0, 0),
(40, 'DEVENDER PAHWA', '9810033624', 'I AM 70 YRS OLD 65 KG HEIGHT 5 FEET 8 INCH AND MY DIET IS VERY CONTROL AND DOING YOGA EVERY DAY FOR 1 AND HALF HOURS FOR TWENY YEARS BUT SUFFERING FROM HEART DESEASE. I AM TAKING MEDICINE BLOOD THINNER AND FOR COLESTROL. WHAT SHOULD I DO?', '2020-03-07 09:44:08', '91', 0, 0),
(41, 'Sunil Patel', '8827495866', 'Alcohol or wine can be taken by diabetic', '2020-03-07 09:45:44', '91', 0, 0),
(42, 'Dharitri Moharatha', '9040250415', 'For anti gravity exercise how many steps need to go up at a stretch then come down', '2020-03-07 09:45:58', '91', 0, 0),
(43, 'santosh padhye', '9096039133', 'Where is the branch in Mumbai?', '2020-03-07 09:48:01', '91', 0, 0),
(44, 'Asma Zahara ', '9945691344', 'hello good morning sir ,ramzan heading in April v will be fasting for 14 hours  what could you suggest to  eat immediate break the fast as my husband is a diabetic kindly reply', '2020-03-07 09:54:08', '91', 0, 0),
(45, 'Venkappa Desai', '09323378518', 'My fasting  70&pp 130  can stop my medicine   glycomet+.5gp bid', '2020-03-07 09:57:22', '91', 0, 0),
(46, 'Shanker', '9845720972', 'Sir, My internet wasnt working, I just joined, my first session of 1 hr missed', '2020-03-07 10:02:26', '91', 0, 0),
(47, 'Bishakha jain', '9572514816', 'I m having varicose veins  n obesity n gastic n thyroid problem', '2020-03-07 10:02:45', '91', 0, 0),
(48, 'Piyadad Dsouza', '9869844557', 'I have started smoothie for my mom who has 3 creatinine what should I give then', '2020-03-07 10:08:46', '91', 0, 0),
(49, 'santosh padhye', '9096039133', 'Can I get the diet PPT?', '2020-03-07 10:14:06', '91', 0, 0),
(50, 'Anusha T N ', '9743647767', 'Not audible', '2020-03-07 10:21:09', '91', 0, 0),
(51, 'Chandrashekhar M. Panchbudhe', '9970702710', 'My Serum creatinine is 1.28 mgm%... can I drink smoothy...', '2020-03-07 10:23:55', '91', 0, 0),
(52, 'Chandrashekhar M. Panchbudhe', '9970702710', 'My Serum creatinine is 1.28 mgm%... can I drink smoothy...', '2020-03-07 10:23:55', '91', 0, 0),
(53, 'santosh padhye', '9096039133', 'Can we get exercise details?', '2020-03-07 10:28:09', '91', 0, 0),
(54, 'Milan ', '9011420944', 'How diabetes revers', '2020-03-07 10:29:35', '91', 0, 0),
(55, 'Amit Pekam', '9423078875', 'Please send smoothie recipe again', '2020-03-07 10:34:04', '91', 0, 0),
(56, 'Malay Sharma', '09454226191', 'à¤¦à¤µà¤¾ à¤¬à¤¨à¥à¤¦ à¤•à¤° à¤¦à¥‡ à¤¯à¤¾ à¤œà¥‹ à¤¬à¤¤à¤¾à¤¯à¤¾ à¤¹à¥ˆ à¤‰à¤¸à¤•à¥‡ à¤¸à¤¾à¤¥ à¤¦à¤µà¤¾ à¤­à¥€ à¤²à¥‡à¤¤à¥‡ à¤°à¤¹à¥‡ à¤”à¤° à¤§à¥€à¤°à¥‡ à¤§à¥€à¤°à¥‡ à¤¦à¤µà¤¾ à¤•à¤® à¤•à¤°à¥‡', '2020-03-07 10:37:17', '91', 0, 0),
(57, 'Yasmin Baig', '7774035182', 'What do I do during the month of Ramadan when I am fasting.', '2020-03-07 10:42:38', '91', 0, 0),
(58, 'Yasmin Baig', '7774035182', 'What supplements would you advice for a woman of 50 years', '2020-03-07 10:44:17', '91', 0, 0),
(59, 'Amit Pekam', '9423078875', 'Do I have to maintain the diet for life long', '2020-03-07 10:48:59', '91', 0, 0),
(60, 'Amit Pekam', '9423078875', 'Also will it affect if I do not follow diet for one or two days', '2020-03-07 10:50:05', '91', 0, 0),
(61, 'santosh padhye', '9096039133', 'Process to join GTT?', '2020-03-07 10:50:12', '91', 0, 0),
(62, 'NIKHIL CHAUHAN', '7069930421', 'Meri age 22 hai. Mera GAD-65 test 78 positive aaya hai, Mera type 1 hai???', '2020-03-07 10:50:52', '91', 0, 0),
(63, 'Srimukunda', '9886624348', 'What is the amount of fruits one can eat in a day?', '2020-03-07 10:51:22', '91', 0, 0),
(64, 'subhash chandra modi', '9820926658', 'which type of fruits to be ate/ whether sweet fruits can be added like banana. chikoo..\r\nwith thyroid what leafy vegetable other than spiniach  to be used.\r\nwhether salad can be ate in the evening.', '2020-03-07 10:52:59', '91', 0, 0),
(65, 'Pramodkumar Bind', '08495925035', 'Burning all over the body even though glucose level is 110 to 188 mg/dl  tablet is glycomet gp 0.5 MG twice a day. BP tablet newtel 40 once a day', '2020-03-07 10:53:18', '91', 0, 0),
(66, 'Srimukunda', '9886624348', 'How does a person who is young but his reports indicate insulin resistance must manage the diet. Will it be the same as you described for diabetics?', '2020-03-07 10:53:24', '91', 0, 0),
(67, 'Gaurav Manchanda', '9811737033', 'Already a Vegan for 9 Months but results are ok.. Going to Gym for 1.5 hrs 5 days in a week & Lost 9 kg . What should I do?', '2020-03-07 10:53:59', '91', 0, 0),
(68, 'Asha dhoot', '8390770438', 'Can u send which test we want to do', '2020-03-07 10:55:11', '91', 0, 0),
(69, 'santosh giria', '9902766555', 'do the seeds need to be eaten raw or roasted?', '2020-03-07 10:56:49', '91', 0, 0),
(70, 'Anusha T N ', '9743647767', 'Namaskar Doctor Pramod ji, I was diagnosed with Hba1c 7.10 in dec 9th 2019 and 2 to 3 times from then have checked FBS,PPBS,RBS remained normal . So what exactly is happening in my body?', '2020-03-07 10:57:50', '91', 0, 0),
(71, 'SANGEETA', '9968287995', 'do we need to do oil free cooking? if no which oil should be used\r\nshould ghee be avoided as it is animal product', '2020-03-07 11:01:11', '91', 0, 0),
(72, 'santosh giria', '9902766555', 'do we have fruits in this diet', '2020-03-07 11:02:04', '91', 0, 0),
(73, 'suresh', '9425031657', 'whether non diabetes can join yr progrramme .', '2020-03-07 11:02:27', '91', 0, 0),
(74, 'SANGEETA', '9968287995', 'i have saturdays working..all your live sessions seem to be on saturdays', '2020-03-07 11:02:31', '91', 0, 0),
(75, 'Biswajit Mallick', '92822782', 'Hi how can I register the apps in abroad (Muscat Oman)', '2020-03-07 11:04:20', '968', 0, 0),
(76, 'Roshan', '9818104223', 'Pls add 9412000730 my whatsapp no. In group', '2020-03-07 11:05:38', '91', 0, 0),
(77, 'Amit Mathur', '9871403387', 'Zoryl mv 2 kya weight loose karne mai resist karti h?', '2020-03-07 11:05:41', '91', 0, 0),
(78, 'SANGEETA', '9968287995', 'do we have to take 3 meals in a day', '2020-03-07 11:06:07', '91', 0, 0),
(79, 'SANGEETA', '9968287995', 'is it safe for me as i have angioplasty done a year back', '2020-03-07 11:07:11', '91', 0, 0),
(80, 'amulya', '9740592000', 'can we prepare smoothie from greens which we get from market or it has to be only organic,,,since organic greens are not available its very irregular', '2020-03-07 11:07:47', '91', 0, 0),
(81, 'suresh', '9425031657', 'I am non-diabetes & non BP but my wife is having diabetes and BP .Can I join yr programme', '2020-03-07 11:08:36', '91', 0, 0),
(82, 'amulya', '9740592000', 'when we are in your type of diet what to do when you are out and eating outside food', '2020-03-07 11:10:56', '91', 0, 0),
(83, 'Vinay Kumar Chawla', '7011048954', 'We have booked april Residential Session, Do we need to book this IRP Session', '2020-03-07 11:11:36', '91', 0, 0),
(84, 'amulya', '9740592000', 'can we have A2 milk...they say its very good', '2020-03-07 11:11:36', '91', 0, 0),
(85, 'Sharad kirpan ', '9222055575', 'Is emi facilities available', '2020-03-07 11:11:36', '91', 0, 0),
(86, 'Jagadeesh S. Kudari', '7204812717', 'Due to acidity, hypertension has occurred, is it curable by this course ?', '2020-03-07 11:11:42', '91', 0, 0),
(87, 'cecil shrisunder', '9834067678', 'what if i eat betel leaves daily?', '2020-03-07 11:12:08', '91', 0, 0),
(88, 'Sarvesh Verma', '9922448611', 'I feel constipation most of the morning, how to improve? - Sarvesh Verma', '2020-03-07 11:12:12', '91', 0, 0),
(89, 'Kuldeep chattha', '9355618567', 'Breakfast timing kya rahni chahiye', '2020-03-07 11:12:15', '91', 0, 0),
(90, 'Rekha Vivek Joshi', '9820506315', 'How many known cases are there who were not at all benefited by this pgm or not benefited as expected ?', '2020-03-07 11:12:21', '91', 0, 0),
(91, 'Swarna Manjari Acharya', '9437488501', 'Can you please elaborate a bit more on the residential program.', '2020-03-07 11:12:23', '91', 0, 0),
(92, 'Amit Pekam', '9423078875', 'Is ghee also banned', '2020-03-07 11:12:31', '91', 0, 0),
(93, 'Ravneet', '8999358552', 'I have gall stones ,23 mm,15mm,11mm.\r\nPlease suggest smoothie .', '2020-03-07 11:12:36', '91', 0, 0),
(94, 'Hemavathi R', '09845872819', 'Can we include neem leaves for smoothie', '2020-03-07 11:12:37', '91', 0, 0),
(95, 'Bishakha jain', '9572514816', 'My hubby ajit jain irp 50 is also there and free from insulin and medicine shold I join ffd as i shoud join. Of obiciti as i reduce my 8 kg weight', '2020-03-07 11:12:39', '91', 0, 0),
(96, 'Sargun', '7988698047', 'Sir type 1 diabetes k liye breakfast me soomthi de ya pahle ,', '2020-03-07 11:12:41', '91', 0, 0),
(97, 'Shanker', '9845720972', 'all MIlk pdts like desi ghee ...no no', '2020-03-07 11:12:44', '91', 0, 0),
(98, 'Renu Agrawal', '7974632186', 'Milk kitne din tak band rakhana', '2020-03-07 11:12:47', '91', 0, 0),
(99, 'Hemavathi R', '09845872819', 'Any particular oil to be used while cooking', '2020-03-07 11:12:52', '91', 0, 0),
(100, 'vijaykumar thakare', '9975647246', 'my sugar f200\r\npp300 not taking any medicin\r\nsince 7 yr', '2020-03-07 11:12:58', '91', 0, 0),
(101, 'Raju verma', '9810005725', 'list of tests', '2020-03-07 11:12:58', '91', 0, 0),
(102, 'Madhukar', '9866695193', 'Why my sugars not coming down even I fast. I.e., I measured 220mg/do at 8 am,231 at 11 am and 238 at 2pm all tests are on fasting.', '2020-03-07 11:13:01', '91', 0, 0),
(103, 'Kaja', '9884409734', 'how long we need to stop milk and milk product ? is it life long ?', '2020-03-07 11:13:09', '91', 0, 0),
(104, 'Ishita Marwah', '9810069792', 'I have been diagnosed with sugar and thyroid, cyst in the last 6 months. my sugar is ranging from 160-170 , can that be cured. \r\nalso is there a shorter program as well.', '2020-03-07 11:13:11', '91', 0, 0),
(105, 'Hemavathi R', '09845872819', 'Can we ragi ball at night for dinner', '2020-03-07 11:13:12', '91', 0, 0),
(106, 'Seeta k Gornal', '08618508094', 'Red green white juice may hai', '2020-03-07 11:13:13', '91', 0, 0),
(107, 'Manju Pande', '7772001066', 'I havent had breakfast today so what should I have for breakfast now?', '2020-03-07 11:13:32', '91', 0, 0),
(108, 'Hemavathi R', '09845872819', 'Should we avoid buttermilk?', '2020-03-07 11:13:38', '91', 0, 0),
(109, 'Anubhav singh', '7417368036', 'Meri age 14 years ha aur weight 55 kg ha aur insulin 4unit morning mee or 2 unit evening mee bhi tik ho sakta hu', '2020-03-07 11:13:38', '91', 0, 0),
(110, 'VJaishanker', '9868617934', 'Please give me an option of interest free EMI option for IRP.  I am excited.', '2020-03-07 11:13:43', '91', 0, 0),
(111, 'Jaswant Singh', '9234511171', 'My age 67, diabetic - last 18 yrs, angioplasty done, height-5â€™ 7â€™â€™, weight-56kg. How the weight can be improved', '2020-03-07 11:13:47', '91', 0, 0),
(112, 'Ambar Inamdar', '9921266899', 'I am suffering from Type 1 since 2012. I usually do take care of my diet. But my sugar level is always above 250mg/dl. Shall I take an online session or a residential program?', '2020-03-07 11:13:52', '91', 0, 0),
(113, 'Sargun', '7988698047', 'Sir abhi type 1 Ka 8 unit insulin ha abhi baand hoo Sakta ha kya', '2020-03-07 11:13:53', '91', 0, 0),
(114, 'BISHWANATH JHA', '8369971204', 'I am a govt officer with tour job. will I be able to manage?', '2020-03-07 11:13:54', '91', 0, 0),
(115, 'Manish ', '9717721630', 'Can we add multiple juices such as wheat grass, aloe vera, amla, haldi, lauki, karela jamun neem- ? during various times a day? also I did my test on Feb 25, 2020- do I have to do test again?', '2020-03-07 11:13:58', '91', 0, 0),
(116, 'Shanker', '9845720972', 'Can we eat non veg like Chicken, mutton, fish ?', '2020-03-07 11:14:04', '91', 0, 0),
(117, 'Neena Gupta', '9868217455', 'Fasting sugar remains high and PP comes down after a meals and BP remains low.  How to continue this program to make the  most  given my condition. How will this program be suitable?', '2020-03-07 11:14:08', '91', 0, 0),
(118, 'Seema Arya', '9999486407', 'Ok I am prediabetic so what should I do', '2020-03-07 11:14:11', '91', 0, 0),
(119, 'Dharitri Moharatha', '9040250415', 'What is smoothie time and how much time gap for breakfast', '2020-03-07 11:14:13', '91', 0, 0),
(120, 'TAPOMAY BANDYOPADHYAY', '09432208935', 'I TAKE BLACK TEA W/O SUGAR 4/5 TIMES A DAY.  Can I do that?  Or any other tea leaves.  Can I take Sugar free instead of sugar.', '2020-03-07 11:14:16', '91', 0, 0),
(121, 'Ravneet', '8999358552', 'Can Smoothie be kept in Fridge ? Is sugar-free tablet  good in general', '2020-03-07 11:14:22', '91', 0, 0),
(122, 'Rekha Vivek Joshi', '9820506315', 'Will it also help healing of knee pain?', '2020-03-07 11:14:26', '91', 0, 0),
(123, 'BISHWANATH JHA', '8369971204', 'my weight is 115. how can i help me?', '2020-03-07 11:14:41', '91', 0, 0),
(124, 'Chandrabhushaan', '9826719654', 'Monthly mode for payment is available or not', '2020-03-07 11:14:45', '91', 0, 0),
(125, 'Madhukar', '9866695193', 'Why my surgars not coming down even on fasting.', '2020-03-07 11:15:02', '91', 0, 0),
(126, 'santosh giria', '9902766555', 'can we use oil for making sabzis?', '2020-03-07 11:15:09', '91', 0, 0),
(127, 'vijaykumar thakare', '9975647246', 'medicaly i have no much copplain', '2020-03-07 11:15:15', '91', 0, 0),
(128, 'Lokesh jain', '9844848170', 'Sir one month I m diagnosed diabetic and after that i suddenly lost 8kgs what to do', '2020-03-07 11:15:18', '91', 0, 0),
(129, 'Ritu goel', '9811119139', 'Sir I am type 2 diabetic. Since last 5 years. HbA1c on 29 feb was 10.2. I also have kidney stone 4.5 mm -1 & fatty liver \r\nMy question is can I eat those seeds as suggested by u ?', '2020-03-07 11:15:20', '91', 0, 0),
(130, 'NIKHIL CHAUHAN', '7069930421', 'I am 22, how to check whether it is type 1 or type 2. Because I am not on insulin now & glucose comes around 160-180.', '2020-03-07 11:15:28', '91', 0, 0),
(131, 'Pankaj Kumar', '7022423245', 'I was diagnosed diabetics 1 year back. Now I consulted with doctor and as per report Doctor suggested to take insulin with medicine. Shall I consult with FFD doctor and then take action accordingly.', '2020-03-07 11:15:41', '91', 0, 0),
(132, 'Biswajit Mallick', '92822782', 'How to add in whatsaap group ?', '2020-03-07 11:15:46', '968', 0, 0),
(133, 'Praveen Kumar', '9411930371', 'Mujhe 4 salo se problem hai, aur mera sugar fasting 130 and PP 180-190 k aas paas rehta hai , regular medicine bhi le raha hai but isse kam nahi hota', '2020-03-07 11:16:00', '91', 0, 0),
(134, 'Supriya Nakhare', '9909066111', 'when we are on tour , how to follow the diet plan ?? or we have to confine ourself in house till completion of phase one ?', '2020-03-07 11:16:01', '91', 0, 0),
(135, 'Hardik Shah', '9594934330', 'Can I use Ayurvedic medicines?', '2020-03-07 11:16:04', '91', 0, 0),
(136, 'Seeta k Gornal', '08618508094', 'Bina kuch khaye feast kar sakte hai diabetics', '2020-03-07 11:16:04', '91', 0, 0),
(137, 'HEMANTKUMAR PANDYA', '0402979939', 'Hemant from Australia, I have done my test before a month ago is it considerable? Where is name of the tests?', '2020-03-07 11:16:05', '61', 0, 0),
(138, 'Gopal Sharma', '9880677133', 'Gopal Sharma not added to WhatsApp group as yet', '2020-03-07 11:16:10', '91', 0, 0),
(139, 'Dharitri Moharatha', '9040250415', 'Timing of breakfast and lunch', '2020-03-07 11:16:37', '91', 0, 0),
(140, 'TAPOMAY BANDYOPADHYAY', '09432208935', 'I am 65 and we both want to attaned program, will there be any discout for both of us.  Since I  have litted source of income discout will be helpful.  Also EMI will benificial for ME>', '2020-03-07 11:16:38', '91', 0, 0),
(141, 'Vivek', '7326092842', 'Can I quit psychiatric medications like Lexapro ( used for severe anxiety) by using for program?', '2020-03-07 11:16:54', '1', 0, 0),
(142, 'RAJLAXMI KHEDKAR', '9820594888', 'is it safe to take raw greens?In Mumbai it is difficult to know the origine of the vegetables.', '2020-03-07 11:17:08', '91', 0, 0),
(143, 'Ravneet', '8999358552', 'I am using olive oil for cooking ...Is it fine', '2020-03-07 11:17:10', '91', 0, 0),
(144, 'D. RAJYALAKSHMI', '9500049562', 'MY HANDS & FEET BURNING  A LOT.  HOW TO CURE THAT.  i AM NOT GETTING SLEEP ALSO BECAUSE OF THIS', '2020-03-07 11:17:18', '91', 0, 0),
(145, 'HEMANTKUMAR PANDYA', '0402979939', 'Hemant from Australia can we use ready made Almond milk?', '2020-03-07 11:17:26', '61', 0, 0),
(146, 'Ganesh', '8378971828', 'I am in nagpur. My sister is in akola. Can  she be my assistant/ co- partner rs 6000', '2020-03-07 11:17:36', '91', 0, 0),
(147, 'TAPOMAY BANDYOPADHYAY', '09432208935', 'My body wt is 58 Kg, 108 inches, how many glass of smothee I have to take ina day?', '2020-03-07 11:17:36', '91', 0, 0),
(148, 'Uday Khedkar', '9820349367', 'Please add my number to WhatsApp', '2020-03-07 11:17:36', '91', 0, 0),
(149, 'Amit Kashyap', '09999883836', 'i have been doing gym weight exercise however irregularly over past few years...can i continue the same from initial days of IRP', '2020-03-07 11:17:37', '91', 0, 0),
(150, 'Sunita', '9050099485', 'My weight is reduced from 60 to 46 kg. Will it continue to reduce if i start this Diet?', '2020-03-07 11:17:51', '91', 0, 0),
(151, 'Meena Gupta', '9330465437', 'I have no problem can I join itwhat will be charge', '2020-03-07 11:18:03', '91', 0, 0),
(152, 'Sham Sunder Goyal', '7009261061', 'Dr Sham Sunder Goyal this side, I am off medications right now, i am practicing Intermittent fasting , what i need for complete reversal', '2020-03-07 11:18:17', '91', 0, 0),
(153, 'Anil Kumar', '9500007796', 'should we need to avoid non veg', '2020-03-07 11:18:18', '91', 0, 0),
(154, 'Manju Pande', '7772001066', 'please add me to WhatsApp my number is 7771096066. I have registered for the intensive program and made the payment day before yesterday.', '2020-03-07 11:18:29', '91', 0, 0),
(155, 'VJaishanker', '9868617934', 'I suffer from diabetes, obesity, osteoarthritis, gall bladder sludge, fatty liver gr 3, enlarged prostate gr1, left varicocele, cervical and lumbar spondilitis, uric acid.  Will I also benefit? Will the program be tailored to my needs?  regards jaishanker', '2020-03-07 11:18:35', '91', 0, 0),
(156, 'Sujata Rana ', '9811202011', 'Can we have water during n after anti gravity exercise n whatâ€™s is hba1c level is considered diabetic', '2020-03-07 11:18:40', '91', 0, 0),
(157, 'KALANDI CHARAN KHUNTIA', '8895401386', 'I can eating mum phase Sir?', '2020-03-07 11:18:55', '91', 0, 0),
(158, 'amulya', '9740592000', 'my fasting sugar level is high and my post drops,,why is it', '2020-03-07 11:18:58', '91', 0, 0),
(159, 'D. RAJYALAKSHMI', '9500049562', 'I AM TAKING  METHI SEEDS SOAKED IN BUTTER MILK  FOR THE PAST 1 YEAR WHICH HAS REDUCED MY BLOOD SUGAR LEVELS.  CAN I CONTINUE WITH THIS', '2020-03-07 11:19:00', '91', 0, 0),
(160, 'Shubhangi Tamboli', '9322026324', 'I had been detected diabetes last month. my HbA1c is 11.and estimated average Glucose is 269. My medicines have been started since 15days.. my weight has lost from 64 to 59 in 5-6 months.', '2020-03-07 11:19:01', '91', 0, 0),
(161, 'TAPOMAY BANDYOPADHYAY', '09432208935', 'I am having difficulty in digestion, so naturally this kind of High grain food and veg may cause gas and indigetion. Please suggest', '2020-03-07 11:19:09', '91', 0, 0),
(162, 'Sharad kirpan ', '9222055575', 'My fasting 283 and post lunch 368 aya come to know few days before....but kuch Bhi efect kabhi laga nahi .and every week going for trek...i m not started tablet yet...is I have to start emidiate.', '2020-03-07 11:19:22', '91', 0, 0),
(163, 'Amit Pekam', '9423078875', 'I get numbness in hands and legs....will it subside with the course', '2020-03-07 11:19:48', '91', 0, 0),
(164, 'Anusha T N ', '9743647767', 'Thanks a ton doctor for answering my question.', '2020-03-07 11:19:51', '91', 0, 0),
(165, 'Gyanendra Mohan Garg', '9205569707', 'Pl send link to join one year program', '2020-03-07 11:20:16', '91', 0, 0),
(166, 'NIKHIL CHAUHAN', '7069930421', 'My age is 22. My c peptide is 1.50 fasting. Is it type 1 or 2?', '2020-03-07 11:20:49', '91', 0, 0),
(167, 'Shubhangi Tamboli', '9322026324', 'can we eat orange and guava?', '2020-03-07 11:21:00', '91', 0, 0),
(168, 'BISHWANATH JHA', '8369971204', 'I am a diabetic on medicines. Fasting sugar and Insulin is almost normal. But Fasting sugar and Insulin is high. 59 years old, Obese , 115 kg. Touring job, How can i manage?\r\n-Dr. B N Jha', '2020-03-07 11:21:06', '91', 0, 0),
(169, 'TAPOMAY BANDYOPADHYAY', '09432208935', 'I am taking insuline 3 times ady 8-8&10 and one tablet.  TSH Medicines', '2020-03-07 11:21:10', '91', 0, 0),
(170, 'VJaishanker', '9868617934', 'Can my wife, who has thyroid, osteoarthritis, cervical and lumbar spondylitis and is slightly overweight but is non diabetic, also join?  What will be the total investment? Regards Jaishanker', '2020-03-07 11:21:57', '91', 0, 0),
(171, 'amulya', '9740592000', 'how do we join your whats group', '2020-03-07 11:22:21', '91', 0, 0),
(172, 'ASHUTOSH SINGH', '9334483894', 'My fasting sugar is 122 and pp is 120 how it is possible does my report is false', '2020-03-07 11:22:46', '91', 0, 0),
(173, 'TAPOMAY BANDYOPADHYAY', '09432208935', 'Sice I am line and thin and body wt 58 BMI 17.5. Excercise may reduce my body wt fast? Also stairce may cause oain in knee.  So please explain the alternate excercise.', '2020-03-07 11:23:14', '91', 0, 0),
(174, 'Biswajit Mallick', '92822782', 'No option to add +968 (Country Code Oman), please advise how to add to activate the apps', '2020-03-07 11:23:18', '968', 0, 0),
(175, 'BISHWANATH JHA', '8369971204', 'à¤®à¥ˆà¤‚  59  à¤¸à¤¾à¤² à¤•à¤¾ à¤¸à¥à¤—à¤°, à¤¥à¤¾à¤¯à¤°à¤¾à¤¯à¤¡, à¤•à¥‹à¤²à¥‡à¤¸à¥à¤Ÿà¥à¤°à¤¾à¤², à¤¬à¥€à¤ªà¥€ à¤•à¥ˆ à¤®à¤°à¥€à¤œ à¤¹à¥‚à¤‚à¥¤ à¤¦à¤µà¤¾ à¤²à¥‡ à¤°à¤¹à¤¾ à¤¹à¥‚à¤‚à¥¤ à¤Ÿà¥‚à¤° à¤œà¥‰à¤¬ à¤¹à¥ˆà¥¤ à¤†à¤ªà¤•à¥‡ à¤ªà¤¾à¤¸ à¤¸à¤®à¤¾à¤§à¤¾à¤¨ à¤¹à¥ˆà¤‚?', '2020-03-07 11:23:19', '91', 0, 0),
(176, 'Seeta k Gornal', '08618508094', 'Mera creatine 8 hai to problem hai', '2020-03-07 11:23:58', '91', 0, 0),
(177, 'Vikas Agarwal', '9999955677', 'Sir, can we have alcohol occasionally while program is active?', '2020-03-07 11:24:44', '91', 0, 0),
(178, 'Shubhangi Tamboli', '9322026324', 'My HbA1c is 11', '2020-03-07 11:24:45', '91', 0, 0),
(179, 'subhash chandra modi', '9820926658', 'can we eat spinich salad in the evening ?', '2020-03-07 11:25:29', '91', 0, 0),
(180, 'Jagadeesh S. Kudari', '7204812717', 'Sir, we lost internet in between, not sure if you answered our question.. Due to Acidity, hypertension has occurred, Is it curable by this course ?', '2020-03-07 11:25:32', '91', 0, 0),
(181, 'VJaishanker', '9868617934', 'I also suffer from diabetic neuropathy, varicose veins starting stage.....regards jaishanker', '2020-03-07 11:25:40', '91', 0, 0),
(182, 'Bishakha jain', '9572514816', 'My friend is suffering from small intestinal problems.... Is ffd suitable for er', '2020-03-07 11:25:56', '91', 0, 0),
(183, 'D. RAJYALAKSHMI', '9500049562', 'CAN I TAKE SUGAR BADAM SEED TWICE IN A DAY', '2020-03-07 11:26:11', '91', 0, 0),
(184, 'TAPOMAY BANDYOPADHYAY', '09432208935', 'Many thanks Dr Thripathi for the nice programme.  Please help me to get out from all the ailments for me and FOR MY WIFE ALSO.   Please', '2020-03-07 11:26:19', '91', 0, 0),
(185, 'Jaiprakash', '7892438284', 'My doctor says diabetes should not take more protein ,it should not be more than 1%of body weight.Has be bypassed if we follow your process.', '2020-03-07 11:26:19', '91', 0, 0),
(186, 'Y Venkata rao', '9849211504', 'I am diabetic for last 18 years..can I stop my medication completely after taking your programme', '2020-03-07 11:26:54', '91', 0, 0),
(187, 'amulya', '9740592000', 'how do you rely on DR when he says you cannot reverse diebetics have to take medicine throughout my life..and you say keep it touch with your DR for reversing..pls help', '2020-03-07 11:27:22', '91', 0, 0),
(188, 'Pooja Parekh', '9819824011', 'can diabetes return afterwards', '2020-03-07 11:28:00', '91', 0, 0),
(189, 'Rekha Vivek Joshi', '9820506315', 'I also take Paneer ke phool as first thing in the morning. Can I continue and take smoothie after that.', '2020-03-07 11:28:26', '91', 0, 0),
(190, 'Gaurav Manchanda', '9811737033', 'Tests are the one which you shown on the slide', '2020-03-07 11:29:36', '91', 0, 0),
(191, 'TAPOMAY BANDYOPADHYAY', '09432208935', 'Dr Tripathi please allow us for 7 days time so that we both Me and Wife can join togethe.  SO that we can arrange necessary money.', '2020-03-07 11:29:44', '91', 0, 0),
(192, 'jebun Nisha ', '9998008720', 'Morning SIr,\r\nApke Yaha Join Karne ke Bad Hamare Personal Doctor ke sath Diabities ki Medicine Lani he ki app me Doctors Suggest kare ge us hisab Medicine Lani he..??', '2020-03-07 11:30:14', '91', 0, 0),
(193, 'VJaishanker', '9868617934', 'Can I send a detailed mail with all my problems? Will the program be tailored to my needs? regards vjaishanker', '2020-03-07 11:30:59', '91', 0, 0),
(194, 'Swarna Manjari Acharya', '9437488501', 'With 2 times insulin per day and medicines, hypertension etc, 2 days back my report was 240(fasting) and 310(after food). I hope  the program will help.', '2020-03-07 11:31:09', '91', 0, 0),
(195, 'dilip kumar', '9036364964', 'i  found 450 recently and how can i discuss with doctor before start the program after the tests and i need advise to how to start and am going to register the program now', '2020-03-07 11:31:56', '91', 0, 0),
(196, 'Gaurav Manchanda', '9811737033', 'Can we take Soya Milk instead of Almond & Coconut as you have suggested', '2020-03-07 11:32:56', '91', 0, 0),
(197, 'Seeta k Gornal', '08618508094', 'Monday tak amounts bhar sakte hai kya thoda problem has sir', '2020-03-07 11:34:26', '91', 0, 0),
(198, 'Pramod Gupta', '9821783901', 'My Hba1c 6, doing extensive workout can I take whey protein?', '2020-03-07 11:34:39', '91', 0, 0),
(199, 'amulya', '9740592000', 'is sunflower oil safe', '2020-03-07 11:34:40', '91', 0, 0),
(200, 'Pooja Parekh', '9819824011', 'sprouts have to taken raw or boiled', '2020-03-07 11:34:41', '91', 0, 0),
(201, 'TAPOMAY BANDYOPADHYAY', '09432208935', 'Corrected -  Body weight 58 kg and Height 6 feet (72 inches).  How glass of Smoothy can I take?', '2020-03-07 11:34:50', '91', 0, 0),
(202, 'Swarna Manjari Acharya', '9437488501', 'Body weight: 64, Age: 53, Female,type 2 Diabetes since 18 yrs now.  \r\nDaily dose of meds: Insulin 2 times a day + meds for diabetes and hypertention.\r\nReports before 2 days, Fasting - 240, After food: 310. \r\nI hope I get well.', '2020-03-07 11:34:57', '91', 0, 0),
(203, 'VJaishanker', '9868617934', 'Dear Doctor, I am retired, I cannot give 42000 in one go, please give me an interest free EMI option...regards vjaishanker', '2020-03-07 11:35:08', '91', 0, 0),
(204, 'Seema Arya', '9999486407', 'I am prediabetic and also have thyroid since 2000 and my 15 year old daughter also got thyroid when she was 13 year old. Will this program be helpful for us?', '2020-03-07 11:35:43', '91', 0, 0),
(205, 'Anusha T N ', '9743647767', 'Hi doctor Should I get done GTT test now? And as you said that I am non-diabetic just before a while, so will I be joining the non diabetic group to prevent becoming diabetic. Hba1c-7.10 , FBS<PPBS and RBS are normal.', '2020-03-07 11:35:46', '91', 0, 0),
(206, 'Pramodkumar Bind', '08495925035', 'How do I follow ur system offline.', '2020-03-07 11:35:50', '91', 0, 0),
(207, 'TAPOMAY BANDYOPADHYAY', '09432208935', '1.	Diabetic since September 1996.  DM2, started with tablets for 7 years then from June 2003 switched to insulin for 6 years (body WT increased from 53 to 66) then after goal-bladder operation in Aug 2009 back to tablets for 8 years (body WT decreased to 54 again) and now on insulin 3 times a day from Feb 2018 (again body WT increased to 58/59).', '2020-03-07 11:36:05', '91', 0, 0),
(208, 'Swati Mishra', '07828799856', 'Namaste sir and thank you for keeping time to answer questions personally. During the initial years of my life, I used to play only till class 7-8 and then started studying for competitive exam. Never took up an active sport or exercises. Now I have hypothyroidism along with diabetes along with iron and b12 deficiencies. It takes a lot of effort from me to exercise. How do I motivate myself to exercise? Why do I feel like I can rest or be lazy most of the time?', '2020-03-07 11:36:22', '44', 0, 0),
(209, 'Arun Trehan', '09816020171', 'I just want to register. PL add me to whatsapp', '2020-03-07 11:36:38', '91', 0, 0),
(210, 'TAPOMAY BANDYOPADHYAY', '09432208935', 'Can I send my complete medical History and 500 words to you for your advice?', '2020-03-07 11:36:45', '91', 0, 0),
(211, 'Sujata ', '9811202011', 'Is 6.6 hba1c is diabetes', '2020-03-07 11:37:39', '91', 0, 0),
(212, 'Madhukar', '9866695193', 'Why my glucose not coming down even I fast i.e., morning around 230mg/DL and even the same reading after noon and evening all day fasting reading', '2020-03-07 11:37:43', '91', 0, 0),
(213, 'Amit Pekam', '9423078875', '71 inch and wt 75 kg...how many glass smoothies', '2020-03-07 11:38:40', '91', 0, 0),
(214, 'Partha  Abhishek', '7797676677', 'Sir hba1c 8.9 and diabetic from 3 yrs but it was under control Hba1c 6.8  my triglycerides keeps on rising ..max 1100.no specific medicines for sugar', '2020-03-07 11:39:15', '91', 0, 0),
(215, 'Anusha T N ', '9743647767', 'Thank you doctor. But what if GTT comes normal. What would be the next step ?', '2020-03-07 11:39:49', '91', 0, 0),
(216, 'Lokesh jain', '9844848170', 'Sir kindly answer my question I m very much worried', '2020-03-07 11:39:56', '91', 0, 0),
(217, 'Lokesh jain', '9844848170', 'Plzz plzz', '2020-03-07 11:40:02', '91', 0, 0),
(218, 'vijaykumar thakare', '9975647246', 'fasting 200\r\npp 300\r\nnot taking any edicine\r\n7yr', '2020-03-07 11:40:02', '91', 0, 0),
(219, 'Shubhangi Tamboli', '9322026324', 'my child is 11 yrs and weights 46 .5 kg. what to do', '2020-03-07 11:40:09', '91', 0, 0),
(220, 'Ravneet', '8999358552', 'I have Gall Bladder Stones , Will this Program help in dissolving stones ?', '2020-03-07 11:40:30', '91', 0, 0),
(221, 'Sharad kirpan ', '9222055575', 'Sir Mera revers Ho Sakta hai....280/360', '2020-03-07 11:41:36', '91', 0, 0),
(222, 'Anusha T N ', '9743647767', 'I am a non-vegetarian and I have tried quitting it for sometime. Did not work for me. Felt fatigued . Eating non-veg at least once will make me feel energetic and less bloated.', '2020-03-07 11:42:02', '91', 0, 0),
(223, 'subhash chandra modi', '9820926658', 'no sound please', '2020-03-07 11:42:42', '91', 0, 0),
(224, 'Amit Pekam', '9423078875', 'Novolume', '2020-03-07 11:42:49', '91', 1, 0),
(225, 'Rupali ', '9920841150', 'One year program ke bad .firse one year ka program Lena padega ya', '2020-03-07 11:42:55', '91', 0, 0),
(226, 'Seeta k Gornal', '08618508094', 'Sound chala gaya hai sir', '2020-03-07 11:43:03', '91', 0, 0),
(227, 'Amit Pekam', '9423078875', 'No volume', '2020-03-07 11:43:12', '91', 0, 0),
(228, 'Madhukar', '9866695193', 'No audio', '2020-03-07 11:43:13', '91', 0, 0),
(229, 'Supriya Nakhare', '9909066111', 'I am diabetes for 10 years , continuing with tablets, > My fasting blood sugar 240 & post lunch 380 mg/dl as on 2nd March, Pl advice', '2020-03-07 11:43:26', '91', 0, 0),
(230, 'Swati Mishra', '07828799856', 'I can not hear anything', '2020-03-07 11:43:36', '44', 0, 0),
(231, 'Sharad kirpan ', '9222055575', 'No sound', '2020-03-07 11:43:51', '91', 0, 0),
(232, 'VJaishanker', '9868617934', 'lost audio', '2020-03-07 11:43:53', '91', 0, 0),
(233, 'SANGEETA', '9968287995', 'no voice', '2020-03-07 11:44:07', '91', 0, 0),
(234, 'D. RAJYALAKSHMI', '9500049562', 'NO AUDIO.  PLEASE CHECK', '2020-03-07 11:45:01', '91', 0, 0),
(235, 'amulya', '9740592000', 'dr your voice we are not able to hear ..theres some problem at your end', '2020-03-07 11:45:02', '91', 0, 0),
(236, 'Amit Pekam', '9423078875', '71 inches 75 kg wt...how many galss of smoothie', '2020-03-07 11:45:05', '91', 0, 0),
(237, 'subhash chandra modi', '9820926658', 'can we eat salad in the evening with spinich', '2020-03-07 11:45:18', '91', 0, 0),
(238, 'VJaishanker', '9868617934', 'yes', '2020-03-07 11:45:27', '91', 0, 0),
(239, 'Roshan Lal Jain', '9818104223', 'My wife 130 kgs cannot do exercise', '2020-03-07 11:45:29', '91', 0, 0),
(240, 'SANGEETA', '9968287995', 'thanks its ok now', '2020-03-07 11:45:46', '91', 0, 0),
(241, 'TAPOMAY BANDYOPADHYAY', '09432208935', 'I think there is problem at your end NO SOUND and we are unable to', '2020-03-07 11:45:48', '91', 0, 0),
(242, 'Kaja', '9884409734', 'how long non veg to stop?', '2020-03-07 11:45:55', '91', 0, 0),
(243, 'subhash chandra modi', '9820926658', 'can we eat spinich salad in the evening', '2020-03-07 11:46:01', '91', 0, 0),
(244, 'Anusha T N ', '9743647767', 'not audible', '2020-03-07 11:46:01', '91', 0, 0),
(245, 'Anusha T N ', '9743647767', 'What if GTT comes normal?', '2020-03-07 11:46:43', '91', 0, 0),
(246, 'Ravneet', '8999358552', 'should Test be done without taking sugar medicine ?', '2020-03-07 11:46:59', '91', 0, 0),
(247, 'TAPOMAY BANDYOPADHYAY', '09432208935', '1.	Diabetic since September 1996.  DM2, started with tablets for 7 years then from June 2003 switched to insulin for 6 years (body WT increased from 53 to 66) then after goal-bladder operation in Aug 2009 back to tablets for 8 years (body WT decreased to 54 again) and now on insulin 3 times a day from Feb 2018 (again body WT increased to 58/59).  Can it be reversed in ONE Year??', '2020-03-07 11:47:22', '91', 0, 0),
(248, 'Sarvesh Verma', '9922448611', 'Good Morning Dr. Saab. Whether Diabetes leads to Constipation. I am having borderline diabetes, under control due to medication and exercises but most of the days I feel constipation. Please advise. - Sarvesh Verma', '2020-03-07 11:47:32', '91', 0, 0),
(249, 'Rekha Vivek Joshi', '9820506315', 'How many participants of this pgm have not succeeded in reducing tablets or insulin at all?', '2020-03-07 11:47:39', '91', 0, 0),
(250, 'Shubhangi Tamboli', '9322026324', 'My son is 11 and wt 46.5 and ht 154 cm.', '2020-03-07 11:47:48', '91', 0, 0),
(251, 'amulya', '9740592000', 'i have fatty and  enlarged liver..severe hairfall..is it due to diabetes', '2020-03-07 11:47:51', '91', 0, 0),
(252, 'Lokesh jain', '9844848170', 'Sir my diagonised by diabetes one month before lost 8 kilos suddenly.... No medicine yet started', '2020-03-07 11:48:12', '91', 0, 0),
(253, 'Anusha T N ', '9743647767', 'Thanks a lot doctor. You are generous !!', '2020-03-07 11:48:31', '91', 0, 0),
(254, 'TAPOMAY BANDYOPADHYAY', '09432208935', 'ok', '2020-03-07 11:48:45', '91', 0, 0),
(255, 'Lokesh jain', '9844848170', 'My hb1ac is 8.8 and my sugar is fasting 160 and after food 182', '2020-03-07 11:49:24', '91', 0, 0),
(256, 'Gaurav Manchanda', '9811737033', 'Gym work out should continue for initial time peroid', '2020-03-07 11:49:43', '91', 0, 0),
(257, 'VJaishanker', '9868617934', 'I am with CGHS scheme, Doctors do not have time, my doctor says I may have to be put on insulin as, as per doctor, I have reached my maximum medication......I do not want to go to the insulin stage...rgds vjaishanker', '2020-03-07 11:50:12', '91', 0, 0),
(258, 'Shanker', '9845720972', 'Can we take Tea with Gud ( 1 spoon)', '2020-03-07 11:50:50', '91', 0, 0),
(259, 'Shanker', '9845720972', 'Thank you', '2020-03-07 11:51:50', '91', 0, 0),
(260, 'Jyotirmoy Choudhury', '9864077687', 'My father is 84 yr old taking insulin for 8 yrs , having creatinine of 9 yesterday had to start Dialysis yesterday, can it kidney reversal', '2020-03-07 11:51:54', '91', 0, 0),
(261, 'Ravneet', '8999358552', 'Thank !! You are awesome', '2020-03-07 11:51:55', '91', 0, 0),
(262, 'Jagadeesh S. Kudari', '7204812717', 'please answer our question', '2020-03-07 11:52:07', '91', 0, 0),
(263, 'Shanker', '9845720972', 'I lost first hr of session, I understand hinid', '2020-03-07 11:52:12', '91', 0, 0),
(264, 'Shanker', '9845720972', 'please send link of previous session in WA chat', '2020-03-07 11:52:27', '91', 1, 0),
(265, 'Jagadeesh S. Kudari', '7204812717', 'Due to Acidity hypertension has occurred, is it curable by this course ?', '2020-03-07 11:52:42', '91', 0, 0),
(266, 'amulya', '9740592000', 'can we use jaggery', '2020-03-07 11:52:59', '91', 0, 0),
(267, 'Jyotirmoy Choudhury', '9864077687', 'Is it possible to reversal now', '2020-03-07 11:53:15', '91', 0, 0),
(268, 'Anusha T N ', '9743647767', 'Should I do  Hba1c again along with GTT or just GTT is enough?', '2020-03-07 11:53:33', '91', 0, 0),
(269, 'TAPOMAY BANDYOPADHYAY', '09432208935', 'Sugar fee can I take.', '2020-03-07 11:53:51', '91', 0, 0),
(270, 'Shahabuddin Faysal', '1715550717', 'still i have not received the whatsapp link. will register today', '2020-03-07 12:36:19', '880', 0, 0),
(271, 'Usha Verma ', '9811754333', 'Dear Dr I want to know the diet plan. What to eat from morning till evening?', '2020-03-07 14:33:30', '91', 0, 0),
(272, 'Usha Verma ', '9811561095', 'DIET plan please', '2020-03-07 14:34:47', '91', 0, 0),
(273, 'Usha Verma ', '9811561095', 'DIET plan please', '2020-03-07 14:45:03', '91', 0, 0),
(274, 'David', '8147846234', 'My fasting sugar 125.myblood sugarafter brakfast 252 how can i bring down to normal', '2020-03-08 10:35:04', '91', 0, 0),
(275, 'Usha Verma ', '9811561095', 'Ur diet plan please', '2020-03-08 21:34:41', '91', 0, 0),
(276, 'Shripad vasudeo jog', '9850114586', 'Which sugar levels is concerned as non Diabitek', '2020-03-09 12:19:36', '91', 0, 0),
(277, 'Pawar.mahadeo.Narayan', '9881636677', 'Nk', '2020-03-09 19:47:09', '91', 0, 0),
(278, 'Vijay ', '8885044444', 'Diabetic diet plans', '2020-03-11 00:38:02', '91', 0, 0),
(279, 'Vijay ', '8885044444', 'Can you give diabetic diet plan', '2020-03-11 00:38:48', '91', 0, 0),
(280, 'Premkumar ', '9902609268', 'Bidar', '2020-03-11 17:23:52', '91', 0, 0),
(281, 'Premkumar', '9902609268', 'U', '2020-03-12 22:03:05', '91', 0, 0),
(282, 'Amit Mathur', '9871403387', 'I want to reverse my diabetes', '2020-04-03 00:23:46', '91', 0, 0),
(283, 'Netaji Jadhav', '9823546375', 'I want to see this vedio once again.', '2020-05-15 07:41:31', '91', 0, 0);

-- --------------------------------------------------------

--
-- Table structure for table `tbl_users`
--

CREATE TABLE `tbl_users` (
  `id` int(3) NOT NULL,
  `name` varchar(100) NOT NULL,
  `reg_date` datetime NOT NULL,
  `mobile_num` varchar(20) NOT NULL,
  `login_date` datetime DEFAULT NULL,
  `logout_date` datetime DEFAULT NULL,
  `logout_status` int(11) DEFAULT '0',
  `cntry_code` varchar(12) DEFAULT NULL
) ENGINE=MyISAM DEFAULT CHARSET=utf8;

--
-- Dumping data for table `tbl_users`
--

INSERT INTO `tbl_users` (`id`, `name`, `reg_date`, `mobile_num`, `login_date`, `logout_date`, `logout_status`, `cntry_code`) VALUES
(1, 'viraj', '2020-03-02 11:17:45', '9765875731', '2020-03-06 20:15:25', '2020-03-06 20:20:55', 1, '91'),
(2, 'Kalyani', '2020-03-02 11:20:11', '7276818211', '2020-03-07 17:17:03', '2020-03-07 17:17:41', 0, '91'),
(3, 'priyanka', '2020-03-02 11:43:33', '7757045213', '2020-03-07 11:04:09', '2020-03-07 12:34:06', 1, '91'),
(4, 'PAWAN SHILWANT', '2020-03-02 11:45:37', '09545329222', '2020-03-02 11:45:37', '2020-03-02 12:24:39', 1, '91'),
(5, 'Seeta k Gornal', '2020-03-02 16:19:24', '08618508094', '2020-03-07 17:42:40', '2020-03-07 17:44:10', 1, '91'),
(6, 'Ritu Goel ', '2020-03-02 16:25:02', '9811119139', '2020-03-07 09:09:23', '2020-03-07 11:56:53', 1, '91'),
(7, 'pawan', '2020-03-02 17:49:14', '9545329222', '2020-03-07 10:25:45', '2020-03-07 10:26:49', 1, '91'),
(8, 'Subhash modi', '2020-03-03 11:39:00', '9820926658', '2020-03-07 08:58:02', '2020-03-07 11:53:33', 1, '91'),
(9, 'Z', '2020-03-03 11:46:40', '1234', '2020-03-13 14:47:18', '2020-03-13 14:48:53', 0, '91'),
(10, 'Sujatha', '2020-03-03 13:57:11', '9845563760', '2020-03-07 11:21:26', '2020-03-07 11:35:57', 1, '91'),
(11, 'Akshat Jharia', '2020-03-03 14:14:42', '7204420017', '2020-03-03 14:14:42', '2020-03-03 14:23:42', 1, '91'),
(12, 'Subhash Chandra Modi', '2020-03-04 10:59:28', '9820126658', '2020-03-04 10:59:28', '2020-03-04 10:59:58', 1, '91'),
(13, 'Manjunath V G', '2020-03-04 12:52:23', '9845872819', '2020-03-07 08:47:43', '2020-03-07 09:04:40', 1, '91'),
(14, 'Prakasam miriyala', '2020-03-04 19:29:52', '9866695133 ', '2020-03-04 19:29:52', '2020-03-04 19:30:51', 0, '91'),
(15, 'Deep Saikia', '2020-03-05 04:08:23', '9957891332', '2020-03-07 19:22:40', '2020-03-07 19:25:11', 1, '91'),
(16, 'Vedshree Mehta', '2020-03-05 07:29:30', '8770235680', '2020-03-07 08:23:30', '2020-03-07 11:55:31', 1, '91'),
(17, 'MUKESH', '2020-03-05 15:19:01', '9501757443', '2020-03-07 08:54:53', '2020-03-07 09:07:32', 0, '91'),
(18, 'harmeet', '2020-03-05 17:00:34', '9810058648', '2020-03-07 09:08:45', '2020-03-07 11:13:17', 1, '91'),
(19, 'Dr. Netaji Jadhav', '2020-03-05 17:08:35', '9823546375', '2020-05-15 07:40:36', '2020-05-15 07:42:07', 1, '91'),
(20, 'Akhilesh Dutt Sharma', '2020-03-06 08:46:32', '9990701163', '2020-03-07 08:40:57', '2020-03-07 11:55:52', 0, '91'),
(21, 'rohit', '2020-03-06 10:14:35', '9417601935', '2020-03-08 15:07:47', '2020-03-08 17:08:49', 1, '91'),
(22, 'Dharitri Moharatha', '2020-03-06 12:53:51', '9040250415', '2020-03-07 08:54:41', '2020-03-07 11:35:14', 1, '91'),
(23, 'Gopal Sharma', '2020-03-06 15:28:27', '9880677133', '2020-03-07 08:59:37', '2020-03-07 11:39:07', 1, '91'),
(24, 'Kuldeep chattha', '2020-03-06 18:34:45', '9355618567', '2020-03-07 09:01:55', '2020-03-07 11:36:26', 1, '91'),
(25, 'Amritendu Samanta', '2020-03-06 18:42:29', '9477054842', '2020-03-15 14:34:18', '2020-03-15 14:34:28', 0, '91'),
(26, 'ajinkya murudkar', '2020-03-06 19:15:50', '9579897813', '2020-03-07 10:22:48', '2020-03-07 10:55:51', 1, '91'),
(27, 'Pankaj shinde', '2020-03-06 19:19:58', '9545590051', '2020-03-06 19:19:58', '2020-03-06 19:27:43', 1, '91'),
(28, 'vishal gupta ', '2020-03-06 19:48:17', '9149424069', '2020-03-08 11:04:57', '2020-03-08 12:50:17', 1, '91'),
(29, 'Chetan', '2020-03-06 20:15:54', '9766106096', '2020-03-14 06:46:14', '2020-03-14 06:46:31', 0, '91'),
(30, 'Pawan ', '2020-03-06 20:23:35', '9545329222', '2020-03-06 20:23:35', '2020-03-06 20:24:37', 1, '93'),
(31, 'Pooja', '2020-03-06 20:23:55', '9768161921', '2020-03-11 15:02:30', '2020-03-11 15:05:00', 1, '93'),
(32, 'Vijay sengar', '2020-03-06 20:33:38', '09950144930', '2020-03-08 08:09:48', '2020-03-08 08:39:34', 1, '91'),
(33, 'H', '2020-03-06 21:19:55', '1', '2020-03-06 21:19:55', '2020-03-06 21:27:56', 1, '91'),
(34, 'Malay Sharma', '2020-03-06 21:25:05', '09454226191', '2020-03-07 09:21:07', '2020-03-07 11:23:25', 1, '91'),
(35, 'Jebun Nisha ', '2020-03-06 21:52:54', '9998008720', '2020-03-07 08:45:42', '2020-03-07 11:35:13', 1, '91'),
(36, 'MITTAL SHAH', '2020-03-06 21:54:05', '3476244422', '2020-03-07 09:35:31', '2020-03-07 11:44:02', 1, '1'),
(37, 'RAJLAXMI KHEDKAR', '2020-03-06 22:28:42', '9820594888', '2020-03-08 19:52:04', '2020-03-08 20:57:57', 1, '91'),
(38, 'Satish gokani ', '2020-03-06 22:42:10', '9324537474', '2020-04-11 15:19:06', '2020-04-11 15:19:36', 1, '91'),
(39, 'VJaishanker', '2020-03-06 23:32:40', '9868617934', '2020-04-05 16:00:05', '2020-04-05 16:00:35', 1, '91'),
(40, 'Rajani Choudhary', '2020-03-07 06:26:30', '9144262064', '2020-03-08 05:34:04', '2020-03-08 07:14:05', 1, '1'),
(41, 'Dipali Parmar ', '2020-03-07 06:30:19', '9833081028', '2020-03-07 10:54:44', '2020-03-07 10:59:15', 1, '91'),
(42, 'Vidhya', '2020-03-07 06:33:06', '09158111222', '2020-03-07 06:33:06', '2020-03-07 06:38:38', 1, '91'),
(43, 'Milan sheladia', '2020-03-07 07:14:14', '9011420944', '2020-03-07 18:01:34', '2020-03-07 18:34:05', 1, '91'),
(44, 'Bishakha jain', '2020-03-07 07:30:23', '9572514816', '2020-03-07 11:43:53', '2020-03-07 11:58:54', 1, '91'),
(45, 'Ajit jain', '2020-03-07 07:38:32', '9431214816', '2020-03-07 09:07:55', '2020-03-07 12:09:19', 1, '91'),
(46, 'Nisha', '2020-03-07 07:44:24', '7781900691', '2020-03-07 09:16:00', '2020-03-07 11:10:55', 1, '91'),
(47, 'Santosh Padhye', '2020-03-07 07:49:56', '9096039133', '2020-03-07 09:08:21', '2020-03-07 11:17:29', 0, '91'),
(48, 'C J M Reddy', '2020-03-07 07:57:44', '8919377570', '2020-03-08 10:02:51', '2020-03-08 11:15:26', 1, '91'),
(49, 'Sunanda', '2020-03-07 08:05:33', '4087979176', '2020-03-07 08:13:14', '2020-03-07 08:39:55', 1, '1'),
(50, 'Gaurav Manchanda', '2020-03-07 08:06:32', '9811737033', '2020-03-10 21:12:46', '2020-03-10 21:23:47', 1, '91'),
(51, 'Bhuma Sachdeva', '2020-03-07 08:10:02', '09818699857', '2020-03-09 11:27:30', '2020-03-09 11:30:31', 1, '91'),
(52, 'Makhan', '2020-03-07 08:11:37', '7347533506', '2020-03-07 10:46:41', '2020-03-07 11:08:43', 1, '91'),
(53, 'Uday Khedkar', '2020-03-07 08:12:08', '9820349367', '2020-03-07 10:19:09', '2020-03-07 11:28:14', 1, '91'),
(54, 'Balwantsingh', '2020-03-07 08:16:53', '9417705048', '2020-03-09 11:04:36', '2020-03-09 13:07:11', 1, '91'),
(55, 'Nimain Charan Sutar', '2020-03-07 08:19:05', '9437190831', '2020-03-10 22:07:16', '2020-03-10 22:40:17', 1, '91'),
(56, 'Sumit', '2020-03-07 08:27:16', '9815015292', '2020-03-07 08:27:16', '2020-03-07 08:27:46', 1, '91'),
(57, 'suman mahajan', '2020-03-07 08:27:38', '9815311504', '2020-03-07 08:38:53', '2020-03-07 11:14:23', 1, '91'),
(58, 'Sham Sunder Goyal ', '2020-03-07 08:27:39', '7009261061', '2020-03-07 10:24:08', '2020-03-07 11:27:09', 1, '91'),
(59, 'Arvind G', '2020-03-07 08:28:34', '9028737083', '2020-03-07 08:28:34', '2020-03-07 11:33:53', 1, '91'),
(60, 'Amit Pekam', '2020-03-07 08:29:16', '9423078875', '2020-03-07 08:29:16', '2020-03-07 11:54:13', 0, '91'),
(61, 'Neeraj', '2020-03-07 08:29:47', '9838814809', '2020-03-07 10:41:31', '2020-03-07 11:27:39', 1, '91'),
(62, 'Sujata ', '2020-03-07 08:29:53', '9811202011', '2020-03-07 11:20:25', '2020-03-07 11:44:01', 1, '91'),
(63, 'Jija pawar', '2020-03-07 08:30:16', '7767932427', '2020-03-09 10:29:10', '2020-03-09 10:30:10', 1, '91'),
(64, 'SANGEETA', '2020-03-07 08:31:42', '9968287995', '2020-03-07 08:31:42', '2020-03-07 12:25:42', 1, '91'),
(65, 'Piyadad Dsouza', '2020-03-07 08:32:49', '9869844557', '2020-03-07 08:32:49', '2020-03-07 11:54:48', 1, '91'),
(66, 'Gul Kaku ', '2020-03-07 08:32:49', '9821138245 ', '2020-03-07 10:46:34', '2020-03-07 10:54:23', 0, '91'),
(67, 'Ronak Ambani', '2020-03-07 08:33:23', '9987825335', '2020-03-07 08:33:23', '2020-03-07 11:40:24', 1, '91'),
(68, 'Chaitanya khandelwal', '2020-03-07 08:33:30', '8956811530', '2020-03-07 10:58:06', '2020-03-07 10:59:07', 1, '91'),
(69, 'Sunil Patel', '2020-03-07 08:34:25', '8827495866', '2020-03-07 08:34:25', '2020-03-07 11:07:57', 1, '91'),
(70, 'Amit Kashyap', '2020-03-07 08:35:19', '9999883836', '2020-03-07 08:35:19', '2020-03-07 08:55:57', 1, '91'),
(71, 'Neena Gupta', '2020-03-07 08:35:37', '9868217455', '2020-03-07 08:44:27', '2020-03-07 11:53:58', 1, '91'),
(72, 'Sargun', '2020-03-07 08:36:21', '7988698047', '2020-03-09 21:07:43', '2020-03-09 21:08:13', 1, '91'),
(73, 'Ambar Inamdar', '2020-03-07 08:37:15', '9921266899', '2020-03-07 08:37:15', '2020-03-07 11:44:21', 1, '91'),
(74, 'Seema Arya', '2020-03-07 08:37:50', '9999486407', '2020-03-07 08:37:50', '2020-03-07 11:56:16', 1, '91'),
(75, 'David Leonard Dsouza', '2020-03-07 08:39:10', '8147846234', '2020-03-09 10:55:55', '2020-03-09 11:10:16', 1, '91'),
(76, 'D. RAJYALAKSHMI', '2020-03-07 08:41:24', '9500049562', '2020-03-07 08:41:24', '2020-03-07 11:55:56', 1, '91'),
(77, 'Manju Pande', '2020-03-07 08:41:25', '7772001066', '2020-03-07 08:41:25', '2020-03-07 11:22:25', 0, '91'),
(78, 'Kaja', '2020-03-07 08:41:35', '9884409734', '2020-03-07 20:36:37', '2020-03-07 20:40:39', 1, '91'),
(79, 'Dr.Ravi Maheshwari', '2020-03-07 08:41:43', '9425456357', '2020-03-08 14:45:34', '2020-03-08 15:49:35', 1, '91'),
(80, 'Kshama Awasthi', '2020-03-07 08:41:58', '8355822736', '2020-03-07 19:48:38', '2020-03-07 19:53:57', 1, '91'),
(81, 'Jagadeesh S. Kudari', '2020-03-07 08:42:04', '7204812717', '2020-03-08 09:49:49', '2020-03-08 13:28:04', 1, '91'),
(82, 'Anubhav singh', '2020-03-07 08:42:15', '7417368036', '2020-03-07 08:42:15', '2020-03-07 11:19:28', 1, '91'),
(83, 'Jashodaben Rathod', '2020-03-07 08:42:25', '8320651442', '2020-03-07 08:42:25', '2020-03-07 11:31:41', 1, '91'),
(84, 'Dipaksinh chavda', '2020-03-07 08:42:42', '9700001707', '2020-03-07 08:59:27', '2020-03-07 11:11:10', 0, '91'),
(85, 'Virender Bhullar ', '2020-03-07 08:42:54', '9958275936', '2020-03-07 08:42:54', '2020-03-07 11:13:54', 1, '91'),
(86, 'Swarna Manjari Acharya', '2020-03-07 08:43:33', '9437488501', '2020-03-07 08:43:33', '2020-03-07 11:58:35', 1, '91'),
(87, 'Sunita', '2020-03-07 08:44:07', '9050099485', '2020-03-09 21:14:16', '2020-03-09 21:19:06', 0, '91'),
(88, 'Druva Apasangi', '2020-03-07 08:44:28', '09945530179', '2020-03-10 14:54:36', '2020-03-10 15:13:36', 1, '91'),
(89, 'DEVENDER PAHWA', '2020-03-07 08:44:43', '9810033624', '2020-03-08 23:25:39', '2020-03-08 23:58:40', 1, '91'),
(90, 'JIJU V JOHN', '2020-03-07 08:45:01', '9841042124', '2020-03-07 08:45:01', '2020-03-07 11:12:31', 1, '91'),
(91, 'Pooja Parekh', '2020-03-07 08:45:52', '9819824011', '2020-03-07 08:45:52', '2020-03-07 11:53:53', 1, '91'),
(92, 'Milan kalyani', '2020-03-07 08:45:57', '9322001456', '2020-03-07 08:49:21', '2020-03-07 11:55:39', 1, '91'),
(93, 'Vikas Agarwal', '2020-03-07 08:46:08', '9999955677', '2020-03-07 08:46:08', '2020-03-07 11:54:55', 0, '91'),
(94, 'Chandrakant machchhar ', '2020-03-07 08:46:17', '2017574730', '2020-03-07 08:46:17', '2020-03-07 12:04:51', 1, '1'),
(95, 'Jaymin', '2020-03-07 08:46:17', '9426203132', '2020-06-11 20:26:23', '2020-06-11 20:26:38', 0, '91'),
(96, 'DIPAKSINH chavda', '2020-03-07 08:46:24', '09700001707', '2020-03-07 21:48:02', '2020-03-07 22:24:02', 1, '91'),
(97, 'HEMANTKUMAR PANDYA', '2020-03-07 08:46:27', '0402979939', '2020-03-07 08:46:27', '2020-03-07 11:33:30', 1, '61'),
(98, 'RAKESH KUMAR KUMRA', '2020-03-07 08:46:35', '9988602440', '2020-03-07 08:46:35', '2020-03-07 11:24:36', 1, '91'),
(99, 'Srimukunda', '2020-03-07 08:47:02', '9886624348', '2020-03-07 08:47:02', '2020-03-07 11:26:02', 1, '91'),
(100, 'Vinay Kumar Chawla', '2020-03-07 08:47:04', '7011048954', '2020-03-07 08:47:04', '2020-03-07 11:15:35', 1, '91'),
(101, 'ROSHAN LAL JAIN', '2020-03-07 08:47:21', '9818104223', '2020-03-07 11:44:22', '2020-03-07 11:54:53', 1, '91'),
(102, 'Sarvesh Verma', '2020-03-07 08:47:22', '9922448611', '2020-03-07 08:47:22', '2020-03-07 11:55:22', 1, '91'),
(103, 'Lokesh jain', '2020-03-07 08:47:48', '9844848170', '2020-03-07 08:47:48', '2020-03-07 11:51:49', 1, '91'),
(104, 'Supriya Kelkar', '2020-03-07 08:47:52', '9920887693', '2020-03-07 08:47:52', '2020-03-07 11:04:53', 1, '91'),
(105, 'Druva Apasangi', '2020-03-07 08:47:58', '9945530179', '2020-03-07 08:47:58', '2020-03-07 08:49:28', 1, '91'),
(106, 'Shahabuddin Faysal', '2020-03-07 08:48:01', '1715550717', '2020-03-08 20:01:56', '2020-03-08 21:05:48', 1, '880'),
(107, 'Manish ', '2020-03-07 08:48:04', '9717721630', '2020-03-07 08:48:04', '2020-03-07 12:53:05', 1, '91'),
(108, 'à¦¸à¦žà§à¦œà§€à¦¬ à¦®à§à¦–à§‹à¦ªà¦¾à¦§à§à¦¯à¦¾à§Ÿ ', '2020-03-07 08:48:12', '9969628183', '2020-03-07 08:48:12', '2020-03-07 11:46:13', 1, '91'),
(109, 'Bhuma Sachdeva', '2020-03-07 08:48:13', '9818699857', '2020-03-08 12:53:31', '2020-03-08 12:57:59', 1, '91'),
(110, 'nirmala', '2020-03-07 08:48:18', '7015631154', '2020-03-07 08:48:18', '2020-03-07 11:04:33', 1, '91'),
(111, 'Govind Garud ', '2020-03-07 08:48:18', '9881077399', '2020-03-07 08:48:18', '2020-03-07 11:04:02', 0, '91'),
(112, 'santosh giria', '2020-03-07 08:48:20', '9902766555', '2020-03-07 08:48:20', '2020-03-07 11:40:59', 0, '91'),
(113, 'Arun Trehan', '2020-03-07 08:48:28', '09816020171', '2020-03-07 08:48:28', '2020-03-07 11:53:28', 0, '91'),
(114, 'Asha Dhoot ', '2020-03-07 08:48:36', '8390770438', '2020-03-07 09:10:29', '2020-03-07 11:11:58', 1, '91'),
(115, 'Shweta', '2020-03-07 08:48:49', '9922172287', '2020-03-07 09:19:23', '2020-03-07 10:21:32', 1, '91'),
(116, 'Sejal Magar ', '2020-03-07 08:48:53', '9359422035', '2020-03-07 11:14:11', '2020-03-07 11:23:47', 1, '91'),
(117, 'Bhavin Desai', '2020-03-07 08:48:54', '7567990063', '2020-03-07 17:26:53', '2020-03-07 17:33:25', 1, '91'),
(118, 'Dr.Ravi Maheshwari', '2020-03-07 08:49:00', '9425456357', '2020-03-07 08:49:00', '2020-03-08 09:22:44', 0, '98'),
(119, 'Anil Kumar', '2020-03-07 08:49:08', '9500007796', '2020-03-07 08:49:08', '2020-03-07 13:37:25', 1, '91'),
(120, 'ANINDITA KUNDU', '2020-03-07 08:49:20', '8249006267', '2020-03-07 08:49:20', '2020-03-07 11:08:52', 1, '91'),
(121, 'Chandrabhushaan', '2020-03-07 08:49:27', '9826719654', '2020-03-07 09:24:30', '2020-03-07 11:16:50', 0, '91'),
(122, 'Rekha Vivek Joshi', '2020-03-07 08:49:34', '9820506315', '2020-03-14 06:53:26', '2020-03-14 06:53:56', 1, '91'),
(123, 'TAPOMAY BANDYOPADHYAY', '2020-03-07 08:49:40', '09432208935', '2020-03-10 20:09:20', '2020-03-10 21:26:43', 1, '91'),
(124, 'Supriya Nakhare', '2020-03-07 08:49:47', '9909066111', '2020-03-08 22:20:01', '2020-03-08 22:44:31', 1, '91'),
(125, 'Sonali Pote', '2020-03-07 08:49:57', '9923716009', '2020-03-07 08:49:57', '2020-03-07 11:21:06', 1, '91'),
(126, 'Ganesh', '2020-03-07 08:50:00', '8378971828', '2020-03-09 06:50:41', '2020-03-09 06:52:43', 1, '91'),
(127, 'Priti goyal', '2020-03-07 08:50:21', '8059312943', '2020-03-08 07:49:21', '2020-03-08 07:54:53', 1, '91'),
(128, 'Balachandra ', '2020-03-07 08:50:29', '9686952889', '2020-03-07 08:50:29', '2020-03-07 11:11:29', 1, '91'),
(129, 'KALANDI CHARAN KHUNTIA', '2020-03-07 08:50:34', '8895401386', '2020-05-14 21:20:24', '2020-05-14 21:20:54', 1, '91'),
(130, 'vijaykumar thakare', '2020-03-07 08:50:50', '9975647246', '2020-03-07 08:50:50', '2020-03-07 11:44:22', 1, '91'),
(131, 'Anil Jain', '2020-03-07 08:51:13', '9341213202', '2020-03-07 10:41:56', '2020-03-07 11:17:35', 1, '91'),
(132, 'KAMALA GOPINATH', '2020-03-07 08:51:19', '9655463790', '2020-03-07 08:51:19', '2020-03-07 11:53:29', 0, '91'),
(133, 'Vijay', '2020-03-07 08:51:24', '4436998644', '2020-03-11 21:59:03', '2020-03-11 23:10:04', 1, '1'),
(134, 'Narendra Tryambak Chaudhari', '2020-03-07 08:51:31', '9869463471', '2020-03-09 16:35:38', '2020-03-09 18:25:39', 1, '91'),
(135, 'Avinash Chander', '2020-03-07 08:51:37', '9891121007', '2020-03-07 08:57:38', '2020-03-07 11:43:39', 1, '91'),
(136, 'SHALINI MESHRAM', '2020-03-07 08:51:38', '9860032131', '2020-03-08 15:00:14', '2020-03-08 16:10:57', 1, '91'),
(137, 'Suchita G', '2020-03-07 08:51:39', '9821716759', '2020-03-07 23:24:31', '2020-03-08 02:47:44', 1, '91'),
(138, 'Narendra', '2020-03-07 08:52:01', '7905660869', '2020-03-07 08:52:01', '2020-03-07 11:06:02', 1, '91'),
(139, 'rahul', '2020-03-07 08:52:26', '7776887526', '2020-03-07 08:52:26', '2020-03-07 11:04:28', 1, '91'),
(140, 'Mukesh Agrawal ', '2020-03-07 08:52:27', '9425510508', '2020-03-07 09:45:46', '2020-03-07 11:11:12', 1, '91'),
(141, 'Chandrashekhar M. Panchbudhe', '2020-03-07 08:52:31', '9970702710', '2020-03-07 17:32:20', '2020-03-07 17:38:23', 1, '91'),
(142, 'ASHUTOSH SINGH', '2020-03-07 08:52:34', '9334483894', '2020-03-09 15:29:13', '2020-03-09 19:52:35', 1, '91'),
(143, 'Rameshbhai Patel', '2020-03-07 08:52:34', '9825026952', '2020-03-08 03:33:02', '2020-03-08 03:37:21', 0, '91'),
(144, 'Meena Gupta', '2020-03-07 08:52:36', '9330465437', '2020-03-07 08:52:36', '2020-03-07 11:53:50', 1, '91'),
(145, 'raju verma', '2020-03-07 08:52:37', '9810005725', '2020-03-09 13:44:50', '2020-03-09 14:29:57', 1, '91'),
(146, 'Gyanendra Mohan Garg', '2020-03-07 08:52:51', '9205569707', '2020-03-07 21:56:58', '2020-03-07 21:57:59', 1, '91'),
(147, 'Kishu Teckchandani', '2020-03-07 08:52:56', '9811123222', '2020-03-09 21:20:45', '2020-03-09 21:40:34', 0, '91'),
(148, 'BHAWNA SACHDEV', '2020-03-07 08:53:11', '07879809100', '2020-03-07 08:53:11', '2020-03-07 12:03:42', 1, '91'),
(149, 'NB', '2020-03-07 08:53:56', '8104034650', '2020-03-07 08:53:56', '2020-03-07 12:14:37', 1, '91'),
(150, 'BISHWANATH JHA', '2020-03-07 08:53:57', '8369971204', '2020-03-08 10:25:56', '2020-03-08 10:37:26', 1, '91'),
(151, 'KARTIK A DAMBAL', '2020-03-07 08:54:03', '09986082774', '2020-03-07 10:09:34', '2020-03-07 10:22:14', 1, '91'),
(152, 'Vasudeva Rao', '2020-03-07 08:54:04', '9845594731', '2020-03-07 09:08:58', '2020-03-07 11:11:53', 0, '91'),
(153, 'Shubhangi Tamboli', '2020-03-07 08:54:11', '9322026324', '2020-03-07 08:54:11', '2020-03-07 11:55:13', 1, '91'),
(154, 'Pramod Gupta', '2020-03-07 08:54:20', '9821783901', '2020-03-07 08:54:20', '2020-03-07 12:12:51', 1, '91'),
(155, 'U.K.Patel', '2020-03-07 08:54:21', '9893687555', '2020-03-07 10:21:17', '2020-03-07 10:50:46', 1, '91'),
(156, 'NIKHIL CHAUHAN', '2020-03-07 08:54:23', '7069930421', '2020-03-07 20:35:33', '2020-03-07 21:19:06', 1, '91'),
(157, 'dilip kumar', '2020-03-07 08:54:31', '9036364964', '2020-03-07 08:54:31', '2020-03-07 12:17:03', 1, '91'),
(158, 'Partha  Abhishek', '2020-03-07 08:54:58', '7797676677', '2020-03-07 18:20:46', '2020-03-07 18:30:48', 1, '91'),
(159, 'Amit Mathur', '2020-03-07 08:55:18', '9871403387', '2020-04-03 00:23:08', '2020-04-03 00:24:08', 1, '91'),
(160, 'Pravinkumar Sakure', '2020-03-07 08:55:44', '9422077339', '2020-03-07 09:26:00', '2020-03-07 11:04:27', 1, '91'),
(161, 'Amit Kashyap', '2020-03-07 08:55:53', '09999883836', '2020-03-07 08:55:53', '2020-03-07 11:47:08', 1, '91'),
(162, 'Nisha', '2020-03-07 08:56:15', '9423430635', '2020-03-07 08:56:15', '2020-03-07 11:27:16', 1, '91'),
(163, 'Dinesh Gupta ', '2020-03-07 08:56:15', '9814007511', '2020-03-07 08:56:15', '2020-03-07 10:12:59', 1, '91'),
(164, 'Nita', '2020-03-07 08:56:25', '9112956843', '2020-03-07 08:56:25', '2020-03-07 11:09:10', 1, '91'),
(165, 'Jaiprakash', '2020-03-07 08:56:26', '7892438284', '2020-03-07 08:56:26', '2020-03-07 11:53:35', 0, '91'),
(166, 'Mohit Bhargava', '2020-03-07 08:56:57', '9829909000', '2020-03-07 08:56:57', '2020-03-07 11:42:58', 1, '91'),
(167, 'Madhukar', '2020-03-07 08:57:02', '9866695193', '2020-03-07 08:57:02', '2020-03-07 11:56:33', 1, '91'),
(168, 'Veeresh ', '2020-03-07 08:57:03', '9243221679', '2020-03-07 08:57:03', '2020-03-07 11:19:33', 1, '91'),
(169, 'Ravneet', '2020-03-07 08:57:21', '8999358552', '2020-03-07 08:57:21', '2020-03-07 12:12:22', 1, '91'),
(170, 'Samir Kumar dutta', '2020-03-07 08:57:22', '9931182938', '2020-03-07 11:12:29', '2020-03-07 11:30:59', 1, '91'),
(171, 'cecil shrisunder', '2020-03-07 08:57:29', '9834067678', '2020-03-07 09:38:00', '2020-03-07 11:32:31', 1, '91'),
(172, 'DEEPAK KUMAR SINHA', '2020-03-07 08:58:01', '9450904880', '2020-03-07 08:58:01', '2020-03-07 13:00:02', 1, '91'),
(173, 'Manjula', '2020-03-07 08:58:04', '9037010138', '2020-03-07 08:58:04', '2020-03-07 11:53:32', 0, '91'),
(174, 'Ashish Pandey', '2020-03-07 08:58:10', '8756954189', '2020-03-08 14:05:32', '2020-03-08 14:41:41', 1, '91'),
(175, 'Tara Chand', '2020-03-07 08:58:39', '8879667342', '2020-03-07 08:58:39', '2020-03-07 11:55:31', 1, '91'),
(176, 'Amit', '2020-03-07 08:58:39', '8685004780', '2020-03-07 08:58:39', '2020-03-07 09:00:41', 1, '91'),
(177, 'V Mehta', '2020-03-07 08:59:18', '9731563362', '2020-03-07 08:59:18', '2020-03-07 12:02:06', 1, '91'),
(178, 'Jaswant Singh', '2020-03-07 08:59:37', '9234511171', '2020-03-07 08:59:37', '2020-03-07 11:56:08', 1, '91'),
(179, 'Suyash Pratap Singh', '2020-03-07 09:00:07', '9855110370', '2020-03-07 09:00:07', '2020-03-07 11:56:08', 1, '91'),
(180, 'Pramodkumar Bind', '2020-03-07 09:00:14', '08495925035', '2020-03-08 19:12:06', '2020-03-08 20:11:36', 1, '91'),
(181, 'Suresh Nayee', '2020-03-07 09:00:26', '9824065168', '2020-03-07 22:19:42', '2020-03-07 22:45:43', 1, '91'),
(182, 'Biswajit Mallick', '2020-03-07 09:00:26', '92822782', '2020-03-07 11:24:21', '2020-03-07 12:01:20', 1, '968'),
(183, 'Santosh porwal', '2020-03-07 09:00:29', '9763123231', '2020-03-14 07:18:45', '2020-03-14 07:18:59', 0, '91'),
(184, 'Rajani Choudhary', '2020-03-07 09:00:30', '914-426-2064', '2020-03-07 09:00:30', '2020-03-07 11:24:01', 1, '1'),
(185, 'à¤¸à¥Œ.à¤¸à¤‚à¤—à¤¿à¤¤à¤¾ à¤ªà¥à¤°à¤¦à¥€à¤ª à¤ªà¤¾à¤Ÿà¥€à¤²', '2020-03-07 09:00:34', '7719037769', '2020-03-07 09:08:43', '2020-03-07 09:12:43', 1, '91'),
(186, 'Sanjeev kumar', '2020-03-07 09:00:36', '09897456479', '2020-03-07 12:34:27', '2020-03-07 12:36:58', 1, '91'),
(187, 'Pankaj gupta', '2020-03-07 09:00:44', '9814223710', '2020-03-07 10:13:26', '2020-03-07 11:05:56', 1, '91'),
(188, 'Vimal Ignatius', '2020-03-07 09:00:47', '9945677553', '2020-03-07 09:40:52', '2020-03-07 11:11:22', 1, '91'),
(189, 'Asma Zahara ', '2020-03-07 09:01:20', '9945691344', '2020-03-07 11:16:42', '2020-03-07 11:54:43', 1, '91'),
(190, 'Prathamesh Thombare', '2020-03-07 09:01:21', '8149759541', '2020-03-07 09:01:21', '2020-03-07 11:56:02', 0, '91'),
(191, 'Sanjeev Joshi', '2020-03-07 09:01:23', '9826622126', '2020-03-07 21:04:13', '2020-03-07 21:06:13', 1, '91'),
(192, 'Pankaj Kumar', '2020-03-07 09:01:47', '7022423245', '2020-03-07 09:05:07', '2020-03-07 11:55:09', 0, '91'),
(193, 'Anusha T N', '2020-03-07 09:02:05', '9743647767', '2020-03-07 09:21:00', '2020-03-07 12:00:15', 0, '91'),
(194, 'Amlendu kumar', '2020-03-07 09:02:45', '9504720383', '2020-03-07 10:59:10', '2020-03-07 11:06:12', 1, '91'),
(195, 'amulya', '2020-03-07 09:03:18', '9740592000', '2020-03-07 09:03:18', '2020-03-07 12:49:28', 1, '91'),
(196, 'Suresh ', '2020-03-07 09:03:30', '8309302621', '2020-03-07 19:15:11', '2020-03-07 20:26:54', 1, '91'),
(197, 'vivek', '2020-03-07 09:03:49', '7326092842', '2020-03-07 09:20:58', '2020-03-07 11:23:00', 1, '1'),
(198, 'narayan kar', '2020-03-07 09:04:14', '08763701762', '2020-03-07 09:04:14', '2020-03-07 11:07:15', 1, '91'),
(199, 'Kalyani', '2020-03-07 09:04:24', '727681813', '2020-03-07 09:04:24', '2020-03-07 09:22:35', 1, '91'),
(200, 'rajesh kumar', '2020-03-07 09:04:28', '9999658000', '2020-03-11 09:53:35', '2020-03-11 14:25:06', 1, '91'),
(201, 'Mamta rai', '2020-03-07 09:05:29', '9372405527', '2020-03-07 09:05:29', '2020-03-07 11:54:10', 0, '91'),
(202, 'VENKATA GUNESWARA RAO', '2020-03-07 09:05:53', '09963144599', '2020-03-07 09:31:12', '2020-03-07 09:57:53', 1, '91'),
(203, 'Tejesh', '2020-03-07 09:07:18', '7404257404', '2020-03-07 09:10:49', '2020-03-07 09:11:50', 1, '91'),
(204, 'Hemavathi R', '2020-03-07 09:07:43', '09845872819', '2020-03-08 12:54:58', '2020-03-08 13:38:30', 1, '91'),
(205, 'G Vijay kumar', '2020-03-07 09:07:48', '8885044444', '2020-03-24 22:21:37', '2020-03-24 22:22:37', 1, '91'),
(206, 'à¤¸à¥Œ.à¤¸à¤‚à¤—à¤¿à¤¤à¤¾ à¤ªà¥à¤°à¤¦à¥€à¤ª à¤ªà¤¾à¤Ÿà¥€à¤²', '2020-03-07 09:07:54', '9657921268', '2020-03-07 09:16:49', '2020-03-07 11:54:50', 1, '91'),
(207, 'Priya Porwal', '2020-03-07 09:08:01', '8329772472', '2020-03-07 09:14:02', '2020-03-07 09:40:03', 1, '91'),
(208, 'Abdul haque Sami Khan ', '2020-03-07 09:08:29', '9423503522', '2020-03-09 11:55:20', '2020-03-09 11:55:50', 1, '91'),
(209, 'Y Venkata rao', '2020-03-07 09:09:34', '9849211504', '2020-03-07 11:25:25', '2020-03-07 11:33:55', 1, '91'),
(210, 'Vallabh', '2020-03-07 09:11:10', '8411031865', '2020-03-07 09:11:10', '2020-03-07 11:41:51', 1, '91'),
(211, 'Harshida Shroff', '2020-03-07 09:11:10', '6466835866', '2020-03-07 09:11:10', '2020-03-07 11:31:12', 0, '1'),
(212, 'Chandra Prakash', '2020-03-07 09:12:09', '9773684982', '2020-03-10 07:38:52', '2020-03-10 08:09:23', 1, '91'),
(213, 'Rupali ', '2020-03-07 09:12:29', '9920841150', '2020-03-10 10:56:02', '2020-03-10 11:06:33', 1, '91'),
(214, 'Sharad kirpan ', '2020-03-07 09:13:06', '9222055575', '2020-03-07 09:13:06', '2020-03-07 12:18:50', 0, '91'),
(215, 'SUDIPMOY CHANDA', '2020-03-07 09:13:39', '09436477904', '2020-03-07 09:13:39', '2020-03-07 11:26:50', 0, '91'),
(216, 'Ansar', '2020-03-07 09:14:52', '9860218938', '2020-03-07 09:14:52', '2020-03-07 11:15:40', 1, '91'),
(217, 'Subhash bhaik', '2020-03-07 09:15:06', '9011996065', '2020-03-07 09:38:40', '2020-03-07 11:27:11', 1, '91'),
(218, 'Ritu', '2020-03-07 09:16:12', '9881912049', '2020-03-07 10:09:25', '2020-03-07 11:08:51', 1, '91'),
(219, 'Meherangez Mistry', '2020-03-07 09:18:23', '09886095350', '2020-03-07 09:21:03', '2020-03-07 11:55:14', 1, '91'),
(220, 'Praveen Kumar', '2020-03-07 09:20:19', '9411930371', '2020-03-07 09:27:32', '2020-03-07 11:55:12', 1, '91'),
(221, 'Sripriya Venkataraman', '2020-03-07 09:21:23', '9994055055', '2020-03-08 15:47:46', '2020-03-08 15:49:46', 1, '91'),
(222, 'Ganesh kumbharkar', '2020-03-07 09:24:00', '9822080930', '2020-03-07 09:24:00', '2020-03-07 10:49:53', 0, '91'),
(223, 'rajesh khanduja', '2020-03-07 09:24:02', '9810047004', '2020-03-07 09:24:02', '2020-03-07 12:58:04', 1, '91'),
(224, 'Avinash Salunkhe', '2020-03-07 09:28:48', '9405132914', '2020-03-07 09:28:48', '2020-03-07 09:41:49', 1, '91'),
(225, 'Suresh Patel', '2020-03-07 09:31:10', '9979851940', '2020-03-07 10:38:18', '2020-03-07 10:52:21', 1, '91'),
(226, 'AMBER RANA', '2020-03-07 09:32:47', '9958080851', '2020-03-07 09:32:47', '2020-03-07 12:05:34', 1, '91'),
(227, 'Preeti singh', '2020-03-07 09:32:58', '8437962600', '2020-03-07 09:32:58', '2020-03-07 10:14:17', 1, '91'),
(228, 'koshila', '2020-03-07 09:33:23', '03363791528', '2020-03-07 09:33:23', '2020-03-07 11:23:25', 0, '92'),
(229, 'Nagamalleswara rao', '2020-03-07 09:33:46', '9493925599', '2020-03-08 15:02:30', '2020-03-08 17:04:00', 1, '91'),
(230, 'Rishi', '2020-03-07 09:35:23', '9021689644', '2020-03-07 09:35:23', '2020-03-07 09:37:24', 1, '91'),
(231, 'Jayshree potdar', '2020-03-07 09:36:47', '9869431733', '2020-03-07 09:36:47', '2020-03-07 11:43:47', 1, '91'),
(232, 'Hardik Shah', '2020-03-07 09:40:54', '9594934330', '2020-03-07 17:23:59', '2020-03-07 18:50:01', 1, '91'),
(233, 'Venkappa Desai', '2020-03-07 09:43:11', '09323378518', '2020-03-10 10:43:28', '2020-03-10 11:02:51', 1, '91'),
(234, 'Yasmin Baig', '2020-03-07 09:43:38', '7774035182', '2020-03-07 11:22:24', '2020-03-07 11:57:55', 1, '91'),
(235, 'Yousuf uddin Mohammed', '2020-03-07 09:44:36', '9441965500', '2020-03-16 07:04:37', '2020-03-16 07:04:41', 0, '91'),
(236, 'Shanker', '2020-03-07 10:00:20', '9845720972', '2020-03-07 22:06:11', '2020-03-08 00:50:12', 1, '91'),
(237, 'Ishita Marwah', '2020-03-07 10:05:59', '9810069792', '2020-03-07 10:05:59', '2020-03-07 11:44:51', 1, '91'),
(238, 'Sangeeta', '2020-03-07 10:06:30', '8552911103', '2020-03-07 10:06:30', '2020-03-07 10:57:03', 0, '91'),
(239, 'Heena Naaz', '2020-03-07 10:08:28', '8961861415', '2020-03-07 10:08:28', '2020-03-07 10:20:26', 1, '91'),
(240, 'suresh', '2020-03-07 10:09:18', '9425031657', '2020-03-08 10:45:47', '2020-03-08 10:56:48', 1, '91'),
(241, 'Kalyani', '2020-03-07 10:12:01', '7338031463', '2020-03-07 10:12:01', '2020-03-07 10:12:12', 0, '91'),
(242, 'Dr.Ravi Maheshwari', '2020-03-07 10:20:46', '9425456357', '2020-03-07 10:20:46', '2020-03-08 09:22:44', 0, '213'),
(243, 'Prafulla kumara panda', '2020-03-07 10:24:37', '9903987118', '2020-03-07 10:24:37', '2020-03-07 10:36:38', 1, '91'),
(244, 'Naveen Garg', '2020-03-07 10:37:29', '08587918379', '2020-03-07 10:37:29', '2020-03-07 10:43:32', 1, '91'),
(245, 'Renu Agrawal', '2020-03-07 10:38:14', '7974632186', '2020-03-07 10:38:14', '2020-03-07 11:32:15', 1, '91'),
(246, 'Anoop Kumar verma', '2020-03-07 10:43:22', '9810504440', '2020-03-07 10:43:22', '2020-03-07 12:16:52', 1, '91'),
(247, 'Sunil kumar gupta', '2020-03-07 10:43:25', '7052187575', '2020-03-07 10:43:25', '2020-03-07 11:43:27', 1, '91'),
(248, 'Felix Dsouza', '2020-03-07 10:47:59', '9322517695', '2020-03-07 10:47:59', '2020-03-07 11:37:43', 0, '91'),
(249, 'Swati Mishra', '2020-03-07 11:08:37', '7828799856', '2020-03-08 14:07:57', '2020-03-08 14:16:28', 1, '44'),
(250, 'Ravinder Kher', '2020-03-07 11:14:11', '9953033963', '2020-03-07 11:14:11', '2020-03-07 11:18:55', 1, '91'),
(251, 'Jagadeesh S Kudari', '2020-03-07 11:19:28', '7204872717', '2020-03-08 13:46:15', '2020-03-08 13:47:49', 1, '91'),
(252, 'Deepak Sudame', '2020-03-07 11:21:07', '9168545020', '2020-03-07 11:21:07', '2020-03-07 11:45:38', 0, '91'),
(253, 'Haneefa Olakara', '2020-03-07 11:23:02', '9946883366', '2020-03-07 11:23:02', '2020-03-07 11:53:34', 1, '91'),
(254, 'Anu Narula', '2020-03-07 11:26:31', '9910709015', '2020-03-08 11:11:00', '2020-03-08 14:35:38', 0, '91'),
(255, 'Swati Mishra', '2020-03-07 11:28:53', '07828799856', '2020-03-07 11:43:11', '2020-03-07 11:53:41', 1, '44'),
(256, 'Jyotirmoy Choudhury', '2020-03-07 11:39:54', '9864077687', '2020-03-08 12:14:13', '2020-03-08 15:45:46', 1, '91'),
(257, 'Alan mathias', '2020-03-07 11:44:09', '+971506994095', '2020-03-07 11:44:09', '2020-03-07 11:53:39', 1, '971'),
(258, 'Madhukar', '2020-03-07 12:02:51', '09866695193', '2020-03-07 12:02:51', '2020-03-07 12:14:08', 1, '91'),
(259, 'PAWAN Shilwant', '2020-03-07 12:24:41', '1233455677', '2020-03-07 12:24:41', '2020-03-07 12:25:11', 1, '93'),
(260, 'Amber Sinha', '2020-03-07 13:36:31', '9810159209', '2020-03-07 13:36:31', '2020-03-07 13:38:01', 1, '91'),
(261, 'Karan singh', '2020-03-07 13:51:40', '7014980119', '2020-03-07 13:51:40', '2020-03-07 13:53:41', 1, '91'),
(262, 'Usha Verma ', '2020-03-07 14:31:31', '9811754333', '2020-03-07 14:31:31', '2020-03-07 14:34:02', 1, '91'),
(263, 'Usha Verma ', '2020-03-07 14:34:16', '9811561095', '2020-03-09 13:57:45', '2020-03-09 14:07:46', 1, '91'),
(264, 'ANJANI UPADHYAY', '2020-03-07 15:15:44', '7407186067', '2020-03-07 21:11:17', '2020-03-07 21:44:18', 1, '91'),
(265, 'Sunil S Pinto', '2020-03-07 15:20:14', '9972571112', '2020-03-07 15:20:14', '2020-03-07 15:26:15', 1, '91'),
(266, 'Suresh', '2020-03-07 15:33:54', '9425031657', '2020-03-07 15:33:54', '2020-03-07 15:41:57', 1, '353'),
(267, 'OrrO', '2020-03-07 15:37:23', '0000000000', '2020-03-07 15:37:23', '2020-03-07 15:39:40', 0, '91'),
(268, 'Shubhangi', '2020-03-07 16:48:23', '09322026324', '2020-03-07 18:57:12', '2020-03-07 19:00:12', 1, '91'),
(269, 'sumant kamtikar', '2020-03-07 17:08:09', '9422961205', '2020-03-07 17:08:09', '2020-03-07 17:08:48', 0, '91'),
(270, 'Abdul haque ', '2020-03-07 17:13:15', '942350352w', '2020-03-07 17:13:15', '2020-03-07 17:14:16', 1, '91'),
(271, 'Madhur', '2020-03-07 17:25:07', '8860452299', '2020-03-07 17:25:07', '2020-03-07 17:43:41', 1, '91'),
(272, 'Bidyotama ', '2020-03-07 17:39:04', '7909028497', '2020-03-07 20:43:50', '2020-03-07 21:20:21', 1, '91'),
(273, 'Ajay', '2020-03-07 17:53:20', '9405384501', '2020-03-07 17:53:20', '2020-03-07 18:02:51', 1, '91'),
(274, 'AMLESH PATHAK ', '2020-03-07 18:27:20', '9826572289', '2020-03-07 20:47:06', '2020-03-07 20:47:36', 1, '91'),
(275, 'Satyajit', '2020-03-07 18:35:59', '7020567706', '2020-03-08 11:43:03', '2020-03-08 11:44:20', 1, '91'),
(276, 'Harshika', '2020-03-07 19:41:19', '9928072590', '2020-03-08 18:10:10', '2020-03-08 18:33:15', 1, '91'),
(277, 'Sathish kumar', '2020-03-07 20:13:09', '9962127222', '2020-03-07 20:13:09', '2020-03-07 23:19:39', 1, '91'),
(278, 'Kamlesh ', '2020-03-07 20:38:23', '8670397889', '2020-03-07 20:38:23', '2020-03-07 21:59:04', 1, '91'),
(279, 'keswani khushi gyanchand', '2020-03-07 20:40:56', '7499642220', '2020-03-15 23:56:18', '2020-03-15 23:56:58', 0, '91'),
(280, 'Ghansyam', '2020-03-07 20:51:16', '7342391722', '2020-03-07 20:51:16', '2020-03-07 23:41:18', 1, '1'),
(281, 'Anthony ', '2020-03-07 20:54:20', '9849021033', '2020-03-07 20:54:20', '2020-03-07 20:54:50', 1, '91'),
(282, 'Priyanka', '2020-03-07 21:18:17', '9665426058', '2020-03-07 21:18:17', '2020-03-07 21:18:47', 1, '91'),
(283, 'v v v satya narayana', '2020-03-07 21:35:55', '7981146008', '2020-03-07 21:35:55', '2020-03-07 21:53:59', 1, '91'),
(284, 'Kalyani', '2020-03-07 21:41:00', '4747474747', '2020-03-07 21:41:00', '2020-03-07 21:42:00', 1, '91'),
(285, 'Pramod Tripathi', '2020-03-07 21:59:28', '9881912050', '2020-03-07 21:59:28', '2020-03-07 22:00:59', 1, '91'),
(286, 'Venkata Ainapurapu', '2020-03-07 22:13:16', '9573215413', '2020-03-07 22:13:16', '2020-03-07 22:20:47', 1, '91'),
(287, 'Vijay', '2020-03-07 22:20:43', '8885044449', '2020-03-07 22:20:43', '2020-03-07 22:21:13', 1, '91'),
(288, 'SATYENDRA KUMAR SINHA', '2020-03-07 23:06:36', '9771460674', '2020-03-09 16:31:23', '2020-03-09 16:31:53', 1, '91'),
(289, 'Shylaja', '2020-03-07 23:59:29', '8055842334', '2020-03-12 20:41:10', '2020-03-12 20:41:43', 0, '1'),
(290, 'Te', '2020-03-08 00:06:51', '99493930', '2020-03-08 00:06:51', '2020-03-08 00:33:21', 1, '672'),
(291, 'Arul Paul', '2020-03-08 00:23:35', '9837042422', '2020-03-20 17:56:22', '2020-03-20 17:57:43', 1, '91'),
(292, 'Syeda', '2020-03-08 07:02:00', '8897490376', '2020-03-08 07:02:00', '2020-03-08 09:57:31', 1, '91'),
(293, 'Sau.Sangeeta Pradeep Patil', '2020-03-08 08:00:12', '9225845628', '2020-03-14 07:21:55', '2020-03-14 07:22:56', 1, '91'),
(294, 'Aravinda', '2020-03-08 08:17:46', '8885044448', '2020-03-08 08:31:34', '2020-03-08 08:32:35', 1, '91'),
(295, 'Basanthredfy', '2020-03-08 08:30:09', '9849007086', '2020-03-08 08:30:09', '2020-03-08 08:36:10', 1, '91'),
(296, 'Shripad vasudeo jog', '2020-03-08 09:53:46', '9850114586', '2020-03-09 12:15:20', '2020-03-09 12:21:21', 1, '91'),
(297, 'Basanth', '2020-03-08 10:00:46', '9849007085', '2020-03-08 10:00:46', '2020-03-08 10:01:46', 1, '91'),
(298, 'Test ', '2020-03-08 10:19:19', '123456677', '2020-03-08 10:19:19', '2020-03-08 10:33:45', 1, '93'),
(299, 'Ashish Pandey', '2020-03-08 15:06:15', ' 8756954189', '2020-03-08 15:06:15', '2020-03-08 15:43:16', 1, '91'),
(300, 'K v Ramdas', '2020-03-08 15:13:16', '9212710145', '2020-03-08 15:13:16', '2020-03-08 17:45:38', 1, '91'),
(301, 'Dr Netaji Jadhav', '2020-03-08 16:24:40', '09823546375', '2020-04-29 18:04:24', '2020-04-29 18:06:26', 1, '91'),
(302, 'Rupali sawai', '2020-03-08 17:29:17', '9130956645', '2020-03-08 17:29:17', '2020-03-08 17:29:47', 1, '91'),
(303, 'Vijay kumar', '2020-03-08 18:19:39', '08059249649', '2020-03-08 18:19:39', '2020-03-08 20:39:10', 1, '91'),
(304, 'Sharad Vaman Kirpan', '2020-03-08 21:07:13', '8689878682', '2020-03-08 21:59:53', '2020-03-09 00:53:13', 1, '91'),
(305, 'sayee dhandayutham', '2020-03-08 21:18:07', '8825801152', '2020-03-08 21:43:41', '2020-03-08 23:41:11', 1, '91'),
(306, 'NK Sharma', '2020-03-08 21:30:43', '9324899236', '2020-03-08 23:36:14', '2020-03-08 23:46:15', 1, '91'),
(307, 'Balwantsingh', '2020-03-08 21:53:19', 'O0', '2020-03-08 21:53:19', '2020-03-08 21:54:52', 1, '873'),
(308, 'Balwantsingh', '2020-03-08 21:54:25', 'O0', '2020-03-08 21:54:25', '2020-03-08 21:56:26', 1, '8816'),
(309, 'Mahadeo pawar', '2020-03-08 22:14:52', '9881636677', '2020-03-10 16:38:00', '2020-03-10 16:38:10', 0, '91'),
(310, 'POONAM  TIWARI DO LATE ARUN TIWARI', '2020-03-08 23:03:20', '9425898051', '2020-03-09 07:56:16', '2020-03-09 08:51:50', 1, '91'),
(311, 'Ritu Bharti Mishra', '2020-03-09 07:19:58', '9028005551', '2020-03-09 15:12:23', '2020-03-09 17:15:44', 1, '91'),
(312, 'Tapomay Bandyopadhyay', '2020-03-09 10:58:59', '9432208935', '2020-03-09 10:58:59', '2020-03-09 10:59:29', 1, '91'),
(313, 'Ranjan Mandal', '2020-03-09 11:03:08', '7979777019', '2020-03-09 11:40:36', '2020-03-09 11:43:36', 1, '91'),
(314, 'Test', '2020-03-09 20:05:49', '74743', '2020-03-09 20:05:49', '2020-03-09 20:08:49', 1, '93'),
(315, 'Ror', '2020-03-09 20:09:19', '74747', '2020-03-09 20:09:19', '2020-03-09 21:09:00', 1, '1-264'),
(316, 'SATISH KHATRI', '2020-03-09 20:55:39', '9999074754', '2020-03-09 20:55:39', '2020-03-09 21:54:21', 1, '91'),
(317, 'Kishu Teckchandani', '2020-03-09 21:20:13', '9811123333', '2020-03-09 21:20:13', '2020-03-09 21:20:16', 0, '91'),
(318, 'Ashitosh', '2020-03-09 22:03:23', '9881636677', '2020-03-09 22:03:23', '2020-03-10 16:38:10', 0, '93'),
(319, 'Tejas padiya', '2020-03-09 22:44:02', '9173045255', '2020-03-09 22:44:02', '2020-03-09 22:47:03', 1, '91'),
(320, 'apoorva reddy', '2020-03-09 22:57:55', '8885044440', '2020-03-09 22:57:55', '2020-03-10 00:05:56', 1, '91'),
(321, 'Amit Bhole', '2020-03-10 16:23:21', '7587550926', '2020-03-11 01:26:07', '2020-03-11 02:31:08', 1, '44'),
(322, 'Premkumar', '2020-03-10 19:37:31', '9902609268', '2020-03-18 07:07:11', '2020-03-18 07:08:11', 1, '91'),
(323, 'SURESHKUMAR NAYEE', '2020-03-11 13:50:07', '09824065168', '2020-03-11 13:50:07', '2020-03-11 13:53:38', 1, '91'),
(324, 'Geeta Bajpai', '2020-03-11 15:34:22', '9723037539', '2020-03-11 15:34:22', '2020-03-11 15:41:23', 1, '91'),
(325, 'Madhulika', '2020-03-11 17:59:19', '9818679320', '2020-03-11 17:59:19', '2020-03-11 18:08:49', 1, '91'),
(326, 'Sridhar Krishnamurthy', '2020-03-12 06:35:34', '9849011303', '2020-03-12 06:35:34', '2020-03-12 06:46:07', 1, '91'),
(327, 'Devesh', '2020-03-14 06:22:50', '9828152015', '2020-03-14 06:22:50', '2020-03-14 06:23:50', 1, '91'),
(328, 'Shankar Nikalje', '2020-03-14 16:31:18', '9404790114', '2020-03-14 16:31:18', '2020-03-14 16:39:47', 1, '91'),
(329, 'Ambar', '2020-03-15 13:11:36', '9765429709', '2020-03-15 13:11:36', '2020-03-15 13:12:06', 1, '91'),
(330, 'khushiram g keswani', '2020-03-15 23:57:59', '7499632220', '2020-03-15 23:57:59', '2020-03-15 23:58:29', 1, '91'),
(331, 'Rajani Choudhary', '2020-04-08 07:06:00', '09144262064', '2020-04-08 07:06:00', '2020-04-08 07:27:08', 0, '1'),
(332, 'Rajani Choudhary', '2020-04-08 07:27:00', '09144262064', '2020-04-08 07:27:00', '2020-04-08 07:27:08', 0, '91');

--
-- Indexes for dumped tables
--

--
-- Indexes for table `tbl_questions`
--
ALTER TABLE `tbl_questions`
  ADD PRIMARY KEY (`id`);

--
-- Indexes for table `tbl_users`
--
ALTER TABLE `tbl_users`
  ADD PRIMARY KEY (`id`);

--
-- AUTO_INCREMENT for dumped tables
--

--
-- AUTO_INCREMENT for table `tbl_questions`
--
ALTER TABLE `tbl_questions`
  MODIFY `id` int(11) NOT NULL AUTO_INCREMENT, AUTO_INCREMENT=284;
--
-- AUTO_INCREMENT for table `tbl_users`
--
ALTER TABLE `tbl_users`
  MODIFY `id` int(3) NOT NULL AUTO_INCREMENT, AUTO_INCREMENT=333;
/*!40101 SET CHARACTER_SET_CLIENT=@OLD_CHARACTER_SET_CLIENT */;
/*!40101 SET CHARACTER_SET_RESULTS=@OLD_CHARACTER_SET_RESULTS */;
/*!40101 SET COLLATION_CONNECTION=@OLD_COLLATION_CONNECTION */;
