-- phpMyAdmin SQL Dump
-- version 4.6.6deb5ubuntu0.5
-- https://www.phpmyadmin.net/
--
-- Host: localhost:3306
-- Generation Time: Jan 07, 2022 at 08:25 AM
-- Server version: 5.7.36-0ubuntu0.18.04.1
-- PHP Version: 7.2.24-0ubuntu0.18.04.10

SET SQL_MODE = "NO_AUTO_VALUE_ON_ZERO";
SET time_zone = "+00:00";


/*!40101 SET @OLD_CHARACTER_SET_CLIENT=@@CHARACTER_SET_CLIENT */;
/*!40101 SET @OLD_CHARACTER_SET_RESULTS=@@CHARACTER_SET_RESULTS */;
/*!40101 SET @OLD_COLLATION_CONNECTION=@@COLLATION_CONNECTION */;
/*!40101 SET NAMES utf8mb4 */;

--
-- Database: `ffd_041221`
--

-- --------------------------------------------------------

--
-- Table structure for table `tbl_countries`
--

CREATE TABLE `tbl_countries` (
  `country` varchar(43) DEFAULT NULL,
  `cntry_code` varchar(5) DEFAULT NULL
) ENGINE=MyISAM DEFAULT CHARSET=utf8;

--
-- Dumping data for table `tbl_countries`
--

INSERT INTO `tbl_countries` (`country`, `cntry_code`) VALUES
('Afghanistan', '93'),
('Albania', '355'),
('Algeria', '213'),
('American Samoa', '1-684'),
('Andorra', '376'),
('Angola', '244'),
('Anguilla', '1-264'),
('Antarctica', '672'),
('Antigua', '1-268'),
('Argentina', '54'),
('Armenia', '374'),
('Aruba', '297'),
('Ascension', '247'),
('Australia', '61'),
('Australian External Territories', '672'),
('Austria', '43'),
('Azerbaijan', '994'),
('Bahamas', '1-242'),
('Bahrain', '973'),
('Bangladesh', '880'),
('Barbados', '1-246'),
('Barbuda', '1-268'),
('Belarus', '375'),
('Belgium', '32'),
('Belize', '501'),
('Benin', '229'),
('Bermuda', '1-441'),
('Bhutan', '975'),
('Bolivia', '591'),
('Bosnia & Herzegovina', '387'),
('Botswana', '267'),
('Brazil', '55'),
('British Virgin Islands', '1-284'),
('Brunei Darussalam', '673'),
('Bulgaria', '359'),
('Burkina Faso', '226'),
('Burundi', '257'),
('Cambodia', '855'),
('Cameroon', '237'),
('Canada', '1'),
('Cape Verde Islands', '238'),
('Cayman Islands', '1-345'),
('Central African Republic', '236'),
('Chad', '235'),
('Chatham Island (New Zealand)', '64'),
('Chile', '56'),
('China (PRC)', '86'),
('Christmas Island', '61-8'),
('', ''),
('Cocos-Keeling Islands', '61'),
('Colombia', '57'),
('Comoros', '269'),
('Congo', '242'),
('Congo, Dem. Rep. of?', '243'),
('Cook Islands', '682'),
('Costa Rica', '506'),
('C?te d\'Ivoire', '225'),
('Croatia', '385'),
('Cuba', '53'),
('Cuba', '5399'),
('Cura?ao', '599'),
('Cyprus', '357'),
('Czech Republic', '420'),
('Denmark', '45'),
('Diego Garcia', '246'),
('Djibouti', '253'),
('Dominica', '1-767'),
('Dominican Republic', '1-809'),
('East Timor', '670'),
('Easter Island', '56'),
('Ecuador', '593'),
('Egypt', '20'),
('El Salvador', '503'),
('Equatorial Guinea', '240'),
('Eritrea', '291'),
('Estonia', '372'),
('Ethiopia', '251'),
('Falkland Islands', '500'),
('Faroe Islands', '298'),
('Fiji Islands', '679'),
('Finland', '358'),
('France', '33'),
('French Antilles', '596'),
('French Guiana', '594'),
('French Polynesia', '689'),
('Gabonese Republic', '241'),
('Gambia', '220'),
('Georgia', '995'),
('Germany', '49'),
('Ghana', '233'),
('Gibraltar', '350'),
('Greece', '30'),
('Greenland', '299'),
('Grenada', '1-473'),
('Guadeloupe', '590'),
('Guam', '1-671'),
('Guantanamo Bay', '5399'),
('Guatemala', '502'),
('Guinea-Bissau', '245'),
('Guinea', '224'),
('Guyana', '592'),
('Haiti', '509'),
('Honduras', '504'),
('Hong Kong', '852'),
('Hungary', '36'),
('Iceland', '354'),
('India', '91'),
('Indonesia', '62'),
('Inmarsat (Atlantic Ocean - East)', '871'),
('Inmarsat (Atlantic Ocean - West)', '874'),
('Inmarsat (Indian Ocean)', '873'),
('Inmarsat (Pacific Ocean)', '872'),
('International Freephone Service', '800'),
('International Shared Cost Service (ISCS)', '808'),
('Iran', '98'),
('Iraq', '964'),
('Ireland', '353'),
('Iridium', '8816'),
('Israel', '972'),
('Italy', '39'),
('Jamaica', '1-876'),
('Japan', '81'),
('Jordan', '962'),
('Kazakhstan', '7'),
('Kenya', '254'),
('Kiribati', '686'),
('Korea (North)', '850'),
('Korea (South)', '82'),
('Kuwait', '965'),
('Kyrgyz Republic', '996'),
('Laos', '856'),
('Latvia', '371'),
('Lebanon', '961'),
('Lesotho', '266'),
('Liberia', '231'),
('Libya', '218'),
('Liechtenstein', '423'),
('Lithuania', '370'),
('Luxembourg', '352'),
('Macao', '853'),
('Macedonia', '389'),
('Madagascar', '261'),
('Malawi', '265'),
('Malaysia', '60'),
('Maldives', '960'),
('Mali Republic', '223'),
('Malta', '356'),
('Marshall Islands', '692'),
('Martinique', '596'),
('Mauritania', '222'),
('Mauritius', '230'),
('Mayotte Island', '269'),
('Mexico', '52'),
('Micronesia, (Federal States of)', '691'),
('Midway Island', '1-808'),
('Moldova', '373'),
('Monaco', '377'),
('Mongolia', '976'),
('Montenegro', '382'),
('Montserrat', '1-664'),
('Morocco', '212'),
('Mozambique', '258'),
('Myanmar', '95'),
('Namibia', '264'),
('Nauru', '674'),
('Nepal', '977'),
('Netherlands', '31'),
('Netherlands Antilles', '599'),
('Nevis', '1-869'),
('New Caledonia', '687'),
('New Zealand', '64'),
('Nicaragua', '505'),
('Niger', '227'),
('Nigeria', '234'),
('Niue', '683'),
('Norfolk Island', '672'),
('Northern Marianas Islands', '1-670'),
('', ''),
('Norway', '47'),
('Oman', '968'),
('Pakistan', '92'),
('Palau', '680'),
('Palestinian Settlements', '970'),
('Panama', '507'),
('Papua New Guinea', '675'),
('Paraguay', '595'),
('Peru', '51'),
('Philippines', '63'),
('Poland', '48'),
('Portugal', '351'),
('Puerto Rico', '1-787'),
('Qatar', '974'),
('R?union Island', '262'),
('Romania', '40'),
('Russia', '7'),
('Rwandese Republic', '250'),
('St. Helena', '290'),
('St. Kitts/Nevis', '1-869'),
('St. Lucia', '-757'),
('St. Pierre & Miquelon', '508'),
('St. Vincent & Grenadines', '1-784'),
('Samoa', '685'),
('San Marino', '378'),
('S?o Tom? and Principe', '239'),
('Saudi Arabia', '966'),
('Senegal', '221'),
('Serbia', '381'),
('Seychelles Republic', '248'),
('Sierra Leone', '232'),
('Singapore', '65'),
('Slovak Republic', '421'),
('Slovenia', '386'),
('Solomon Islands', '677'),
('Somali Democratic Republic', '252'),
('South Africa', '27'),
('Spain', '34'),
('Sri Lanka', '94'),
('Sudan', '249'),
('Suriname', '597'),
('Swaziland', '268'),
('Sweden', '46'),
('Switzerland', '41'),
('Syria', '963'),
('Taiwan', '886'),
('Tajikistan', '992'),
('Tanzania', '255'),
('Thailand', '66'),
('Thuraya (Mobile Satellite service)', '88216'),
('Timor Leste', '670'),
('Togolese Republic', '228'),
('Tokelau', '690'),
('Tonga Islands', '676'),
('Trinidad & Tobago', '1-868'),
('Tunisia', '216'),
('Turkey', '90'),
('Turkmenistan', '993'),
('Turks and Caicos Islands', '1-649'),
('Tuvalu', '688'),
('Uganda', '256'),
('Ukraine', '380'),
('United Arab Emirates', '971'),
('United Kingdom', '44'),
('United States of America', '1'),
('US Virgin Islands', '1-340'),
('Universal Personal Telecommunications (UPT)', '878'),
('Uruguay', '598'),
('Uzbekistan', '998'),
('Vanuatu', '678'),
('Vatican City', '39'),
('Venezuela', '58'),
('Vietnam', '84'),
('Wake Island', '808');

-- --------------------------------------------------------

--
-- Table structure for table `tbl_questions`
--

CREATE TABLE `tbl_questions` (
  `id` int(11) NOT NULL,
  `user_name` varchar(255) NOT NULL,
  `user_phone` varchar(15) NOT NULL,
  `user_question` varchar(500) NOT NULL,
  `asked_at` datetime NOT NULL,
  `user_code` varchar(10) NOT NULL,
  `speaker` int(11) NOT NULL DEFAULT '0',
  `answered` int(11) NOT NULL DEFAULT '0',
  `eventname` varchar(50) NOT NULL,
  `responded` int(11) DEFAULT '0',
  `doctor` int(11) DEFAULT '0',
  `diet` int(11) DEFAULT '0',
  `exercise` int(11) DEFAULT '0',
  `mentor` int(11) DEFAULT '0',
  `operations` int(11) DEFAULT '0',
  `InnerTransformation` int(11) DEFAULT '0',
  `Sales` int(11) DEFAULT '0',
  `Program` int(11) DEFAULT '0',
  `remark` varchar(200) DEFAULT NULL
) ENGINE=InnoDB DEFAULT CHARSET=latin1;

--
-- Dumping data for table `tbl_questions`
--

INSERT INTO `tbl_questions` (`id`, `user_name`, `user_phone`, `user_question`, `asked_at`, `user_code`, `speaker`, `answered`, `eventname`, `responded`, `doctor`, `diet`, `exercise`, `mentor`, `operations`, `InnerTransformation`, `Sales`, `Program`, `remark`) VALUES
(1, 'C.Ratheesh', '9474276494', 'Eating fiber foods help control my pre-diabetes but after eating white rice blood sugar spikes', '2021-11-27 10:16:53', '', 0, 0, 'ffd050121', 0, 0, 0, 0, 0, 0, 0, 0, 0, NULL),
(2, 'Jacqulin', '9944328179', 'Having severe tiredness and leg burning', '2021-11-30 03:31:06', '', 0, 0, 'ffd050121', 0, 0, 0, 0, 0, 0, 0, 0, 0, NULL),
(3, 'Poornima shankar', '8951167089', 'Pl tell me about food for breakfast luch .n dinner', '2021-11-30 15:10:48', '', 0, 0, 'ffd050121', 0, 0, 0, 0, 0, 0, 0, 0, 0, NULL),
(4, 'Aashish Agrawal', '9422245454', 'Hbac1 os 7.7 and having weightloss', '2021-12-01 21:49:19', '', 0, 0, 'ffd050121', 0, 0, 0, 0, 0, 0, 0, 0, 0, NULL),
(5, 'Basavaraj chanda', '7795198459', 'Can I get recording of video', '2021-12-02 15:16:50', '91', 0, 0, 'ffd050121', 0, 0, 0, 0, 0, 0, 0, 0, 0, NULL),
(6, 'P N Kannan', '09381062307', 'Namasthe Doctor,  \r\nLast twenty years I am Diabetic.\r\nNow I also liver syrossis. \r\n1. Any more payment is required for Intensive Diabetic Reversal Program?', '2021-12-02 15:20:45', '', 0, 0, 'ffd050121', 0, 0, 0, 0, 0, 0, 0, 0, 0, NULL),
(7, 'P N Kannan', '09381062307', 'People beith liver Sirossis with age 80 years will benefit from the Intensive Diabetic Reversal Program? ', '2021-12-02 15:23:12', '', 0, 0, 'ffd050121', 0, 0, 0, 0, 0, 0, 0, 0, 0, NULL),
(8, 'Shakeel ur Rehman ', '872244888', 'I am suffering from high blood sugar since 15 years. I am heavy smoker, occasionally have alcohol and heavy non veg. I am losing my muscles eye sight and my sexual life is also affected due to non erection and fast ejuculation. Please provide me best advice.', '2021-12-02 22:28:09', '258', 0, 0, 'ffd050121', 0, 0, 0, 0, 0, 0, 0, 0, 0, NULL),
(9, 'Sandhya Malhotra', '09425245551', 'How can I bring down my sugar levels. Because inspite of medication n insulin my sugar levels are high.', '2021-12-02 22:46:49', '', 0, 0, 'ffd050121', 0, 0, 0, 0, 0, 0, 0, 0, 0, NULL),
(10, 'PC Abraham', '9880730333', 'I have medical issues apart from 22 years of Diabetes , including cerebral attropy,imbalance,Prostrate enlargement\r\n grade 1,.can my problems be resolved by doing I year course from you? ', '2021-12-03 11:17:59', '91', 0, 0, 'ffd050121', 0, 0, 0, 0, 0, 0, 0, 0, 0, NULL),
(11, 'Beena ', '07994069965', 'I am 58 years  lady  .I  am  diabetic  person ', '2021-12-03 15:59:57', '', 0, 0, 'ffd050121', 0, 0, 0, 0, 0, 0, 0, 0, 0, NULL),
(12, 'R Raviprakash', '9449000101', 'I am 73 years and diabetic for the last 25 years can this programme help thanks ', '2021-12-03 20:31:17', '91', 0, 0, 'ffd050121', 0, 0, 0, 0, 0, 0, 0, 0, 0, NULL),
(13, 'RAJAPPA KC', '9448234390', ' Since from30yr I am diabetic age51 FBS 132andHBA1C IS 8.1 medicine is geneglim m2forte 500mg. Twice aday can I reversal diabetes\r\n1', '2021-12-03 20:52:26', '', 0, 0, 'ffd050121', 0, 0, 0, 0, 0, 0, 0, 0, 0, NULL),
(14, 'Rajappa kc', '9448234390', 'Since from30yr I am diabetic my age is50yr HBA1C IS 8.1 AND Medicine is geneglim m2forte daily can I reversal the  the diabetes FBS is132on Dec 2', '2021-12-03 21:08:13', '', 0, 0, 'ffd050121', 0, 0, 0, 0, 0, 0, 0, 0, 0, NULL),
(15, 'RAJAPPA', '9448234390', 'I want to lead healthy Life', '2021-12-03 21:26:44', '91', 0, 0, 'ffd050121', 0, 0, 0, 0, 0, 0, 0, 0, 0, NULL),
(16, 'RAJAPPA', '9448234390', 'How can I control my suger level', '2021-12-03 21:27:25', '91', 0, 0, 'ffd050121', 0, 0, 0, 0, 0, 0, 0, 0, 0, NULL),
(17, 'RAJAPPA', '9448234390', 'How can I login for tomorrow\'s session\r\n', '2021-12-03 21:30:29', '91', 0, 0, 'ffd050121', 0, 0, 0, 0, 0, 0, 0, 0, 0, NULL),
(18, 'RAJAPPA KC', '9448234390', 'How can I open the tomot meet\r\n link', '2021-12-03 21:38:35', '91', 0, 0, 'ffd050121', 0, 0, 0, 0, 0, 0, 0, 0, 0, NULL),
(19, 'SOUMYAJIT ROY', '782207917', 'Me I\'m diabetic for last 7 yrs but the diabetes is not under control fasting sugar around 9 to 11', '2021-12-03 22:02:35', '255', 0, 0, 'ffd050121', 0, 0, 0, 0, 0, 0, 0, 0, 0, NULL),
(20, 'SOUMYAJIT ROY', '782207917', 'I\'m diabetic for last 7 yrs fasting sugar around 8 to 11', '2021-12-03 22:04:03', '255', 0, 0, 'ffd050121', 0, 0, 0, 0, 0, 0, 0, 0, 0, NULL),
(21, 'Vanaja', '9663383668', 'I cannot hear ', '2021-12-04 07:34:04', '', 0, 0, 'ffd050121', 0, 0, 0, 0, 0, 0, 0, 0, 0, NULL),
(22, 'Shailaja', '09820821644', 'Can I eat fruits after meal or as meal.\r\nI have just started my medicines just three days back', '2021-12-04 07:40:27', '91', 0, 0, 'ffd050121', 0, 0, 0, 0, 0, 0, 0, 0, 0, NULL),
(23, 'Jacqulin', '9944328179', 'Tiredness..food routine', '2021-12-04 07:44:07', '', 0, 0, 'ffd050121', 0, 0, 0, 0, 0, 0, 0, 0, 0, NULL),
(24, 'SRINATH', '7349185656', 'Is it possible to reverse diabetes completely as I have a CT report that says pancreas tail is no more.\r\n\r\n', '2021-12-04 07:49:11', '', 0, 0, 'ffd050121', 0, 0, 0, 0, 0, 0, 0, 0, 0, NULL),
(25, 'Ratheesh', '9474276494', 'Potatoes and coconut helps in my sugar why', '2021-12-04 07:49:19', '', 0, 0, 'ffd050121', 0, 0, 0, 0, 0, 0, 0, 0, 0, NULL),
(26, 'Vijetha Salagundi', '7326406797', '1. I have pcos, hypothyroidism, type 2 and Rheumatoid Arthritis. Taking medication only for thyroid so which group I have to register?\r\n2. I have gut issues too so how can I handle raw foods?\r\n\r\n\r\n\r\n\r\n\r\n\r\n', '2021-12-04 07:50:38', '1', 0, 0, 'ffd050121', 0, 0, 0, 0, 0, 0, 0, 0, 0, NULL),
(27, 'VALSA WILLIAMS', '9810153525', 'CAN WE WATCH THIS LATER AT A MORE PERSONALLY CONVENIENT TIME ', '2021-12-04 07:51:15', '91', 0, 0, 'ffd050121', 0, 0, 0, 0, 0, 0, 0, 0, 0, NULL),
(28, 'Vibhuti Bhangui', '9527436313', 'Good morning Doctor seeing your videos I have come from diabetics to pre diabetics now I want to become non diabetics. For past 10yrs I am suffering from diabetics', '2021-12-04 07:51:52', '91', 0, 0, 'ffd050121', 0, 0, 0, 0, 0, 0, 0, 0, 0, NULL),
(29, 'Kalaivani', '9597651874', 'Diabetic', '2021-12-04 07:52:44', '', 0, 0, 'ffd050121', 0, 0, 0, 0, 0, 0, 0, 0, 0, NULL),
(30, 'Nars Sampath', '91017334', 'Look forward to the session today ', '2021-12-04 07:55:24', '65', 0, 0, 'ffd050121', 0, 0, 0, 0, 0, 0, 0, 0, 0, NULL),
(31, 'Surya', '6462208546', 'I am thin, 52 Kg weight, aged 42 years. How can i increase my weight to 60 Kg minimum. How long does it take.', '2021-12-04 07:55:46', '1', 0, 0, 'ffd050121', 0, 0, 0, 0, 0, 0, 0, 0, 0, NULL),
(32, 'Manas kumar sinha', '08910935589', 'Can\'t understand whether I am in right to join yr sessions ', '2021-12-04 07:57:10', '91', 0, 0, 'ffd050121', 0, 0, 0, 0, 0, 0, 0, 0, 0, NULL),
(33, 'Smita', '4692237413', '1. will the recording of this session be provided?\r\n2. Have you had success with removing insulin resistance and weight loss for post menoposal women? is the process different for this group of people?', '2021-12-04 07:57:22', '1', 0, 0, 'ffd050121', 0, 0, 0, 0, 0, 0, 0, 0, 0, NULL),
(34, 'Poornima m.j.', '8951167089', 'Pl tell l about the food', '2021-12-04 07:58:12', '', 0, 0, 'ffd050121', 0, 0, 0, 0, 0, 0, 0, 0, 0, NULL),
(35, 'Poornima m.j.', '8951167089', 'Tell us about the food intaking', '2021-12-04 07:58:57', '', 0, 0, 'ffd050121', 0, 0, 0, 0, 0, 0, 0, 0, 0, NULL),
(36, 'Munjal kothari', '9821039999', 'Recently after I got Covid in march my glycoslated has come 8.4 so I want to try your programme as I hunt started any medicine as yet ', '2021-12-04 07:59:20', '91', 0, 0, 'ffd050121', 0, 0, 0, 0, 0, 0, 0, 0, 0, NULL),
(37, 'Paromita Nukerjee', '9560186611', 'I am 52, female, had complete hysterectomy 8 months back and diabetic for 12 years. I want to be forever free. Pls help', '2021-12-04 08:00:52', '91', 0, 0, 'ffd050121', 0, 0, 0, 0, 0, 0, 0, 0, 0, NULL),
(38, 'Basavaraj chanda', '7795198459', 'When will it starts', '2021-12-04 08:01:08', '91', 0, 0, 'ffd050121', 0, 0, 0, 0, 0, 0, 0, 0, 0, NULL),
(39, 'Munjal kothari', '9821039999', 'I feel slow in my decision making nowadays & lot of confusion in my mind ', '2021-12-04 08:01:08', '91', 0, 0, 'ffd050121', 0, 0, 0, 0, 0, 0, 0, 0, 0, NULL),
(40, 'Basavaraj chanda', '7795198459', 'Can I get recording of season', '2021-12-04 08:01:27', '91', 0, 0, 'ffd050121', 0, 0, 0, 0, 0, 0, 0, 0, 0, NULL),
(41, 'Ramaswamy Vishwanathan Iyer', '9224213604', 'Is parboiled rice a lesser evil than brown rice in terms of GI and the sugar spike due to lower amylopectin ? \r\nCan rice be made better by traditional cooking of removing kanji rather than pressure cooked ?', '2021-12-04 08:01:46', '', 0, 0, 'ffd050121', 0, 0, 0, 0, 0, 0, 0, 0, 0, NULL),
(42, 'Parina.R', '9632887314', 'Is anybody went with freedom,I have not yet taken medicine still now ,I afraid of my health after diabetes ', '2021-12-04 08:01:50', '', 0, 0, 'ffd050121', 0, 0, 0, 0, 0, 0, 0, 0, 0, NULL),
(43, 'Sudheep .N.', '99526887', 'should i stop non vegetrian diet for the revrsal of diabetics', '2021-12-04 08:01:51', '968', 0, 0, 'ffd050121', 0, 0, 0, 0, 0, 0, 0, 0, 0, NULL),
(44, 'Blase Fernandes ', '9861114119', '6month back on 26th may 2021 I have undergone operation of of heart attack placing one stent in my heart and on 2nd november removed gallbladder operation was done.My A1c test is 168. I am under medication ', '2021-12-04 08:01:52', '', 0, 0, 'ffd050121', 0, 0, 0, 0, 0, 0, 0, 0, 0, NULL),
(45, 'Ranjeet Gupta', '9599720355', 'Hello sir, is there specific program for reversal of diabetes', '2021-12-04 08:02:11', '', 0, 0, 'ffd050121', 0, 0, 0, 0, 0, 0, 0, 0, 0, NULL),
(46, 'Surya', '6462208546', 'Is it live ? has it started , not sure whether its started or not ?', '2021-12-04 08:02:25', '1', 0, 0, 'ffd050121', 0, 0, 0, 0, 0, 0, 0, 0, 0, NULL),
(47, 'UPPALA V SRIDHAR BABU', '9916380680', 'Hi Sir\r\ncan you hear me?\r\n', '2021-12-04 08:02:42', '', 0, 0, 'ffd050121', 0, 0, 0, 0, 0, 0, 0, 0, 0, NULL),
(48, 'P T Thomas ', '7738106778', 'Now seeing the Video ', '2021-12-04 08:02:49', '', 0, 0, 'ffd050121', 0, 0, 0, 0, 0, 0, 0, 0, 0, NULL),
(49, 'Vilaas BV Rqo', '9972044525', 'I am not diabetic, but my elder brother is. Hence trying to prepare myself..believe I need to lose 4 to 5 kg weight as I am 75kg and 5\' 9\" height', '2021-12-04 08:05:18', '', 0, 0, 'ffd050121', 0, 0, 0, 0, 0, 0, 0, 0, 0, NULL),
(50, 'Himanshu Verma', '39791776', 'I had a heart attack in October 2020. Is it ok to take up this program?\r\nI am a pure non vegetarian, atleast once in two days I eat chicken or fish and eggs in daily basis. Can these items be added to my diet program?', '2021-12-04 08:05:30', '973', 0, 0, 'ffd050121', 0, 0, 0, 0, 0, 0, 0, 0, 0, NULL),
(51, 'Jason Jose', '433434550', 'Yes', '2021-12-04 08:05:36', '61', 0, 0, 'ffd050121', 0, 0, 0, 0, 0, 0, 0, 0, 0, NULL),
(52, 'Ranjeet Gupta', '9599720355', 'Yes', '2021-12-04 08:05:45', '', 0, 0, 'ffd050121', 0, 0, 0, 0, 0, 0, 0, 0, 0, NULL),
(53, 'Poornima m.j.', '8951167089', 'Pl tell us about food i taking', '2021-12-04 08:05:49', '', 0, 0, 'ffd050121', 0, 0, 0, 0, 0, 0, 0, 0, 0, NULL),
(54, 'Kalyani Manchiraju', '4034791832', 'Yes', '2021-12-04 08:05:51', '1', 0, 0, 'ffd050121', 0, 0, 0, 0, 0, 0, 0, 0, 0, NULL),
(55, 'Tushar Gulavani', '0469674464', 'Yes', '2021-12-04 08:05:53', '61', 0, 0, 'ffd050121', 0, 0, 0, 0, 0, 0, 0, 0, 0, NULL),
(56, 'Kupendra .T', '9035421467', 'Yes', '2021-12-04 08:05:56', '', 0, 0, 'ffd050121', 0, 0, 0, 0, 0, 0, 0, 0, 0, NULL),
(57, 'Ajay Kumar Magidewar', '8600108268', 'yes', '2021-12-04 08:05:58', '', 0, 0, 'ffd050121', 0, 0, 0, 0, 0, 0, 0, 0, 0, NULL),
(58, 'Thunduparambil Devaraj', '07012122250', 'not sure', '2021-12-04 08:05:58', '', 0, 0, 'ffd050121', 0, 0, 0, 0, 0, 0, 0, 0, 0, NULL),
(59, 'Santosh Kumar', '8551081515', 'Yes', '2021-12-04 08:05:58', '', 0, 0, 'ffd050121', 0, 0, 0, 0, 0, 0, 0, 0, 0, NULL),
(60, 'Vaibhavi. Venkat', '9821601603', 'Yes', '2021-12-04 08:05:59', '91', 0, 0, 'ffd050121', 0, 0, 0, 0, 0, 0, 0, 0, 0, NULL),
(61, 'B ANIL KUMAR', '9448936657', 'YES\r\n', '2021-12-04 08:05:59', '', 0, 0, 'ffd050121', 0, 0, 0, 0, 0, 0, 0, 0, 0, NULL),
(62, 'Sanjeevani Sathe', '9910405036', 'Not sure', '2021-12-04 08:05:59', '', 0, 0, 'ffd050121', 0, 0, 0, 0, 0, 0, 0, 0, 0, NULL),
(63, 'Susan Thomas', '9840012515', 'no', '2021-12-04 08:05:59', '', 0, 0, 'ffd050121', 0, 0, 0, 0, 0, 0, 0, 0, 0, NULL),
(64, 'Vibhuti Bhangui', '9527436313', 'Yes', '2021-12-04 08:06:00', '91', 0, 0, 'ffd050121', 0, 0, 0, 0, 0, 0, 0, 0, 0, NULL),
(65, 'vishak sridhar', '4199089353', 'Not sure', '2021-12-04 08:06:00', '1', 0, 0, 'ffd050121', 0, 0, 0, 0, 0, 0, 0, 0, 0, NULL),
(66, 'Arun Gupta', '9820019435', 'Not sure', '2021-12-04 08:06:00', '', 0, 0, 'ffd050121', 0, 0, 0, 0, 0, 0, 0, 0, 0, NULL),
(67, 'Tulasi Ramarao', '8454610716', 'not sure', '2021-12-04 08:06:00', '1', 0, 0, 'ffd050121', 0, 0, 0, 0, 0, 0, 0, 0, 0, NULL),
(68, 'Vijetha Salagundi', '7326406797', 'Yes', '2021-12-04 08:06:01', '1', 0, 0, 'ffd050121', 0, 0, 0, 0, 0, 0, 0, 0, 0, NULL),
(69, 'Nanthakishore Baskaran', '8473027834', 'Possible ', '2021-12-04 08:06:01', '1', 0, 0, 'ffd050121', 0, 0, 0, 0, 0, 0, 0, 0, 0, NULL),
(70, 'Vijayakumar ', '9963233266', 'Yes', '2021-12-04 08:06:01', '', 0, 0, 'ffd050121', 0, 0, 0, 0, 0, 0, 0, 0, 0, NULL),
(71, 'Susheel P', '9849219064', 'NOT SURE\r\n', '2021-12-04 08:06:02', '', 0, 0, 'ffd050121', 0, 0, 0, 0, 0, 0, 0, 0, 0, NULL),
(72, 'Priyanka Gokave', '09503765178', 'Yes', '2021-12-04 08:06:02', '', 0, 0, 'ffd050121', 0, 0, 0, 0, 0, 0, 0, 0, 0, NULL),
(73, 'Dr Alka Kulkarni', '8879725093', 'Yes', '2021-12-04 08:06:02', '', 0, 0, 'ffd050121', 0, 0, 0, 0, 0, 0, 0, 0, 0, NULL),
(74, 'Ramesh Bidaloor', '9980351100', 'Yes', '2021-12-04 08:06:02', '', 0, 0, 'ffd050121', 0, 0, 0, 0, 0, 0, 0, 0, 0, NULL),
(75, 'Krishna Iyer', '9833411669', 'Yes', '2021-12-04 08:06:02', '', 0, 0, 'ffd050121', 0, 0, 0, 0, 0, 0, 0, 0, 0, NULL),
(76, 'Santosh Sarjerao Wadekar', '9850432152', 'yes', '2021-12-04 08:06:02', '', 0, 0, 'ffd050121', 0, 0, 0, 0, 0, 0, 0, 0, 0, NULL),
(77, 'Manoj Kumar B N', '6782316902', 'Yes', '2021-12-04 08:06:02', '1', 0, 0, 'ffd050121', 0, 0, 0, 0, 0, 0, 0, 0, 0, NULL),
(78, 'CHENDILNATHAN Balasubramanian', '09840058474', 'yes', '2021-12-04 08:06:02', '91', 0, 0, 'ffd050121', 0, 0, 0, 0, 0, 0, 0, 0, 0, NULL),
(79, 'Sanjay Patel', '5147038184', 'not sure', '2021-12-04 08:06:03', '1', 0, 0, 'ffd050121', 0, 0, 0, 0, 0, 0, 0, 0, 0, NULL),
(80, 'Pradeep ghare', '8378994811', 'Possible ', '2021-12-04 08:06:03', '91', 0, 0, 'ffd050121', 0, 0, 0, 0, 0, 0, 0, 0, 0, NULL),
(81, 'Anand', '466019283', 'Not sure', '2021-12-04 08:06:03', '32', 0, 0, 'ffd050121', 0, 0, 0, 0, 0, 0, 0, 0, 0, NULL),
(82, 'Geeta Jani', '9867690639', 'yes', '2021-12-04 08:06:03', '', 0, 0, 'ffd050121', 0, 0, 0, 0, 0, 0, 0, 0, 0, NULL),
(83, 'SENTHIL RAJ', '8056000749', 'Yes', '2021-12-04 08:06:04', '', 0, 0, 'ffd050121', 0, 0, 0, 0, 0, 0, 0, 0, 0, NULL),
(84, 'Pooja Bhagat', '95602960', 'Yes', '2021-12-04 08:06:04', '852', 0, 0, 'ffd050121', 0, 0, 0, 0, 0, 0, 0, 0, 0, NULL),
(85, 'manickam s', '9980597823', 'Not sure\r\n', '2021-12-04 08:06:04', '', 0, 0, 'ffd050121', 0, 0, 0, 0, 0, 0, 0, 0, 0, NULL),
(86, 'Arindam Mandal', '9040008881', 'Yes', '2021-12-04 08:06:04', '', 0, 0, 'ffd050121', 0, 0, 0, 0, 0, 0, 0, 0, 0, NULL),
(87, 'Lakshman Mysore', '9880004616', 'YES', '2021-12-04 08:06:05', '', 0, 0, 'ffd050121', 0, 0, 0, 0, 0, 0, 0, 0, 0, NULL),
(88, 'SANJAY LAMBE', '9820213908', 'possible', '2021-12-04 08:06:05', '', 0, 0, 'ffd050121', 0, 0, 0, 0, 0, 0, 0, 0, 0, NULL),
(89, 'K,Saravanan', '9008443377', 'Not Sure\r\n', '2021-12-04 08:06:05', '', 0, 0, 'ffd050121', 0, 0, 0, 0, 0, 0, 0, 0, 0, NULL),
(90, 'Vishal gupta', '9167730894', 'NAVI mumbai', '2021-12-04 08:06:05', '91', 0, 0, 'ffd050121', 0, 0, 0, 0, 0, 0, 0, 0, 0, NULL),
(91, 'Prathima Reddy', '09449655494', 'Not sure', '2021-12-04 08:06:05', '', 0, 0, 'ffd050121', 0, 0, 0, 0, 0, 0, 0, 0, 0, NULL),
(92, 'S Kannan', '9900150713', 'yes\r\n', '2021-12-04 08:06:05', '91', 0, 0, 'ffd050121', 0, 0, 0, 0, 0, 0, 0, 0, 0, NULL),
(93, 'SINDHU', '9059301050', 'NOT SURE', '2021-12-04 08:06:05', '', 0, 0, 'ffd050121', 0, 0, 0, 0, 0, 0, 0, 0, 0, NULL),
(94, ' Kumar', '9900264349', 'not sure\r\n', '2021-12-04 08:06:06', '', 0, 0, 'ffd050121', 0, 0, 0, 0, 0, 0, 0, 0, 0, NULL),
(95, 'RADHIKA NAGESWARAN BANU', '9143181338', 'YES\r\n', '2021-12-04 08:06:06', '1', 0, 0, 'ffd050121', 0, 0, 0, 0, 0, 0, 0, 0, 0, NULL),
(96, 'AMRITA SAXENA', '4258035348', 'YES\r\n', '2021-12-04 08:06:06', '1', 0, 0, 'ffd050121', 0, 0, 0, 0, 0, 0, 0, 0, 0, NULL),
(97, 'Deepa Manjunath', '08867288214', 'Possible', '2021-12-04 08:06:07', '', 0, 0, 'ffd050121', 0, 0, 0, 0, 0, 0, 0, 0, 0, NULL),
(98, 'Ekta Saxena', '9811906777', 'Not sure', '2021-12-04 08:06:07', '91', 0, 0, 'ffd050121', 0, 0, 0, 0, 0, 0, 0, 0, 0, NULL),
(99, 'R RAVICHANDRAN', '9028094422', 'Possible', '2021-12-04 08:06:08', '', 0, 0, 'ffd050121', 0, 0, 0, 0, 0, 0, 0, 0, 0, NULL),
(100, 'Eera Atora', '8750118252', 'Yes', '2021-12-04 08:06:09', '', 0, 0, 'ffd050121', 0, 0, 0, 0, 0, 0, 0, 0, 0, NULL),
(101, 'HARISH L B', '9921004570', 'YES !!!!!', '2021-12-04 08:06:10', '', 0, 0, 'ffd050121', 0, 0, 0, 0, 0, 0, 0, 0, 0, NULL),
(102, 'VijayTewari', '7600040045', 'Yes', '2021-12-04 08:06:11', '', 0, 0, 'ffd050121', 0, 0, 0, 0, 0, 0, 0, 0, 0, NULL),
(103, 'Gladys Michaeleen M', '9841251883', 'yes\r\n', '2021-12-04 08:06:11', '', 0, 0, 'ffd050121', 0, 0, 0, 0, 0, 0, 0, 0, 0, NULL),
(104, 'Brite Rosario', '09884110874', 'Chennai', '2021-12-04 08:06:12', '91', 0, 0, 'ffd050121', 0, 0, 0, 0, 0, 0, 0, 0, 0, NULL),
(105, 'Udeesha', '9820551086', 'Possible', '2021-12-04 08:06:12', '91', 0, 0, 'ffd050121', 0, 0, 0, 0, 0, 0, 0, 0, 0, NULL),
(106, 'Latha', '9449825956', 'Yes', '2021-12-04 08:06:13', '', 0, 0, 'ffd050121', 0, 0, 0, 0, 0, 0, 0, 0, 0, NULL),
(107, 'Jyothi', '09884786781', 'not sure\r\n', '2021-12-04 08:06:15', '', 0, 0, 'ffd050121', 0, 0, 0, 0, 0, 0, 0, 0, 0, NULL),
(108, 'Jitesh Padala', '2899718756', 'not sure', '2021-12-04 08:06:16', '1', 0, 0, 'ffd050121', 0, 0, 0, 0, 0, 0, 0, 0, 0, NULL),
(109, 'Smita', '4692237413', 'yes possible\r\n', '2021-12-04 08:06:17', '1', 0, 0, 'ffd050121', 0, 0, 0, 0, 0, 0, 0, 0, 0, NULL),
(110, 'Anil Amencherla', '07676998001', 'Not sure ', '2021-12-04 08:06:20', '', 0, 0, 'ffd050121', 0, 0, 0, 0, 0, 0, 0, 0, 0, NULL),
(111, 'Basavaraj chanda', '7795198459', 'Yes', '2021-12-04 08:06:23', '91', 0, 0, 'ffd050121', 0, 0, 0, 0, 0, 0, 0, 0, 0, NULL),
(112, 'Latha', '9449825956', 'Yes', '2021-12-04 08:06:25', '', 0, 0, 'ffd050121', 0, 0, 0, 0, 0, 0, 0, 0, 0, NULL),
(113, 'Sivakanth', '9786353361', 'yes', '2021-12-04 08:06:25', '', 0, 0, 'ffd050121', 0, 0, 0, 0, 0, 0, 0, 0, 0, NULL),
(114, 'Shruti Marathe', '8010443217', 'No', '2021-12-04 08:06:25', '', 0, 0, 'ffd050121', 0, 0, 0, 0, 0, 0, 0, 0, 0, NULL),
(115, 'Vandana Nayak', '5128256675', 'Friend reversed, so i know it\'s possible\r\n', '2021-12-04 08:06:25', '1', 0, 0, 'ffd050121', 0, 0, 0, 0, 0, 0, 0, 0, 0, NULL),
(116, 'Gopi Panuganti', '8135051760', 'Not Sure', '2021-12-04 08:06:25', '1', 0, 0, 'ffd050121', 0, 0, 0, 0, 0, 0, 0, 0, 0, NULL),
(117, 'Abhishek', '7799591054', 'Possible', '2021-12-04 08:06:25', '91', 0, 0, 'ffd050121', 0, 0, 0, 0, 0, 0, 0, 0, 0, NULL),
(118, 'Raghupal Reddy', '505293095', 'not sure\r\n', '2021-12-04 08:06:26', '971', 0, 0, 'ffd050121', 0, 0, 0, 0, 0, 0, 0, 0, 0, NULL),
(119, 'Pranav', '9442144222', 'Not sure', '2021-12-04 08:06:26', '', 0, 0, 'ffd050121', 0, 0, 0, 0, 0, 0, 0, 0, 0, NULL),
(120, 'Bharuk M', '9941013326', 'yes\r\n', '2021-12-04 08:06:29', '', 0, 0, 'ffd050121', 0, 0, 0, 0, 0, 0, 0, 0, 0, NULL),
(121, 'annath', '9686211337', 'yes, bangalore\r\n', '2021-12-04 08:06:29', '', 0, 0, 'ffd050121', 0, 0, 0, 0, 0, 0, 0, 0, 0, NULL),
(122, 'Narasimha Sastry Vadali', '9823368888', 'Yes reversal', '2021-12-04 08:06:32', '', 0, 0, 'ffd050121', 0, 0, 0, 0, 0, 0, 0, 0, 0, NULL),
(123, 'A N Patil', '9632786799', 'Yes', '2021-12-04 08:06:32', '', 0, 0, 'ffd050121', 0, 0, 0, 0, 0, 0, 0, 0, 0, NULL),
(124, 'Ramesh Kumar J', '8884178999', 'It\'s possible.', '2021-12-04 08:06:33', '', 0, 0, 'ffd050121', 0, 0, 0, 0, 0, 0, 0, 0, 0, NULL),
(125, 'Vitthal', '8474141334', 'Yes', '2021-12-04 08:06:33', '1', 0, 0, 'ffd050121', 0, 0, 0, 0, 0, 0, 0, 0, 0, NULL),
(126, 'Uma C', '9444908044', 'yes\r\n', '2021-12-04 08:06:34', '', 0, 0, 'ffd050121', 0, 0, 0, 0, 0, 0, 0, 0, 0, NULL),
(127, 'Kalaivani', '9597651874', 'Not sure', '2021-12-04 08:06:34', '', 0, 0, 'ffd050121', 0, 0, 0, 0, 0, 0, 0, 0, 0, NULL),
(128, 'Venkatesh KL Kanchi', '09845317482', 'Yes', '2021-12-04 08:06:35', '', 0, 0, 'ffd050121', 0, 0, 0, 0, 0, 0, 0, 0, 0, NULL),
(129, 'Maheedhar', '9553254988', 'Not Sure', '2021-12-04 08:06:36', '', 0, 0, 'ffd050121', 0, 0, 0, 0, 0, 0, 0, 0, 0, NULL),
(130, 'Bilal shah', '9867958458', 'Possible', '2021-12-04 08:06:36', '', 0, 0, 'ffd050121', 0, 0, 0, 0, 0, 0, 0, 0, 0, NULL),
(131, 'RAVINDER KONDA', '9391000958', 'not sure\r\n', '2021-12-04 08:06:37', '91', 0, 0, 'ffd050121', 0, 0, 0, 0, 0, 0, 0, 0, 0, NULL),
(132, 'Poornima m.j.', '8951167089', 'Yes', '2021-12-04 08:06:37', '', 0, 0, 'ffd050121', 0, 0, 0, 0, 0, 0, 0, 0, 0, NULL),
(133, 'Ritu Khanna', '8657420070', 'no\r\n', '2021-12-04 08:06:38', '', 0, 0, 'ffd050121', 0, 0, 0, 0, 0, 0, 0, 0, 0, NULL),
(134, 'Vishal gupta', '9167730894', 'Yes', '2021-12-04 08:06:38', '91', 0, 0, 'ffd050121', 0, 0, 0, 0, 0, 0, 0, 0, 0, NULL),
(135, 'Vijay', '9886771085', 'not sure', '2021-12-04 08:06:40', '', 0, 0, 'ffd050121', 0, 0, 0, 0, 0, 0, 0, 0, 0, NULL),
(136, 'Eleanor Rebello', '9619456447', 'Notsure', '2021-12-04 08:06:41', '', 0, 0, 'ffd050121', 0, 0, 0, 0, 0, 0, 0, 0, 0, NULL),
(137, 'Pravaker', '8016713731', 'Not sure', '2021-12-04 08:06:41', '', 0, 0, 'ffd050121', 0, 0, 0, 0, 0, 0, 0, 0, 0, NULL),
(138, 'Avadhoot', '9870486767', 'Not Sure', '2021-12-04 08:06:41', '', 0, 0, 'ffd050121', 0, 0, 0, 0, 0, 0, 0, 0, 0, NULL),
(139, 'BALAJI SETHUMATHAVAN', '06366622204', 'YES', '2021-12-04 08:06:42', '', 0, 0, 'ffd050121', 0, 0, 0, 0, 0, 0, 0, 0, 0, NULL),
(140, 'pradeep bhau', '09821517190', 'not sure', '2021-12-04 08:06:42', '', 0, 0, 'ffd050121', 0, 0, 0, 0, 0, 0, 0, 0, 0, NULL),
(141, 'sanjay agarwal', '9831124144', 'YES\r\n', '2021-12-04 08:06:42', '91', 0, 0, 'ffd050121', 0, 0, 0, 0, 0, 0, 0, 0, 0, NULL),
(142, 'Rekha Periapattanam', '8324759548', 'yes', '2021-12-04 08:06:43', '1', 0, 0, 'ffd050121', 0, 0, 0, 0, 0, 0, 0, 0, 0, NULL),
(143, 'KURAKULA SYAM PRASAD', '9972944408', 'Yes', '2021-12-04 08:06:43', '', 0, 0, 'ffd050121', 0, 0, 0, 0, 0, 0, 0, 0, 0, NULL),
(144, 'Kavita Agarwala', '9953780588', 'Yes', '2021-12-04 08:06:44', '', 0, 0, 'ffd050121', 0, 0, 0, 0, 0, 0, 0, 0, 0, NULL),
(145, 'Priyanka Sibal', '9987561433', 'Yes', '2021-12-04 08:06:45', '', 0, 0, 'ffd050121', 0, 0, 0, 0, 0, 0, 0, 0, 0, NULL),
(146, 'Reshmi Singh', '9969267194', 'not sure\r\n', '2021-12-04 08:06:46', '91', 0, 0, 'ffd050121', 0, 0, 0, 0, 0, 0, 0, 0, 0, NULL),
(147, 'Preetham K P', '9606063380', 'Yes', '2021-12-04 08:06:46', '', 0, 0, 'ffd050121', 0, 0, 0, 0, 0, 0, 0, 0, 0, NULL),
(148, 'Priyanka N', '9060695690', 'Yes', '2021-12-04 08:06:46', '', 0, 0, 'ffd050121', 0, 0, 0, 0, 0, 0, 0, 0, 0, NULL),
(149, 'Ratheesh', '9474276494', 'sure\r\n', '2021-12-04 08:06:47', '', 0, 0, 'ffd050121', 0, 0, 0, 0, 0, 0, 0, 0, 0, NULL),
(150, 'Krishnamoorthy Gopalan', '09986014492', 'not sure\r\n\r\n', '2021-12-04 08:06:47', '91', 0, 0, 'ffd050121', 0, 0, 0, 0, 0, 0, 0, 0, 0, NULL),
(151, 'UPPALA V SRIDHAR BABU', '9916380680', 'Not Sure', '2021-12-04 08:06:48', '', 0, 0, 'ffd050121', 0, 0, 0, 0, 0, 0, 0, 0, 0, NULL),
(152, 'Parupalli Srinivasa Rao', '9000701350', 'Possible', '2021-12-04 08:06:49', '', 0, 0, 'ffd050121', 0, 0, 0, 0, 0, 0, 0, 0, 0, NULL),
(153, 'ANIL NAMBIAR', '9967068976', 'YES\r\n', '2021-12-04 08:06:49', '', 0, 0, 'ffd050121', 0, 0, 0, 0, 0, 0, 0, 0, 0, NULL),
(154, 'Surya', '6462208546', 'Is live chat on ? Please help \r\n', '2021-12-04 08:06:58', '1', 0, 0, 'ffd050121', 0, 0, 0, 0, 0, 0, 0, 0, 0, NULL),
(155, 'ESA DAS', '3102270752', 'yes\r\n', '2021-12-04 08:06:58', '1', 0, 0, 'ffd050121', 0, 0, 0, 0, 0, 0, 0, 0, 0, NULL),
(156, 'Soundaryavalli', '09632489261', 'Yes', '2021-12-04 08:07:03', '', 0, 0, 'ffd050121', 0, 0, 0, 0, 0, 0, 0, 0, 0, NULL),
(157, 'Trinadha reddy Padala', '09989845917', 'Yes', '2021-12-04 08:07:04', '', 0, 0, 'ffd050121', 0, 0, 0, 0, 0, 0, 0, 0, 0, NULL),
(158, 'Naresh Babu', '8970828399', 'Yes', '2021-12-04 08:07:05', '91', 0, 0, 'ffd050121', 0, 0, 0, 0, 0, 0, 0, 0, 0, NULL),
(159, 'VALSA WILLIAMS', '9810153525', 'YES\r\n', '2021-12-04 08:07:07', '91', 0, 0, 'ffd050121', 0, 0, 0, 0, 0, 0, 0, 0, 0, NULL),
(160, 'Bishwendra Pradhan', '09593789287', 'Not sure', '2021-12-04 08:07:08', '', 0, 0, 'ffd050121', 0, 0, 0, 0, 0, 0, 0, 0, 0, NULL),
(161, 'Malarkodi', '9739862409', 'Not Sure', '2021-12-04 08:07:11', '', 0, 0, 'ffd050121', 0, 0, 0, 0, 0, 0, 0, 0, 0, NULL),
(162, 'Gaurav Agarwal', '9435154314', '1.How to control Diabeties.\r\n2.What diet to be follow for controlling diabetic.\r\n', '2021-12-04 08:07:39', '', 0, 0, 'ffd050121', 0, 0, 0, 0, 0, 0, 0, 0, 0, NULL),
(163, 'Rakeshgowda A S', '08970681646', 'May be', '2021-12-04 08:08:49', '91', 0, 0, 'ffd050121', 0, 0, 0, 0, 0, 0, 0, 0, 0, NULL),
(164, 'Raghupal Reddy', '505293095', 'Hi doctor, my issue related to diabetes is early morning levels between 120 to 130, and Hba1c is about 5.9 at present I was diagnosed for high D-dimer level, no other issues ', '2021-12-04 08:09:07', '971', 0, 0, 'ffd050121', 0, 0, 0, 0, 0, 0, 0, 0, 0, NULL),
(165, 'Narendra Mohanty', '7978459227', 'I\'m prediabatic.So tell me how to control', '2021-12-04 08:11:56', '91', 0, 0, 'ffd050121', 0, 0, 0, 0, 0, 0, 0, 0, 0, NULL),
(166, 'Raghupal Reddy', '505293095', 'Lipid Profile Total 206, HDL 34, LDL 121, Triglycerides 255\r\n', '2021-12-04 08:12:19', '971', 0, 0, 'ffd050121', 0, 0, 0, 0, 0, 0, 0, 0, 0, NULL),
(167, 'Pankaj Mehndiratta', '9818592290', 'I am not sure whether it will be a reversal for me, a diabetic for last 15 years\r\n', '2021-12-04 08:13:15', '', 0, 0, 'ffd050121', 0, 0, 0, 0, 0, 0, 0, 0, 0, NULL),
(168, 'Narendra Mohanty', '7978459227', 'It\'s worthless.I am not able to view anything', '2021-12-04 08:13:35', '91', 0, 0, 'ffd050121', 0, 0, 0, 0, 0, 0, 0, 0, 0, NULL),
(169, 'RAVINDER KONDA', '9391000958', 'my age is 55 years, Diabetic from 4 years, my c-peptide is 0.27  is it possible to reverse Diabetis', '2021-12-04 08:13:57', '91', 0, 0, 'ffd050121', 1, 0, 0, 0, 0, 0, 0, 0, 0, NULL),
(170, 'Nabakishore Swain', '9938659876', 'Diabetic cure', '2021-12-04 08:14:25', '91', 0, 0, 'ffd050121', 0, 0, 0, 0, 0, 0, 0, 0, 0, NULL),
(171, 'Parina.R', '9632887314', 'I have become thin ,I have become dull because of this', '2021-12-04 08:14:30', '', 0, 0, 'ffd050121', 1, 0, 0, 0, 0, 0, 0, 0, 0, NULL),
(172, 'RAVINDER KONDA', '9391000958', 'Is it possible to imrove C-Peptide?', '2021-12-04 08:14:45', '91', 0, 0, 'ffd050121', 1, 0, 0, 0, 0, 0, 0, 0, 0, NULL),
(173, 'Nars Sampath', '91017334', 'Whatâ€™s the chance for someone who has been type 2 for 15 years ? Freedom from medicine ?? ', '2021-12-04 08:15:35', '65', 0, 0, 'ffd050121', 1, 0, 0, 0, 0, 0, 0, 0, 0, NULL),
(174, 'Nabakishore Swain', '9938659876', 'Not able to connect', '2021-12-04 08:16:51', '91', 0, 0, 'ffd050121', 0, 0, 0, 0, 0, 0, 0, 0, 0, NULL),
(175, 'VALSA WILLIAMS', '9810153525', 'i CANNOT SEE A CHAT WINDOW\r\n', '2021-12-04 08:17:56', '91', 0, 0, 'ffd050121', 0, 0, 0, 0, 0, 0, 0, 0, 0, NULL),
(176, 'sudha', '7045143448', 'border line diabetic.no medicine.diet control,yoga,walking\r\n', '2021-12-04 08:18:56', '', 0, 0, 'ffd050121', 1, 0, 0, 0, 0, 0, 0, 1, 0, NULL),
(177, 'Surya', '6462208546', 'How to increase weight', '2021-12-04 08:19:10', '1', 0, 0, 'ffd050121', 1, 0, 0, 0, 0, 0, 0, 0, 0, NULL),
(178, 'M. K. Srivas', '9940042056', 'Can we get a link of this video to watch later?', '2021-12-04 08:19:13', '', 0, 0, 'ffd050121', 1, 0, 0, 0, 0, 0, 0, 0, 0, NULL),
(179, 'Roma Shukla ', '9925923210', 'Fasting sugar is 128 at 6.am and then after exercise and not eating anything it rises to 148. At 8pm.', '2021-12-04 08:25:18', '91', 0, 0, 'ffd050121', 1, 0, 0, 0, 0, 0, 0, 0, 0, NULL),
(180, 'Munjal kothari', '9821039999', '\r\nKhakhra\r\n\r\n', '2021-12-04 08:25:47', '91', 0, 0, 'ffd050121', 1, 0, 0, 0, 0, 0, 0, 0, 0, NULL),
(181, 'Kritika', '9930928778', 'Please can you send me this link later as I am unable to view this discussion fully due to some commitment from my end. Thank u. Email: kritikagupta83@gmail.com', '2021-12-04 08:34:00', '', 0, 0, 'ffd050121', 1, 0, 0, 0, 0, 0, 0, 0, 0, NULL),
(182, 'Pradeep ghare', '8378994811', 'Pls recap once thanks ', '2021-12-04 08:34:39', '91', 0, 0, 'ffd050121', 1, 0, 0, 0, 0, 0, 0, 0, 0, NULL),
(183, 'Mathew', '8888028833', 'do blood reports give Insulin levels also?\r\n', '2021-12-04 08:36:45', '', 0, 0, 'ffd050121', 1, 0, 0, 0, 0, 0, 0, 0, 0, NULL),
(184, 'Tushar Gulavani', '0469674464', 'What is exactly meant by Insulin Resistance? What does actually happen in our body when it is insulin resistant?', '2021-12-04 08:36:49', '61', 0, 0, 'ffd050121', 1, 0, 0, 0, 0, 0, 0, 0, 0, NULL),
(185, 'Parina.R', '9632887314', 'How to calculate insuline level', '2021-12-04 08:39:09', '', 0, 0, 'ffd050121', 1, 0, 0, 0, 0, 0, 0, 0, 0, NULL),
(186, 'M. K. Srivas', '9940042056', 'What is the normal insulin level that one should have?\r\n', '2021-12-04 08:39:45', '', 0, 0, 'ffd050121', 1, 0, 0, 0, 0, 0, 0, 0, 0, NULL),
(187, 'Kalyani Manchiraju', '4034791832', 'It tastes great with Oat milk\r\n', '2021-12-04 08:41:26', '1', 0, 0, 'ffd050121', 1, 0, 0, 0, 0, 0, 0, 0, 0, NULL),
(188, 'Nars Sampath', '91017334', 'Go black. Itâ€™s hard for a couple of days but once you get a hang of it, itâ€™s all easy', '2021-12-04 08:41:53', '65', 0, 0, 'ffd050121', 1, 0, 0, 0, 0, 0, 0, 0, 0, NULL),
(189, 'Khyati Thakur', '2135097049', 'Can we have oat milk with tea/coffee?', '2021-12-04 08:42:18', '1', 0, 0, 'ffd050121', 1, 0, 0, 0, 0, 0, 0, 0, 0, NULL),
(190, 'Dr anand a r ', '8892004466', 'Link got cut\r\nNot able to login again ', '2021-12-04 08:42:39', '', 0, 0, 'ffd050121', 1, 0, 0, 0, 0, 0, 0, 0, 0, NULL),
(191, 'Nars Sampath', '91017334', 'I went black coffee and I love it today. Took me 2 weeks ', '2021-12-04 08:43:42', '65', 0, 0, 'ffd050121', 1, 0, 0, 0, 0, 0, 0, 0, 0, NULL),
(192, 'Himanshu Verma', '39791776', 'Lack of milk will result in lack of calcium in body.', '2021-12-04 08:44:17', '973', 0, 0, 'ffd050121', 1, 0, 0, 0, 0, 0, 0, 0, 0, NULL),
(193, 'Ramesh Chand', '9818235571', 'What about egg', '2021-12-04 08:48:35', '91', 0, 0, 'ffd050121', 1, 0, 0, 0, 0, 0, 0, 0, 0, NULL),
(194, 'Naveena Mandali', '09591322111', 'Then why do people say it\'s hereditary? ', '2021-12-04 08:57:12', '91', 0, 0, 'ffd050121', 1, 0, 0, 0, 0, 0, 0, 0, 0, NULL),
(195, 'Trinadha reddy Padala', '09989845917', 'Yes', '2021-12-04 09:08:02', '', 0, 0, 'ffd050121', 0, 0, 0, 0, 0, 0, 0, 0, 0, NULL),
(196, 'Parina.R', '9632887314', 'I am under depression due to diabetes', '2021-12-04 09:12:36', '', 0, 0, 'ffd050121', 1, 0, 0, 0, 0, 0, 0, 0, 0, NULL),
(197, 'Vijetha Salagundi', '7326406797', 'Can we do this diet program without loosing weight?', '2021-12-04 09:17:37', '1', 0, 0, 'ffd050121', 1, 0, 0, 0, 0, 0, 0, 0, 0, NULL),
(198, 'Kalyani Manchiraju', '4034791832', 'does strength training need to stop during phase 1-3 even if you are already doing it for a long time ?\r\n', '2021-12-04 09:19:08', '1', 0, 0, 'ffd050121', 1, 0, 0, 0, 0, 0, 0, 0, 0, NULL),
(199, 'Rangaiah k g', '9241069909', 'Nephrologist instruct me to stop ayurvedic drugs for normalising serum creatinine level. And srtictly adhere to alopathic only.', '2021-12-04 09:20:17', '', 0, 0, 'ffd050121', 1, 0, 0, 0, 0, 0, 0, 1, 0, NULL),
(200, 'Kalyani Manchiraju', '4034791832', 'Do we need a glucometer if we are in the non-diabetic reversal program?', '2021-12-04 09:20:18', '1', 0, 0, 'ffd050121', 1, 0, 0, 0, 0, 0, 0, 0, 0, NULL),
(201, 'Tarun Guha Neogi', '9425857009', 'Im diabetic since 2019. May be I had it a little earlier but diagonsed in 2019. Now I have Galvus 50/500 twice a day and insulin 24 points every night. I hve fatty lever. Im anemic. I have gone through angioplasty in June 2021. There were four 90% blockages. 5 stents were put in my heart. When and how I can start the process of FFD.', '2021-12-04 09:21:08', '91', 0, 0, 'ffd050121', 1, 0, 0, 0, 0, 0, 0, 1, 0, NULL),
(202, 'Vijetha Salagundi', '7326406797', 'If the milk is directly from farm, can we have it?', '2021-12-04 09:25:08', '1', 0, 0, 'ffd050121', 1, 0, 0, 0, 0, 0, 0, 0, 0, NULL),
(203, 'R Raviprakash', '9449000101', 'i am 73 years young and diabetic since 1995, i am on medication will this programme help, my height is 5\'6\"\" and weight 48 KGs thanks ', '2021-12-04 09:26:41', '91', 0, 0, 'ffd050121', 1, 0, 0, 0, 0, 0, 0, 1, 0, NULL),
(204, 'Jason Jose', '433434550', 'What about soy milk?', '2021-12-04 09:29:04', '61', 0, 0, 'ffd050121', 1, 0, 0, 0, 0, 0, 0, 0, 0, NULL),
(205, 'Jason Jose', '433434550', 'What about oat milk?', '2021-12-04 09:29:42', '61', 0, 0, 'ffd050121', 1, 0, 0, 0, 0, 0, 0, 0, 0, NULL),
(206, 'Kavita tari', '9004324984', 'I am diabetic and suffering from kidney function. Creatine 2.6 now. I want to join course. 9004324984 my no. In  Hindi or Marathi please.', '2021-12-04 09:30:28', '', 0, 0, 'ffd050121', 1, 0, 0, 0, 0, 0, 0, 1, 0, NULL),
(207, 'Nilpa Bandiwadekar', '09421746472', 'Is finger millet good for diabetic diet?', '2021-12-04 09:38:26', '', 0, 0, 'ffd050121', 1, 0, 0, 0, 0, 0, 0, 0, 0, NULL),
(208, 'sumitlekhi', '9986611193', 'tests on 14 nov\r\nfasting sugar 120\r\nhba1c 6.6\r\nafter stopping sugar and tea and little changes in diet fasting sugar today was 107\r\nbmi is 20.22\r\ncan it be reversed for me please guide', '2021-12-04 09:43:40', '', 0, 0, 'ffd050121', 1, 0, 0, 0, 0, 0, 0, 0, 0, NULL),
(209, 'Beena  Sasikumar ', '07994069965', 'Beena  58 years. My hba1c  8.5. My weight  80 kg. 5.5 feet  height. I want to reduce  my weight  and  diabetes ', '2021-12-04 09:47:45', '', 0, 0, 'ffd050121', 1, 0, 0, 0, 0, 0, 0, 1, 0, NULL),
(210, 'sumitlekhi', '9986611193', 'tests done on 14 november \r\nfasting sugar 120\r\nhba1c 6.6\r\nafter stoppng sugar and tea and little changes in diet today fasting sugar is 107\r\nhave not started medication yet\r\nbmi is 20.22\r\ncan it be reversed for me\r\n', '2021-12-04 09:47:55', '', 0, 0, 'ffd050121', 1, 0, 0, 0, 0, 0, 0, 1, 0, NULL),
(211, 'Alex Coutinho', '09619611025', 'What is GTT? I have reveresed my diabetes but never done a GTT?', '2021-12-04 09:47:58', '', 0, 0, 'ffd050121', 1, 0, 0, 0, 0, 0, 0, 0, 0, NULL),
(212, 'Krishna Aithal', '8618805178', '\r\nIf only a single member is motivated to try your program, with its diet plan, isn\'t it going to be taxing for the family - especially the lady of the house who runs the kitchen?', '2021-12-04 09:49:09', '', 0, 0, 'ffd050121', 1, 0, 0, 0, 0, 0, 0, 1, 0, NULL),
(213, 'Susan Thomas', '9840012515', 'This seems completely impossible for a hard core non vegetarian. You are changing our food habits completely. Cant you have any non veg at all?\r\n', '2021-12-04 09:49:09', '', 0, 0, 'ffd050121', 1, 0, 0, 0, 0, 0, 0, 1, 0, NULL),
(214, 'sbhusnoor', '9920534514', 'Dear Sir,\r\nI am facing gastric problem, and stomach and chest pain. No diabetes and other health issues .\r\nContinuously mouth is in salty saliva .\r\nPlease suggest me to get free from acidity problem\r\n\r\nWith Regards \r\nDr. Siddappa  S. Bhusnoor ', '2021-12-04 09:49:49', '91', 0, 0, 'ffd050121', 1, 0, 0, 0, 0, 0, 0, 1, 0, NULL),
(215, 'Raghunath', '9442852924', 'Cann u let us know the sugar level before intake of food and after food\r\n\r\n\r\nH1abc level', '2021-12-04 09:50:17', '', 0, 0, 'ffd050121', 1, 0, 0, 0, 0, 0, 0, 0, 0, NULL),
(216, 'Susan Thomas', '9840012515', 'Are there no genetic causes for diabetes\r\n', '2021-12-04 09:51:10', '', 0, 0, 'ffd050121', 1, 0, 0, 0, 0, 0, 0, 0, 0, NULL),
(217, 'Munjal ', '9821039999', 'Can I seething compete  video again as due to connectivity  issue missed dome parts', '2021-12-04 09:51:48', '', 0, 0, 'ffd050121', 1, 0, 0, 0, 0, 0, 0, 0, 0, NULL),
(218, 'Chalapareddy Ramesh', '9603067022', 'I am already vegan I am eating morning and evening fruits and juices and in lunch. I am having brownrice with curries can I follow in phase 1', '2021-12-04 09:52:09', '91', 0, 0, 'ffd050121', 1, 0, 0, 0, 0, 0, 0, 0, 0, NULL),
(219, 'Nabakishore Swain', '9938659876', 'All discussions in pdf notes send my mail that help me daily life', '2021-12-04 09:54:15', '91', 0, 0, 'ffd050121', 1, 0, 0, 0, 0, 0, 0, 1, 0, NULL),
(220, 'Manas kumar sinha', '08910935589', '\r\nIs there any communication or facilating centre here in kolkata, where I physically attend to have these advices  ?', '2021-12-04 09:55:28', '91', 0, 0, 'ffd050121', 1, 0, 0, 0, 0, 0, 0, 1, 0, NULL),
(221, 'sbhusnoor', '9920534514', 'I am under treatment of BP since last four years , \r\nplease advise me for this \r\nWith Regards \r\nBhusnoor s s', '2021-12-04 09:55:30', '91', 0, 0, 'ffd050121', 1, 0, 0, 0, 0, 0, 0, 1, 0, NULL),
(222, 'Narasimha Sastry', '9823368888', 'I am 51 vegetarian South Indian foodie male. My current A1C in Aug 21 was 7.2 and did not start any medication yet. And on Cilamet 10/25mg BP medication for 2 years now.â€™ How can I get in to reversal? Interested in your program for a longer period', '2021-12-04 09:55:47', '', 0, 0, 'ffd050121', 1, 0, 0, 0, 0, 0, 0, 1, 0, NULL),
(223, 'Sreenivas Madugula', '4079108853', 'I am in USA and on medication (not insulin). Once my blood sugar starts dropping after joining this program, how do I convince my doctor in USA to get rid of or reduce my medication?', '2021-12-04 09:59:53', '1', 0, 0, 'ffd050121', 1, 0, 0, 0, 0, 0, 0, 0, 0, NULL),
(224, 'sudha', '7045143448', 'any method to remove gall blader stones', '2021-12-04 10:00:24', '', 0, 0, 'ffd050121', 1, 0, 0, 0, 0, 0, 0, 0, 0, NULL),
(225, 'Avadhoot', '9870486767', 'I am a ulcerative colitis patient with colon stoma and sigmoid colon removed & 1 ft of small intestine is removed. Currently on Insulin (novarapid -12 units x3 + Treciba - 20 units) for past 1 year with 130 - 290 sugar levels. Gained weight post first sigmoid colon removal from 72 KG to 86 KG, HB1C has increased from 6 to 9. Fatty liver grade II. Need guidance on sugar level reduction.\r\n', '2021-12-04 10:01:17', '', 0, 0, 'ffd050121', 1, 0, 0, 0, 0, 0, 0, 1, 0, NULL),
(226, 'Bharuk M', '9941013326', 'Maturity Onset  diabetes of the young----> DM Type I  or DM Type II? .....i got diagonised DM at 23( 2003 )...', '2021-12-04 10:03:09', '', 0, 0, 'ffd050121', 1, 0, 0, 0, 0, 0, 0, 0, 0, NULL),
(227, 'Susan Thomas', '9840012515', 'Is this program for a year or for 6 months\r\n', '2021-12-04 10:03:42', '', 0, 0, 'ffd050121', 1, 0, 0, 0, 0, 0, 0, 0, 0, NULL),
(228, 'Santosh Kumar', '8551081515', 'My Fasting Sugar is 128 MG/DL and PP is around 133 Mg/DL.  Where should i work to reduce my fasting sugar level?', '2021-12-04 10:03:44', '', 0, 0, 'ffd050121', 1, 0, 0, 0, 0, 0, 0, 0, 0, NULL),
(229, 'Sujatha Kumar', '09884714963', 'I am diabetic and have lost weight. How do I regain weight?', '2021-12-04 10:03:59', '', 0, 0, 'ffd050121', 1, 0, 0, 0, 0, 0, 0, 1, 0, NULL),
(230, 'Chalapareddy Ramesh', '9603067022', 'Hi I am presently not able to get voice', '2021-12-04 10:04:12', '91', 0, 0, 'ffd050121', 1, 0, 0, 0, 0, 0, 0, 0, 0, NULL),
(231, 'Ambati', '6479961632', 'Husband - prediabetics, wife - weight lose - can we join as 1 registration or need to enrol separately?', '2021-12-04 10:04:34', '1', 0, 0, 'ffd050121', 1, 0, 0, 0, 0, 0, 0, 1, 0, NULL),
(232, 'Rajesh Benny', '9820410322', 'How do I join the program?', '2021-12-04 10:06:55', '91', 0, 0, 'ffd050121', 1, 0, 0, 0, 0, 0, 0, 1, 0, NULL),
(233, 'Nabakishore Swain', '9938659876', 'Vedio of section send in mail', '2021-12-04 10:07:13', '91', 0, 0, 'ffd050121', 0, 0, 0, 0, 0, 0, 0, 0, 0, NULL),
(234, 'Pavitra Manjeshwar', '9686060518', 'what is the cost for the annual program?', '2021-12-04 10:08:38', '', 0, 0, 'ffd050121', 1, 0, 0, 0, 0, 0, 0, 0, 0, NULL),
(235, 'Ambati', '6479961632', 'For overseas clients, the support and consultation will be as per the client time zone?', '2021-12-04 10:08:52', '1', 0, 0, 'ffd050121', 1, 0, 0, 0, 0, 0, 0, 0, 0, NULL),
(236, 'Mukesh kumar', '9630396886', 'I am diabetic BP thyoride and kidney problem and presently on steoride and insuline. It will continue for 3 months more. When can i join you one year program.', '2021-12-04 10:08:56', '', 0, 0, 'ffd050121', 1, 0, 0, 0, 0, 0, 0, 1, 0, NULL),
(237, 'Susan Thomas', '9840012515', 'What is the cost?\r\n', '2021-12-04 10:10:19', '', 0, 0, 'ffd050121', 1, 0, 0, 0, 0, 0, 0, 0, 0, NULL),
(238, 'Srikanth Kovuri', '419929643', 'I live in Sydney and with the time zone difference, what do I do if the monthly/weekly sessions clash with my work schedule?', '2021-12-04 10:10:39', '61', 0, 0, 'ffd050121', 1, 0, 0, 0, 0, 0, 0, 1, 0, NULL),
(239, 'Rajappa kc', '9448234390', 'Rajappa kc is diabetic fom30yr Ccpeptideis o..cpfasting insulin is9.3 ppinsulin is14.4', '2021-12-04 10:11:27', '', 0, 0, 'ffd050121', 1, 0, 0, 0, 0, 0, 0, 0, 0, NULL),
(240, 'Preetham K P', '9606063380', 'What is the insulin test called?', '2021-12-04 10:11:27', '', 0, 0, 'ffd050121', 1, 0, 0, 0, 0, 0, 0, 0, 0, NULL),
(241, 'Manoj Kumar B N', '6782316902', 'Can hypothyroid person who is expecting mother can go through this program/?', '2021-12-04 10:12:41', '1', 0, 0, 'ffd050121', 1, 0, 0, 0, 0, 0, 0, 1, 0, NULL),
(242, 'Pooja Bhagat', '95602960', 'Can one join for the following month January 2022?', '2021-12-04 10:12:51', '852', 0, 0, 'ffd050121', 1, 0, 0, 0, 0, 0, 0, 1, 0, NULL),
(243, 'M. K. Srivas', '9940042056', 'Can one join program at any time or only on specific dates?', '2021-12-04 10:13:46', '', 0, 0, 'ffd050121', 1, 0, 0, 0, 0, 0, 0, 1, 0, NULL),
(244, 'Nars Sampath', '91017334', 'Can you sign up from overseas as well? No payment gateway issues ??', '2021-12-04 10:14:05', '65', 0, 0, 'ffd050121', 1, 0, 0, 0, 0, 0, 0, 1, 0, NULL),
(245, 'Sreenivas Madugula', '4079108853', 'How many still to go to reach the goal of 100,000?', '2021-12-04 10:14:15', '1', 0, 0, 'ffd050121', 1, 0, 0, 0, 0, 0, 0, 0, 0, NULL),
(246, ' Vilas Kalyankar ', '9979897338', 'Hello, I will join now but can I start the proram from Jan,2022?', '2021-12-04 10:15:32', '', 0, 0, 'ffd050121', 1, 0, 0, 0, 0, 0, 0, 1, 0, NULL),
(247, 'AMRITA SAXENA', '4258035348', 'when is the next batch starting? ', '2021-12-04 10:15:44', '1', 0, 0, 'ffd050121', 1, 0, 0, 0, 0, 0, 0, 1, 0, NULL),
(248, 'Archana Bhat', '9902885719', 'Hi, I have got hbac1 -9.6. Through your session can it be reversal. I have also done health checkup, through that I am highly diabitic. Can I know the answer soon so that I can get into the program. I am consuming glycomet SR 500 2 tablets per day for a month. Just started medication from Nov 24th 2021. ', '2021-12-04 10:16:49', '', 0, 0, 'ffd050121', 1, 0, 0, 0, 0, 0, 0, 1, 0, NULL),
(249, 'Sivakanth', '9786353361', 'is there option to pay the amount in installment?', '2021-12-04 10:17:46', '', 0, 0, 'ffd050121', 1, 0, 0, 0, 0, 0, 0, 0, 0, NULL),
(250, 'Krishna Iyer', '9833411669', 'Thanks Dr. Pramod. Very inspiring and informative session.', '2021-12-04 10:17:59', '', 0, 0, 'ffd050121', 1, 0, 0, 0, 0, 0, 0, 0, 0, NULL),
(251, 'Thunduparambil Devaraj', '07012122250', 'for a family me and wife we need to pay 2 subscription?', '2021-12-04 10:18:14', '', 0, 0, 'ffd050121', 1, 0, 0, 0, 0, 0, 0, 1, 0, NULL),
(252, 'B ANIL KUMAR', '9448936657', 'HI\r\nWHAT ARE THE TIMINGS FOR THE PROGRAM \r\n', '2021-12-04 10:18:17', '', 0, 0, 'ffd050121', 1, 0, 0, 0, 0, 0, 0, 0, 0, NULL),
(253, 'Parina.R', '9632887314', 'We have to pay in installments', '2021-12-04 10:18:25', '', 0, 0, 'ffd050121', 1, 0, 0, 0, 0, 0, 0, 0, 0, NULL),
(254, 'Shruti Marathe', '8010443217', 'I am 24 having diabetics and taking insulin from last 4 years. Before 5 years I had weight loss of 10-12kg and detected with iron & hemoglobin deficiency. After 1 year I am detected with diabetics. So I am confused whether it is type1 or type 2. I was having c-peptide 0.64 Is is reversible completely?  ', '2021-12-04 10:18:35', '', 0, 0, 'ffd050121', 1, 0, 0, 0, 0, 0, 0, 1, 0, NULL),
(255, 'Rajappa kc', '9448234390', 'Since from30yr diabetic HBA 1c 8.1 Ccpeptideis is0.97  insulin fasting is 9.3. Ppinsulin is14.4  FBS is 135 today age51 can I join for reversal', '2021-12-04 10:18:38', '', 0, 0, 'ffd050121', 1, 0, 0, 0, 0, 0, 0, 1, 0, NULL),
(256, ' Vilas Kalyankar ', '9979897338', 'Hi, I can join now but can I start the program from 2 Jan 2022?', '2021-12-04 10:18:39', '', 0, 0, 'ffd050121', 1, 0, 0, 0, 0, 0, 0, 1, 0, NULL),
(257, 'Sivakumar', '9894089998', 'Can we take coconut milk', '2021-12-04 10:18:41', '91', 0, 0, 'ffd050121', 1, 0, 0, 0, 0, 0, 0, 0, 0, NULL),
(258, 'Aishwarya', '7259610997', 'Hello Dr, When is the next session starting.?\r\n', '2021-12-04 10:18:45', '', 0, 0, 'ffd050121', 1, 0, 0, 0, 0, 0, 0, 1, 0, NULL),
(259, 'ANIL NAMBIAR', '9967068976', 'HI! MY FASTING SUGAR FLUCTATES FROM 110-140...\r\n', '2021-12-04 10:18:55', '', 0, 0, 'ffd050121', 1, 0, 0, 0, 0, 0, 0, 0, 0, NULL),
(260, 'Tulasi Ramarao', '8454610716', 'Can I remove PHI information when I submit my blood report? Thanks \r\n', '2021-12-04 10:18:56', '1', 0, 0, 'ffd050121', 1, 0, 0, 0, 0, 0, 0, 1, 0, NULL),
(261, 'Sendhil Ramanathan', '07405870681', 'I live in the UK, considering the time zone difference and work at times at night, will i be able to manage', '2021-12-04 10:18:56', '44', 0, 0, 'ffd050121', 1, 0, 0, 0, 0, 0, 0, 1, 0, NULL),
(262, 'UPPALA V SRIDHAR BABU', '9916380680', 'If we join the one year program, What are the consultation timings for the treatement\r\n', '2021-12-04 10:19:03', '', 0, 0, 'ffd050121', 1, 0, 0, 0, 0, 0, 0, 0, 0, NULL),
(263, 'Pooja Bhagat', '95602960', 'Can one join for January 2022 now?', '2021-12-04 10:19:13', '852', 0, 0, 'ffd050121', 1, 0, 0, 0, 0, 0, 0, 1, 0, NULL),
(264, 'SENTHIL K', '9944478833', 'GM SIR, MY HEIGHT IS 172 CM ,MY WEIGHT IS 68, CAN I TAKE SMOOTHY \r\n', '2021-12-04 10:19:19', '91', 0, 0, 'ffd050121', 1, 0, 0, 0, 0, 0, 0, 1, 0, NULL),
(265, 'Nithya madhuvairy ', '9686039905', 'I don\'t have diabetes.  But I do have other health issues. VSD and lung capacity is low so can\'t do intensive exercise.  Mainly weight loss. So will this work for me', '2021-12-04 10:19:20', '', 0, 0, 'ffd050121', 1, 0, 0, 0, 0, 0, 0, 1, 0, NULL),
(266, 'Ganga Rao Nadigatla', '712505552', 'I am non diabetic, fasting sugar 105, after food 95. what is this condition. Uric acid for 15 years maintained through diet. Thyroid shifting from hypo to hyper and hypo. no medications started for thyroid', '2021-12-04 10:19:33', '254', 0, 0, 'ffd050121', 1, 0, 0, 0, 0, 0, 0, 1, 0, NULL),
(267, 'Parina.R', '9632887314', 'My fasting sugar is 258', '2021-12-04 10:19:36', '', 0, 0, 'ffd050121', 1, 0, 0, 0, 0, 0, 0, 1, 0, NULL),
(268, 'B ANIL KUMAR', '9448936657', 'MY HbA1C of last month is 11.5 can i join\r\n', '2021-12-04 10:19:39', '', 0, 0, 'ffd050121', 1, 0, 0, 0, 0, 0, 0, 1, 0, NULL),
(269, 'Parina.R', '9632887314', 'Thank you', '2021-12-04 10:19:41', '', 0, 0, 'ffd050121', 0, 0, 0, 0, 0, 0, 0, 0, 0, NULL),
(270, 'Pankaj Mehndiratta', '9818592290', 'I am a 15 year diabetic type 2.  Have not got the test done for the last 2 years.  Got it done last week. Fasting was 249. Can I join\r\n', '2021-12-04 10:19:45', '', 0, 0, 'ffd050121', 1, 0, 0, 0, 0, 0, 0, 1, 0, NULL),
(271, 'Poornima m.j.', '8951167089', 'I am doing yogan smoothis has started ...continue...poornima...not taking tablets now..not started', '2021-12-04 10:19:59', '', 0, 0, 'ffd050121', 1, 0, 0, 0, 0, 0, 0, 0, 0, NULL),
(272, 'Aishwarya', '7259610997', 'EMI Option please.?\r\n', '2021-12-04 10:20:02', '', 0, 0, 'ffd050121', 1, 0, 0, 0, 0, 0, 0, 1, 0, NULL),
(273, 'ANIL NAMBIAR', '9967068976', 'I AM 49 YEARS AGE, MY FASTING SUGAR FLUCTUATES BETWEEN 110 TO 140. POST FOOD SOMETIMES IS 150 AT TIMES AT 190.. PLEASE GUIDE\r\n', '2021-12-04 10:20:11', '', 0, 0, 'ffd050121', 1, 0, 0, 0, 0, 0, 0, 1, 0, NULL),
(274, 'Nanthakishore Baskaran', '8473027834', 'I have PKD (polycystic kidney). Can I join this program.\r\n ', '2021-12-04 10:20:16', '1', 0, 0, 'ffd050121', 1, 0, 0, 0, 0, 0, 0, 1, 0, NULL),
(275, 'Rajkumar ', '7010663443', 'Instead of spinach vgetable smoothy can take?', '2021-12-04 10:20:19', '', 0, 0, 'ffd050121', 1, 0, 0, 0, 0, 0, 0, 0, 0, NULL),
(276, 'Vijetha Salagundi', '7326406797', 'Timings for Aboard?', '2021-12-04 10:20:22', '1', 0, 0, 'ffd050121', 1, 0, 0, 0, 0, 0, 0, 0, 0, NULL),
(277, 'Manjiri Ravindra Joshi', '9890977927', 'would we still need to consult our physicians for medicines or will your doctors adjust it for us\r\n', '2021-12-04 10:20:23', '91', 0, 0, 'ffd050121', 1, 0, 0, 0, 0, 0, 0, 0, 0, NULL),
(278, 'vijay', '4699319054', '10 years type 2 diabetic.. a1c 7.5 and weight loss ... i can join \r\n ', '2021-12-04 10:20:25', '1', 0, 0, 'ffd050121', 1, 0, 0, 0, 0, 0, 0, 1, 0, NULL),
(279, 'Brite Rosario', '09884110874', 'I am 33 yrs old and mine is 6.8% of sugar level in recent test. It is possible to reduce ', '2021-12-04 10:20:26', '91', 0, 0, 'ffd050121', 1, 0, 0, 0, 0, 0, 0, 1, 0, NULL),
(280, 'Ravishyam', '9160296827', 'can a 66 years old female with the above post-lunch 350 join the residential program?', '2021-12-04 10:20:27', '', 0, 0, 'ffd050121', 1, 0, 0, 0, 0, 0, 0, 1, 0, NULL),
(281, 'Vitthal', '8474141334', 'This is Vitthal from Chicago, I am interested in joining. Hope timing works out.', '2021-12-04 10:20:31', '1', 0, 0, 'ffd050121', 1, 0, 0, 0, 0, 0, 0, 1, 0, NULL),
(282, 'K,Saravanan', '9008443377', '\r\n1. Already Removed the thyroid gland and taking medicine ....have any challenges with doing this program??\r\n2. Individual guidance program cover for 36,000?\r\n\r\n', '2021-12-04 10:20:38', '', 0, 0, 'ffd050121', 1, 0, 0, 0, 0, 0, 0, 1, 0, NULL),
(283, 'Susheel P', '9849219064', 'will we be given instruction on what tests to be done before we register or only after we register', '2021-12-04 10:21:08', '', 0, 0, 'ffd050121', 1, 0, 0, 0, 0, 0, 0, 1, 0, NULL),
(284, 'Arun Gupta', '9820019435', 'I have knee pain and possible arthitis, can I still do the stair exercise and other exercises ?', '2021-12-04 10:21:08', '', 0, 0, 'ffd050121', 1, 0, 0, 0, 0, 0, 0, 0, 0, NULL);
INSERT INTO `tbl_questions` (`id`, `user_name`, `user_phone`, `user_question`, `asked_at`, `user_code`, `speaker`, `answered`, `eventname`, `responded`, `doctor`, `diet`, `exercise`, `mentor`, `operations`, `InnerTransformation`, `Sales`, `Program`, `remark`) VALUES
(285, 'Vishnu vijayanath ', '557890024', 'What are the medical test required before joining the program. ', '2021-12-04 10:21:23', '971', 0, 0, 'ffd050121', 1, 0, 0, 0, 0, 0, 0, 1, 0, NULL),
(286, 'Poornima m.j.', '8951167089', 'Nt taking medicine', '2021-12-04 10:21:26', '', 0, 0, 'ffd050121', 1, 0, 0, 0, 0, 0, 0, 0, 0, NULL),
(287, 'Vibhuti Bhangui', '9527436313', 'I am under weight and that is what is worrying me after leaving milk and it\'s products and drinking smothie and leaving rice', '2021-12-04 10:21:29', '91', 0, 0, 'ffd050121', 1, 0, 0, 0, 0, 0, 0, 1, 0, NULL),
(288, 'Abhijit Ghosh', '9231021465', 'Two & half month veg diet, can egg be taken? Ensure / prosure can be taken during this period? ', '2021-12-04 10:21:30', '', 0, 0, 'ffd050121', 1, 0, 0, 0, 0, 0, 0, 1, 0, NULL),
(289, 'Deepa Manjunath', '08867288214', 'My hba1c is12.2 on insulin can I go off medicine completely', '2021-12-04 10:21:32', '', 0, 0, 'ffd050121', 1, 0, 0, 0, 0, 0, 0, 1, 0, NULL),
(290, 'Arun Gupta', '9820019435', 'I am traveling this month, can I join the next month cohort ?', '2021-12-04 10:21:33', '', 0, 0, 'ffd050121', 1, 0, 0, 0, 0, 0, 0, 1, 0, NULL),
(291, 'Satish S', '9789911757', 'Iam experiencing fluctuation in weight  due to diabetes. Can I join the program. ', '2021-12-04 10:21:34', '', 0, 0, 'ffd050121', 1, 0, 0, 0, 0, 0, 0, 1, 0, NULL),
(292, 'CH SUDHAKAR ', '7045692280', 'Look fwd to join asap as having h1abc at 8.having diabetes since last 5 yrs.', '2021-12-04 10:21:35', '', 0, 0, 'ffd050121', 1, 0, 0, 0, 0, 0, 0, 1, 0, NULL),
(293, 'Anitha krishna ', '8971773481', 'Hi doctor,  I am a diabetic  since 14 years with 8.4 Hba1c\r\nAnd I am a arthritis patient with 15 years.\r\nWith Thyroid and BP.\r\nCan I join', '2021-12-04 10:21:49', '', 0, 0, 'ffd050121', 1, 0, 0, 0, 0, 0, 0, 1, 0, NULL),
(294, 'vijay', '4699319054', 'how to connect sales team\r\n', '2021-12-04 10:22:03', '1', 0, 0, 'ffd050121', 1, 0, 0, 0, 0, 0, 0, 1, 0, NULL),
(295, 'Amthony', '9886795453', 'HBA1c 11.4 . Can I join', '2021-12-04 10:22:06', '', 0, 0, 'ffd050121', 1, 0, 0, 0, 0, 0, 0, 1, 0, NULL),
(296, 'B ANIL KUMAR', '9448936657', 'pl thru light on diabetics and symptoms for early detection. ', '2021-12-04 10:22:10', '', 0, 0, 'ffd050121', 1, 0, 0, 0, 0, 0, 0, 0, 0, NULL),
(297, 'Rakeshgowda A S', '08970681646', 'Should we conduct all test before taking ffd', '2021-12-04 10:22:22', '91', 0, 0, 'ffd050121', 1, 0, 0, 0, 0, 0, 0, 1, 0, NULL),
(298, 'Paromita Nukerjee', '9560186611', 'I am 52, had total hysterectomy 8 months back, 12 yrs diabetic, on insulin for 1 year. 7.3 hba1c. IT professional. Can i be free', '2021-12-04 10:22:25', '91', 0, 0, 'ffd050121', 1, 0, 0, 0, 0, 0, 0, 1, 0, NULL),
(299, 'Pooja Bhagat', '95602960', 'So I can pay now and join in January 2022, right?', '2021-12-04 10:22:38', '852', 0, 0, 'ffd050121', 1, 0, 0, 0, 0, 0, 0, 1, 0, NULL),
(300, 'sushma khemka', '9820556541', 'what If I travel frequently , how can I cope up with the program ', '2021-12-04 10:22:45', '', 0, 0, 'ffd050121', 1, 0, 0, 0, 0, 0, 0, 1, 0, NULL),
(301, 'Susheel P', '9849219064', 'I am a pure non-veg so only tough part I see is stopping this completely and also my work nature have late night working. Whats your advice.', '2021-12-04 10:22:53', '', 0, 0, 'ffd050121', 1, 0, 0, 0, 0, 0, 0, 0, 0, NULL),
(302, 'B ANIL KUMAR', '9448936657', 'is there any program for only phase 1', '2021-12-04 10:23:07', '', 0, 0, 'ffd050121', 1, 0, 0, 0, 0, 0, 0, 0, 0, NULL),
(303, 'manickam s', '9980597823', 'should I stop all the my food diet & exercise that i\'ve been following ?  Do i get diet advise based on my food style?   ', '2021-12-04 10:23:15', '', 0, 0, 'ffd050121', 1, 0, 0, 0, 0, 0, 0, 1, 0, NULL),
(304, 'Paromita Nukerjee', '9560186611', 'If my blood sugar goes down, will cholesterol n hypertension medicines also go away ?', '2021-12-04 10:23:20', '91', 0, 0, 'ffd050121', 1, 0, 0, 0, 0, 0, 0, 1, 0, NULL),
(305, 'Priyanka Gokave', '09503765178', 'My first and last sugar reading was on 20th Nov was FF 157 and PP 278. On 1 mg Gemer medication. Which tests do I need to take before joining the IRP program.', '2021-12-04 10:23:31', '', 0, 0, 'ffd050121', 1, 0, 0, 0, 0, 0, 0, 1, 0, NULL),
(306, 'sushma khemka', '9820556541', 'also , I have carpal tunnel issues , can that be helped \r\n', '2021-12-04 10:23:34', '', 0, 0, 'ffd050121', 1, 0, 0, 0, 0, 0, 0, 0, 0, NULL),
(307, 'Pooja Bhagat', '95602960', 'How can I watch this video again within 48 hours? Any link?', '2021-12-04 10:23:35', '852', 0, 0, 'ffd050121', 1, 0, 0, 0, 0, 0, 0, 1, 0, NULL),
(308, 'Vibhuti Bhangui', '9527436313', 'Please send me the one year program and it\'s dates. ', '2021-12-04 10:23:43', '91', 0, 0, 'ffd050121', 1, 0, 0, 0, 0, 0, 0, 1, 0, NULL),
(309, 'Navya', '9176066712', 'Pcod problem can be solved with this treatment ?', '2021-12-04 10:23:55', '', 0, 0, 'ffd050121', 1, 0, 0, 0, 0, 0, 0, 1, 0, NULL),
(310, 'Rajkumar ', '7010663443', 'Due to my working hrs may be not possible to join for live program, how can I manage??', '2021-12-04 10:24:23', '', 0, 0, 'ffd050121', 1, 0, 0, 0, 0, 0, 0, 1, 0, NULL),
(311, 'Arun Gupta', '9820019435', 'Can it help with my acidity and indigestion and bloating ?', '2021-12-04 10:24:30', '', 0, 0, 'ffd050121', 1, 0, 0, 0, 0, 0, 0, 1, 0, NULL),
(312, 'Sonal Rakesh Pandia', '09821028035', 'GM, I am recently detected  lean fat diabetic with an HBA1C 7.7. MY ENDOCRINOLOGIST has given me 15 days of diet and exercise to re-evaluate myself. How will I be categorized if I wish to join your program, diabetic or non-diabetic?', '2021-12-04 10:24:49', '', 0, 0, 'ffd050121', 1, 0, 0, 0, 0, 0, 0, 1, 0, NULL),
(313, 'Gaurav Agarwal', '9435154314', 'I am diabetic from last 2013 onwards. I am controlling from exercise diet and yoga. Not in any medicine.My weight reduced to 78 to 62 kg. My sugar level increases from last 1 yrs due to imbalance in diet. Now my HBA1C is 11.2 and chelostrol is 236 . I against started my fruits vegetables diet from last week with yoga and exercise. Now, I am feeling ok. But I am feeling week. What to do? Should I join or not. Please suggest.', '2021-12-04 10:24:54', '', 0, 0, 'ffd050121', 1, 0, 0, 0, 0, 0, 0, 1, 0, NULL),
(314, 'CH SUDHAKAR ', '7045692280', 'I am having fasting 142 and post lunch 154 after taking sugar tab.h1abc 8.age is 45.diabetes since 5 yrs.sudhakar cheruvu.', '2021-12-04 10:24:59', '', 0, 0, 'ffd050121', 1, 0, 0, 0, 0, 0, 0, 1, 0, NULL),
(315, 'R RAVICHANDRAN', '9028094422', 'Can I join weight loss program as H1abc is < 6.3', '2021-12-04 10:24:59', '', 0, 0, 'ffd050121', 1, 0, 0, 0, 0, 0, 0, 1, 0, NULL),
(316, 'Vitthal', '8474141334', 'Vitthal Desai..I have muscle weakness. Andcartheritis\r\n I am afraid weakness might go up\r\nCan we strengthen  muscle as special precaution steps before full course', '2021-12-04 10:25:01', '1', 0, 0, 'ffd050121', 1, 0, 0, 0, 0, 0, 0, 1, 0, NULL),
(317, 'Devesh Baghel', '7447039033', 'Diabetec from last 6 years..,HbA1C is always more than 6.5. Will it be possible to reverse ??', '2021-12-04 10:25:17', '', 0, 0, 'ffd050121', 1, 0, 0, 0, 0, 0, 0, 1, 0, NULL),
(318, 'Prathima Srinivas', '09844155148', 'what is the concession code?\r\n', '2021-12-04 10:25:21', '91', 0, 0, 'ffd050121', 1, 0, 0, 0, 0, 0, 0, 0, 0, 'IRPdfg'),
(319, 'S Kannan', '9900150713', 'Can slweep Apnea problem can be reversed\r\n', '2021-12-04 10:25:23', '91', 0, 0, 'ffd050121', 1, 0, 0, 0, 0, 0, 0, 0, 0, NULL),
(320, 'Vishal gupta', '9167730894', 'I am diabetic HBAIC 7,6 have cholestrol and Bp and want to join , my wife wants to join only for weight loss, dose she need to join separately', '2021-12-04 10:25:28', '91', 0, 0, 'ffd050121', 1, 0, 0, 0, 0, 0, 0, 1, 0, NULL),
(321, 'Ravishyam', '9160296827', 'im diabetic, Hypertensive, fatty liver grade II, hiatus hernia, which program should i join online or residential?', '2021-12-04 10:25:37', '', 0, 0, 'ffd050121', 1, 0, 0, 0, 0, 0, 0, 1, 0, NULL),
(322, 'SANITHA', '71560822', 'I AN  FEEDING MOTHER JOIN THE PROGRAMME   ( BABY IS NOW  1.5 YRS OLD) , ALSO AM UNDER WEIGHT ', '2021-12-04 10:25:43', '968', 0, 0, 'ffd050121', 1, 0, 0, 0, 0, 0, 0, 1, 0, NULL),
(323, 'Eera Atora', '8750118252', 'So do I first get a test done, and then join?', '2021-12-04 10:25:50', '', 0, 0, 'ffd050121', 1, 0, 0, 0, 0, 0, 0, 1, 0, NULL),
(324, 'Pooja Bhagat', '95602960', 'Diabetic on Medication but donâ€™t know c peptide. Can join?', '2021-12-04 10:26:26', '852', 0, 0, 'ffd050121', 1, 0, 0, 0, 0, 0, 0, 1, 0, NULL),
(325, 'Paromita Nukerjee', '9560186611', 'I hv very high CRP and high acidity. I hope it will help', '2021-12-04 10:26:29', '91', 0, 0, 'ffd050121', 1, 0, 0, 0, 0, 0, 0, 1, 0, NULL),
(326, 'Anuradha Suresh Phadtare', '9637329160', 'In December 2019, my Glucose Fasting was about 122 & HbA1C was 5.7. My current Glucose Fasting level is 122 & HbA1C is 7.3. Next week, I am visiting my son in United States and will be there for coming 6 months. It would be really helpful if you could provide the details regarding 1 year programme as soon as possible and also I need to know the medication for this as I haven\'t started any medication yet. \r\n', '2021-12-04 10:26:58', '', 0, 0, 'ffd050121', 1, 0, 0, 0, 0, 0, 0, 1, 0, NULL),
(327, 'Kalaivani', '9597651874', 'Sir wat r the fruits compulsory avoid? ', '2021-12-04 10:27:00', '', 0, 0, 'ffd050121', 1, 0, 0, 0, 0, 0, 0, 0, 0, NULL),
(328, 'Ashok', '7138765392', 'What testing you recommended for US resident. Not sure your prescription accepted here', '2021-12-04 10:27:11', '1', 0, 0, 'ffd050121', 1, 0, 0, 0, 0, 0, 0, 0, 0, NULL),
(329, 'Narasimha Sastry', '9823368888', 'A1C is 7.2, not on medication, should I start medication and join or your team will analysis and advise,', '2021-12-04 10:27:59', '', 0, 0, 'ffd050121', 1, 0, 0, 0, 0, 0, 0, 1, 0, NULL),
(330, 'Aloysius Silveira', '9820414780', 'my hba1c is 8.6 can i join the 1 year program', '2021-12-04 10:28:05', '91', 0, 0, 'ffd050121', 1, 0, 0, 0, 0, 0, 0, 1, 0, NULL),
(331, 'arshiafazal', '966535645437', 'if not finger millet can we have any other millet like fox tail millet ', '2021-12-04 10:28:32', '966', 0, 0, 'ffd050121', 1, 0, 0, 0, 0, 0, 0, 0, 0, NULL),
(332, 'S SARAVANAN', '9380009923', 'Tamil program available?? Dr', '2021-12-04 10:28:50', '', 0, 0, 'ffd050121', 0, 0, 0, 0, 0, 0, 0, 0, 0, NULL),
(333, 'Krishna Aithal', '8618805178', 'My HBA1C is 11.9%. I have been diabetic for about 8 years now and only on medication.  My blood glucose was under good control till Feb 2020 with HBA1C of 6.9%. I next checked HBA1c only end of Nov 2021. I am also under treatment for hypertension and my BP is under control. How bad is my condition?', '2021-12-04 10:28:55', '', 0, 0, 'ffd050121', 1, 0, 0, 0, 0, 0, 0, 1, 0, NULL),
(334, 'S SARAVANAN', '9380009923', 'Tamil program available Dr?? ', '2021-12-04 10:29:25', '', 0, 0, 'ffd050121', 1, 0, 0, 0, 0, 0, 0, 0, 0, NULL),
(335, 'Deepa', '9739047949', 'Hello Doc I want to enrol my 24 year old daughter who is non diabetic but obese.', '2021-12-04 10:29:30', '', 0, 0, 'ffd050121', 1, 0, 0, 0, 0, 0, 0, 1, 0, NULL),
(336, 'Sreeja Gopinath', '08105889090', 'My mother is 61 years old and 30 years + diabetic, on insulin since 9years and lot of medicines ,Hba1c 11, Creatinine 0.9 , Micro Albumin 1.2mg/dl, she has herniated  cervical disc problem, exercises are difficult.  Can she join the program? She is having language problem, So can I join on behalf of her from a different location ?', '2021-12-04 10:29:30', '', 0, 0, 'ffd050121', 1, 0, 0, 0, 0, 0, 0, 1, 0, NULL),
(337, 'Manjiri Ravindra Joshi', '9890977927', 'your programme work to remove fast food addiction of 4 yrs & obesity & high cholesterol therefore ', '2021-12-04 10:29:41', '91', 0, 0, 'ffd050121', 1, 0, 0, 0, 0, 0, 0, 1, 0, NULL),
(338, 'Shivanand', '9972207736', 'I have big tummy want to reduce it.', '2021-12-04 10:29:59', '', 0, 0, 'ffd050121', 1, 0, 0, 0, 0, 0, 0, 1, 0, NULL),
(339, 'Krishna Iyer', '9833411669', 'What tests need to be taken before joining the program?\r\n', '2021-12-04 10:30:37', '', 0, 0, 'ffd050121', 1, 0, 0, 0, 0, 0, 0, 1, 0, NULL),
(340, 'Priyanka Gokave', '09503765178', 'Which health equipment\'s are required at home to support this IRP program', '2021-12-04 10:30:48', '', 0, 0, 'ffd050121', 1, 0, 0, 0, 0, 0, 0, 0, 0, NULL),
(341, 'sanjay agarwal', '9831124144', 'Hello, I am diabetic since the past 1.5 years and currently not on insulin. My weight is 116kg.  I take galvus met 50/500 daily 1 tablet. I am hyperacidic and have fatty liver, high BP, high cholestrol. My hba1c is 6.99 and fasting 115 report dated 20/11/21. My PP is 151 dated 29/7/21. My IFCC A1C is calculated as 56.28-D. Will it be possible to loose weight and eventually be medicine free?', '2021-12-04 10:31:00', '91', 0, 0, 'ffd050121', 1, 0, 0, 0, 0, 0, 0, 1, 0, NULL),
(342, 'Suman Uttarkar', '9986297554', 'I have fibroids fattyliver ,thyroid ,obesity n pcod', '2021-12-04 10:31:01', '', 0, 0, 'ffd050121', 1, 0, 0, 0, 0, 0, 0, 1, 0, NULL),
(343, 'Poornima m.j.', '8951167089', 'Not taking medicine...2months back diagnoised...smoothi started .n steps claming started.', '2021-12-04 10:31:07', '', 0, 0, 'ffd050121', 1, 0, 0, 0, 0, 0, 0, 0, 0, NULL),
(344, 'manickam s', '9980597823', 'Should I advised to take any drugs (Supplements are ok)  during this program? today i\'m not,  but diagnosed as diabetics (by self diagnostic) recently. ', '2021-12-04 10:31:08', '', 0, 0, 'ffd050121', 1, 0, 0, 0, 0, 0, 0, 1, 0, NULL),
(345, 'Thirumalai Alagarasan Rakul', '9600789043', '  Am 33 yrs ,Being Diagonised 7.5 HB1AC ( Fasting 110 and post fasting 170) recently in Nov, Vit D deficiency and Acidity problems well .If it possible to reverse it . Being south india , it is very difficult for to avoid the Rice orientated food. ', '2021-12-04 10:31:14', '', 0, 0, 'ffd050121', 1, 0, 0, 0, 0, 0, 0, 1, 0, NULL),
(346, 'Ajay Kumar Magidewar', '8600108268', 'my self (45) and mother (71) are diabetic Hba1c is 7.7 and 9.1 respectively not taking any medicine. Mother became diabetic 2 moths back and i have since 4 years. Vegetarian  \r\n ', '2021-12-04 10:31:28', '', 0, 0, 'ffd050121', 1, 0, 0, 0, 0, 0, 0, 1, 0, NULL),
(347, 'Rajkumar ', '7010663443', 'Can I take sidha medicnes like fenugreeek,black cummins,', '2021-12-04 10:31:36', '', 0, 0, 'ffd050121', 1, 0, 0, 0, 0, 0, 0, 0, 0, NULL),
(348, 'Arun Kumar J', '9940055386', 'Is there non-diabetic program ? if so what is the duration ?', '2021-12-04 10:31:39', '', 0, 0, 'ffd050121', 1, 0, 0, 0, 0, 0, 0, 1, 0, NULL),
(349, 'sudha', '7045143448', 'i feel like walking on bubble pack.not taking any medicine', '2021-12-04 10:31:44', '', 0, 0, 'ffd050121', 1, 0, 0, 0, 0, 0, 0, 0, 0, NULL),
(350, 'Divya N', '9123829214', 'I\'m attending session on behalf of my father, he is 80 yrs , very week, has been diagnosed with diabetes from last year. Is it recommended for him to undergo the strict diet. He\'s very resistant to become a vegan', '2021-12-04 10:31:58', '', 0, 0, 'ffd050121', 1, 0, 0, 0, 0, 0, 0, 1, 0, NULL),
(351, 'Eera Atora', '8750118252', 'Are we allowed to cook in oil?', '2021-12-04 10:32:02', '', 0, 0, 'ffd050121', 1, 0, 0, 0, 0, 0, 0, 0, 0, NULL),
(352, 'SENTHIL K', '9944478833', 'Gm dr...can i get smoothy incrediants in reginal language (Tamil)...', '2021-12-04 10:32:49', '91', 0, 0, 'ffd050121', 1, 0, 0, 0, 0, 0, 0, 1, 0, NULL),
(353, 'sreepraveen arugunta', '4259191864', 'does your program help small fibre neuropathy\r\n', '2021-12-04 10:33:09', '1', 0, 0, 'ffd050121', 1, 0, 0, 0, 0, 0, 0, 0, 0, NULL),
(354, 'Rakeshgowda A S', '08970681646', 'Should we take continuous glucose monitor and other relevant monitor', '2021-12-04 10:33:10', '91', 0, 0, 'ffd050121', 1, 0, 0, 0, 0, 0, 0, 0, 0, NULL),
(355, 'Vijetha Salagundi', '7326406797', 'I have pcos, hypothyroid, type 2 and RA so can I join the program?', '2021-12-04 10:33:41', '1', 0, 0, 'ffd050121', 1, 0, 0, 0, 0, 0, 0, 1, 0, NULL),
(356, 'Sendhil Ramanathan', '07405870681', 'I live in the UK, the GPs in UK do not prescribe all tests, but I can check my H1bac from home, will that be okay\r\n', '2021-12-04 10:33:42', '44', 0, 0, 'ffd050121', 1, 0, 0, 0, 0, 0, 0, 0, 0, NULL),
(357, 'Mathew Skariah', '9764006286', 'I have tested 8.1 HbA1c and my weight is 95kg. I\'m not taking any medicine for diabetes.  ', '2021-12-04 10:33:59', '91', 0, 0, 'ffd050121', 1, 0, 0, 0, 0, 0, 0, 1, 0, NULL),
(358, 'Aravinda Ghosh Addala', '9845895844', 'Will you please mail the list of test needed?', '2021-12-04 10:34:04', '', 0, 0, 'ffd050121', 1, 0, 0, 0, 0, 0, 0, 1, 0, NULL),
(359, 'B ANIL KUMAR', '9448936657', 'with one registration of diabetic can every one of family can see the program', '2021-12-04 10:34:19', '', 0, 0, 'ffd050121', 1, 0, 0, 0, 0, 0, 0, 0, 0, NULL),
(360, 'Pooja Bhagat', '95602960', 'Is Pearl millet ok to consume?\r\nJowar and Bajra rotis and Emmer wheat is good?\r\nAny other millets?', '2021-12-04 10:34:21', '852', 0, 0, 'ffd050121', 1, 0, 0, 0, 0, 0, 0, 0, 0, NULL),
(361, 'sanjay agarwal', '9831124144', 'We don\'t have to skip any meal in the entire day?\r\n', '2021-12-04 10:34:23', '91', 0, 0, 'ffd050121', 1, 0, 0, 0, 0, 0, 0, 0, 0, NULL),
(362, 'Pankaj Mehndiratta', '9818592290', 'I am 55 year old with a 15 years old type 2 diabetes.  Last week\'s fasting was 269.  I have not done any other test except H1bc which was 9. Weigth is 83 kg.  can I join and do I need to get the tests done before joining\r\n', '2021-12-04 10:34:39', '', 0, 0, 'ffd050121', 1, 0, 0, 0, 0, 0, 0, 1, 0, NULL),
(363, 'SANJAY LAMBE', '9820213908', 'Do I need to do C-peptid test before joining the programme', '2021-12-04 10:34:46', '', 0, 0, 'ffd050121', 1, 0, 0, 0, 0, 0, 0, 0, 0, NULL),
(364, 'Harshad Joshi', '4192065668', 'Hb1c is 11.Not taking any medicine as of now. Detected last year. How much change can I expect?', '2021-12-04 10:34:54', '1', 0, 0, 'ffd050121', 1, 0, 0, 0, 0, 0, 0, 1, 0, NULL),
(365, 'sumitlekhi', '9986611193', 'hello sir, can you please explain protocol for those with less bmi for 1 year irp. Recently got hba1c tested and came out to be 6.6. ', '2021-12-04 10:35:18', '', 0, 0, 'ffd050121', 1, 0, 0, 0, 0, 0, 0, 0, 0, NULL),
(366, 'Vibhuti Bhangui', '9527436313', 'My HBAC1 is 6.42 should I join yrs program', '2021-12-04 10:35:27', '91', 0, 0, 'ffd050121', 1, 0, 0, 0, 0, 0, 0, 0, 0, NULL),
(367, 'Naveen Surana', '9831216619', 'can we have samosa kachori etc occassionally\r\n', '2021-12-04 10:35:47', '', 0, 0, 'ffd050121', 1, 0, 0, 0, 0, 0, 0, 0, 0, NULL),
(368, 'praveen kumar itla', '9168185666', '46 years old male ,type 2 diabetes for 11 years , is it possible to go without medicines ? doing weight training , should I stop in initial stages of program or can I continue with them without break ?', '2021-12-04 10:35:53', '', 0, 0, 'ffd050121', 1, 0, 0, 0, 0, 0, 0, 1, 0, NULL),
(369, 'Mihika Bhatt', '7036247759', 'Hi, are hypothyroidism and larger thyroid nodule be treated under this program ', '2021-12-04 10:36:07', '1', 0, 0, 'ffd050121', 1, 0, 0, 0, 0, 0, 0, 1, 0, NULL),
(370, 'Shruti Marathe', '8010443217', 'I had c-peptide 0.64 before 5 years. now I need to do it again before joining program?', '2021-12-04 10:36:20', '', 0, 0, 'ffd050121', 1, 0, 0, 0, 0, 0, 0, 1, 0, NULL),
(371, 'Pravaker', '8016713731', 'I am 11 months diabetic and my hbanc was 9.40 on janurary 2020 And now on august hba1c is 6.8 how long I have to join', '2021-12-04 10:36:28', '', 0, 0, 'ffd050121', 1, 0, 0, 0, 0, 0, 0, 1, 0, NULL),
(372, 'Deepak K R', '9880284475', 'Can immune system be improved by this program', '2021-12-04 10:36:37', '', 0, 0, 'ffd050121', 1, 0, 0, 0, 0, 0, 0, 0, 0, NULL),
(373, 'Arun Gupta', '9820019435', 'Will you give recepies fr the diet prescribed', '2021-12-04 10:36:49', '', 0, 0, 'ffd050121', 1, 0, 0, 0, 0, 0, 0, 0, 0, NULL),
(374, 'Bharuk M', '9941013326', 'Is metformin  taking for long term is going to have any side effects', '2021-12-04 10:36:52', '', 0, 0, 'ffd050121', 1, 0, 0, 0, 0, 0, 0, 0, 0, NULL),
(375, 'Vibhuti Bhangui', '9527436313', 'My HbAc1 is 6.42 should I join yrs program', '2021-12-04 10:36:54', '91', 0, 0, 'ffd050121', 1, 0, 0, 0, 0, 0, 0, 1, 0, NULL),
(376, 'Amthony', '9886795453', 'HBAIC 11.4, Fatty liver, Gerd grade 1, cholesterols for 10 years. Can I join', '2021-12-04 10:37:09', '', 0, 0, 'ffd050121', 1, 0, 0, 0, 0, 0, 0, 1, 0, NULL),
(377, 'vishak sridhar', '4199089353', 'Can the program help a diabetic who is not overweight and might not be thin fat?', '2021-12-04 10:37:34', '1', 0, 0, 'ffd050121', 1, 0, 0, 0, 0, 0, 0, 1, 0, NULL),
(378, 'Bishwendra Pradhan', '09593789287', 'Can female thyroid patient also join the program\r\n', '2021-12-04 10:37:38', '', 0, 0, 'ffd050121', 1, 0, 0, 0, 0, 0, 0, 1, 0, NULL),
(379, 'Y Lalitha Kumari', '9182259055', 'Telugudoctors available sir', '2021-12-04 10:37:38', '91', 0, 0, 'ffd050121', 1, 0, 0, 0, 0, 0, 0, 0, 0, NULL),
(380, 'Preetham K P', '9606063380', 'Should we avoid white breads? How abt Ragi', '2021-12-04 10:37:51', '', 0, 0, 'ffd050121', 1, 0, 0, 0, 0, 0, 0, 0, 0, NULL),
(381, 'MANISHA SHEOREY', '8390985350', 'Can I get guidance from a marathi speaking doctor?', '2021-12-04 10:38:07', '', 0, 0, 'ffd050121', 1, 0, 0, 0, 0, 0, 0, 0, 0, NULL),
(382, 'Priyanka Gokave', '09503765178', 'I am 35 and did my first and only sugar test with FF 157 and PP 278 on 24th Nov. I am taking 0.5 mg Gemer after lunch and dinner. What are the tests to be done before joining the IRP program', '2021-12-04 10:38:45', '', 0, 0, 'ffd050121', 1, 0, 0, 0, 0, 0, 0, 1, 0, NULL),
(383, 'VIJAY THIGLE', '09987015610', 'i have diabetis will body pain reduce', '2021-12-04 10:39:48', '91', 0, 0, 'ffd050121', 1, 0, 0, 0, 0, 0, 0, 0, 0, NULL),
(384, 'Susan Thomas', '9840012515', 'I am not very disciplined. Will there be people pushing constantly? \r\n', '2021-12-04 10:40:01', '', 0, 0, 'ffd050121', 1, 0, 0, 0, 0, 0, 0, 1, 0, NULL),
(385, 'Vilas', '09892581233', '66 Yr old on medication since 10 yrs. fasting sugar varies from 96 to 167. And pp 79 to 187 in last one year. Should I join for reversal program.?No hypertension.\r\n', '2021-12-04 10:41:14', '', 0, 0, 'ffd050121', 1, 0, 0, 0, 0, 0, 0, 1, 0, NULL),
(386, 'Jyothi', '09884786781', 'My mom is 58 years.  Diabetic since 25 years. she is on diagnosed with DCM.  She is on insulin since 10 years.  can she join?', '2021-12-04 10:41:50', '', 0, 0, 'ffd050121', 1, 0, 0, 0, 0, 0, 0, 1, 0, NULL),
(387, 'Anil Amencherla', '07676998001', 'I am 58. HB1ac 7. Hyper tension. On medication.  Diabetic since 7 years.  Shall get the tests mentioned by you and then shall join', '2021-12-04 10:42:00', '', 0, 0, 'ffd050121', 1, 0, 0, 0, 0, 0, 0, 1, 0, NULL),
(388, 'sudhir nayak', '09560030297', 'I  have paid full on 30 Nov can i get rebate offered alloted Group 77', '2021-12-04 10:42:14', '', 0, 0, 'ffd050121', 1, 0, 0, 0, 0, 0, 0, 1, 0, NULL),
(389, 'Chitra Chandrakant Salunkhe ', '9619545633', 'I am 55 yr old woman a prediabetic.  Am a thin fat as per ur terms wt 60 kg. I yoga  every day morning and walk for an hour in the evening.  I m moderately high in cholesterol. Will I benefit from this program', '2021-12-04 10:43:17', '', 0, 0, 'ffd050121', 1, 0, 0, 0, 0, 0, 0, 1, 0, NULL),
(390, 'Vilas', '09892581233', 'Having fruits and dry fruits in breakfast can I continue that with regulars veg meal. ', '2021-12-04 10:44:03', '', 0, 0, 'ffd050121', 1, 0, 0, 0, 0, 0, 0, 1, 0, NULL),
(391, 'S Kannan', '9900150713', '.Can sleep Apena be resolved with FFD\r\n', '2021-12-04 10:45:11', '91', 0, 0, 'ffd050121', 1, 0, 0, 0, 0, 0, 0, 0, 0, NULL),
(392, 'Pankaj Mehndiratta', '9818592290', 'Can I pay on EMI and how many months\r\n\r\n', '2021-12-04 10:45:18', '', 0, 0, 'ffd050121', 1, 0, 0, 0, 0, 0, 0, 1, 0, NULL),
(393, 'Shakeel ur Rehman ', '872244888', 'I am 42 years old diabetic since 2009. Regularly fasting is 250 and pp around 350. Heavy smoker. Non veg lover. Feeling chest congestion and heavy pain in right arm. Very lazy lifestyle . Having problems in sexual life. Can I get GTT if join your 1 yr prog.', '2021-12-04 10:45:37', '258', 0, 0, 'ffd050121', 1, 0, 0, 0, 0, 0, 0, 1, 0, NULL),
(394, 'Dr Alka Kulkarni', '8879725093', 'I am not a diabetic...I would like to join the programme but I am also working on part-time basis. Is it feasable to do both..hold the job and also FFD ', '2021-12-04 10:46:03', '', 0, 0, 'ffd050121', 1, 0, 0, 0, 0, 0, 0, 1, 0, NULL),
(395, 'Dr Alka Kulkarni', '8879725093', 'I am not a diabetic...I would like to join the programme but I am also working on part-time basis. Is it feasable to do both..hold the job and also FFD ', '2021-12-04 10:46:03', '', 0, 0, 'ffd050121', 0, 0, 0, 0, 0, 0, 0, 0, 0, NULL),
(396, 'RAVINDER KONDA', '9391000958', 'age 55, HBAIC 9.5, C-Peptide 0.24, lost weight 10kg, ', '2021-12-04 10:46:42', '91', 0, 0, 'ffd050121', 1, 0, 0, 0, 0, 0, 0, 0, 0, NULL),
(397, 'Susheel P', '9849219064', 'REGISTERED\r\n', '2021-12-04 10:47:23', '', 0, 0, 'ffd050121', 1, 0, 0, 0, 0, 0, 0, 0, 0, NULL),
(398, 'ratna lahiri', '9163254563', 'i travel a lot will it be possible for me to join', '2021-12-04 10:47:24', '', 0, 0, 'ffd050121', 1, 0, 0, 0, 0, 0, 0, 0, 0, NULL),
(399, 'Sreeja Gopinath', '08105889090', 'Can I have the next webinar date in English, Want to share with my friend.', '2021-12-04 10:47:33', '', 0, 0, 'ffd050121', 1, 0, 0, 0, 0, 0, 0, 1, 0, NULL),
(400, 'Smita', '4692237413', 'Can post menopause developed Insulin sensitivity be helped?', '2021-12-04 10:49:44', '1', 0, 0, 'ffd050121', 1, 0, 0, 0, 0, 0, 0, 0, 0, NULL),
(401, 'Avadhoot', '9870486767', 'is diabetic reversal possible for IBD patients(having stoma)', '2021-12-04 10:50:40', '', 0, 0, 'ffd050121', 1, 0, 0, 0, 0, 0, 0, 0, 0, NULL),
(402, 'Balaji R', '9865887328', 'Just 2 days before i have been tested as 8.1. 3 months average. Shall i join. Also taking BP tab\r\n\r\n', '2021-12-04 10:50:56', '91', 0, 0, 'ffd050121', 1, 0, 0, 0, 0, 0, 0, 1, 0, NULL),
(403, 'Chitra Chandrakant Salunkhe ', '9619545633', 'Sir... will I have to discontinue my morning yoga session if I join this lovely team?', '2021-12-04 10:51:24', '', 0, 0, 'ffd050121', 1, 0, 0, 0, 0, 0, 0, 1, 0, NULL),
(404, 'Vishnu vijayanath ', '557890024', 'Will your team provide Food menu and respective recipes.', '2021-12-04 10:52:14', '971', 0, 0, 'ffd050121', 1, 0, 0, 0, 0, 0, 0, 1, 0, NULL),
(405, 'Brite Rosario', '09884110874', 'Once it has been again we can take normal and be normal on taking all kind of foods without any restrictions ', '2021-12-04 10:52:35', '91', 0, 0, 'ffd050121', 1, 0, 0, 0, 0, 0, 0, 0, 0, NULL),
(406, 'Karabi Datta', '8077923687', '4years diabetes ,type 2,Hb16.4,taking Janumet can I join ', '2021-12-04 10:53:13', '234', 0, 0, 'ffd050121', 1, 0, 0, 0, 0, 0, 0, 1, 0, NULL),
(407, 'Brite Rosario', '09884110874', 'Doctor pls take some water or snacks and continue your consulting pls ', '2021-12-04 10:53:41', '91', 0, 0, 'ffd050121', 1, 0, 0, 0, 0, 0, 0, 0, 0, NULL),
(408, 'SANDHYA', '9611094094', 'Post the program, will the insulin be produced by pancreass', '2021-12-04 10:54:33', '', 0, 0, 'ffd050121', 1, 0, 0, 0, 0, 0, 0, 0, 0, NULL),
(409, 'Arun Gupta', '9820019435', 'I have been dizbetic for the last 10 years. I have small lumps in my under arms. Can this be due to diabetes ? They pain only when they are pressed', '2021-12-04 10:54:52', '', 0, 0, 'ffd050121', 1, 0, 0, 0, 0, 0, 0, 0, 0, NULL),
(410, 'SANDHYA', '9611094094', 'Post the program, does insulin get produced by pancreas?', '2021-12-04 10:55:25', '', 0, 0, 'ffd050121', 1, 0, 0, 0, 0, 0, 0, 0, 0, NULL),
(411, 'Rajkumar ', '7010663443', 'Past 2 year sugar hb1c 11 is it possible medication recovery ', '2021-12-04 10:55:34', '', 0, 0, 'ffd050121', 1, 0, 0, 0, 0, 0, 0, 1, 0, NULL),
(412, 'Divya N', '9123829214', 'Isn\'t curd necessary for probiotics?', '2021-12-04 10:56:05', '', 0, 0, 'ffd050121', 1, 0, 0, 0, 0, 0, 0, 0, 0, NULL),
(413, 'Pooja Bhagat', '95602960', 'Thank you so much Dr. Tripathi.\r\nGod Bless you and yours!', '2021-12-04 10:57:02', '852', 0, 0, 'ffd050121', 1, 0, 0, 0, 0, 0, 0, 0, 0, NULL),
(414, 'Munjal kothari', '9821039999', 'Peripheral neuropathy without diabetes', '2021-12-04 10:57:18', '91', 0, 0, 'ffd050121', 1, 0, 0, 0, 0, 0, 0, 0, 0, NULL),
(415, 'RAJ', '8500802822', 'WILL MY ED PROBLEM SOLVED', '2021-12-04 10:57:29', '', 0, 0, 'ffd050121', 0, 0, 0, 0, 0, 0, 0, 0, 0, NULL),
(416, 'Gaurav Agarwal', '9435154314', 'I am diabetic,Can I eat fruits  in morning. After that breakfast like chapati and veg.', '2021-12-04 10:57:47', '', 0, 0, 'ffd050121', 1, 0, 0, 0, 0, 0, 0, 1, 0, NULL),
(417, 'Prathima Reddy', '9449655494', 'i am 41 yrs young,... overweight  having pcod since 10yrs ..looking forward to reduce my weight and feel energetic and free from PCOD\r\n ', '2021-12-04 10:58:00', '', 0, 0, 'ffd050121', 1, 0, 0, 0, 0, 0, 0, 1, 0, NULL),
(418, 'Vijetha Salagundi', '7326406797', 'Do u recommend supplements in the program? I will have side effects with supplements so how can it be managed?', '2021-12-04 10:58:04', '1', 0, 0, 'ffd050121', 1, 0, 0, 0, 0, 0, 0, 0, 0, NULL),
(419, 'RAJ', '8500802822', 'WILL MY ED PROBLEM BE SOLVED\r\n', '2021-12-04 10:58:05', '', 0, 0, 'ffd050121', 1, 0, 0, 0, 0, 0, 0, 0, 0, NULL),
(420, 'ANIL NAMBIAR', '9967068976', 'whats the offer code\r\n', '2021-12-04 10:58:16', '', 0, 0, 'ffd050121', 1, 0, 0, 0, 0, 0, 0, 0, 0, 'IRP77dfg'),
(421, 'SANDHYA', '9611094094', 'Pls repeat the answer... \r\nFor Type1 DB since 15 years, insulin get produced  by pancreas post program.', '2021-12-04 10:59:21', '', 0, 0, 'ffd050121', 1, 0, 0, 0, 0, 0, 0, 0, 0, NULL),
(422, 'Shakeel ur Rehman ', '872244888', 'Is it possible I can request you for bank details for deposit or transfer? I in Mozambique so some one from india can make transfer ', '2021-12-04 10:59:26', '258', 0, 0, 'ffd050121', 1, 0, 0, 0, 0, 0, 0, 1, 0, NULL),
(423, 'Kalyani Manchiraju', '4034791832', 'Registered and looking forward', '2021-12-04 10:59:55', '1', 0, 0, 'ffd050121', 1, 0, 0, 0, 0, 0, 0, 0, 0, NULL),
(424, 'Brite Rosario', '09884110874', 'Thanks your time and energy doctor', '2021-12-04 11:00:23', '91', 0, 0, 'ffd050121', 1, 0, 0, 0, 0, 0, 0, 0, 0, NULL),
(425, 'Ganga Rao Nadigatla', '712505552', 'Registered just now', '2021-12-04 11:00:27', '254', 0, 0, 'ffd050121', 1, 0, 0, 0, 0, 0, 0, 0, 0, NULL),
(426, 'Sreeja Gopinath', '08105889090', 'Thankyou for this wonderful session , It was very informative and we got to know many things about diabetics no doctors has told us even after years of consultations. Thank you so much ', '2021-12-04 11:00:39', '', 0, 0, 'ffd050121', 1, 0, 0, 0, 0, 0, 0, 1, 0, NULL),
(427, 'Vishnu vijayanath ', '557890024', 'After joining gym should be stopped or not.', '2021-12-04 11:00:43', '971', 0, 0, 'ffd050121', 1, 0, 0, 0, 0, 0, 0, 1, 0, NULL),
(428, 'sumitlekhi', '9986611193', 'thank you v much DOC . More power to you. God bless you and all your team', '2021-12-04 11:00:44', '', 0, 0, 'ffd050121', 1, 0, 0, 0, 0, 0, 0, 0, 0, NULL),
(429, 'Susheel P', '9849219064', 'Already feeling 46 year old young with child like energy and curiosity. Hope to pass GTT in a year\r\n', '2021-12-04 11:01:23', '', 0, 0, 'ffd050121', 1, 0, 0, 0, 0, 0, 0, 0, 0, NULL),
(430, 'praveen kumar itla', '9168185666', 'I\'m diabetic for the 11 years and the chances of medicine intake can be reduced by 50%,what are the other benefits that i can get from this program', '2021-12-04 11:01:30', '', 0, 0, 'ffd050121', 1, 0, 0, 0, 0, 0, 0, 0, 0, NULL),
(431, 'Balaji R', '9865887328', 'Will FFD team will call back to provide details ', '2021-12-04 11:03:06', '91', 0, 0, 'ffd050121', 1, 0, 0, 0, 0, 0, 0, 1, 0, NULL),
(432, 'Divya N', '9123829214', 'What\'s ur take on coconut ?is it recommended for a diabetic person', '2021-12-04 11:03:44', '', 0, 0, 'ffd050121', 1, 0, 0, 0, 0, 0, 0, 0, 0, NULL),
(433, 'Brite Rosario', '09884110874', 'Doctor u look like a Canada president ', '2021-12-04 11:04:57', '91', 0, 0, 'ffd050121', 1, 0, 0, 0, 0, 0, 0, 0, 0, NULL),
(434, 'vishak sridhar', '4199089353', 'Thank you for the amazing learning session... Love your energy...', '2021-12-04 11:06:24', '1', 0, 0, 'ffd050121', 1, 0, 0, 0, 0, 0, 0, 0, 0, NULL),
(435, 'Rajkumar ', '7010663443', 'Can I take oats instead of rice ik OK how much,?', '2021-12-04 11:06:54', '', 0, 0, 'ffd050121', 1, 0, 0, 0, 0, 0, 0, 0, 0, NULL),
(436, 'Pooja Bhagat', '95602960', 'Your smile and energy is contagious ðŸ˜ƒ\r\nAwesome ðŸ‘ ', '2021-12-04 11:07:03', '852', 0, 0, 'ffd050121', 1, 0, 0, 0, 0, 0, 0, 0, 0, NULL),
(437, 'Gaurav Agarwal', '9435154314', 'How to develop muscle losses due to diabetic.', '2021-12-04 11:07:42', '', 0, 0, 'ffd050121', 1, 0, 0, 0, 0, 0, 0, 0, 0, NULL),
(438, 'Pooja Bhagat', '95602960', 'The discount code for the next session number 78 is also the same?\r\nThank you ', '2021-12-04 11:07:52', '852', 0, 0, 'ffd050121', 1, 0, 0, 0, 0, 0, 0, 1, 0, NULL),
(439, 'Chitra Chandrakant Salunkhe ', '9619545633', 'Thankyou Sie', '2021-12-04 11:08:06', '', 0, 0, 'ffd050121', 1, 0, 0, 0, 0, 0, 0, 0, 0, NULL),
(440, 'SENTHIL K', '9944478833', 'Tq Doc, i just followed ur 30 days challange n reduced my fasting sugar from 200 to 100', '2021-12-04 11:08:22', '91', 0, 0, 'ffd050121', 1, 0, 0, 0, 0, 0, 0, 0, 0, NULL),
(441, 'Vijetha Salagundi', '7326406797', 'Thank u so much for the incredible informationðŸ˜Š', '2021-12-04 11:08:41', '1', 0, 0, 'ffd050121', 1, 0, 0, 0, 0, 0, 0, 0, 0, NULL),
(442, 'Kalyani Manchiraju', '4034791832', 'Thank you for all your work. 3+ hours of energy from you is amazing\r\n', '2021-12-04 11:08:48', '1', 0, 0, 'ffd050121', 1, 0, 0, 0, 0, 0, 0, 0, 0, NULL),
(443, 'Gaurav Agarwal', '9435154314', 'Thanks sir', '2021-12-04 11:08:57', '', 0, 0, 'ffd050121', 1, 0, 0, 0, 0, 0, 0, 0, 0, NULL),
(444, 'P T Thomas ', '7738106778', 'Malayalam session available ', '2021-12-04 11:09:15', '', 0, 0, 'ffd050121', 1, 0, 0, 0, 0, 0, 0, 0, 0, NULL),
(445, 'arshiafazal', '966535645437', 'can rock salt be avoided in the green smoothie if we have BP', '2021-12-04 11:09:20', '966', 0, 0, 'ffd050121', 1, 0, 0, 0, 0, 0, 0, 0, 0, NULL),
(446, 'Manoj Kumar B N', '6782316902', 'For cholestrol, I hope we need to register for Non-diabetic\r\n', '2021-12-04 11:09:28', '1', 0, 0, 'ffd050121', 1, 0, 0, 0, 0, 0, 0, 1, 0, NULL),
(447, 'PC Abraham ', '9880730333', 'cerebral atropy can i be benefited by FFD\r\n ', '2021-12-04 11:09:32', '', 0, 0, 'ffd050121', 1, 0, 0, 0, 0, 0, 0, 0, 0, NULL),
(448, 'Sreeja Gopinath', '08105889090', 'God bless you doctor ... To be a life saver for many more...', '2021-12-04 11:10:12', '', 0, 0, 'ffd050121', 1, 0, 0, 0, 0, 0, 0, 0, 0, NULL),
(449, 'SENTHIL K', '9944478833', 'dr..smoothy incrediants in tamil pls ', '2021-12-04 11:10:18', '91', 0, 0, 'ffd050121', 1, 0, 0, 0, 0, 0, 0, 0, 0, NULL),
(450, 'SINDHU', '9059301050', 'THANKU DOC', '2021-12-04 11:10:33', '', 0, 0, 'ffd050121', 1, 0, 0, 0, 0, 0, 0, 0, 0, NULL),
(451, 'PC Abraham ', '9880730333', 'Postrate can FFD help', '2021-12-04 11:10:34', '', 0, 0, 'ffd050121', 1, 0, 0, 0, 0, 0, 0, 0, 0, NULL),
(452, 'PC Abraham ', '9880730333', 'foofd addiction FFD', '2021-12-04 11:11:56', '', 0, 0, 'ffd050121', 0, 0, 0, 0, 0, 0, 0, 0, 0, NULL),
(453, 'Surya', '6462208546', 'height weight ratio', '2021-12-04 11:11:57', '1', 0, 0, 'ffd050121', 0, 0, 0, 0, 0, 0, 0, 0, 0, NULL),
(454, 'SENTHIL K', '9944478833', 'dr already i am under wait ,i am afraid of wait loss if i do surya namaskar', '2021-12-04 11:11:58', '91', 0, 0, 'ffd050121', 0, 0, 0, 0, 0, 0, 0, 0, 0, NULL),
(455, 'Ashu', '9876233245', 'Hi,Ashu from botswana. Diabetic from past 20 years . Csn I jhage freedom frok diabeties', '2021-12-04 11:13:14', '', 0, 0, 'ffd050121', 0, 0, 0, 0, 0, 0, 0, 0, 0, NULL),
(456, 'Vilas', '09892581233', 'Presently having fruits and dry fruits in breakfast and regular veg meals. Can continue? ', '2021-12-04 11:13:31', '', 0, 0, 'ffd050121', 0, 0, 0, 0, 0, 0, 0, 0, 0, NULL),
(457, 'Shivanand', '9972207736', 'How can I watch replay of today\'s session', '2021-12-04 11:37:36', '', 0, 0, 'ffd050121', 0, 0, 0, 0, 0, 0, 0, 0, 0, NULL),
(458, 'Vanaja', '9663383668', 'I am no able to see the video ', '2021-12-04 12:38:33', '', 0, 0, 'ffd050121', 0, 0, 0, 0, 0, 0, 0, 0, 0, NULL),
(459, 'P.chandrasekhar rao', '9494721629', 'What is the perfect sugar level', '2021-12-04 14:47:43', '', 0, 0, 'ffd050121', 0, 0, 0, 0, 0, 0, 0, 0, 0, NULL),
(460, 'Binita', '08002341628', 'How can I manage my sugar level .in the age of 31.', '2021-12-04 21:19:41', '91', 0, 0, 'ffd050121', 0, 0, 0, 0, 0, 0, 0, 0, 0, NULL),
(461, 'Venkat ', '9003187117', 'Please send link for online live session in email or Whatsapp.. ', '2021-12-05 07:59:09', '', 0, 0, 'ffd050121', 0, 0, 0, 0, 0, 0, 0, 0, 0, NULL),
(462, 'SKV PRASAD', '9949896665', 'How to treat diabetes for permanent cure', '2021-12-05 20:58:41', '', 0, 0, 'ffd050121', 0, 0, 0, 0, 0, 0, 0, 0, 0, NULL),
(463, 'Shankar Barman', '8812963283', 'Instalment', '2021-12-06 12:13:49', '871', 0, 0, 'ffd050121', 0, 0, 0, 0, 0, 0, 0, 0, 0, NULL),
(464, 'Shankar Barman', '8812963283', 'Instalment', '2021-12-06 12:16:21', '', 0, 0, 'ffd050121', 0, 0, 0, 0, 0, 0, 0, 0, 0, NULL);

-- --------------------------------------------------------

--
-- Table structure for table `tbl_users`
--

CREATE TABLE `tbl_users` (
  `id` int(3) NOT NULL,
  `name` varchar(100) NOT NULL,
  `reg_date` datetime NOT NULL,
  `mobile_num` varchar(20) NOT NULL,
  `login_date` datetime DEFAULT NULL,
  `logout_date` datetime DEFAULT NULL,
  `logout_status` int(11) DEFAULT '0',
  `cntry_code` varchar(10) DEFAULT NULL,
  `eventname` varchar(50) NOT NULL
) ENGINE=InnoDB DEFAULT CHARSET=utf8;

--
-- Dumping data for table `tbl_users`
--

INSERT INTO `tbl_users` (`id`, `name`, `reg_date`, `mobile_num`, `login_date`, `logout_date`, `logout_status`, `cntry_code`, `eventname`) VALUES
(1, 'v', '2021-11-25 11:34:00', '9765875731', '2021-11-26 11:57:49', '2021-11-26 11:59:34', 0, '', 'ffd050121'),
(2, 'Elanchezhian', '2021-11-25 15:56:39', '9894489569', '2021-12-04 09:56:31', '2021-12-04 10:14:31', 1, '', 'ffd050121'),
(3, 'Karthik ', '2021-11-26 03:41:24', '8553113110', '2021-12-04 22:30:41', '2021-12-04 22:35:52', 0, '', 'ffd050121'),
(4, 'C.Ratheesh', '2021-11-27 10:15:53', '9474276494', '2021-12-05 17:06:54', '2021-12-05 17:07:24', 1, '', 'ffd050121'),
(5, 'Ajay Kumar Magidewar', '2021-11-27 17:25:46', '08600108268', '2021-11-27 17:25:46', '2021-12-04 11:46:20', 0, '91', 'ffd050121'),
(6, 'Neha Chopra', '2021-11-28 16:46:20', '09167619555', '2021-11-28 16:46:20', '2021-11-28 16:46:50', 1, '', 'ffd050121'),
(7, 'Y Raghavendra Rao', '2021-11-28 21:19:56', '09341249498', '2021-12-04 08:12:04', '2021-12-04 09:02:34', 1, '', 'ffd050121'),
(8, 'Sabitha Rao', '2021-11-28 23:27:25', '09986200364', '2021-12-04 09:50:19', '2021-12-04 11:16:31', 1, '', 'ffd050121'),
(9, 'Anil kumar', '2021-11-28 23:34:26', '9448936657', '2021-12-06 14:18:17', '2021-12-06 17:04:47', 1, '', 'ffd050121'),
(10, 'Susheel p', '2021-11-29 18:53:23', '9849219064', '2021-12-04 07:52:05', '2021-12-04 11:12:05', 1, '', 'ffd050121'),
(11, 'Jacqulin', '2021-11-30 03:29:53', '9944328179', '2021-12-04 07:53:24', '2021-12-04 10:03:54', 1, '', 'ffd050121'),
(12, 'Manoj Kumar', '2021-11-30 12:36:36', '9810502144', '2021-12-04 07:56:07', '2021-12-04 11:01:07', 1, '', 'ffd050121'),
(13, 'Sudhir Nayak', '2021-11-30 12:37:47', '9560030297', '2021-12-04 10:05:37', '2021-12-04 10:26:37', 1, '', 'ffd050121'),
(14, 'mathangi Jagdish', '2021-11-30 12:54:16', '9945399855', '2021-11-30 12:54:16', '2021-11-30 12:54:46', 1, '91', 'ffd050121'),
(15, 'Poornima shankar', '2021-11-30 15:08:11', '8951167089', '2021-12-04 07:57:25', '2021-12-04 11:06:55', 1, '', 'ffd050121'),
(16, 'Sangita', '2021-11-30 15:49:01', '09930947714', '2021-11-30 15:49:01', '2021-11-30 17:43:41', 1, '91', 'ffd050121'),
(17, 'Eera Arora', '2021-11-30 16:04:49', '8750118253', '2021-11-30 16:04:49', '2021-11-30 16:05:19', 1, '', 'ffd050121'),
(18, 'Sanjay Lambe', '2021-11-30 17:04:50', '9820213908', '2021-11-30 17:04:50', '2021-11-30 17:05:20', 1, '91', 'ffd050121'),
(19, 'Sudheep', '2021-11-30 19:07:39', '99526887', '2021-12-04 07:58:59', '2021-12-04 10:29:59', 0, '968', 'ffd050121'),
(20, 'RAJENDRANATH ', '2021-11-30 22:08:25', '8500802822', '2021-11-30 22:08:25', '2021-12-04 11:00:07', 0, '91', 'ffd050121'),
(21, 'Snehalata Pothina', '2021-12-01 07:06:55', '7675002244', '2021-12-01 07:06:55', '2021-12-01 07:08:28', 1, '', 'ffd050121'),
(22, 'Ravi', '2021-12-01 08:11:26', '9701212789', '2021-12-04 09:28:26', '2021-12-04 10:18:27', 1, '', 'ffd050121'),
(23, 'Rakeshgowda A S', '2021-12-01 12:04:25', '08970681646', '2021-12-04 08:07:51', '2021-12-04 10:42:22', 1, '91', 'ffd050121'),
(24, 'Pooja Bhagat', '2021-12-01 13:43:24', '95602960', '2021-12-19 10:02:17', '2021-12-19 10:06:20', 1, '852', 'ffd050121'),
(25, 'Ramesh B L', '2021-12-01 15:02:54', '9980351100', '2021-12-04 07:52:12', '2021-12-04 10:19:11', 1, '', 'ffd050121'),
(26, 'PRAVEEN K', '2021-12-01 15:36:32', '9440122233', '2021-12-04 07:59:16', '2021-12-04 11:36:58', 1, '', 'ffd050121'),
(27, 'Syam Prasad', '2021-12-01 16:02:18', '9972944408', '2021-12-04 08:07:29', '2021-12-04 10:20:49', 0, '', 'ffd050121'),
(28, 'Prathima Reddy', '2021-12-01 17:04:40', '09449655494', '2021-12-04 10:35:07', '2021-12-04 10:41:26', 1, '', 'ffd050121'),
(29, 'Raghunath', '2021-12-01 17:06:01', '9442852924', '2021-12-01 17:06:01', '2021-12-01 17:06:35', 0, '91', 'ffd050121'),
(30, 'Yuvaraj N', '2021-12-01 17:13:59', '9738199207', '2021-12-01 17:13:59', '2021-12-01 17:14:29', 1, '', 'ffd050121'),
(31, 'Susan Cole', '2021-12-01 18:12:19', '642276197', '2021-12-04 18:55:44', '2021-12-04 19:10:15', 1, '34', 'ffd050121'),
(32, 'Aashish Agrawal', '2021-12-01 21:48:00', '9422245454', '2021-12-04 08:26:44', '2021-12-04 11:08:15', 1, '', 'ffd050121'),
(33, 'Rajkumar ', '2021-12-02 07:17:41', '7010663443', '2021-12-05 12:46:47', '2021-12-05 15:08:44', 1, '', 'ffd050121'),
(34, 'sandhya Yogesh Chauhan', '2021-12-02 13:09:20', '9028252116', '2021-12-04 09:30:51', '2021-12-04 09:53:00', 1, '', 'ffd050121'),
(35, 'Shibu Ninan', '2021-12-02 13:58:46', '7550343160', '2021-12-02 13:58:46', '2021-12-04 08:11:17', 0, '', 'ffd050121'),
(36, 'Basavaraj chanda', '2021-12-02 15:16:32', '7795198459', '2021-12-04 07:53:32', '2021-12-04 10:54:47', 1, '91', 'ffd050121'),
(37, 'P N Kannan', '2021-12-02 15:17:29', '09381062307', '2021-12-02 15:17:29', '2021-12-02 15:24:01', 1, '', 'ffd050121'),
(38, 'Basavaraju MA', '2021-12-02 15:24:09', '9008433840', '2021-12-04 21:20:59', '2021-12-04 21:30:38', 0, '', 'ffd050121'),
(39, 'Nithya Madhuvairy', '2021-12-02 17:11:54', '09686039905', '2021-12-04 08:22:55', '2021-12-04 08:31:05', 1, '', 'ffd050121'),
(40, 'Piyush Kumar', '2021-12-02 17:29:13', '8102096130', '2021-12-04 08:52:24', '2021-12-04 10:19:32', 0, '', 'ffd050121'),
(41, 'Y Lalitha Kumari', '2021-12-02 17:47:36', '9182259055', '2021-12-04 07:49:37', '2021-12-04 11:12:48', 1, '91', 'ffd050121'),
(42, 'Puja', '2021-12-02 18:08:26', '9673811144', '2021-12-04 08:49:19', '2021-12-04 10:32:40', 1, '', 'ffd050121'),
(43, 'RAVINDER KONDA', '2021-12-02 19:27:08', '9391000958', '2021-12-02 19:27:08', '2021-12-02 19:27:39', 0, '', 'ffd050121'),
(44, 'Shakeel ur Rehman ', '2021-12-02 19:52:59', '872244888', '2021-12-04 07:53:05', '2021-12-04 11:00:36', 1, '258', 'ffd050121'),
(45, 'Vanaja NS', '2021-12-02 20:44:54', '9663383668', '2021-12-12 12:29:03', '2021-12-12 12:30:03', 1, '', 'ffd050121'),
(46, 'Sandhya Malhotra', '2021-12-02 22:45:09', '09425245551', '2021-12-04 08:51:47', '2021-12-04 10:20:50', 1, '', 'ffd050121'),
(47, 'Sankar Valluri', '2021-12-03 01:59:31', '6783866647', '2021-12-04 07:51:07', '2021-12-04 11:09:09', 1, '1', 'ffd050121'),
(48, 'Krishna', '2021-12-03 07:51:16', '8618805178', '2021-12-06 16:06:50', '2021-12-06 19:22:07', 1, '', 'ffd050121'),
(49, 'col PC Abraham', '2021-12-03 11:04:55', '9880730333', '2021-12-06 19:24:08', '2021-12-06 19:33:05', 0, '', 'ffd050121'),
(50, 'PC Abraham', '2021-12-03 11:10:12', '9880730333', '2021-12-04 09:25:46', '2021-12-06 19:33:05', 0, '91', 'ffd050121'),
(51, 'Iris Pinto', '2021-12-03 12:44:22', '9833746898', '2021-12-04 13:37:45', '2021-12-04 13:38:47', 1, '', 'ffd050121'),
(52, 'Manickam ', '2021-12-03 13:47:55', '9980597823', '2021-12-04 08:01:02', '2021-12-04 11:42:11', 1, '', 'ffd050121'),
(53, 'Palaniappan EMC', '2021-12-03 14:20:02', '9381003412', '2021-12-04 07:53:56', '2021-12-04 11:25:27', 1, '91', 'ffd050121'),
(54, 'Nishanth', '2021-12-03 14:56:46', '8689', '2021-12-03 14:56:46', '2021-12-03 14:57:19', 0, '1-268', 'ffd050121'),
(55, 'O P Srivastava ', '2021-12-03 15:16:57', '9648646000', '2021-12-04 07:49:59', '2021-12-04 10:24:19', 0, '', 'ffd050121'),
(56, 'Raghunandan K S', '2021-12-03 15:38:54', '08722481654', '2021-12-03 15:38:54', '2021-12-03 15:39:56', 1, '91', 'ffd050121'),
(57, 'Beena ', '2021-12-03 15:57:44', '07994069965', '2021-12-07 18:19:01', '2021-12-07 18:22:32', 1, '', 'ffd050121'),
(58, 'Sudha Sridhar', '2021-12-03 17:55:04', '9789935117', '2021-12-04 07:04:26', '2021-12-04 11:08:36', 1, '', 'ffd050121'),
(59, 'Vishen Pradhan', '2021-12-03 18:01:56', '9593789287', '2021-12-03 18:01:56', '2021-12-03 18:14:16', 1, '', 'ffd050121'),
(60, 'Bishwendra Pradhan', '2021-12-03 18:14:07', '09593789287', '2021-12-04 07:50:52', '2021-12-04 10:55:12', 1, '', 'ffd050121'),
(61, 'Dr. Sonal Pandia', '2021-12-03 19:21:04', '9821028035', '2021-12-03 19:21:04', '2021-12-03 19:31:33', 1, '', 'ffd050121'),
(62, 'RAJAPPA KC', '2021-12-03 20:22:08', '9448234390', '2021-12-05 07:02:49', '2021-12-05 08:52:03', 1, '', 'ffd050121'),
(63, 'R Raviprakash', '2021-12-03 20:29:47', '9449000101', '2021-12-06 11:15:26', '2021-12-06 11:37:01', 1, '91', 'ffd050121'),
(64, 'Aisha Banu ', '2021-12-03 20:51:59', '9008862148', '2021-12-03 20:51:59', '2021-12-03 20:52:29', 1, '', 'ffd050121'),
(65, 'Aisha Banu ', '2021-12-03 20:52:12', '9008862145', '2021-12-03 20:52:12', '2021-12-03 20:52:42', 0, '', 'ffd050121'),
(66, 'Y RAGHAVENDRA RAO ', '2021-12-03 21:22:25', '9341249498', '2021-12-04 22:16:57', '2021-12-04 22:35:57', 1, '', 'ffd050121'),
(67, 'RAJAPPA', '2021-12-03 21:25:48', '9448234390', '2021-12-03 21:37:35', '2021-12-03 21:38:49', 1, '91', 'ffd050121'),
(68, 'Parul', '2021-12-03 21:51:30', '8826361162', '2021-12-04 11:04:12', '2021-12-04 11:05:42', 1, '', 'ffd050121'),
(69, 'SOUMYAJIT ROY', '2021-12-03 22:00:49', '782207917', '2021-12-04 08:02:53', '2021-12-04 10:22:15', 1, '255', 'ffd050121'),
(70, 'Roopala Kolandaivel', '2021-12-03 22:07:24', '9962305779', '2021-12-03 22:07:24', '2021-12-03 22:09:00', 0, '91', 'ffd050121'),
(71, 'Divya Shah', '2021-12-03 22:10:53', '7783805946', '2021-12-04 09:27:36', '2021-12-04 10:30:25', 1, '', 'ffd050121'),
(72, 'Mamatha Changappa', '2021-12-03 22:26:37', '9901854815', '2021-12-04 16:59:21', '2021-12-04 17:30:52', 1, '91', 'ffd050121'),
(73, 'Satish Mudbidri', '2021-12-03 22:56:51', '09482932462', '2021-12-03 22:56:51', '2021-12-03 22:57:21', 1, '91', 'ffd050121'),
(74, 'Narasimha Shastry Vadali', '2021-12-03 22:58:15', '9823368888', '2021-12-04 08:07:51', '2021-12-04 10:38:51', 1, '', 'ffd050121'),
(75, 'Krishna', '2021-12-03 22:59:43', '9916198024', '2021-12-04 07:51:05', '2021-12-04 10:28:19', 1, '', 'ffd050121'),
(76, 'Vinay', '2021-12-03 23:40:44', '9986356537', '2021-12-04 08:13:45', '2021-12-04 11:19:23', 1, '', 'ffd050121'),
(77, 'Jagdish sindhi ', '2021-12-03 23:56:44', '9695007555', '2021-12-06 18:58:07', '2021-12-06 18:58:37', 1, '', 'ffd050121'),
(78, 'Sangita', '2021-12-04 00:47:06', '993094714', '2021-12-04 00:47:06', '2021-12-04 00:47:36', 1, '', 'ffd050121'),
(79, 'Mihika Bhatt', '2021-12-04 04:45:37', '7036247759', '2021-12-04 09:09:20', '2021-12-04 10:55:22', 1, '1', 'ffd050121'),
(80, 'Karabi Datta', '2021-12-04 05:11:01', '8077923687', '2021-12-04 12:41:18', '2021-12-04 12:41:48', 1, '234', 'ffd050121'),
(81, 'Venugopal Neelagiri ', '2021-12-04 05:43:15', '9787600437', '2021-12-05 00:08:36', '2021-12-05 00:10:07', 1, '1', 'ffd050121'),
(82, 'Uma C', '2021-12-04 06:12:46', '9444908044', '2021-12-04 07:58:02', '2021-12-04 10:36:00', 0, '', 'ffd050121'),
(83, 'Saji THARAYIL', '2021-12-04 06:20:29', '0430770376', '2021-12-04 15:57:08', '2021-12-04 17:17:32', 1, '61', 'ffd050121'),
(84, 'Jyothi', '2021-12-04 06:31:03', '09884786781', '2021-12-04 06:31:03', '2021-12-04 06:49:33', 1, '91', 'ffd050121'),
(85, 'P T Thomas ', '2021-12-04 06:47:23', '7738106778', '2021-12-04 08:00:08', '2021-12-04 11:25:31', 1, '', 'ffd050121'),
(86, 'Yalapalli Venkataramana ', '2021-12-04 06:50:58', '99298764', '2021-12-04 10:41:47', '2021-12-04 11:14:49', 1, '965', 'ffd050121'),
(87, 'Pravaker chettri', '2021-12-04 07:01:00', '8016713731', '2021-12-04 09:30:09', '2021-12-04 11:12:13', 1, '', 'ffd050121'),
(88, 'Shikha Jain', '2021-12-04 07:02:06', '2035505177', '2021-12-04 09:46:20', '2021-12-04 10:19:26', 1, '1', 'ffd050121'),
(89, 'SIVAKUMAR GANJI', '2021-12-04 07:02:26', '09493799861', '2021-12-04 09:39:37', '2021-12-04 10:23:07', 1, '91', 'ffd050121'),
(90, 'Gopi Panuganti', '2021-12-04 07:03:00', '8135051760', '2021-12-04 07:03:00', '2021-12-04 10:20:19', 0, '1', 'ffd050121'),
(91, 'Sabitha Rao', '2021-12-04 07:04:02', '09986200364', '2021-12-04 07:46:37', '2021-12-04 09:50:20', 1, '91', 'ffd050121'),
(92, 'Thunduparambil Devaraj', '2021-12-04 07:16:32', '07012122250', '2021-12-04 07:29:29', '2021-12-04 10:23:37', 0, '', 'ffd050121'),
(93, 'v', '2021-12-04 07:19:33', '67889', '2021-12-04 07:19:33', '2021-12-04 07:21:37', 0, '', 'ffd050121'),
(94, 'v', '2021-12-04 07:21:43', '6778', '2021-12-04 07:21:43', '2021-12-04 07:21:57', 0, '', 'ffd050121'),
(95, 'Naveen Surana', '2021-12-04 07:21:46', '9831216619', '2021-12-04 07:57:14', '2021-12-04 10:54:23', 0, '', 'ffd050121'),
(96, 'v', '2021-12-04 07:26:36', '567', '2021-12-04 07:57:48', '2021-12-04 07:57:52', 0, '', 'ffd050121'),
(97, 'Trinadha reddy Padala', '2021-12-04 07:27:37', '09989845917', '2021-12-04 07:58:27', '2021-12-04 10:12:59', 1, '', 'ffd050121'),
(98, ' Kumar', '2021-12-04 07:28:07', '9900264349', '2021-12-05 20:47:09', '2021-12-05 20:49:10', 1, '', 'ffd050121'),
(99, 'paresh bhanulal shantilal', '2021-12-04 07:29:26', '0125082795', '2021-12-04 07:29:26', '2021-12-04 09:42:27', 1, '60', 'ffd050121'),
(100, 'v', '2021-12-04 07:31:41', '788', '2021-12-04 07:31:41', '2021-12-04 07:31:58', 0, '', 'ffd050121'),
(101, 'Amruta', '2021-12-04 07:31:54', '9773049596', '2021-12-04 07:31:54', '2021-12-04 07:40:02', 1, '', 'ffd050121'),
(102, 'Eera Atora', '2021-12-04 07:32:03', '8750118252', '2021-12-04 07:32:03', '2021-12-04 10:35:23', 1, '', 'ffd050121'),
(103, 'Srinath KK', '2021-12-04 07:32:32', '7349185656', '2021-12-04 08:08:38', '2021-12-04 10:08:08', 1, '', 'ffd050121'),
(104, 'pradeep bhau', '2021-12-04 07:32:50', '09821517190', '2021-12-04 08:01:46', '2021-12-04 11:05:16', 1, '', 'ffd050121'),
(105, 'Tarun Guha Neogi', '2021-12-04 07:33:02', '9425857009', '2021-12-04 07:33:02', '2021-12-04 11:17:42', 0, '91', 'ffd050121'),
(106, 'Tulasi Ramarao', '2021-12-04 07:34:29', '8454610716', '2021-12-11 21:22:28', '2021-12-11 21:23:30', 1, '1', 'ffd050121'),
(107, 'Vishnu vijayanath ', '2021-12-04 07:34:59', '557890024', '2021-12-06 13:08:30', '2021-12-06 13:10:30', 1, '971', 'ffd050121'),
(108, 'Sravanthi', '2021-12-04 07:35:02', '9573040926', '2021-12-04 09:11:23', '2021-12-04 10:25:10', 1, '', 'ffd050121'),
(109, 'Ashok Narayanasamy', '2021-12-04 07:35:27', '7138764392', '2021-12-04 07:35:27', '2021-12-04 10:19:35', 0, '1', 'ffd050121'),
(110, 'Kavita Agarwala', '2021-12-04 07:35:58', '9953780588', '2021-12-04 07:35:58', '2021-12-04 10:12:00', 1, '', 'ffd050121'),
(111, 'Ashu', '2021-12-04 07:36:50', '9876233245', '2021-12-04 07:59:37', '2021-12-04 11:17:04', 1, '', 'ffd050121'),
(112, 'CHENDILNATHAN Balasubramanian', '2021-12-04 07:37:02', '09840058474', '2021-12-04 07:37:02', '2021-12-04 16:00:13', 1, '91', 'ffd050121'),
(113, 'Shailaja', '2021-12-04 07:37:22', '09820821644', '2021-12-04 10:13:15', '2021-12-04 10:13:45', 1, '91', 'ffd050121'),
(114, 'Megha Joshi', '2021-12-04 07:38:09', '09167889904', '2021-12-04 07:38:09', '2021-12-04 09:57:38', 1, '', 'ffd050121'),
(115, 'Manoj Kumar B N', '2021-12-04 07:38:10', '6782316902', '2021-12-04 07:38:10', '2021-12-04 11:28:54', 1, '1', 'ffd050121'),
(116, 'Tn Balaji', '2021-12-04 07:38:38', '9113048325', '2021-12-04 07:38:38', '2021-12-04 07:45:01', 1, '91', 'ffd050121'),
(117, 'Dipen Patel', '2021-12-04 07:38:48', '9925055311', '2021-12-04 07:38:48', '2021-12-04 10:24:55', 0, '', 'ffd050121'),
(118, 'Rajesh Benny', '2021-12-04 07:39:27', '9820410322', '2021-12-04 07:39:27', '2021-12-04 10:07:27', 1, '91', 'ffd050121'),
(119, 'deepna nagar', '2021-12-04 07:40:01', '9820147294', '2021-12-04 07:40:01', '2021-12-04 11:02:02', 1, '', 'ffd050121'),
(120, 'PURUSHOTHAMA REDDY N', '2021-12-04 07:40:06', '9986040915', '2021-12-04 07:40:06', '2021-12-04 11:13:07', 1, '', 'ffd050121'),
(121, 'Ajay Kumar Magidewar', '2021-12-04 07:40:32', '8600108268', '2021-12-04 07:40:32', '2021-12-04 11:12:32', 1, '', 'ffd050121'),
(122, 'Sanjay Patel', '2021-12-04 07:40:41', '5147038184', '2021-12-28 22:40:21', '2021-12-28 22:40:51', 1, '1', 'ffd050121'),
(123, 'Sanjeevani Sathe', '2021-12-04 07:40:57', '9910405036', '2021-12-04 07:40:57', '2021-12-04 10:21:22', 0, '', 'ffd050121'),
(124, 'Brite Rosario', '2021-12-04 07:40:58', '09884110874', '2021-12-04 07:40:58', '2021-12-04 11:12:30', 1, '91', 'ffd050121'),
(125, 'Sivakumar', '2021-12-04 07:40:59', '9894089998', '2021-12-04 07:40:59', '2021-12-04 10:25:53', 1, '91', 'ffd050121'),
(126, 'Divya N', '2021-12-04 07:41:21', '9123829214', '2021-12-04 07:41:21', '2021-12-04 07:47:52', 1, '91', 'ffd050121'),
(127, 'Anitha krishna ', '2021-12-04 07:41:26', '8971773481', '2021-12-04 07:41:26', '2021-12-04 10:49:08', 0, '', 'ffd050121'),
(128, 'Pavitra Manjeshwar', '2021-12-04 07:41:37', '9686060518', '2021-12-04 07:41:37', '2021-12-04 11:12:39', 1, '', 'ffd050121'),
(129, 'BALAJI SETHUMATHAVAN', '2021-12-04 07:42:12', '06366622204', '2021-12-04 07:42:12', '2021-12-04 10:37:42', 1, '', 'ffd050121'),
(130, 'ANIL NAMBIAR', '2021-12-04 07:42:28', '9967078976', '2021-12-04 07:42:28', '2021-12-04 07:51:04', 1, '91', 'ffd050121'),
(131, 'Ishita Bhatt ', '2021-12-04 07:42:29', '9409117585', '2021-12-04 07:42:29', '2021-12-04 11:12:59', 1, '91', 'ffd050121'),
(132, 'Deepa Manjunath', '2021-12-04 07:42:37', '08867288214', '2021-12-04 07:42:37', '2021-12-04 11:13:38', 1, '', 'ffd050121'),
(133, 'Priyanka Gokave', '2021-12-04 07:42:40', '09503765178', '2021-12-27 07:13:18', '2021-12-27 07:14:18', 1, '', 'ffd050121'),
(134, 'Megha', '2021-12-04 07:42:45', '09677077996', '2021-12-04 09:49:45', '2021-12-04 10:00:07', 1, '', 'ffd050121'),
(135, 'Dr Raman Selai', '2021-12-04 07:42:50', '9810186963', '2021-12-04 07:42:50', '2021-12-04 10:29:54', 0, '91', 'ffd050121'),
(136, 'Prathima Reddy', '2021-12-04 07:42:51', '9449655494', '2021-12-04 07:42:51', '2021-12-04 11:12:51', 1, '', 'ffd050121'),
(137, 'Amruta', '2021-12-04 07:42:55', '09773049596', '2021-12-04 07:42:55', '2021-12-04 08:36:56', 1, '', 'ffd050121'),
(138, 'sushma khemka', '2021-12-04 07:42:57', '9820556541', '2021-12-04 07:42:57', '2021-12-04 10:53:28', 1, '', 'ffd050121'),
(139, 'SINDHU', '2021-12-04 07:43:16', '9059301050', '2021-12-04 07:43:16', '2021-12-04 11:13:24', 0, '', 'ffd050121'),
(140, 'Senthamil Rangasami', '2021-12-04 07:43:23', '6472914043', '2021-12-04 07:43:23', '2021-12-04 10:42:54', 1, '1', 'ffd050121'),
(141, 'Ramesh', '2021-12-04 07:43:38', '9845748460', '2021-12-04 07:43:38', '2021-12-04 12:13:10', 1, '', 'ffd050121'),
(142, 'Soundararajan R', '2021-12-04 07:43:40', '9445021870', '2021-12-04 07:43:40', '2021-12-04 11:12:06', 0, '', 'ffd050121'),
(143, 'annath', '2021-12-04 07:43:58', '9686211337', '2021-12-04 07:43:58', '2021-12-04 11:12:02', 0, '', 'ffd050121'),
(144, 'LATHA Dara', '2021-12-04 07:44:11', '09620548893', '2021-12-04 08:55:52', '2021-12-04 10:39:10', 0, '', 'ffd050121'),
(145, 'Krishna Iyer', '2021-12-04 07:44:13', '9833411669', '2021-12-04 07:44:13', '2021-12-04 10:44:29', 0, '', 'ffd050121'),
(146, 'Eleanor Rebello', '2021-12-04 07:44:33', '9619456447', '2021-12-04 07:44:33', '2021-12-04 10:20:29', 1, '', 'ffd050121'),
(147, 'Raghupal Reddy', '2021-12-04 07:44:35', '505293095', '2021-12-04 07:44:35', '2021-12-04 12:44:48', 1, '971', 'ffd050121'),
(148, 'menaka rao', '2021-12-04 07:44:43', '09844302793', '2021-12-04 07:44:43', '2021-12-04 11:16:14', 1, '', 'ffd050121'),
(149, 'sudha', '2021-12-04 07:44:45', '7045143448', '2021-12-04 07:45:56', '2021-12-04 11:12:58', 1, '', 'ffd050121'),
(150, 'Bharuk M', '2021-12-04 07:44:51', '9941013326', '2021-12-04 07:44:51', '2021-12-04 11:10:15', 0, '', 'ffd050121'),
(151, 'Abhijit Ghosh', '2021-12-04 07:45:02', '9231021465', '2021-12-04 07:54:53', '2021-12-04 11:13:04', 1, '', 'ffd050121'),
(152, 'Deepak K R', '2021-12-04 07:45:03', '9880284475', '2021-12-04 18:51:56', '2021-12-04 19:04:57', 1, '', 'ffd050121'),
(153, 'SANJAY LAMBE', '2021-12-04 07:45:06', '9820213908', '2021-12-04 07:45:06', '2021-12-04 10:45:07', 1, '', 'ffd050121'),
(154, 'Parupalli Srinivasa Rao', '2021-12-04 07:45:12', '9000701350', '2021-12-04 16:52:28', '2021-12-04 17:00:57', 1, '', 'ffd050121'),
(155, 'VIKRAM NARSARIA ', '2021-12-04 07:45:14', '9831174450', '2021-12-04 11:00:58', '2021-12-04 11:12:59', 1, '', 'ffd050121'),
(156, 'pitchaiah', '2021-12-04 07:45:15', '09840243174', '2021-12-06 05:49:24', '2021-12-06 07:46:54', 1, '', 'ffd050121'),
(157, 'Raghunath', '2021-12-04 07:45:21', '9442852924', '2021-12-04 09:52:40', '2021-12-04 10:05:52', 1, '', 'ffd050121'),
(158, 'Rekha Periapattanam', '2021-12-04 07:45:22', '8324759548', '2021-12-04 07:45:22', '2021-12-04 10:53:10', 0, '1', 'ffd050121'),
(159, 'Parag Dalvi', '2021-12-04 07:45:36', '9820029372', '2021-12-04 07:45:36', '2021-12-04 09:50:37', 1, '', 'ffd050121'),
(160, 'Avadhoot', '2021-12-04 07:45:43', '9870486767', '2021-12-04 07:45:43', '2021-12-04 11:07:13', 1, '', 'ffd050121'),
(161, 'Jaya Talreja', '2021-12-04 07:45:43', '9022020818', '2021-12-08 13:45:45', '2021-12-08 14:36:45', 1, '91', 'ffd050121'),
(162, 'Elizabeth Jacob', '2021-12-04 07:46:08', '8590009915', '2021-12-04 07:46:08', '2021-12-04 10:38:09', 1, '91', 'ffd050121'),
(163, 'Naresh Babu', '2021-12-04 07:46:12', '8970828399', '2021-12-04 07:46:12', '2021-12-04 10:51:35', 0, '91', 'ffd050121'),
(164, 'Prashant Suvarna', '2021-12-04 07:46:17', '8668608089', '2021-12-04 08:05:00', '2021-12-04 12:27:11', 1, '', 'ffd050121'),
(165, 'VIRENDRA PRAKASH', '2021-12-04 07:46:18', '9758244700', '2021-12-04 07:46:18', '2021-12-04 11:17:38', 1, '', 'ffd050121'),
(166, 'Gladys Michaeleen M', '2021-12-04 07:46:20', '9841251883', '2021-12-04 07:46:20', '2021-12-04 11:12:21', 1, '', 'ffd050121'),
(167, 'Vijetha Salagundi', '2021-12-04 07:46:31', '7326406797', '2021-12-04 07:46:31', '2021-12-04 11:54:06', 1, '1', 'ffd050121'),
(168, 'VijayTewari', '2021-12-04 07:46:32', '7600040045', '2021-12-04 07:46:32', '2021-12-04 10:25:32', 1, '', 'ffd050121'),
(169, 'Dathathri GS', '2021-12-04 07:46:33', '9916352888', '2021-12-04 07:46:33', '2021-12-04 10:17:58', 0, '', 'ffd050121'),
(170, 'Sivakanth', '2021-12-04 07:46:42', '9786353361', '2021-12-04 07:46:42', '2021-12-04 11:12:43', 1, '', 'ffd050121'),
(171, 'S Kannan', '2021-12-04 07:46:46', '9900150713', '2021-12-04 07:46:46', '2021-12-06 11:15:30', 0, '91', 'ffd050121'),
(172, 'Kavit Bhatt', '2021-12-04 07:46:49', '0412916369', '2021-12-06 17:54:21', '2021-12-06 17:57:09', 0, '61', 'ffd050121'),
(173, 'Vibhuti Bhangui', '2021-12-04 07:46:49', '9527436313', '2021-12-04 07:46:49', '2021-12-04 10:45:04', 0, '91', 'ffd050121'),
(174, 'SENTHIL RAJ', '2021-12-04 07:46:53', '8056000749', '2021-12-04 07:46:53', '2021-12-04 10:21:43', 0, '', 'ffd050121'),
(175, 'Mala Ganapathy', '2021-12-04 07:46:54', '8108821234', '2021-12-04 07:46:54', '2021-12-04 11:06:54', 1, '91', 'ffd050121'),
(176, 'shailaja', '2021-12-04 07:46:57', '9820821644', '2021-12-04 07:46:57', '2021-12-04 10:47:57', 1, '91', 'ffd050121'),
(177, 'Vijayakumar ', '2021-12-04 07:46:59', '9963233266', '2021-12-04 09:35:08', '2021-12-04 09:36:39', 1, '', 'ffd050121'),
(178, 'Santosh Sarjerao Wadekar', '2021-12-04 07:47:08', '9850432152', '2021-12-04 07:47:08', '2021-12-04 10:25:09', 1, '', 'ffd050121'),
(179, 'Susan Thomas', '2021-12-04 07:47:09', '9840012515', '2021-12-04 07:47:09', '2021-12-04 11:12:39', 1, '', 'ffd050121'),
(180, 'Prabha Shankara', '2021-12-04 07:47:13', '9481321484', '2021-12-04 08:06:21', '2021-12-04 11:14:51', 1, '', 'ffd050121'),
(181, 'Kalyani Manchiraju', '2021-12-04 07:47:24', '4034791832', '2021-12-04 07:47:24', '2021-12-04 11:24:07', 0, '1', 'ffd050121'),
(182, 'Shoba Mahalingam', '2021-12-04 07:47:33', '9619420014', '2021-12-04 07:47:33', '2021-12-04 11:38:34', 1, '', 'ffd050121'),
(183, 'Mathew', '2021-12-04 07:47:33', '8888028833', '2021-12-04 09:36:10', '2021-12-04 09:41:25', 1, '91', 'ffd050121'),
(184, 'M.K. Srivas', '2021-12-04 07:47:40', '9940042056', '2021-12-04 07:50:35', '2021-12-04 10:25:35', 1, '', 'ffd050121'),
(185, 'Prasad  M', '2021-12-04 07:47:40', '9003200081', '2021-12-04 07:47:40', '2021-12-04 10:49:12', 1, '', 'ffd050121'),
(186, 'Divya N', '2021-12-04 07:47:42', '9123829214', '2021-12-04 11:04:26', '2021-12-04 11:30:31', 1, '', 'ffd050121'),
(187, 'Manjiri Ravindra Joshi', '2021-12-04 07:47:43', '9890977927', '2021-12-04 07:47:43', '2021-12-04 11:30:13', 1, '91', 'ffd050121'),
(188, 'SUJATHAVASU', '2021-12-04 07:48:00', '9740363864', '2021-12-05 22:31:10', '2021-12-05 22:55:59', 1, '', 'ffd050121'),
(189, 'Ekta Saxena', '2021-12-04 07:48:03', '9811906777', '2021-12-04 07:48:03', '2021-12-04 10:11:34', 1, '91', 'ffd050121'),
(190, 'Veena Samudra', '2021-12-04 07:48:07', '9728974061', '2021-12-08 08:59:04', '2021-12-08 08:59:34', 1, '1', 'ffd050121'),
(191, 'Shweta', '2021-12-04 07:48:17', '9922172287', '2021-12-04 07:48:17', '2021-12-04 11:01:49', 0, '91', 'ffd050121'),
(192, 'vishak sridhar', '2021-12-04 07:48:20', '4199089353', '2021-12-06 08:27:30', '2021-12-06 08:33:02', 1, '1', 'ffd050121'),
(193, 'Priyanka Sibal', '2021-12-04 07:48:29', '9987561433', '2021-12-06 09:13:32', '2021-12-06 09:42:34', 1, '', 'ffd050121'),
(194, 'MVN ROHINI ', '2021-12-04 07:48:31', '8555095942', '2021-12-04 09:37:30', '2021-12-04 10:20:36', 0, '', 'ffd050121'),
(195, 'Amita Yadwadkar', '2021-12-04 07:48:33', '9822001057', '2021-12-06 12:17:40', '2021-12-06 16:55:28', 0, '', 'ffd050121'),
(196, 'mathangi Jagdish', '2021-12-04 07:48:50', '9945399855', '2021-12-04 07:48:50', '2021-12-04 10:17:27', 1, '', 'ffd050121'),
(197, 'Soundaryavalli', '2021-12-04 07:48:51', '09632489261', '2021-12-04 07:54:36', '2021-12-04 10:19:11', 1, '', 'ffd050121'),
(198, 'Satish M', '2021-12-04 07:48:58', '9482932462', '2021-12-04 07:48:58', '2021-12-04 11:18:58', 1, '', 'ffd050121'),
(199, 'Arun Gupta', '2021-12-04 07:49:00', '9820019435', '2021-12-04 07:49:00', '2021-12-04 11:12:31', 1, '', 'ffd050121'),
(200, 'ratna lahiri', '2021-12-04 07:49:04', '9163254563', '2021-12-04 19:09:38', '2021-12-04 20:07:24', 0, '', 'ffd050121'),
(201, 'SENTHIL K', '2021-12-04 07:49:26', '9944478833', '2021-12-04 07:49:26', '2021-12-04 21:24:13', 0, '91', 'ffd050121'),
(202, 'VALSA WILLIAMS', '2021-12-04 07:49:29', '9810153525', '2021-12-04 07:49:29', '2021-12-04 10:47:00', 1, '91', 'ffd050121'),
(203, 'Udeesha', '2021-12-04 07:49:40', '9820551086', '2021-12-04 07:49:40', '2021-12-04 09:33:48', 1, '91', 'ffd050121'),
(204, 'Mukesh kumar', '2021-12-04 07:49:43', '9630396886', '2021-12-04 10:17:56', '2021-12-04 10:24:59', 1, '91', 'ffd050121'),
(205, 'Nanthakishore Baskaran', '2021-12-04 07:49:45', '8473027834', '2021-12-04 07:49:45', '2021-12-04 11:08:46', 1, '1', 'ffd050121'),
(206, 'arshia fazal', '2021-12-04 07:49:46', '0535645437', '2021-12-04 07:49:46', '2021-12-04 07:53:56', 1, '966', 'ffd050121'),
(207, 'Bharathi', '2021-12-04 07:49:46', '9845599866', '2021-12-04 07:49:46', '2021-12-04 10:40:46', 1, '', 'ffd050121'),
(208, 'Vishal gupta', '2021-12-04 07:49:49', '9167730894', '2021-12-04 07:49:49', '2021-12-04 11:07:29', 0, '91', 'ffd050121'),
(209, 'Sendhil Ramanathan', '2021-12-04 07:49:51', '07405870681', '2021-12-06 02:20:57', '2021-12-06 02:39:58', 1, '44', 'ffd050121'),
(210, 'K,Saravanan', '2021-12-04 07:49:59', '9008443377', '2021-12-04 07:49:59', '2021-12-04 10:46:00', 1, '', 'ffd050121'),
(211, 'Adarsh soni', '2021-12-04 07:50:12', '7999470466', '2021-12-04 07:50:12', '2021-12-04 11:13:13', 1, '', 'ffd050121'),
(212, 'Blase Fernandes ', '2021-12-04 07:50:21', '9861114119', '2021-12-04 08:05:34', '2021-12-04 10:25:10', 0, '', 'ffd050121'),
(213, 'Neha Chopra', '2021-12-04 07:50:23', '9167619555', '2021-12-05 20:17:49', '2021-12-05 23:26:19', 1, '', 'ffd050121'),
(214, 'Jitesh Padala', '2021-12-04 07:50:23', '2899718756', '2021-12-04 07:50:23', '2021-12-07 06:20:21', 1, '1', 'ffd050121'),
(215, 'Archana Bhat ', '2021-12-04 07:50:23', '9902885719', '2021-12-04 10:20:38', '2021-12-04 10:31:14', 1, '91', 'ffd050121'),
(216, 'Geeta Jani', '2021-12-04 07:50:33', '9867690639', '2021-12-04 08:18:40', '2021-12-04 10:41:10', 1, '', 'ffd050121'),
(217, 'Vineet Surana', '2021-12-04 07:50:42', '9831097666', '2021-12-04 08:24:42', '2021-12-04 10:15:43', 1, '', 'ffd050121'),
(218, 'Prasanna Nerkar', '2021-12-04 07:50:45', '09922930224', '2021-12-04 07:50:45', '2021-12-04 09:05:46', 1, '', 'ffd050121'),
(219, 'ANIL NAMBIAR', '2021-12-04 07:50:48', '9967068976', '2021-12-04 07:50:48', '2021-12-04 11:42:40', 1, '', 'ffd050121'),
(220, 'Dr Alka Kulkarni', '2021-12-04 07:50:57', '8879725093', '2021-12-04 07:50:57', '2021-12-04 11:24:46', 0, '', 'ffd050121'),
(221, 'Dr Sreevani', '2021-12-04 07:50:59', '9966551059', '2021-12-05 18:01:04', '2021-12-05 18:54:04', 1, '', 'ffd050121'),
(222, 'Sirisha Susarla', '2021-12-04 07:51:02', '09959811433', '2021-12-04 07:51:02', '2021-12-04 08:12:32', 1, '', 'ffd050121'),
(223, 'Dr daksha patel ', '2021-12-04 07:51:12', '9727757607', '2021-12-04 07:51:12', '2021-12-04 10:29:01', 1, '', 'ffd050121'),
(224, 'RAMESH', '2021-12-04 07:51:24', '9740579097', '2021-12-04 07:51:24', '2021-12-04 10:45:25', 1, '', 'ffd050121'),
(225, 'SUNIL PHATAK', '2021-12-04 07:51:36', '9322888012', '2021-12-05 18:50:32', '2021-12-05 21:34:39', 1, '', 'ffd050121'),
(226, 'INDRAKSHI  DEVI', '2021-12-04 07:51:40', '9686304333', '2021-12-04 07:53:53', '2021-12-04 10:42:23', 1, '', 'ffd050121'),
(227, 'MANISHA SHEOREY', '2021-12-04 07:51:41', '8390985350', '2021-12-04 07:51:41', '2021-12-04 11:12:20', 1, '', 'ffd050121'),
(228, 'Aloysius Silveira', '2021-12-04 07:51:46', '9820414780', '2021-12-04 20:52:56', '2021-12-04 21:16:26', 1, '91', 'ffd050121'),
(229, 'Aishwarya', '2021-12-04 07:51:50', '7259610997', '2021-12-04 08:23:49', '2021-12-04 12:07:27', 1, '', 'ffd050121'),
(230, 'Kalaivani', '2021-12-04 07:51:52', '9597651874', '2021-12-04 16:51:40', '2021-12-04 16:59:11', 1, '', 'ffd050121'),
(231, 'Bilal shah', '2021-12-04 07:51:52', '9867958458', '2021-12-04 08:34:11', '2021-12-04 11:20:38', 1, '', 'ffd050121'),
(232, 'Jacintha', '2021-12-04 07:51:54', '8087075057', '2021-12-04 07:51:54', '2021-12-04 07:58:25', 1, '', 'ffd050121'),
(233, 'Rangaiah k g', '2021-12-04 07:51:57', '9241069909', '2021-12-04 07:51:57', '2021-12-04 10:02:24', 1, '', 'ffd050121'),
(234, 'Shashank Somal', '2021-12-04 07:52:11', '8080555522', '2021-12-04 07:52:11', '2021-12-04 10:19:04', 0, '', 'ffd050121'),
(235, 'Bikash Shah', '2021-12-04 07:52:26', '9830016105', '2021-12-04 07:52:26', '2021-12-04 10:34:27', 1, '91', 'ffd050121'),
(236, 'S SARAVANAN', '2021-12-04 07:52:27', '9380009923', '2021-12-04 07:52:27', '2021-12-04 11:12:44', 1, '', 'ffd050121'),
(237, 'Gaurav Agarwal', '2021-12-04 07:52:28', '9435154314', '2021-12-06 04:29:09', '2021-12-06 06:04:40', 1, '', 'ffd050121'),
(238, 'Hariprasad ', '2021-12-04 07:52:32', '8074758767', '2021-12-06 17:15:33', '2021-12-06 17:16:03', 1, '', 'ffd050121'),
(239, 'Manas kumar sinha', '2021-12-04 07:52:33', '08910935589', '2021-12-05 18:01:59', '2021-12-05 18:08:30', 1, '91', 'ffd050121'),
(240, 'Neena M Kothari', '2021-12-04 07:52:35', '9821074199', '2021-12-04 07:52:35', '2021-12-04 07:57:10', 0, '91', 'ffd050121'),
(241, 'Mythili Prakash', '2021-12-04 07:52:51', '9787294532', '2021-12-04 08:07:54', '2021-12-04 09:55:25', 1, '1', 'ffd050121'),
(242, 'ESA DAS', '2021-12-04 07:52:53', '3102270752', '2021-12-04 07:52:53', '2021-12-04 10:23:44', 1, '1', 'ffd050121'),
(243, 'Paromita Nukerjee', '2021-12-04 07:53:00', '9560186611', '2021-12-04 07:53:00', '2021-12-04 10:28:08', 0, '91', 'ffd050121'),
(244, 'Santosh Kumar', '2021-12-04 07:53:01', '8551081515', '2021-12-04 07:53:01', '2021-12-04 10:30:01', 1, '', 'ffd050121'),
(245, 'AMRITA SAXENA', '2021-12-04 07:53:14', '4258035348', '2021-12-04 07:53:14', '2021-12-04 11:16:16', 1, '1', 'ffd050121'),
(246, 'Shibu Ninan ', '2021-12-04 07:53:23', '7550343160', '2021-12-04 08:11:23', '2021-12-04 10:12:23', 1, '91', 'ffd050121'),
(247, 'Vimal kumar ', '2021-12-04 07:53:33', '9757313185', '2021-12-04 07:53:33', '2021-12-04 10:31:04', 1, '', 'ffd050121'),
(248, 'Maheedhar', '2021-12-04 07:53:38', '9553254988', '2021-12-04 07:53:38', '2021-12-04 11:05:13', 0, '', 'ffd050121'),
(249, 'Surya', '2021-12-04 07:53:39', '6462208546', '2021-12-04 07:53:39', '2021-12-04 11:12:16', 0, '1', 'ffd050121'),
(250, 'Thirumalai Alagarasan Rakul', '2021-12-04 07:53:42', '9600789043', '2021-12-04 07:53:42', '2021-12-04 11:11:12', 1, '', 'ffd050121'),
(251, 'Navya', '2021-12-04 07:53:46', '9176066712', '2021-12-04 07:53:46', '2021-12-04 11:01:18', 1, '', 'ffd050121'),
(252, 'Lakshman Mysore', '2021-12-04 07:53:48', '9880004616', '2021-12-04 19:42:23', '2021-12-04 21:38:53', 1, '', 'ffd050121'),
(253, 'Lakshmi prasad', '2021-12-04 07:53:50', '9346533636', '2021-12-04 07:53:50', '2021-12-04 11:14:52', 1, '91', 'ffd050121'),
(254, 'Vitthal', '2021-12-04 07:53:58', '8474141334', '2021-12-04 11:13:09', '2021-12-04 11:18:40', 1, '1', 'ffd050121'),
(255, 'Smita', '2021-12-04 07:53:59', '4692237413', '2021-12-05 10:23:03', '2021-12-05 10:45:34', 1, '1', 'ffd050121'),
(256, 'Bindu', '2021-12-04 07:54:00', '6302407088', '2021-12-08 05:33:13', '2021-12-08 05:35:14', 1, '1', 'ffd050121'),
(257, 'Chalapareddy Ramesh', '2021-12-04 07:54:01', '9603067022', '2021-12-04 07:54:01', '2021-12-04 10:17:26', 0, '', 'ffd050121'),
(258, 'Prathima Srinivas', '2021-12-04 07:54:11', '9844155148', '2021-12-04 07:54:11', '2021-12-04 09:20:00', 0, '91', 'ffd050121'),
(259, 'Suman Uttarkar', '2021-12-04 07:54:13', '9986297554', '2021-12-12 05:20:59', '2021-12-12 05:21:29', 1, '', 'ffd050121'),
(260, 'sanjay agarwal', '2021-12-04 07:54:16', '9831124144', '2021-12-04 07:54:16', '2021-12-04 11:12:16', 1, '91', 'ffd050121'),
(261, 'Swati rao', '2021-12-04 07:54:16', '9818153259', '2021-12-04 07:54:16', '2021-12-04 10:13:47', 1, '', 'ffd050121'),
(262, 'VIJAY THIGLE', '2021-12-04 07:54:24', '09987015610', '2021-12-04 07:54:24', '2021-12-04 11:07:57', 0, '91', 'ffd050121'),
(263, 'Ganga Rao Nadigatla', '2021-12-04 07:54:31', '712505552', '2021-12-04 07:54:31', '2021-12-04 11:53:30', 1, '254', 'ffd050121'),
(264, 'Priyanka N', '2021-12-04 07:54:32', '09060695690', '2021-12-04 07:54:32', '2021-12-04 07:57:57', 1, '', 'ffd050121'),
(265, 'Nabakishore Swain', '2021-12-04 07:54:33', '9938659876', '2021-12-04 08:16:27', '2021-12-04 10:23:00', 1, '91', 'ffd050121'),
(266, 'Sushmit Biswas', '2021-12-04 07:54:40', '9830177518', '2021-12-04 09:37:19', '2021-12-04 10:14:49', 1, '', 'ffd050121'),
(267, 'Nars Sampath', '2021-12-04 07:54:44', '91017334', '2021-12-06 17:25:34', '2021-12-06 18:12:05', 1, '65', 'ffd050121'),
(268, 'Jason Jose', '2021-12-04 07:54:57', '433434550', '2021-12-04 12:22:35', '2021-12-04 12:47:00', 1, '61', 'ffd050121'),
(269, 'Prasad', '2021-12-04 07:55:01', '9845295599', '2021-12-06 11:32:09', '2021-12-06 12:09:11', 1, '', 'ffd050121'),
(270, 'Ranjeet Gupta', '2021-12-04 07:55:08', '9599720355', '2021-12-04 07:55:08', '2021-12-04 09:23:23', 1, '', 'ffd050121'),
(271, 'Preetham K P', '2021-12-04 07:55:13', '9606063380', '2021-12-04 08:03:26', '2021-12-04 11:13:40', 1, '', 'ffd050121'),
(272, 'bhuvaneswari', '2021-12-04 07:55:13', '9894314621', '2021-12-04 07:55:13', '2021-12-04 11:05:38', 1, '91', 'ffd050121'),
(273, 'Aravinda Ghosh Addala', '2021-12-04 07:55:14', '9845895844', '2021-12-04 07:55:14', '2021-12-04 10:59:40', 0, '', 'ffd050121'),
(274, 'Sandipan Ghosh', '2021-12-04 07:55:16', '9874273737', '2021-12-04 07:55:16', '2021-12-04 10:29:03', 1, '', 'ffd050121'),
(275, 'Sonal Rakesh Pandia', '2021-12-04 07:55:21', '09821028035', '2021-12-05 10:48:36', '2021-12-05 12:03:36', 1, '', 'ffd050121'),
(276, 'Srikanth Kovuri', '2021-12-04 07:55:36', '419929643', '2021-12-05 14:40:25', '2021-12-05 14:50:26', 1, '61', 'ffd050121'),
(277, 'Arindam Mandal', '2021-12-04 07:55:39', '9040008881', '2021-12-04 07:55:39', '2021-12-04 11:12:10', 1, '', 'ffd050121'),
(278, 'R RAVICHANDRAN', '2021-12-04 07:55:43', '9028094422', '2021-12-04 07:55:43', '2021-12-04 11:12:05', 0, '', 'ffd050121'),
(279, 'SANDHYA', '2021-12-04 07:55:49', '9611094094', '2021-12-04 09:09:40', '2021-12-04 11:13:21', 0, '', 'ffd050121'),
(280, 'Venkatesh KL Kanchi', '2021-12-04 07:55:54', '09845317482', '2021-12-04 07:55:54', '2021-12-04 10:30:50', 0, '', 'ffd050121'),
(281, 'Jasraj Shah', '2021-12-04 07:55:58', '9860729670', '2021-12-04 07:55:58', '2021-12-04 10:48:28', 1, '', 'ffd050121'),
(282, 'Vandana Nayak', '2021-12-04 07:56:08', '5128256675', '2021-12-04 07:56:08', '2021-12-04 11:12:39', 1, '1', 'ffd050121'),
(283, 'AMMU', '2021-12-04 07:56:08', '9490222823', '2021-12-04 07:56:08', '2021-12-04 11:18:09', 1, '', 'ffd050121'),
(284, 'Sujatha Kumar', '2021-12-04 07:56:15', '09884714963', '2021-12-04 07:56:15', '2021-12-04 10:23:51', 1, '', 'ffd050121'),
(285, 'Durgendra Pandey', '2021-12-04 07:56:17', '9410934974', '2021-12-04 08:02:35', '2021-12-04 12:10:16', 1, '', 'ffd050121'),
(286, 'A N Patil', '2021-12-04 07:56:19', '9632786799', '2021-12-04 07:56:19', '2021-12-04 16:39:34', 1, '', 'ffd050121'),
(287, 'Vijay', '2021-12-04 07:56:22', '9886771085', '2021-12-04 07:56:22', '2021-12-04 10:18:58', 1, '', 'ffd050121'),
(288, 'Ramaswamy Vishwanathan Iyer', '2021-12-04 07:56:25', '9224213604', '2021-12-06 19:49:00', '2021-12-06 22:10:00', 1, '', 'ffd050121'),
(289, 'Dr. Dhiraj Chintawar', '2021-12-04 07:56:26', '9922892293', '2021-12-05 23:11:09', '2021-12-05 23:34:09', 1, '', 'ffd050121'),
(290, 'Nagarajan s', '2021-12-04 07:56:27', '9958872727', '2021-12-04 07:56:27', '2021-12-04 10:37:30', 1, '', 'ffd050121'),
(291, 'Lalita Lall', '2021-12-04 07:56:30', '09654298573', '2021-12-04 07:56:30', '2021-12-04 09:44:37', 1, '91', 'ffd050121'),
(292, 'Jyothi', '2021-12-04 07:56:31', '09884786781', '2021-12-04 07:56:31', '2021-12-04 11:33:31', 1, '', 'ffd050121'),
(293, 'delisha', '2021-12-04 07:56:31', '7899007022', '2021-12-04 07:56:31', '2021-12-04 10:55:02', 1, '', 'ffd050121'),
(294, 'Parina.R', '2021-12-04 07:56:47', '9632887314', '2021-12-04 07:56:47', '2021-12-04 10:27:01', 1, '', 'ffd050121'),
(295, 'Anjana Raheja', '2021-12-04 07:56:51', '9820582056', '2021-12-04 07:56:51', '2021-12-04 11:12:19', 1, '', 'ffd050121'),
(296, 'Anand', '2021-12-04 07:56:54', '466019283', '2021-12-07 01:59:12', '2021-12-07 02:08:43', 1, '32', 'ffd050121'),
(297, 'Khyati Thakur', '2021-12-04 07:57:02', '2135097049', '2021-12-04 08:01:55', '2021-12-04 10:14:56', 1, '1', 'ffd050121'),
(298, 'Purnima Kapadia', '2021-12-04 07:57:04', '9879265781', '2021-12-04 07:57:04', '2021-12-04 10:26:13', 1, '', 'ffd050121'),
(299, 'Anil Amencherla', '2021-12-04 07:57:04', '07676998001', '2021-12-06 00:27:30', '2021-12-06 00:44:47', 1, '', 'ffd050121'),
(300, 'Munjal kothari', '2021-12-04 07:57:04', '9821039999', '2021-12-04 07:57:04', '2021-12-04 11:07:27', 1, '91', 'ffd050121'),
(301, 'Sreeja Gopinath', '2021-12-04 07:57:04', '8105889090', '2021-12-04 08:04:20', '2021-12-04 08:19:08', 1, '', 'ffd050121'),
(302, 'Kupendra .T', '2021-12-04 07:57:08', '9035421467', '2021-12-05 21:29:29', '2021-12-05 21:29:59', 1, '', 'ffd050121'),
(303, 'Marri Vamshidhar reddy', '2021-12-04 07:57:11', '9490800123', '2021-12-06 15:18:02', '2021-12-06 17:09:51', 1, '91', 'ffd050121'),
(304, 'Deepali ', '2021-12-04 07:57:31', '9819817082', '2021-12-04 09:20:35', '2021-12-04 09:30:05', 1, '', 'ffd050121'),
(305, 'Amit Chowdhary', '2021-12-04 07:57:43', '7848839998', '2021-12-04 08:02:29', '2021-12-04 10:10:29', 1, '', 'ffd050121'),
(306, 'Mugdha Deo', '2021-12-04 07:57:53', '6304707553', '2021-12-05 08:35:48', '2021-12-05 09:11:53', 1, '1', 'ffd050121'),
(307, 'Priyanka N', '2021-12-04 07:57:59', '9060695690', '2021-12-04 07:57:59', '2021-12-04 10:46:31', 1, '', 'ffd050121'),
(308, 'Parvathii', '2021-12-04 07:58:04', '9398989332', '2021-12-04 08:07:06', '2021-12-04 12:15:56', 1, '', 'ffd050121'),
(309, 'Roma Shukla ', '2021-12-04 07:58:09', '9925923210', '2021-12-04 07:58:09', '2021-12-04 10:40:19', 1, '91', 'ffd050121'),
(310, 'Pratik Dutta', '2021-12-04 07:58:17', '9830008863', '2021-12-04 07:58:17', '2021-12-04 10:01:35', 0, '', 'ffd050121'),
(311, 'SANITHA', '2021-12-04 07:58:18', '71560822', '2021-12-11 00:30:21', '2021-12-11 00:30:51', 1, '968', 'ffd050121'),
(312, 'Pankaj Mehndiratta', '2021-12-04 07:58:22', '9818592290', '2021-12-04 19:39:35', '2021-12-04 20:15:35', 1, '', 'ffd050121'),
(313, 'Mathew Skariah', '2021-12-04 07:58:28', '9764006286', '2021-12-04 17:19:46', '2021-12-04 17:21:46', 1, '91', 'ffd050121'),
(314, 'Vaibhavi. Venkat', '2021-12-04 07:58:36', '9821601603', '2021-12-04 07:58:36', '2021-12-04 11:07:40', 1, '91', 'ffd050121'),
(315, 'Balaji R', '2021-12-04 07:58:39', '9865887328', '2021-12-04 07:58:39', '2021-12-04 11:09:34', 1, '91', 'ffd050121'),
(316, 'Niladri Chowdhury', '2021-12-04 07:58:49', '789882034', '2021-12-04 08:09:06', '2021-12-04 10:31:09', 1, '255', 'ffd050121'),
(317, 'Narendra Joshi', '2021-12-04 07:58:55', '09925237230', '2021-12-04 07:58:55', '2021-12-04 10:54:25', 1, '', 'ffd050121'),
(318, 'UPPALA V SRIDHAR BABU', '2021-12-04 07:59:00', '9916380680', '2021-12-04 07:59:00', '2021-12-04 10:56:21', 1, '', 'ffd050121'),
(319, 'Shruti Satish Marathe', '2021-12-04 07:59:05', '8010443217', '2021-12-04 08:03:57', '2021-12-04 14:31:58', 1, '', 'ffd050121'),
(320, 'RADHIKA NAGESWARAN BANU', '2021-12-04 07:59:07', '9143181338', '2021-12-05 21:02:18', '2021-12-05 22:14:39', 1, '1', 'ffd050121'),
(321, 'Kannan ', '2021-12-04 07:59:08', '9900150713', '2021-12-06 10:26:36', '2021-12-06 11:15:30', 0, '', 'ffd050121'),
(322, 'v', '2021-12-04 07:59:19', '45667', '2021-12-04 07:59:19', '2021-12-04 08:02:07', 0, '', 'ffd050121'),
(323, 'S Girija', '2021-12-04 07:59:21', '9944873186', '2021-12-04 10:18:18', '2021-12-04 10:23:50', 1, '', 'ffd050121'),
(324, 'Sridharan Raghavachari', '2021-12-04 07:59:24', '414350168', '2021-12-04 07:59:24', '2021-12-04 10:18:56', 1, '1', 'ffd050121'),
(325, 'Sumit lekhi', '2021-12-04 07:59:33', '9986611193', '2021-12-04 08:03:53', '2021-12-04 11:15:23', 1, '', 'ffd050121'),
(326, 'Amit Khare', '2021-12-04 07:59:37', '9910644177', '2021-12-05 16:53:20', '2021-12-05 17:17:18', 1, '', 'ffd050121'),
(327, 'ksseethapathi', '2021-12-04 07:59:39', '9886716739', '2021-12-04 08:07:53', '2021-12-04 10:27:54', 1, '91', 'ffd050121'),
(328, 'HARISH L B', '2021-12-04 07:59:43', '9921004570', '2021-12-16 00:33:55', '2021-12-16 01:09:56', 1, '', 'ffd050121'),
(329, 'Bharathi Prasad', '2021-12-04 07:59:43', '9884490075', '2021-12-04 07:59:43', '2021-12-04 10:00:44', 1, '', 'ffd050121'),
(330, 'Krishnamoorthy Gopalan', '2021-12-04 07:59:51', '09986014492', '2021-12-04 07:59:51', '2021-12-04 10:13:30', 1, '91', 'ffd050121'),
(331, 'Patil A N', '2021-12-04 07:59:55', '6360029125', '2021-12-04 07:59:55', '2021-12-04 09:39:56', 1, '', 'ffd050121'),
(332, 'Ravishyam', '2021-12-04 07:59:59', '9160296827', '2021-12-04 07:59:59', '2021-12-04 11:27:59', 1, '', 'ffd050121'),
(333, ' Vilas Kalyankar ', '2021-12-04 08:00:09', '9979897338', '2021-12-04 08:00:09', '2021-12-04 10:23:42', 1, '', 'ffd050121'),
(334, 'Sreeraj Thottungal', '2021-12-04 08:00:10', '971502256619', '2021-12-04 08:00:10', '2021-12-04 10:32:51', 0, '971', 'ffd050121'),
(335, 'Raj Sankuratri', '2021-12-04 08:00:19', '8971741789', '2021-12-04 08:00:19', '2021-12-04 09:09:05', 1, '91', 'ffd050121'),
(336, 'RUHAMAH', '2021-12-04 08:00:20', '9867135563', '2021-12-04 08:00:20', '2021-12-04 10:03:19', 0, '91', 'ffd050121'),
(337, 'Indiradevi', '2021-12-04 08:00:27', '8425029630', '2021-12-06 13:52:30', '2021-12-06 14:51:07', 1, '', 'ffd050121'),
(338, 'Satyendra Bajpai', '2021-12-04 08:00:35', '09901962426', '2021-12-04 08:47:42', '2021-12-04 10:39:39', 0, '', 'ffd050121'),
(339, 'Ramesh Kumar S', '2021-12-04 08:00:35', '7829895000', '2021-12-04 08:00:35', '2021-12-04 09:34:40', 1, '', 'ffd050121'),
(340, 'Tushar Gulavani', '2021-12-04 08:00:52', '0469674464', '2021-12-04 08:00:52', '2021-12-04 10:22:25', 1, '61', 'ffd050121'),
(341, 'Lakhimi borah', '2021-12-04 08:00:53', '09864076971', '2021-12-04 10:24:28', '2021-12-04 10:29:59', 1, '', 'ffd050121'),
(342, 'Ramesh Kumar J', '2021-12-04 08:00:55', '8884178999', '2021-12-04 08:00:55', '2021-12-04 10:21:07', 0, '', 'ffd050121'),
(343, 'Chalapareddy Ramesh', '2021-12-04 08:00:56', '9603067022', '2021-12-05 10:27:17', '2021-12-05 12:17:41', 1, '91', 'ffd050121'),
(344, 'ARINDAM DUTTA ROY', '2021-12-04 08:00:57', '6186102932', '2021-12-04 08:06:27', '2021-12-04 09:40:27', 1, '1', 'ffd050121'),
(345, 'Vilaas BV Rqo', '2021-12-04 08:00:58', '9972044525', '2021-12-04 08:29:11', '2021-12-04 09:20:17', 1, '', 'ffd050121'),
(346, 'Abhishek', '2021-12-04 08:01:10', '7799591054', '2021-12-04 08:01:10', '2021-12-04 11:47:39', 1, '91', 'ffd050121'),
(347, 'NARENDRA LIMAYE', '2021-12-04 08:01:17', '4129798465', '2021-12-04 08:01:17', '2021-12-04 10:13:20', 1, '1', 'ffd050121'),
(348, 'Rajendra prasad', '2021-12-04 08:01:38', '7070771999', '2021-12-04 08:01:38', '2021-12-04 10:20:11', 1, '', 'ffd050121'),
(349, 'Reshmi Singh', '2021-12-04 08:01:41', '9969267194', '2021-12-04 08:01:41', '2021-12-04 12:21:57', 1, '91', 'ffd050121'),
(350, 'RAVINDER KONDA', '2021-12-04 08:01:43', '9391000958', '2021-12-04 08:01:43', '2021-12-04 11:16:14', 1, '91', 'ffd050121'),
(351, 'K. Venkatesh', '2021-12-04 08:01:53', '9790925269', '2021-12-04 08:06:29', '2021-12-04 10:22:28', 1, '', 'ffd050121'),
(352, 'Arun Kumar J', '2021-12-04 08:01:55', '9940055386', '2021-12-04 08:01:55', '2021-12-04 11:33:16', 1, '', 'ffd050121'),
(353, 'sreepraveen arugunta', '2021-12-04 08:02:04', '4259191864', '2021-12-05 20:23:20', '2021-12-05 20:43:21', 1, '1', 'ffd050121'),
(354, 'Dr vasant jawale', '2021-12-04 08:02:05', '9822556418', '2021-12-04 08:41:06', '2021-12-04 10:11:07', 1, '', 'ffd050121'),
(355, 'Ritu Khanna', '2021-12-04 08:02:24', '8657420070', '2021-12-05 21:40:21', '2021-12-05 23:24:49', 1, '', 'ffd050121'),
(356, 'Pranav', '2021-12-04 08:02:26', '9442144222', '2021-12-04 08:36:10', '2021-12-04 10:44:43', 0, '', 'ffd050121'),
(357, 'Kavya Bannadabhavi', '2021-12-04 08:02:40', '9741746020', '2021-12-04 08:02:40', '2021-12-04 09:02:05', 1, '', 'ffd050121'),
(358, 'praveen kumar itla', '2021-12-04 08:02:51', '9168185666', '2021-12-04 08:02:51', '2021-12-04 11:52:59', 1, '', 'ffd050121'),
(359, 'Malarkodi', '2021-12-04 08:03:00', '9739862409', '2021-12-04 08:03:00', '2021-12-04 10:24:17', 1, '', 'ffd050121'),
(360, 'Vijay ', '2021-12-04 08:03:07', '4699319054', '2021-12-04 08:12:37', '2021-12-04 13:05:11', 1, '1', 'ffd050121'),
(361, 'PUSHPALATA ANILKUMAR MENON', '2021-12-04 08:03:14', '9969109969', '2021-12-04 08:03:14', '2021-12-04 12:15:48', 1, '91', 'ffd050121'),
(362, 'Bysani Shilpa', '2021-12-04 08:03:15', '9885771446', '2021-12-04 08:11:19', '2021-12-04 11:12:19', 1, '', 'ffd050121'),
(363, 'Ganesh', '2021-12-04 08:03:21', '9545523394', '2021-12-04 08:03:21', '2021-12-04 10:11:43', 0, '91', 'ffd050121'),
(364, 'patal parag', '2021-12-04 08:03:22', '7903657505', '2021-12-04 08:03:22', '2021-12-04 09:39:53', 1, '', 'ffd050121'),
(365, 'Himanshu Verma', '2021-12-04 08:03:31', '39791776', '2021-12-05 00:46:45', '2021-12-05 00:47:49', 1, '973', 'ffd050121'),
(366, 'Deepa', '2021-12-04 08:03:57', '9739047949', '2021-12-04 08:21:04', '2021-12-04 11:14:11', 0, '', 'ffd050121'),
(367, 'Ramakrishna Lingireddy ', '2021-12-04 08:04:15', '9703382288', '2021-12-04 09:47:19', '2021-12-04 10:39:24', 1, '', 'ffd050121'),
(368, 'Rekha Pal', '2021-12-04 08:04:15', '9631070033', '2021-12-04 08:07:28', '2021-12-04 10:22:28', 1, '', 'ffd050121'),
(369, 'Pradeep ghare', '2021-12-04 08:04:21', '8378994811', '2021-12-04 08:04:21', '2021-12-04 09:48:27', 1, '91', 'ffd050121'),
(370, 'Latha', '2021-12-04 08:04:32', '9449825956', '2021-12-05 10:31:23', '2021-12-05 11:15:26', 1, '', 'ffd050121'),
(371, 'Piyush', '2021-12-04 08:04:34', '9923516770', '2021-12-04 08:04:34', '2021-12-04 11:21:51', 1, '', 'ffd050121'),
(372, 'Rujuta Shirvaikar', '2021-12-04 08:04:40', '7738633864', '2021-12-04 08:16:26', '2021-12-04 11:27:14', 1, '', 'ffd050121'),
(373, 'Sreeja Gopinath', '2021-12-04 08:05:01', '08105889090', '2021-12-04 08:05:01', '2021-12-04 12:44:36', 1, '', 'ffd050121'),
(374, 'Vilas', '2021-12-04 08:05:16', '9892581233', '2021-12-04 08:05:16', '2021-12-04 09:38:17', 1, '91', 'ffd050121'),
(375, 'Praveen', '2021-12-04 08:05:37', '9446047346', '2021-12-04 08:50:18', '2021-12-04 10:37:19', 1, '91', 'ffd050121'),
(376, 'Biren Parekh', '2021-12-04 08:05:44', '9820229744', '2021-12-04 08:05:44', '2021-12-04 10:23:44', 1, '', 'ffd050121'),
(377, 'Kalyani Patki', '2021-12-04 08:05:57', '7276818211', '2021-12-04 08:05:57', '2021-12-04 10:33:46', 0, '91', 'ffd050121'),
(378, 'urmila murthy', '2021-12-04 08:06:33', '9845255361', '2021-12-04 08:06:33', '2021-12-04 11:47:37', 1, '', 'ffd050121'),
(379, 'Phani', '2021-12-04 08:06:44', '6281449403', '2021-12-04 08:06:44', '2021-12-04 10:13:44', 1, '', 'ffd050121'),
(380, 'Kiran Ambati', '2021-12-04 08:06:47', '5198351616', '2021-12-04 08:06:47', '2021-12-04 08:08:24', 0, '1', 'ffd050121'),
(381, 'Sucheta deshmukh', '2021-12-04 08:06:48', '9850938351', '2021-12-04 08:06:48', '2021-12-04 09:30:31', 1, '', 'ffd050121'),
(382, 'Roopala Kolandaivel', '2021-12-04 08:06:50', '9962305779', '2021-12-04 08:06:50', '2021-12-04 11:28:50', 1, '', 'ffd050121'),
(383, 'Kalika Rajesh', '2021-12-04 08:06:53', '9820418522', '2021-12-04 08:06:53', '2021-12-04 09:21:45', 1, '', 'ffd050121'),
(384, 'Bipin kumar', '2021-12-04 08:06:59', '9571175890', '2021-12-04 08:06:59', '2021-12-04 09:31:22', 1, '', 'ffd050121'),
(385, 'Archana Bhat', '2021-12-04 08:07:02', '9902885719', '2021-12-04 16:04:57', '2021-12-04 16:09:27', 1, '', 'ffd050121'),
(386, 'RAJ', '2021-12-04 08:07:16', '8500802822', '2021-12-04 11:00:13', '2021-12-04 11:06:18', 1, '', 'ffd050121'),
(387, 'Sudha Sridhar', '2021-12-04 08:07:25', '09789935117', '2021-12-04 08:07:25', '2021-12-04 08:20:09', 1, '', 'ffd050121'),
(388, 'Lakshmi Shivakumar', '2021-12-04 08:07:36', '9967018686', '2021-12-06 07:43:41', '2021-12-06 07:55:41', 1, '', 'ffd050121'),
(389, 'Ambati', '2021-12-04 08:07:47', '6479961632', '2021-12-04 08:07:47', '2021-12-04 10:47:04', 0, '1', 'ffd050121'),
(390, 'Dr neeta keshwani ', '2021-12-04 08:07:58', '9850155678', '2021-12-04 08:07:58', '2021-12-04 10:02:22', 1, '', 'ffd050121'),
(391, 'Harshad Joshi', '2021-12-04 08:08:10', '4192065668', '2021-12-04 08:08:10', '2021-12-04 10:58:17', 0, '1', 'ffd050121'),
(392, 'Naveena Mandali', '2021-12-04 08:08:45', '09591322111', '2021-12-06 14:21:12', '2021-12-06 15:04:43', 1, '91', 'ffd050121'),
(393, 'Devesh Baghel', '2021-12-04 08:08:47', '7447039033', '2021-12-04 08:08:47', '2021-12-04 11:14:12', 1, '', 'ffd050121'),
(394, 'arshiafazal', '2021-12-04 08:09:04', '966535645437', '2021-12-04 11:08:42', '2021-12-04 11:11:59', 0, '966', 'ffd050121'),
(395, 'C H SUDHAKAR', '2021-12-04 08:09:11', '7045692280', '2021-12-04 10:17:00', '2021-12-04 11:12:31', 1, '', 'ffd050121'),
(396, 'Nilpa Bandiwadekar', '2021-12-04 08:09:14', '09421746472', '2021-12-04 10:02:13', '2021-12-04 10:32:45', 1, '', 'ffd050121'),
(397, 'Mathew', '2021-12-04 08:09:26', '8888028833', '2021-12-05 15:49:57', '2021-12-05 15:51:12', 1, '', 'ffd050121'),
(398, 'Jiju Joseph', '2021-12-04 08:10:16', '9946660737', '2021-12-04 08:10:16', '2021-12-04 09:59:47', 1, '91', 'ffd050121'),
(399, 'Sangita', '2021-12-04 08:10:30', '9930947714', '2021-12-04 08:10:30', '2021-12-04 10:18:00', 1, '', 'ffd050121');
INSERT INTO `tbl_users` (`id`, `name`, `reg_date`, `mobile_num`, `login_date`, `logout_date`, `logout_status`, `cntry_code`, `eventname`) VALUES
(400, 'Thokchom Saktiban Singh ', '2021-12-04 08:11:04', '9774079933', '2021-12-04 09:45:01', '2021-12-04 10:04:45', 0, '', 'ffd050121'),
(401, 'Narendra Mohanty', '2021-12-04 08:11:06', '7978459227', '2021-12-04 08:11:06', '2021-12-04 10:05:56', 1, '91', 'ffd050121'),
(402, 'Sirisha Susarla', '2021-12-04 08:11:38', '9959811433', '2021-12-04 08:11:38', '2021-12-04 11:12:39', 1, '', 'ffd050121'),
(403, 'Ashok', '2021-12-04 08:11:53', '9652242234', '2021-12-04 08:11:53', '2021-12-04 10:38:55', 1, '', 'ffd050121'),
(404, 'Munjal', '2021-12-04 08:12:05', '9821039999', '2021-12-04 09:41:54', '2021-12-04 10:46:34', 1, '', 'ffd050121'),
(405, 'Santhosh HM', '2021-12-04 08:12:34', '9980799936', '2021-12-04 20:36:18', '2021-12-04 22:47:50', 1, '', 'ffd050121'),
(406, 'Uday Kulkarni ', '2021-12-04 08:13:16', '555086211', '2021-12-06 01:36:53', '2021-12-06 01:38:14', 1, '966', 'ffd050121'),
(407, 'Laxman', '2021-12-04 08:14:13', '9545600420', '2021-12-04 08:14:13', '2021-12-04 08:16:30', 0, '', 'ffd050121'),
(408, 'Sanjeev Kumar Gupta ', '2021-12-04 08:14:50', '7549857883', '2021-12-07 21:22:41', '2021-12-07 22:21:55', 1, '', 'ffd050121'),
(409, 'Ramesh Chand', '2021-12-04 08:15:01', '9818235571', '2021-12-04 08:15:01', '2021-12-08 18:45:53', 0, '91', 'ffd050121'),
(410, 'Anuradha Suresh Phadtare', '2021-12-04 08:15:36', '9637329160', '2021-12-04 08:15:36', '2021-12-04 11:08:13', 1, '', 'ffd050121'),
(411, 'Dr anand a r ', '2021-12-04 08:17:16', '8892004466', '2021-12-04 08:17:16', '2021-12-04 11:12:35', 1, '', 'ffd050121'),
(412, 'Raghunandan K S', '2021-12-04 08:17:17', '8722481654', '2021-12-04 09:04:54', '2021-12-04 09:44:47', 0, '', 'ffd050121'),
(413, 'Shashank Amin', '2021-12-04 08:17:36', '9552563310', '2021-12-04 08:17:36', '2021-12-04 11:07:36', 1, '', 'ffd050121'),
(414, 'Vijaykumar ', '2021-12-04 08:18:48', '0430139200', '2021-12-06 18:20:03', '2021-12-06 18:24:37', 1, '61', 'ffd050121'),
(415, 'surekha', '2021-12-04 08:19:08', '9663149387', '2021-12-04 08:19:08', '2021-12-04 08:37:58', 0, '', 'ffd050121'),
(416, 'ANILA ANN KURUVILLA ', '2021-12-04 08:21:09', '9962998177', '2021-12-04 20:32:58', '2021-12-04 22:48:59', 1, '', 'ffd050121'),
(417, 'Lalitha', '2021-12-04 08:21:50', '9600073900', '2021-12-04 08:21:50', '2021-12-04 10:44:35', 1, '', 'ffd050121'),
(418, 'srinivas vv', '2021-12-04 08:23:04', '7322991756', '2021-12-06 06:30:54', '2021-12-06 06:40:57', 1, '1', 'ffd050121'),
(419, 'Latha G', '2021-12-04 08:23:12', '9449825956', '2021-12-04 08:23:12', '2021-12-04 09:42:12', 1, '91', 'ffd050121'),
(420, 'G ashok', '2021-12-04 08:24:06', '7306575777', '2021-12-04 20:15:01', '2021-12-04 22:45:28', 1, '', 'ffd050121'),
(421, 'Kritika', '2021-12-04 08:24:39', '9930928778', '2021-12-04 08:24:39', '2021-12-04 08:36:50', 1, '', 'ffd050121'),
(422, 'Suresh', '2021-12-04 08:25:39', '9901975468', '2021-12-04 08:25:39', '2021-12-04 08:54:10', 1, '', 'ffd050121'),
(423, 'John jebaraj ', '2021-12-04 08:26:02', '9790821391', '2021-12-04 08:26:02', '2021-12-04 11:06:25', 1, '', 'ffd050121'),
(424, 'Chitra Chandrakant Salunkhe ', '2021-12-04 08:26:21', '9619545633', '2021-12-05 11:48:16', '2021-12-05 12:13:17', 1, '', 'ffd050121'),
(425, 'Manju', '2021-12-04 08:26:48', '7259126684', '2021-12-04 08:26:48', '2021-12-04 09:26:49', 1, '', 'ffd050121'),
(426, 'Rachana Rao', '2021-12-04 08:27:27', '9323975761', '2021-12-06 12:04:21', '2021-12-06 12:04:51', 1, '', 'ffd050121'),
(427, 'Jayanthi', '2021-12-04 08:29:36', '9940673171', '2021-12-04 19:00:40', '2021-12-04 19:40:11', 1, '', 'ffd050121'),
(428, 'Nithya madhuvairy ', '2021-12-04 08:29:59', '9686039905', '2021-12-04 08:29:59', '2021-12-04 11:12:04', 1, '', 'ffd050121'),
(429, 'ravi', '2021-12-04 08:31:19', '9246915123', '2021-12-04 08:31:19', '2021-12-04 08:31:49', 1, '', 'ffd050121'),
(430, 'Shivanand', '2021-12-04 08:33:11', '9972207736', '2021-12-06 16:25:11', '2021-12-06 16:58:42', 1, '', 'ffd050121'),
(431, 'Chandini Wilson', '2021-12-04 08:34:00', '09745240376', '2021-12-04 08:34:00', '2021-12-04 09:46:11', 1, '91', 'ffd050121'),
(432, 'Vijaykumar ', '2021-12-04 08:37:00', '0430139100', '2021-12-04 08:37:00', '2021-12-04 08:43:01', 1, '61', 'ffd050121'),
(433, 'Manoranjan ', '2021-12-04 08:37:41', '9620880002', '2021-12-04 08:40:07', '2021-12-04 09:10:37', 1, '', 'ffd050121'),
(434, 'Chhanda Ghosh', '2021-12-04 08:37:59', '82', '2021-12-04 08:37:59', '2021-12-04 10:31:30', 1, '', 'ffd050121'),
(435, 'Satish S', '2021-12-04 08:38:00', '9789911757', '2021-12-06 21:20:31', '2021-12-06 23:18:01', 1, '', 'ffd050121'),
(436, 'Vaibhav', '2021-12-04 08:39:57', '9844303080', '2021-12-04 08:39:57', '2021-12-04 11:13:58', 1, '', 'ffd050121'),
(437, 'Ansh Thakur ', '2021-12-04 08:42:27', '8447777349', '2021-12-04 09:29:11', '2021-12-04 09:58:47', 1, '', 'ffd050121'),
(438, 'Manjunath Nagendra', '2021-12-04 08:45:35', '9088016761', '2021-12-04 08:45:35', '2021-12-04 10:39:54', 0, '1', 'ffd050121'),
(439, 'Alex Coutinho', '2021-12-04 08:47:06', '09619611025', '2021-12-04 23:27:57', '2021-12-05 00:24:25', 1, '', 'ffd050121'),
(440, 'ROHIT AGARWAL', '2021-12-04 08:49:22', '00971566357054', '2021-12-04 08:49:22', '2021-12-04 08:49:29', 0, '971', 'ffd050121'),
(441, 'Satish Mudbidri', '2021-12-04 08:52:38', '09482932462', '2021-12-04 08:52:38', '2021-12-04 09:20:58', 1, '', 'ffd050121'),
(442, 'Kavitha Motha', '2021-12-04 08:58:55', '7177709659', '2021-12-04 08:58:55', '2021-12-04 10:16:27', 1, '1', 'ffd050121'),
(443, 'Anagha Mandayam', '2021-12-04 09:00:36', '5103869017', '2021-12-04 09:00:36', '2021-12-04 09:56:45', 1, '1', 'ffd050121'),
(444, 'P chandra sekhara rao', '2021-12-04 09:05:36', '9494721629', '2021-12-04 14:46:29', '2021-12-04 14:53:01', 1, '', 'ffd050121'),
(445, 'Prasanna Nerkar', '2021-12-04 09:06:31', '9922930224', '2021-12-06 12:18:25', '2021-12-06 12:19:00', 0, '', 'ffd050121'),
(446, 'Sucheta Deshmukh', '2021-12-04 09:10:58', '9850938351', '2021-12-04 09:10:58', '2021-12-04 10:24:30', 1, '91', 'ffd050121'),
(447, 'Sreenivas Madugula', '2021-12-04 09:16:54', '4079108853', '2021-12-05 20:27:04', '2021-12-06 00:57:26', 1, '1', 'ffd050121'),
(448, 'Prathima Srinivas', '2021-12-04 09:19:40', '09844155148', '2021-12-04 09:19:40', '2021-12-04 11:12:41', 1, '91', 'ffd050121'),
(449, 'Kavita ', '2021-12-04 09:24:17', '8779959535', '2021-12-04 09:24:17', '2021-12-04 09:24:22', 0, '', 'ffd050121'),
(450, 'Kavita tari', '2021-12-04 09:25:16', '9004324984', '2021-12-04 09:25:16', '2021-12-04 10:00:32', 1, '', 'ffd050121'),
(451, 'Sharmistha Tripathy ', '2021-12-04 09:28:44', '9886697044', '2021-12-08 14:10:46', '2021-12-08 14:29:59', 1, '', 'ffd050121'),
(452, 'Vilas', '2021-12-04 09:38:05', '09892581233', '2021-12-04 10:50:49', '2021-12-04 11:13:50', 1, '', 'ffd050121'),
(453, 'Amthony', '2021-12-04 09:39:44', '9886795453', '2021-12-04 09:39:44', '2021-12-04 11:26:50', 1, '', 'ffd050121'),
(454, 'sbhusnoor', '2021-12-04 09:45:51', '9920534514', '2021-12-04 09:45:51', '2021-12-04 10:49:13', 0, '91', 'ffd050121'),
(455, 'paresh bhanulal shantilal', '2021-12-04 09:48:07', '0125162795', '2021-12-04 09:48:07', '2021-12-04 10:39:38', 1, '60', 'ffd050121'),
(456, 'M. Niranjanreddy', '2021-12-04 09:49:23', '9949288316', '2021-12-04 09:49:23', '2021-12-04 10:29:54', 1, '91', 'ffd050121'),
(457, 'Mukesh kumar', '2021-12-04 10:04:30', '9630396886', '2021-12-04 10:04:30', '2021-12-04 10:17:31', 1, '', 'ffd050121'),
(458, 'P.Prasshanth ', '2021-12-04 10:11:38', '9945565429', '2021-12-04 10:11:38', '2021-12-04 10:13:38', 1, '91', 'ffd050121'),
(459, 'Ashok', '2021-12-04 10:21:08', '7138765392', '2021-12-04 10:21:08', '2021-12-04 10:40:10', 1, '1', 'ffd050121'),
(460, 'PARINA R', '2021-12-04 10:26:51', '9635887314', '2021-12-04 10:26:51', '2021-12-04 10:35:46', 1, '', 'ffd050121'),
(461, 'sudhir nayak', '2021-12-04 10:27:00', '09560030297', '2021-12-04 10:27:00', '2021-12-04 11:14:31', 1, '', 'ffd050121'),
(462, 'Kalyani', '2021-12-04 10:31:32', '7276818211', '2021-12-04 10:31:32', '2021-12-04 10:33:46', 0, '', 'ffd050121'),
(463, 'shweta', '2021-12-04 10:35:37', '7720079152', '2021-12-04 10:35:37', '2021-12-04 10:36:37', 1, '', 'ffd050121'),
(464, 'Nidhi ', '2021-12-04 10:36:36', '9822792772', '2021-12-04 10:53:02', '2021-12-04 11:31:08', 1, '', 'ffd050121'),
(465, 'Chhanda Ghosh', '2021-12-04 10:37:08', '08210820073', '2021-12-04 10:37:08', '2021-12-04 11:15:40', 1, '', 'ffd050121'),
(466, 'Prasad  M', '2021-12-04 10:50:04', '09003200081', '2021-12-04 10:50:04', '2021-12-04 11:12:35', 1, '', 'ffd050121'),
(467, 'Veeranarayan Venkatesh Kulkarni', '2021-12-04 10:56:00', '9845588781', '2021-12-04 10:56:00', '2021-12-04 11:25:51', 1, '', 'ffd050121'),
(468, 'Df Ramesh Talreja', '2021-12-04 11:40:44', '9819406123', '2021-12-04 11:40:44', '2021-12-04 11:43:15', 1, '', 'ffd050121'),
(469, 'Ajay Kumar Magidewar', '2021-12-04 11:46:07', '08600108268', '2021-12-04 11:46:32', '2021-12-04 12:02:23', 1, '', 'ffd050121'),
(470, 'Ameet Rohit', '2021-12-04 13:20:01', '021857621', '2021-12-27 14:39:52', '2021-12-27 16:08:16', 1, '64', 'ffd050121'),
(471, 'Arun Kumar J', '2021-12-04 14:36:30', '09940055386', '2021-12-04 14:36:30', '2021-12-04 14:37:00', 1, '', 'ffd050121'),
(472, 'priyanka', '2021-12-04 15:17:28', '8473288342', '2021-12-04 15:17:28', '2021-12-04 17:52:06', 1, '', 'ffd050121'),
(473, 'Gajapathi', '2021-12-04 15:18:01', '9000017822', '2021-12-07 10:01:23', '2021-12-07 10:08:54', 1, '', 'ffd050121'),
(474, 'v', '2021-12-04 15:21:24', '978', '2021-12-04 15:21:24', '2021-12-04 15:22:24', 0, '', 'ffd050121'),
(475, 'Rachana Kedia', '2021-12-04 16:07:03', '7977795329', '2021-12-05 11:42:44', '2021-12-05 12:45:45', 1, '', 'ffd050121'),
(476, 'Freedom From Diabetes', '2021-12-04 16:45:17', '423456789', '2021-12-04 16:45:17', '2021-12-04 16:46:48', 0, '500', 'ffd050121'),
(477, 'Yati', '2021-12-04 16:59:41', '9321654493', '2021-12-11 12:28:44', '2021-12-11 15:31:46', 1, '', 'ffd050121'),
(478, 'ANILKUMAR C CHAVAN', '2021-12-04 17:16:05', '8108070331', '2021-12-04 17:16:05', '2021-12-04 17:54:35', 1, '91', 'ffd050121'),
(479, 'P.chandrasekhar rao', '2021-12-04 17:28:55', '9609156286', '2021-12-04 17:28:55', '2021-12-04 17:49:26', 1, '', 'ffd050121'),
(480, 'Atulkumar bhatt', '2021-12-04 17:40:15', '9909978141', '2021-12-04 17:40:15', '2021-12-04 17:47:03', 1, '91', 'ffd050121'),
(481, 'Jaideep R. Wairal', '2021-12-04 18:01:34', '9820899545', '2021-12-04 18:01:34', '2021-12-04 18:02:04', 1, '', 'ffd050121'),
(482, 'Krishna Jain', '2021-12-04 18:02:15', '9350504197', '2021-12-04 18:02:15', '2021-12-04 18:03:51', 1, '91', 'ffd050121'),
(483, 'S Raju', '2021-12-04 18:02:33', '9442288243', '2021-12-04 18:06:08', '2021-12-04 19:58:26', 1, '91', 'ffd050121'),
(484, 'Shashikanthrajurs hr', '2021-12-04 18:03:23', '9448322222', '2021-12-05 16:57:39', '2021-12-05 18:10:30', 1, '', 'ffd050121'),
(485, 'Bhavesh Savaliya ', '2021-12-04 18:23:59', '9426429590', '2021-12-04 18:23:59', '2021-12-04 18:25:16', 0, '', 'ffd050121'),
(486, 'Vrinda bhagwat', '2021-12-04 18:28:23', '9969044982', '2021-12-04 19:57:37', '2021-12-04 20:16:39', 1, '', 'ffd050121'),
(487, 'K Rajendran', '2021-12-04 18:29:54', '9566750407', '2021-12-04 18:29:54', '2021-12-04 18:30:24', 1, '91', 'ffd050121'),
(488, 'Nishanth', '2021-12-04 18:32:02', '878', '2021-12-04 18:32:02', '2021-12-04 18:32:15', 0, '376', 'ffd050121'),
(489, 'Nabakishore Swain', '2021-12-04 18:47:31', '99386559876', '2021-12-04 18:47:31', '2021-12-04 18:48:01', 1, '91', 'ffd050121'),
(490, 'CHENDILNATHAN Balasubramanian', '2021-12-04 18:54:46', '09840058474', '2021-12-04 18:54:46', '2021-12-05 01:13:39', 1, '', 'ffd050121'),
(491, 'Tom', '2021-12-04 18:59:19', '544007007', '2021-12-06 23:00:23', '2021-12-07 00:34:58', 1, '971', 'ffd050121'),
(492, 'RAJESH KC', '2021-12-04 19:08:40', '9880340539', '2021-12-04 19:08:40', '2021-12-04 19:13:11', 1, '', 'ffd050121'),
(493, 'S', '2021-12-04 19:12:17', '1', '2021-12-05 11:45:20', '2021-12-05 11:55:34', 1, '61', 'ffd050121'),
(494, 'Kanthi Vinay', '2021-12-04 19:16:51', '7708264162', '2021-12-06 22:09:47', '2021-12-09 11:16:23', 1, '1', 'ffd050121'),
(495, 'Jaya Talreja', '2021-12-04 19:17:53', '9022020818', '2021-12-04 19:17:53', '2021-12-04 19:45:02', 1, '', 'ffd050121'),
(496, 'Avadhoot Deshpande', '2021-12-04 19:55:27', '09870486767', '2021-12-04 19:55:27', '2021-12-04 19:56:28', 1, '', 'ffd050121'),
(497, 'Krishnamoorthy Gopalan ', '2021-12-04 20:24:42', '9986014492', '2021-12-04 20:24:42', '2021-12-04 20:46:43', 1, '', 'ffd050121'),
(498, 'Binita', '2021-12-04 21:18:34', '08002341628', '2021-12-10 11:10:03', '2021-12-10 11:33:34', 1, '91', 'ffd050121'),
(499, 'SENTHIL', '2021-12-04 21:20:48', '9944478833', '2021-12-04 21:23:08', '2021-12-04 21:24:13', 0, '', 'ffd050121'),
(500, 'Tulasi Ramarao', '2021-12-04 21:54:40', '84534610716', '2021-12-04 21:54:40', '2021-12-04 22:11:59', 1, '1', 'ffd050121'),
(501, 'Nidhi jain', '2021-12-04 21:56:23', '9886639358', '2021-12-05 15:18:58', '2021-12-05 15:20:28', 1, '', 'ffd050121'),
(502, 'Aishwarya Sadavarte ', '2021-12-04 23:07:11', '9022147944', '2021-12-04 23:07:11', '2021-12-04 23:50:42', 1, '', 'ffd050121'),
(503, 'SHIVANANDA Poojara', '2021-12-04 23:56:51', '09113689062', '2021-12-04 23:56:51', '2021-12-05 00:13:35', 1, '', 'ffd050121'),
(504, 'sukhbir', '2021-12-05 00:08:43', '16046151693', '2021-12-05 22:51:01', '2021-12-06 12:32:59', 1, '1', 'ffd050121'),
(505, 'Nath', '2021-12-05 00:26:13', '9175235316', '2021-12-13 07:37:02', '2021-12-13 08:10:12', 1, '1', 'ffd050121'),
(506, 'Shivananda Poojara', '2021-12-05 01:33:51', '9113689062', '2021-12-05 12:12:03', '2021-12-05 15:21:42', 1, '', 'ffd050121'),
(507, 'Venkat ', '2021-12-05 07:56:57', '9003187117', '2021-12-07 07:05:52', '2021-12-07 09:03:23', 1, '', 'ffd050121'),
(508, 'Umang Doshi', '2021-12-05 08:01:57', '4379924295', '2021-12-05 08:01:57', '2021-12-05 10:13:29', 1, '1', 'ffd050121'),
(509, 'Satyaprasad ', '2021-12-05 10:10:40', '8108878359', '2021-12-05 10:10:40', '2021-12-05 10:15:11', 1, '', 'ffd050121'),
(510, 'Praveen', '2021-12-05 11:22:32', '9980903768', '2021-12-05 11:22:32', '2021-12-05 12:39:13', 1, '91', 'ffd050121'),
(511, 'Kiran', '2021-12-05 12:15:24', '9492938860', '2021-12-05 12:15:24', '2021-12-05 12:15:54', 1, '', 'ffd050121'),
(512, 'Lakshman', '2021-12-05 15:11:36', '9880004616', '2021-12-05 15:11:36', '2021-12-05 16:57:12', 1, '91', 'ffd050121'),
(513, 'Sivaprasad', '2021-12-05 15:20:04', '9347678377', '2021-12-05 15:20:04', '2021-12-05 15:55:04', 1, '91', 'ffd050121'),
(514, 'Kumar', '2021-12-05 15:45:25', '9900265458', '2021-12-05 15:45:25', '2021-12-05 16:43:55', 1, '', 'ffd050121'),
(515, 'Subramanian ', '2021-12-05 16:29:47', '9940103487', '2021-12-05 16:29:47', '2021-12-05 17:39:49', 1, '', 'ffd050121'),
(516, 'K SURENDRA BABU', '2021-12-05 17:04:02', '7418622222', '2021-12-05 17:04:02', '2021-12-05 17:33:03', 1, '', 'ffd050121'),
(517, 'Jothi', '2021-12-05 17:37:41', '6371201240', '2021-12-05 17:37:41', '2021-12-05 17:48:12', 1, '91', 'ffd050121'),
(518, 'Jyothi', '2021-12-05 17:39:35', '9884786781', '2021-12-05 17:39:35', '2021-12-05 17:41:06', 1, '', 'ffd050121'),
(519, 'Sathish Kumar', '2021-12-05 18:34:08', '08608903725', '2021-12-05 19:51:00', '2021-12-05 20:03:41', 1, '', 'ffd050121'),
(520, 'Latha', '2021-12-05 18:39:58', '8695765751', '2021-12-05 18:39:58', '2021-12-05 18:48:29', 1, '', 'ffd050121'),
(521, 'sri', '2021-12-05 18:54:48', '8328289874', '2021-12-05 18:54:48', '2021-12-05 18:55:18', 1, '', 'ffd050121'),
(522, 'Prasad Ganti', '2021-12-05 18:58:26', '9082391422', '2021-12-05 18:58:26', '2021-12-06 00:22:43', 1, '1', 'ffd050121'),
(523, 'Shweta kewalramani', '2021-12-05 19:18:16', '9987561431', '2021-12-05 19:18:16', '2021-12-05 19:20:47', 1, '', 'ffd050121'),
(524, 'Satyanarayana metta', '2021-12-05 19:28:33', '9686997495', '2021-12-05 19:33:20', '2021-12-05 20:39:20', 1, '', 'ffd050121'),
(525, 'Raman Kolluri', '2021-12-05 19:53:02', '8564385368', '2021-12-05 19:53:02', '2021-12-05 19:55:33', 1, '1', 'ffd050121'),
(526, 'SKV PRASAD', '2021-12-05 20:56:47', '9949896665', '2021-12-05 20:56:47', '2021-12-05 21:00:17', 1, '', 'ffd050121'),
(527, 'abc', '2021-12-05 21:09:13', '2124533242', '2021-12-05 21:09:13', '2021-12-05 21:11:45', 1, '1', 'ffd050121'),
(528, 'Kumari', '2021-12-05 22:00:59', '9988987656', '2021-12-05 22:00:59', '2021-12-05 23:28:08', 1, '91', 'ffd050121'),
(529, 'Dr.Prakash Vaidya', '2021-12-05 22:15:38', '09322509553', '2021-12-06 11:54:54', '2021-12-06 14:52:55', 1, '', 'ffd050121'),
(530, 'Shivanand Pujar', '2021-12-05 22:34:36', '9113687062', '2021-12-05 22:34:36', '2021-12-06 00:28:00', 1, '', 'ffd050121'),
(531, 'Nagappa Sathish', '2021-12-06 00:09:28', '9176890485', '2021-12-06 00:09:28', '2021-12-06 02:56:00', 1, '1', 'ffd050121'),
(532, 'Sendhil ramanathan ', '2021-12-06 01:20:30', '7405870681', '2021-12-06 13:32:12', '2021-12-06 16:12:57', 1, '44', 'ffd050121'),
(533, 'Hrishikesh Bhagwat', '2021-12-06 02:18:50', '9969180110', '2021-12-06 02:18:50', '2021-12-06 02:47:45', 1, '91', 'ffd050121'),
(534, 'Hrishikesh Bhagwat', '2021-12-06 02:23:53', '9969180110', '2021-12-06 02:23:53', '2021-12-06 02:42:00', 1, '', 'ffd050121'),
(535, 'AMRITA SAXENA', '2021-12-06 05:05:43', '14258294635', '2021-12-06 05:05:43', '2021-12-06 05:39:23', 1, '1', 'ffd050121'),
(536, 'Amit Khare', '2021-12-06 08:03:20', '9910144177', '2021-12-07 16:11:26', '2021-12-07 16:11:56', 1, '', 'ffd050121'),
(537, 'Dr Sampath', '2021-12-06 08:53:57', '9448477643', '2021-12-06 08:53:57', '2021-12-06 08:55:41', 1, '', 'ffd050121'),
(538, 'Anil Kumar', '2021-12-06 09:49:54', '9886012252', '2021-12-06 11:44:07', '2021-12-06 15:06:21', 1, '', 'ffd050121'),
(539, 'Parag C Khadye', '2021-12-06 10:11:22', '8048741859', '2022-01-02 10:35:58', '2022-01-02 11:22:29', 1, '1', 'ffd050121'),
(540, 'Laxmi Balasubramanian ', '2021-12-06 10:25:45', '9713080106', '2021-12-06 10:25:45', '2021-12-06 10:32:33', 1, '', 'ffd050121'),
(541, 'Ramesh Chand', '2021-12-06 10:37:38', '9818235571', '2021-12-08 18:45:07', '2021-12-08 18:45:53', 0, '', 'ffd050121'),
(542, 'Krishna Aithal', '2021-12-06 10:55:38', '8618805178', '2021-12-06 11:41:36', '2021-12-06 13:26:07', 1, '91', 'ffd050121'),
(543, 'Francis Arockiaraj D ', '2021-12-06 11:52:07', '6383425074', '2021-12-06 11:52:07', '2021-12-06 12:16:43', 1, '91', 'ffd050121'),
(544, 'Shankar Barman', '2021-12-06 12:13:30', '8812963283', '2021-12-06 12:13:30', '2021-12-06 12:15:01', 1, '871', 'ffd050121'),
(545, 'Shankar Barman', '2021-12-06 12:16:03', '8812963283', '2021-12-06 12:16:03', '2021-12-06 12:18:03', 1, '', 'ffd050121'),
(546, 'Sharada', '2021-12-06 15:22:19', '6302203966', '2021-12-06 15:26:45', '2021-12-06 15:33:13', 1, '', 'ffd050121'),
(547, 'Sivaprasad', '2021-12-06 17:13:31', '9347678377', '2021-12-06 17:13:31', '2021-12-06 17:14:01', 1, '', 'ffd050121'),
(548, 'Delisha', '2021-12-06 17:26:32', '7899007022', '2021-12-06 17:26:32', '2021-12-06 17:31:32', 1, '91', 'ffd050121'),
(549, 'Venkata S N D RAYALU', '2021-12-06 17:46:58', '09686297339', '2021-12-06 17:46:58', '2021-12-06 18:55:58', 1, '', 'ffd050121'),
(550, 'amarjeet', '2021-12-06 17:50:33', '8623869701', '2021-12-06 17:50:33', '2021-12-06 17:50:54', 0, '', 'ffd050121'),
(551, 'Jeh', '2021-12-06 17:55:28', '3949813', '2021-12-06 17:55:28', '2021-12-06 18:48:29', 1, '973', 'ffd050121'),
(552, 'FRANCIS Daniel', '2021-12-06 20:46:44', '09443423723', '2021-12-09 11:48:21', '2021-12-09 13:58:02', 1, '', 'ffd050121'),
(553, 'arshiafazal', '2021-12-07 12:50:20', '535645437', '2021-12-07 12:50:20', '2021-12-07 16:05:00', 1, '966', 'ffd050121'),
(554, 'Jayant Narain Mathur', '2021-12-07 15:59:05', '09910029356', '2021-12-08 12:57:50', '2021-12-08 13:11:38', 1, '', 'ffd050121'),
(555, 'Ramkrishna Borhade', '2021-12-07 19:19:46', '9320668898', '2021-12-07 19:19:46', '2021-12-07 19:26:39', 1, '91', 'ffd050121'),
(556, 'Tirupati kalletla', '2021-12-08 19:23:13', '09949069992', '2021-12-08 19:23:13', '2021-12-08 19:24:14', 1, '', 'ffd050121'),
(557, 'Binita', '2021-12-10 10:48:18', '08002341628', '2021-12-10 20:12:23', '2021-12-10 20:34:22', 1, '', 'ffd050121'),
(558, 'Sivaprakasam n', '2021-12-12 22:36:18', '09952023251', '2021-12-12 22:36:18', '2021-12-13 00:14:58', 1, '', 'ffd050121'),
(559, 'Shilpa surapaneni', '2021-12-13 07:39:23', '9176050142', '2021-12-13 07:39:23', '2021-12-13 07:40:55', 1, '1', 'ffd050121');

--
-- Indexes for dumped tables
--

--
-- Indexes for table `tbl_questions`
--
ALTER TABLE `tbl_questions`
  ADD PRIMARY KEY (`id`);

--
-- Indexes for table `tbl_users`
--
ALTER TABLE `tbl_users`
  ADD PRIMARY KEY (`id`);

--
-- AUTO_INCREMENT for dumped tables
--

--
-- AUTO_INCREMENT for table `tbl_questions`
--
ALTER TABLE `tbl_questions`
  MODIFY `id` int(11) NOT NULL AUTO_INCREMENT, AUTO_INCREMENT=465;
--
-- AUTO_INCREMENT for table `tbl_users`
--
ALTER TABLE `tbl_users`
  MODIFY `id` int(3) NOT NULL AUTO_INCREMENT, AUTO_INCREMENT=560;
/*!40101 SET CHARACTER_SET_CLIENT=@OLD_CHARACTER_SET_CLIENT */;
/*!40101 SET CHARACTER_SET_RESULTS=@OLD_CHARACTER_SET_RESULTS */;
/*!40101 SET COLLATION_CONNECTION=@OLD_COLLATION_CONNECTION */;
