-- phpMyAdmin SQL Dump
-- version 4.6.6deb5ubuntu0.5
-- https://www.phpmyadmin.net/
--
-- Host: localhost:3306
-- Generation Time: Jan 07, 2022 at 08:36 AM
-- Server version: 5.7.36-0ubuntu0.18.04.1
-- PHP Version: 7.2.24-0ubuntu0.18.04.10

SET SQL_MODE = "NO_AUTO_VALUE_ON_ZERO";
SET time_zone = "+00:00";


/*!40101 SET @OLD_CHARACTER_SET_CLIENT=@@CHARACTER_SET_CLIENT */;
/*!40101 SET @OLD_CHARACTER_SET_RESULTS=@@CHARACTER_SET_RESULTS */;
/*!40101 SET @OLD_COLLATION_CONNECTION=@@COLLATION_CONNECTION */;
/*!40101 SET NAMES utf8mb4 */;

--
-- Database: `ffd_300121`
--

-- --------------------------------------------------------

--
-- Table structure for table `tbl_countries`
--

CREATE TABLE `tbl_countries` (
  `country` varchar(43) DEFAULT NULL,
  `cntry_code` varchar(5) DEFAULT NULL
) ENGINE=MyISAM DEFAULT CHARSET=utf8;

--
-- Dumping data for table `tbl_countries`
--

INSERT INTO `tbl_countries` (`country`, `cntry_code`) VALUES
('Afghanistan', '93'),
('Albania', '355'),
('Algeria', '213'),
('American Samoa', '1-684'),
('Andorra', '376'),
('Angola', '244'),
('Anguilla', '1-264'),
('Antarctica', '672'),
('Antigua', '1-268'),
('Argentina', '54'),
('Armenia', '374'),
('Aruba', '297'),
('Ascension', '247'),
('Australia', '61'),
('Australian External Territories', '672'),
('Austria', '43'),
('Azerbaijan', '994'),
('Bahamas', '1-242'),
('Bahrain', '973'),
('Bangladesh', '880'),
('Barbados', '1-246'),
('Barbuda', '1-268'),
('Belarus', '375'),
('Belgium', '32'),
('Belize', '501'),
('Benin', '229'),
('Bermuda', '1-441'),
('Bhutan', '975'),
('Bolivia', '591'),
('Bosnia & Herzegovina', '387'),
('Botswana', '267'),
('Brazil', '55'),
('British Virgin Islands', '1-284'),
('Brunei Darussalam', '673'),
('Bulgaria', '359'),
('Burkina Faso', '226'),
('Burundi', '257'),
('Cambodia', '855'),
('Cameroon', '237'),
('Canada', '1'),
('Cape Verde Islands', '238'),
('Cayman Islands', '1-345'),
('Central African Republic', '236'),
('Chad', '235'),
('Chatham Island (New Zealand)', '64'),
('Chile', '56'),
('China (PRC)', '86'),
('Christmas Island', '61-8'),
('', ''),
('Cocos-Keeling Islands', '61'),
('Colombia', '57'),
('Comoros', '269'),
('Congo', '242'),
('Congo, Dem. Rep. of?', '243'),
('Cook Islands', '682'),
('Costa Rica', '506'),
('C?te d\'Ivoire', '225'),
('Croatia', '385'),
('Cuba', '53'),
('Cuba', '5399'),
('Cura?ao', '599'),
('Cyprus', '357'),
('Czech Republic', '420'),
('Denmark', '45'),
('Diego Garcia', '246'),
('Djibouti', '253'),
('Dominica', '1-767'),
('Dominican Republic', '1-809'),
('East Timor', '670'),
('Easter Island', '56'),
('Ecuador', '593'),
('Egypt', '20'),
('El Salvador', '503'),
('Equatorial Guinea', '240'),
('Eritrea', '291'),
('Estonia', '372'),
('Ethiopia', '251'),
('Falkland Islands', '500'),
('Faroe Islands', '298'),
('Fiji Islands', '679'),
('Finland', '358'),
('France', '33'),
('French Antilles', '596'),
('French Guiana', '594'),
('French Polynesia', '689'),
('Gabonese Republic', '241'),
('Gambia', '220'),
('Georgia', '995'),
('Germany', '49'),
('Ghana', '233'),
('Gibraltar', '350'),
('Greece', '30'),
('Greenland', '299'),
('Grenada', '1-473'),
('Guadeloupe', '590'),
('Guam', '1-671'),
('Guantanamo Bay', '5399'),
('Guatemala', '502'),
('Guinea-Bissau', '245'),
('Guinea', '224'),
('Guyana', '592'),
('Haiti', '509'),
('Honduras', '504'),
('Hong Kong', '852'),
('Hungary', '36'),
('Iceland', '354'),
('India', '91'),
('Indonesia', '62'),
('Inmarsat (Atlantic Ocean - East)', '871'),
('Inmarsat (Atlantic Ocean - West)', '874'),
('Inmarsat (Indian Ocean)', '873'),
('Inmarsat (Pacific Ocean)', '872'),
('International Freephone Service', '800'),
('International Shared Cost Service (ISCS)', '808'),
('Iran', '98'),
('Iraq', '964'),
('Ireland', '353'),
('Iridium', '8816'),
('Israel', '972'),
('Italy', '39'),
('Jamaica', '1-876'),
('Japan', '81'),
('Jordan', '962'),
('Kazakhstan', '7'),
('Kenya', '254'),
('Kiribati', '686'),
('Korea (North)', '850'),
('Korea (South)', '82'),
('Kuwait', '965'),
('Kyrgyz Republic', '996'),
('Laos', '856'),
('Latvia', '371'),
('Lebanon', '961'),
('Lesotho', '266'),
('Liberia', '231'),
('Libya', '218'),
('Liechtenstein', '423'),
('Lithuania', '370'),
('Luxembourg', '352'),
('Macao', '853'),
('Macedonia', '389'),
('Madagascar', '261'),
('Malawi', '265'),
('Malaysia', '60'),
('Maldives', '960'),
('Mali Republic', '223'),
('Malta', '356'),
('Marshall Islands', '692'),
('Martinique', '596'),
('Mauritania', '222'),
('Mauritius', '230'),
('Mayotte Island', '269'),
('Mexico', '52'),
('Micronesia, (Federal States of)', '691'),
('Midway Island', '1-808'),
('Moldova', '373'),
('Monaco', '377'),
('Mongolia', '976'),
('Montenegro', '382'),
('Montserrat', '1-664'),
('Morocco', '212'),
('Mozambique', '258'),
('Myanmar', '95'),
('Namibia', '264'),
('Nauru', '674'),
('Nepal', '977'),
('Netherlands', '31'),
('Netherlands Antilles', '599'),
('Nevis', '1-869'),
('New Caledonia', '687'),
('New Zealand', '64'),
('Nicaragua', '505'),
('Niger', '227'),
('Nigeria', '234'),
('Niue', '683'),
('Norfolk Island', '672'),
('Northern Marianas Islands', '1-670'),
('', ''),
('Norway', '47'),
('Oman', '968'),
('Pakistan', '92'),
('Palau', '680'),
('Palestinian Settlements', '970'),
('Panama', '507'),
('Papua New Guinea', '675'),
('Paraguay', '595'),
('Peru', '51'),
('Philippines', '63'),
('Poland', '48'),
('Portugal', '351'),
('Puerto Rico', '1-787'),
('Qatar', '974'),
('R?union Island', '262'),
('Romania', '40'),
('Russia', '7'),
('Rwandese Republic', '250'),
('St. Helena', '290'),
('St. Kitts/Nevis', '1-869'),
('St. Lucia', '-757'),
('St. Pierre & Miquelon', '508'),
('St. Vincent & Grenadines', '1-784'),
('Samoa', '685'),
('San Marino', '378'),
('S?o Tom? and Principe', '239'),
('Saudi Arabia', '966'),
('Senegal', '221'),
('Serbia', '381'),
('Seychelles Republic', '248'),
('Sierra Leone', '232'),
('Singapore', '65'),
('Slovak Republic', '421'),
('Slovenia', '386'),
('Solomon Islands', '677'),
('Somali Democratic Republic', '252'),
('South Africa', '27'),
('Spain', '34'),
('Sri Lanka', '94'),
('Sudan', '249'),
('Suriname', '597'),
('Swaziland', '268'),
('Sweden', '46'),
('Switzerland', '41'),
('Syria', '963'),
('Taiwan', '886'),
('Tajikistan', '992'),
('Tanzania', '255'),
('Thailand', '66'),
('Thuraya (Mobile Satellite service)', '88216'),
('Timor Leste', '670'),
('Togolese Republic', '228'),
('Tokelau', '690'),
('Tonga Islands', '676'),
('Trinidad & Tobago', '1-868'),
('Tunisia', '216'),
('Turkey', '90'),
('Turkmenistan', '993'),
('Turks and Caicos Islands', '1-649'),
('Tuvalu', '688'),
('Uganda', '256'),
('Ukraine', '380'),
('United Arab Emirates', '971'),
('United Kingdom', '44'),
('United States of America', '1'),
('US Virgin Islands', '1-340'),
('Universal Personal Telecommunications (UPT)', '878'),
('Uruguay', '598'),
('Uzbekistan', '998'),
('Vanuatu', '678'),
('Vatican City', '39'),
('Venezuela', '58'),
('Vietnam', '84'),
('Wake Island', '808');

-- --------------------------------------------------------

--
-- Table structure for table `tbl_questions`
--

CREATE TABLE `tbl_questions` (
  `id` int(11) NOT NULL,
  `user_name` varchar(255) NOT NULL,
  `user_phone` varchar(15) NOT NULL,
  `user_question` varchar(500) NOT NULL,
  `asked_at` datetime NOT NULL,
  `user_code` varchar(10) NOT NULL,
  `speaker` int(11) NOT NULL DEFAULT '0',
  `answered` int(11) NOT NULL DEFAULT '0',
  `eventname` varchar(50) NOT NULL,
  `responded` int(11) DEFAULT '0',
  `doctor` int(11) DEFAULT '0',
  `diet` int(11) DEFAULT '0',
  `exercise` int(11) DEFAULT '0',
  `mentor` int(11) DEFAULT '0',
  `operations` int(11) DEFAULT '0'
) ENGINE=InnoDB DEFAULT CHARSET=latin1;

--
-- Dumping data for table `tbl_questions`
--

INSERT INTO `tbl_questions` (`id`, `user_name`, `user_phone`, `user_question`, `asked_at`, `user_code`, `speaker`, `answered`, `eventname`, `responded`, `doctor`, `diet`, `exercise`, `mentor`, `operations`) VALUES
(1, 'JYOTI KAMBLE', '09769061183', 'Befor 2 day ago my blud sugar tested .fasting 116 & post 176', '2021-01-23 09:38:59', '91', 0, 0, 'ffd050121', 1, 0, 0, 0, 0, 0),
(2, 'Narendra Manohar Bhagwat', '9869729204', 'Any reports or file will be require?', '2021-01-26 13:45:44', '91', 0, 0, 'ffd050121', 1, 0, 0, 0, 0, 0),
(3, 'Dilip Rambhau Jagtap', '9823692360', 'à¤®à¤§à¥à¤®à¥‡à¤¹ à¤ªà¥‚à¤°à¥à¤£à¤ªà¤£à¥‡ à¤¨à¤·à¥à¤Ÿ à¤¹à¥‹à¤¤à¥‹ à¤•à¤¾?', '2021-01-29 16:20:36', '91', 0, 0, 'ffd050121', 1, 0, 0, 0, 0, 0),
(4, 'Dilip Rambhau Jagtap', '9823692360', 'ok', '2021-01-29 16:20:47', '91', 0, 0, 'ffd050121', 1, 0, 0, 0, 0, 0),
(5, 'Nandini Papat ', '7841051967', 'I am diabetic last 3 yrs, now I am suffering from hyper tension. I want free from it', '2021-01-29 16:51:12', '229', 0, 0, 'ffd050121', 1, 0, 0, 0, 0, 0),
(6, 'Sujata Patil', '9820088148', 'à¤®à¥€ à¤¡à¤¾à¤¯à¤¬à¥€à¤Ÿà¥€à¤• à¤†à¤¹à¥‡. à¤®à¤²à¤¾ à¤†à¤œ à¤•à¤¾à¤² à¤œà¤°à¤¾ à¤…à¥…à¤¸à¥€à¤¡à¥€à¤Ÿà¥€à¤šà¤¾ à¤¤à¤°à¤¸ à¤†à¤¹à¥‡ . à¤¬à¥à¤²à¤¡à¤ªà¥à¤²à¥‡à¤¶à¤° à¤¹à¥€ à¤†à¤²à¤‚à¤¯ . à¤µà¤œà¤¨à¤¹à¥€ à¤µà¤¾à¤¢à¤¤à¤¯ . à¥­à¥§ à¤•à¤¿à¤²à¥‹ . à¥¬.à¥¨ à¤‡à¤‚à¤š . ', '2021-01-29 17:36:37', '91', 0, 0, 'ffd050121', 1, 0, 0, 0, 0, 0),
(7, 'JYOTI KAMBLE', '09769061183', 'Sugar', '2021-01-30 08:04:47', '91', 0, 0, 'ffd050121', 1, 0, 0, 0, 0, 0),
(8, 'JYOTI KAMBLE', '09769061183', 'my sugar fasting 116 & post 176', '2021-01-30 08:06:00', '91', 0, 0, 'ffd050121', 1, 0, 0, 0, 0, 0),
(9, 'Vidya gadagkar', '9767897662', 'G m sir, I have thyroid since 18 yrs, diabetis 10 yrs, bp from 10 yrs, is it reservable? I have knee pain n ankle is also swellings,  is it because of sugars?', '2021-01-30 08:17:10', '91', 0, 0, 'ffd050121', 1, 0, 0, 0, 0, 0),
(10, 'JYOTI KAMBLE', '09769061183', 'Mi 1 week agodar basic checup la gelyavar samjale ki mala sugar ali ahe test madhe ji fasting 116.1 & post 176 ahe ', '2021-01-30 08:48:07', '91', 0, 0, 'ffd050121', 1, 0, 0, 0, 0, 0),
(11, 'Nita Wankhede', '9970911550', 'Will this program help in weight gain while curing diabetes?', '2021-01-30 08:50:54', '91', 0, 0, 'ffd050121', 1, 0, 0, 0, 0, 0),
(12, 'Prajakta Gurav', '7028837076', 'Mazi mulagi 3 varshachi aahe insulin band hoil ka? \r\nTila morning 4 unit, night 2 unit chalu aahe', '2021-01-30 08:57:30', '91', 0, 0, 'ffd050121', 1, 0, 0, 0, 0, 0),
(13, 'Ajit Sonawane', '09962416560', 'Hello Sir,\r\n\r\nI am following Dr. Dixit\'s Two-Meal Plan from last one year. How can I switch to regular diet routine where I can eat at anytime. Will it impact my sugar levels?', '2021-01-30 09:00:16', '91', 0, 0, 'ffd050121', 1, 0, 0, 0, 0, 0),
(14, 'Ajit Sonawane', '09962416560', 'à¤¨à¤®à¤¸à¥à¤•à¤¾à¤° à¤¸à¤°,\r\n\r\nà¤¡à¥‰. à¤¦à¥€à¤•à¥à¤·à¤¿à¤¤ à¤¸à¤°à¤¾à¤‚à¤šà¤¾ à¤¡à¤¾à¤à¤Ÿ à¤ªà¥à¤²à¤¾à¤¨ à¤¸à¥‹à¤¡à¤¾à¤¯à¤šà¤¾ à¤†à¤¹à¥‡ . à¤à¤• à¤µà¤°à¥à¤·à¤¾à¤‚à¤ªà¤¾à¤¸à¥‚à¤¨ à¤¦à¥€à¤•à¥à¤·à¤¿à¤¤ à¤¡à¤¾à¤à¤Ÿ à¤ªà¥à¤²à¤¾à¤¨ à¤šà¤¾à¤²à¥‚ à¤†à¤¹à¥‡.\r\n\r\nà¤®à¥€ à¤¨à¥‰à¤¨ diabetic à¤†à¤¹à¥‡', '2021-01-30 09:07:18', '91', 0, 0, 'ffd050121', 1, 0, 0, 0, 0, 0),
(15, 'Prajakta Gurav', '7028837076', 'Mla tumchi oppinment having aahe plzz\r\n', '2021-01-30 09:08:05', '91', 0, 0, 'ffd050121', 1, 0, 0, 0, 0, 0),
(16, 'Vinod', '9901081452', 'How about Museli?\r\n', '2021-01-30 09:18:43', '91', 0, 0, 'ffd050121', 1, 0, 0, 0, 0, 0),
(17, 'Prajakta Gurav', '7028837076', 'Type sathi sanga Sir pleaseðŸ™\r\nMi khup kaljit aahe', '2021-01-30 09:26:41', '91', 0, 0, 'ffd050121', 0, 0, 0, 0, 0, 0),
(18, 'SUDHIR KARANDIKAR', '07600051711', 'continuity of audio is frequently affected so continuty is broken. ', '2021-01-30 09:31:25', '91', 0, 0, 'ffd050121', 1, 0, 0, 0, 0, 0),
(19, 'rakhi y', '9769968850', 'what about milk for kids? can we give them? how much for a 6 yr old', '2021-01-30 09:32:24', '91', 0, 0, 'ffd050121', 1, 0, 0, 0, 0, 0),
(20, 'Ajit Sonawane', '09962416560', 'khup kami sakharene low sugar hou shakte ka?', '2021-01-30 09:34:07', '91', 0, 0, 'ffd050121', 1, 0, 0, 0, 0, 0),
(21, 'Prajakta Gurav', '7028837076', 'Lahan mulanch ks kraych? ', '2021-01-30 09:37:23', '91', 0, 0, 'ffd050121', 1, 0, 0, 0, 0, 0),
(22, 'SUDHIR KARANDIKAR', '07600051711', 'frequent breaks continuity disturbed', '2021-01-30 09:51:46', '91', 0, 0, 'ffd050121', 1, 0, 0, 0, 0, 0),
(23, 'NAMDEV  MANE', '09821623186', 'I want watch this session again please send link', '2021-01-30 09:52:17', '91', 0, 0, 'ffd050121', 1, 0, 0, 0, 0, 0),
(24, 'SUDHIR KARANDIKAR', '07600051711', 'exercises unable to understand due to break in audio', '2021-01-30 09:52:34', '91', 0, 0, 'ffd050121', 0, 1, 0, 0, 0, 0),
(25, 'SUDHIR KARANDIKAR', '07600051711', 'disappointing audio disruptions', '2021-01-30 09:54:07', '91', 0, 0, 'ffd050121', 1, 0, 0, 0, 0, 0),
(26, 'NAMDEV  MANE', '09821623186', 'Please send link to listen this again.', '2021-01-30 09:57:13', '91', 0, 0, 'ffd050121', 1, 0, 0, 0, 0, 0),
(27, 'SUDHIR KARANDIKAR', '07600051711', 'could not see spine exercises. can be repeated? because could not see or hear', '2021-01-30 09:58:03', '91', 0, 0, 'ffd050121', 1, 0, 0, 0, 0, 0),
(28, 'SUDHIR KARANDIKAR', '07600051711', 'most of the time disturbance in audio hence difficult to view or listen', '2021-01-30 10:05:59', '91', 0, 0, 'ffd050121', 1, 0, 0, 0, 0, 0),
(29, 'Vaishali Wankhede', '7738871395', 'Sir please ha video parat baghayala bhetel ka. \r\nAaj office la lavkar jayach aahe, tyamule aaj cha session pahayala bhetala nahi', '2021-01-30 10:09:18', '91', 0, 0, 'ffd050121', 1, 0, 0, 0, 0, 0),
(30, 'Prajakta Gurav', '7028837076', 'Type 1 sanga ðŸ™ðŸ™ðŸ™ðŸ™', '2021-01-30 10:10:05', '91', 0, 0, 'ffd050121', 1, 0, 0, 0, 0, 0),
(31, 'Dr. DILIP RAMBHAU JAGTAP', '09823692360', 'Vedio chalet nahi', '2021-01-30 10:18:03', '91', 0, 0, 'ffd050121', 1, 0, 0, 0, 0, 0),
(32, 'SUDHIR KARANDIKAR', '07600051711', 'off line since last 5 minutes', '2021-01-30 10:21:03', '91', 0, 0, 'ffd050121', 1, 0, 0, 0, 0, 0),
(33, 'Harshal Chougule', '7899005443', 'What should people like me who are already at bmi 21 follow as their diet ? I am actually losing a lot of weight due to diabetes.', '2021-01-30 10:27:17', '91', 0, 0, 'ffd050121', 1, 0, 0, 0, 0, 0),
(34, 'Prajakta Gurav', '7028837076', 'Type 1 sanga na ðŸ™ðŸ™ðŸ™', '2021-01-30 10:31:44', '91', 0, 0, 'ffd050121', 1, 0, 0, 0, 0, 0),
(35, 'Amit Ghosalkar', '9920949005', 'Can I eat Non Veg after this reversal program', '2021-01-30 10:45:21', '91', 0, 0, 'ffd050121', 1, 0, 0, 0, 0, 0),
(36, 'Girish Soman', '7329102071', 'My BMI is 22. Still I should take smoothie? I don\'t want to loose wait. Is Poha is Ok in breakfast?\r\n', '2021-01-30 10:45:32', '1', 0, 0, 'ffd050121', 1, 0, 0, 0, 0, 0),
(37, 'Girish Soman', '7329102071', 'I am eating almond flour + wheat chapati. Is that Ok for health?\r\n', '2021-01-30 10:47:39', '1', 0, 0, 'ffd050121', 1, 0, 0, 0, 0, 0),
(38, 'Sanjay Kshirsagar ', '9769562586', 'à¤°à¤¸à¤¾à¤¹à¤¾à¤° à¤ªà¤¾à¤‚à¤¢à¤°à¤¾ à¤†à¤‚à¤£à¤¿ à¤¹à¤¿à¤°à¤µà¤¾ à¤®à¤§à¥‡ à¤•à¥‹à¤£à¤¤à¥‡ à¤°à¤¸ à¤¯à¥‡à¤¤à¤¾à¤¤', '2021-01-30 10:49:22', '91', 0, 0, 'ffd050121', 1, 0, 0, 0, 0, 0),
(39, 'Kalpana Tilekar', '9422000667', 'tarun mulansathi kahi program aahe ka', '2021-01-30 10:49:28', '91', 0, 0, 'ffd050121', 1, 0, 0, 0, 0, 0),
(40, 'Girish Soman', '7329102071', 'How to join for one year?', '2021-01-30 10:49:36', '1', 0, 0, 'ffd050121', 1, 0, 0, 0, 0, 0),
(41, 'Shripad Samant', '2133213456', 'Can you send me the PDF in English instead of Marathi? And if I am in USA, how can I receive help wrt doctors, dietician etc for entire year if I take the next level? Will I get the same doctor everytime?', '2021-01-30 10:51:13', '1', 0, 0, 'ffd050121', 1, 0, 0, 0, 0, 0),
(42, 'Sanjay Kshirsagar ', '9769562586', 'à¤œà¤° sugar vadhlyamule à¤µà¤œà¤¨ à¤•à¤®à¥€ à¤à¤¾à¤²à¥‡ à¤…à¤¸à¥‡à¤² à¤¤à¤° à¤•à¤¾à¤¯ à¤•à¤°à¤¾à¤¯à¤šà¥‡ ', '2021-01-30 10:51:51', '91', 0, 0, 'ffd050121', 1, 0, 0, 0, 0, 0),
(43, 'Vishal Surve', '9320453727', '\r\nVishal Surve :- \r\nMe majhi blood sugar daily analyse keli aahe, gelya 7 diwas, sensor use karun. (Abott FreeStyle CGM)\r\nTar majhi Fasting sugar control aste. Below 120. \r\nPost lunch pun control aste. below 140. \r\nbut evening breakfast nantar 160+ hote and nantar dinner nantar 170+ rahte. karan diwas bhar khanya mule body sugar stock reover zhalela asto.\r\n\r\nQUESTION , nehmi body stock exaust kelya varach blood sugar low rahte ka?', '2021-01-30 10:52:52', '91', 0, 0, 'ffd050121', 1, 0, 0, 0, 0, 0),
(44, 'Prajakta Gurav', '7028837076', 'Type 1 sanga plz', '2021-01-30 10:53:03', '91', 0, 0, 'ffd050121', 1, 0, 0, 0, 0, 0),
(45, 'Yogesh Patil', '09224638963', 'Life term FFD kadun treatment ghene avashak asel Ka??', '2021-01-30 10:54:41', '91', 0, 0, 'ffd050121', 1, 0, 0, 0, 0, 0),
(46, 'Janardan Yadav', '9766277893', 'Can we join 67th batch?\r\n', '2021-01-30 10:54:52', '91', 0, 0, 'ffd050121', 1, 0, 0, 0, 0, 0),
(47, 'shirish gunjal', '9755559176', 'how to join 67th batch', '2021-01-30 10:56:20', '91', 0, 0, 'ffd050121', 1, 0, 0, 0, 0, 0),
(48, 'AMRAPALI Vinay Keer', '09770891350', 'I m not diabetic , but obesity is there, any other programme for weight reduction, if any, give me details, I want to join', '2021-01-30 10:56:38', '91', 0, 0, 'ffd050121', 1, 0, 0, 0, 0, 0),
(49, 'pushpa kulkarni', '9372403389', 'maze 3 phase paryant proper zale hote sugar aani BMI 22 paryant aala hota pan November madhe achanak hart bits wadhlya mule mala admit vawa lagala tyamule pudhache kahi karane jamle nahi. aata kadhi kadhi sugar wadhali tar goli ghyawi lagate. mala aasa wicharaycha aahe ki mala parat phase 1 pasun karawa lagel ka??     aata maza concor 2.5 aani ecosprin gold 10 aani jalra 50 ya golya chalu aahet', '2021-01-30 10:59:09', '91', 0, 0, 'ffd050121', 1, 0, 0, 0, 0, 0),
(50, 'Vishwas Sakunde', '08779149377', 'when id the next course starting,its duration and fee', '2021-01-30 11:02:45', '91', 0, 0, 'ffd050121', 1, 0, 0, 0, 0, 0),
(51, 'Yogesh Ratnaparkhi', '9167779495', 'what is your total fees for total reversal program', '2021-01-30 11:04:25', '91', 0, 0, 'ffd050121', 1, 0, 0, 0, 0, 0),
(52, 'Shyam Zingade', '2083408380', 'do you have separate session for diabetic in US ?', '2021-01-30 11:09:36', '1', 0, 0, 'ffd050121', 1, 0, 0, 0, 0, 0),
(53, 'Praveen Gangavane', '09860049550', '1)-dahi pan band karave legel ka  2)- glucometer reading changes after every 1 min 3)what is the effect of chewing of tobacco on sugar level?4)what is the option for chapati? 5) my bmi is 29 -4 glass smoothi one time or 2 glass morning  &2 glass evening ', '2021-01-30 11:12:18', '91', 0, 0, 'ffd050121', 1, 0, 0, 0, 0, 0),
(54, 'Vishwas Sakunde', '08779149377', 'Please mail your mobile no and fee structure\r\n', '2021-01-30 11:12:29', '91', 0, 0, 'ffd050121', 1, 0, 0, 0, 0, 0),
(55, 'Swati', '9870231723', 'Thank you so much sir for your valuable information session ðŸ‘ðŸ˜„', '2021-01-30 11:12:55', '91', 0, 0, 'ffd050121', 1, 0, 0, 0, 0, 0),
(56, 'Vishwas Sakunde', '08779149377', 'send fee stee structure for diabitic and non diabitic\r\n', '2021-01-30 11:13:24', '91', 0, 0, 'ffd050121', 1, 0, 0, 0, 0, 0),
(57, 'Swati', '9870231723', 'Thank you doctor, I m very excited to follow yout diet plan...', '2021-01-30 11:13:35', '91', 0, 0, 'ffd050121', 1, 0, 0, 0, 0, 0),
(58, 'Swati', '9870231723', 'I m vry happy to be a part of FFD', '2021-01-30 11:14:01', '91', 0, 0, 'ffd050121', 1, 0, 0, 0, 0, 0),
(59, 'Swati', '9870231723', 'Following your plan since 3days...I m a part of 67th batch', '2021-01-30 11:14:43', '91', 0, 0, 'ffd050121', 1, 0, 0, 0, 0, 0),
(60, 'SONALI SAMANT', '7324016488', 'CAN I USE KALE INSTEAD OF SPINACH \r\n IF I AM DOING INTERMITENT FASTING..WHAT TIME CAN I TAKE THE SMOOTHIE..EARLY MORNING OR 11 AM ( I AM FOLLOWING 16 HOURS FASTING- 11 AM TO 7 PM)', '2021-01-30 11:15:12', '1', 0, 0, 'ffd050121', 1, 0, 0, 0, 0, 0),
(61, 'tejal shenoy', '8970050377', 'sir i am not diabetic but my age is 44  i am too much much over weight so i want to loose weight, my health issues are gall bladder, fibroid, hernia, vit amin d deficiency, acucute leg pain want to lead helthy life permanently and this is my last hope', '2021-01-30 11:15:59', '91', 0, 0, 'ffd050121', 1, 0, 0, 0, 0, 0),
(62, 'Vishal Surve', '9320453727', 'Vishal Surve:- Age 34, height - 5.8 inch, weight - 64, BMI 23\r\nLunch nantar 118 chi sugar 218 hote after 2 hours. 20 mins threadmil kelya var lagech 108 hote, pun parat after 30 mins 160-170 var yeun settle hote.\r\nAsa ka? Lunch madhla sugar stock parat blood strem madhye release hota ka?', '2021-01-30 11:16:04', '91', 0, 0, 'ffd050121', 1, 0, 0, 0, 0, 0),
(63, 'Vinod', '9901081452', 'I have not received link\r\n', '2021-01-30 11:16:13', '91', 0, 0, 'ffd050121', 1, 0, 0, 0, 0, 1),
(64, 'Chintamani Kulkarni', '08624891000', 'Sir paise lgec bhrave lagtil ka ', '2021-01-30 11:16:24', '91', 0, 0, 'ffd050121', 1, 0, 0, 0, 0, 0),
(65, 'TUSHAR KULKARNI', '7060467014', 'My insuline fasting is 2.53 and C peptide value is 0.75. Diagnosed with diabetes for last 5 years, non obese. How to cure diabetes and increase weight as under weight? Will the beta cells be rejuvanated?', '2021-01-30 11:16:39', '91', 0, 0, 'ffd050121', 1, 0, 0, 0, 0, 0),
(66, 'Girish Soman', '7329102071', 'I would like to join this course but it is midnight here so I will join on Monday for sure.\r\n', '2021-01-30 11:16:39', '1', 0, 0, 'ffd050121', 1, 0, 0, 0, 0, 0),
(67, 'TUSHAR KULKARNI', '7060467014', 'age 29, weight 60 kg\r\n', '2021-01-30 11:16:56', '91', 0, 0, 'ffd050121', 1, 0, 0, 0, 0, 0),
(68, 'YASHODHAN WARKE', '9820195111', 'My mother\'s weight is already low (46 Kg) so her BMI is low. what about her exercise', '2021-01-30 11:17:00', '91', 0, 0, 'ffd050121', 1, 0, 0, 0, 0, 0),
(69, 'Rekha patil', '8007001023', 'Majey galley chey sheera far dukhth aheth sir', '2021-01-30 11:17:04', '91', 0, 0, 'ffd050121', 1, 0, 0, 0, 0, 0),
(70, 'Vilas Tarwadi', '8408814488', ' Which fruits to avoid ? Is two meal diet advisable for diabetes ? ', '2021-01-30 11:17:05', '91', 0, 0, 'ffd050121', 1, 0, 0, 0, 0, 0),
(71, 'Lakshmi Mestri', '9833362512', '1. what is ideal time to have breakfast, lunch, snacks, dinner\r\n2. what fruits should be avoided\r\n3. what is khapali rice? what it is called in normal market\r\n4. i am having diabetes level of 182 as of now.... is it required to follow all these intensive program and my age is 73... I have no problem of weight as of now..\r\n', '2021-01-30 11:17:13', '91', 0, 0, 'ffd050121', 1, 0, 0, 0, 0, 0),
(72, 'Pratibha', '9892655762', 'i do not have diebities but i am Bronical astma patient will this program help me?\r\nPratibha\r\nAge: 37\r\nHeight: 5.3\r\nWeight: 84Kg\r\n', '2021-01-30 11:17:24', '91', 0, 0, 'ffd050121', 1, 0, 0, 0, 0, 0),
(73, 'Chintamani Kulkarni', '08624891000', 'Emi ahe ka sir ', '2021-01-30 11:17:42', '91', 0, 0, 'ffd050121', 1, 0, 0, 0, 0, 0),
(74, 'YASHODHAN WARKE', '9820195111', 'talpayachi aag hote ratri zoptana... sugar is in control... what to do?\r\n', '2021-01-30 11:18:08', '91', 0, 0, 'ffd050121', 1, 0, 0, 0, 0, 0),
(75, 'SACHIN MADHUKAR PARAB', '9624281517', 'Yesterday I checked my sugar level ,Fasting 98 and Hba1c is 7.2 So its dibetisc', '2021-01-30 11:18:09', '91', 0, 0, 'ffd050121', 1, 0, 0, 0, 0, 0),
(76, 'Vishwas Sakunde', '08779149377', 'Also send your account details\r\n', '2021-01-30 11:18:23', '91', 0, 0, 'ffd050121', 1, 0, 0, 0, 0, 0),
(77, 'PARAG KANEKAR', '8583823735', 'If we make the smoothie in the morning and try to consume in the afternoon, will it cause oxidation?\r\n', '2021-01-30 11:18:24', '1', 0, 0, 'ffd050121', 1, 0, 0, 0, 0, 0),
(78, 'Santosh Bhise', '8554094370', 'Can we skip squatting in nitric oxide as problem in knees?\r\nSantosh Bhise 50 yrs & diabetic', '2021-01-30 11:18:34', '91', 0, 0, 'ffd050121', 1, 0, 0, 0, 0, 0),
(79, 'YASHODHAN WARKE', '9820195111', 'in lunch: 1 vati bhaji ghyaychi, pan suki bhaji or patal bhaji?', '2021-01-30 11:18:58', '91', 0, 0, 'ffd050121', 1, 0, 0, 0, 0, 0),
(80, 'Yogesh Ratnaparkhi', '9167779495', 'I have started aurvedic course for one month which prescribes the powder to be taken with 1/2 cup milk twice a day.  My fasting today 107 & post meal yesterday was 117. However fasting day before was 127 . Please suggest way forward', '2021-01-30 11:19:45', '91', 0, 0, 'ffd050121', 1, 0, 0, 0, 0, 0),
(81, 'SONALI SAMANT', '7324016488', 'SIR\r\nIS IT NECESSARY TO TAKE MAGIC SMOOTHIE EARLY MORNING OR CAN WE TAKE IT AROUND 11 AM..', '2021-01-30 11:19:56', '1', 0, 0, 'ffd050121', 1, 0, 0, 0, 0, 0),
(82, 'JYOTI KAMBLE', '09769061183', 'Majhe weigh 68 ahe mala 8 divsapurvich fasting116 & post 176 samjali ahe age 47 , BP tab.  olmisar H suru ahe ', '2021-01-30 11:20:06', '91', 0, 0, 'ffd050121', 1, 0, 0, 0, 0, 0),
(83, 'Swati', '9870231723', 'I m overweight since 10 years, and diabetic since 5 years.. joined FFD...can I get remarkable results in early 15 days regarding weight & sugar', '2021-01-30 11:20:08', '91', 0, 0, 'ffd050121', 1, 0, 0, 0, 0, 0),
(84, 'rakhi y', '9769968850', 'sir, please tell milk for kids for age 6 to 10, is it safe', '2021-01-30 11:20:12', '91', 0, 0, 'ffd050121', 1, 0, 0, 0, 0, 0),
(85, 'à¤¸à¥à¤µà¤°à¥à¤£à¤¾ à¤…à¤°à¤µà¤¿à¤‚à¤¦ à¤œà¤¾à¤§à¤µ ', '9623115327', 'à¤µà¤¾à¤°à¤‚à¤µà¤¾à¤° à¤¤à¥‹à¤‚à¤¡ à¤¯à¥‡à¤¤à¥‡.à¤¶à¥à¤—à¤° fasting 114 pp 165à¤…à¤¸à¤¤à¥‡ à¤”à¤·à¤§à¥‡ à¤˜à¥‡à¤¤à¤²à¥à¤¯à¤¾à¤µà¤° à¤¬à¤°à¥‡ à¤¹à¥‹à¤¤à¥‡.à¤¤à¥€à¤¨ à¤µà¤°à¥à¤· à¤à¤¾à¤²à¥‡.', '2021-01-30 11:20:29', '91', 0, 0, 'ffd050121', 1, 0, 0, 0, 0, 0),
(86, 'Sanjay Kshirsagar ', '9769562586', 'à¤¸à¤¾à¤–à¤° à¤µà¤¾à¤¢à¤²à¥€ à¤…à¤¸à¥‡à¤² à¤†à¤£à¤¿ à¤µà¤œà¤¨ à¤•à¤®à¥€ à¤à¤¾à¤²à¥‡ à¤…à¤¸à¥‡à¤² à¤¤à¤° à¤•à¤¾à¤¯ à¤•à¤°à¤¾à¤¯à¤šà¥‡ ', '2021-01-30 11:20:33', '91', 0, 0, 'ffd050121', 1, 0, 0, 0, 0, 0),
(87, 'Vinaya Mhaskar', '9167319690', 'Diabetic from last 6 years, age 41yrs. Current sugar is 410mg/dL, gly Hb 10.5, weight 65kg. h/o grade 2 Meningioma. FFD is giving me some hope. Is there a flexibility in batches once I join? ', '2021-01-30 11:20:34', '91', 0, 0, 'ffd050121', 1, 0, 0, 0, 0, 1),
(88, 'Vishal Surve', '9320453727', 'Vishal Surve: Deit plan usually follow karayla difficult asto, gharchyancha ani majha jevan gelya banvava lagta. Hya mule aaj parayant khup deiticians pahile pun follow karta vet nahi.', '2021-01-30 11:20:40', '91', 0, 0, 'ffd050121', 1, 0, 0, 0, 0, 0),
(89, 'Vinod', '9901081452', 'please email me link for registration intensive reversal program. or display it here please.\r\n\r\n', '2021-01-30 11:20:41', '91', 0, 0, 'ffd050121', 1, 0, 0, 0, 0, 0),
(90, 'Haresh', '9820132466', 'Hi Doc. first of all very inspiring session. totally charged to join the program. thank you for this session. my question is: I am a diabetic and my wife wants to join the course for weight loss. will the diet be the same for both ? thanks ', '2021-01-30 11:21:02', '91', 0, 0, 'ffd050121', 1, 0, 0, 0, 0, 0),
(91, 'Narendra Manohar Bhagwat', '9869729204', 'I am a pure vegetarian. My HnA1C is 9.3 and today\'s sugar is fasting 166, 234 pp, Urine for sugar PP is Present ++ then what is my diabetic type? ', '2021-01-30 11:21:13', '91', 0, 0, 'ffd050121', 1, 0, 0, 0, 0, 0),
(92, 'RAKESH PANGAT', '9822293582', 'My mother Age 70 years, she is diabetic, had angioplasty in 2013, (minor problem during operation), she is currently on medicines of BP, Sugar and blood thinners too. Recently diagnosed for Lymphnode TB.  Also once hospitalized during COVID since fell unconscious due to low sugar instance (hypoglucomia) So on heavy medications currently (Last but not the least ...overwight...) Can she join (with current medications) ?', '2021-01-30 11:21:15', '91', 0, 0, 'ffd050121', 1, 0, 0, 0, 0, 0),
(93, 'Amit Ghosalkar', '9920949005', 'Amit Ghosalkar vay 42 vajan 74 height 163 cm. 1.5 mahinyat vazan 86 varun 74 var ala manun test keli tar fasting 206 ani pp 317 asa report ala ani first time Diabetes detect zala. Sadhya Glycemic index baghun food intake kartoy so non vej madhe 0 aslya mule intake kartoy, please suggest\r\n', '2021-01-30 11:21:20', '91', 0, 0, 'ffd050121', 1, 0, 0, 0, 0, 0),
(94, 'Girish Soman', '7329102071', 'Ignore my question how to join. I got the answer.', '2021-01-30 11:21:33', '1', 0, 0, 'ffd050121', 1, 0, 0, 0, 0, 0),
(95, 'Swati', '9870231723', 'Can I get remarkable results regarding weight & sugar in initial 15 days...I m overweight since 10 years...my BMI is 33', '2021-01-30 11:21:35', '91', 0, 0, 'ffd050121', 1, 0, 0, 0, 0, 0),
(96, 'rakhi y', '9769968850', 'Sir, milk and mulk products are good for kids or not?', '2021-01-30 11:21:40', '91', 0, 0, 'ffd050121', 1, 0, 0, 0, 0, 0),
(97, 'Narendra Manohar Bhagwat', '9869729204', 'diabetic since 4 years', '2021-01-30 11:21:54', '91', 0, 0, 'ffd050121', 1, 0, 0, 0, 0, 0),
(98, 'Ajit Sonawane', '09962416560', 'à¤¨à¤®à¤¸à¥à¤•à¤¾à¤° à¤¸à¤°,\r\n\r\nà¤¡à¥‰. à¤¦à¥€à¤•à¥à¤·à¤¿à¤¤ à¤¸à¤°à¤¾à¤‚à¤šà¤¾ à¤¡à¤¾à¤à¤Ÿ à¤ªà¥à¤²à¤¾à¤¨ à¤¸à¥‹à¤¡à¤¾à¤¯à¤šà¤¾ à¤†à¤¹à¥‡ . à¤à¤• à¤µà¤°à¥à¤·à¤¾à¤‚à¤ªà¤¾à¤¸à¥‚à¤¨ à¤¦à¥€à¤•à¥à¤·à¤¿à¤¤ à¤¡à¤¾à¤à¤Ÿ à¤ªà¥à¤²à¤¾à¤¨ à¤šà¤¾à¤²à¥‚ à¤†à¤¹à¥‡.\r\n\r\nà¤®à¥€ à¤¨à¥‰à¤¨ diabetic à¤†à¤¹à¥‡', '2021-01-30 11:21:57', '91', 0, 0, 'ffd050121', 1, 0, 0, 0, 0, 0),
(99, 'Vijay Chavan ', '9594872424', 'M i pre-diabetic, my hba1c is 6.2 .already  takes tablets on thyroid 112mg .suggest me the best package ', '2021-01-30 11:22:08', '91', 0, 0, 'ffd050121', 1, 0, 0, 0, 0, 0),
(100, 'Sudhir Bapat', '9405544566', 'Hello Doctor, please tell something about : 60+ year person whose wait reduced by 10KG from 72kg to 61kg , facing overall weakness and reduced muscle strength. Recent test revealed sugar.\r\n  Can this be cured? BMI is 23.08 -Sudhir', '2021-01-30 11:22:20', '91', 0, 0, 'ffd050121', 1, 0, 0, 0, 0, 0),
(101, 'rakhi y', '9769968850', 'Sir , milk and milk products are good for kids?', '2021-01-30 11:22:55', '91', 0, 0, 'ffd050121', 1, 0, 0, 0, 0, 0),
(102, 'Yogesh Ratnaparkhi', '9167779495', 'Can I do my regular skipping 400 min. & 7 min exercise + 3 km walking daily which i am doing regularlyl? My BMI is 25 . Age 54 yrs. +', '2021-01-30 11:23:08', '91', 0, 0, 'ffd050121', 1, 0, 0, 0, 0, 0),
(103, 'Narendra Manohar Bhagwat', '9869729204', 'my age is 47 running 48', '2021-01-30 11:23:08', '91', 0, 0, 'ffd050121', 1, 0, 0, 0, 0, 0),
(104, 'Vinod', '9901081452', 'Who is considered diabetic?', '2021-01-30 11:23:15', '91', 0, 0, 'ffd050121', 1, 0, 0, 0, 0, 0),
(105, 'Sudhir Bapat', '9405544566', 'Can the diabetic patient eat natural sources of sugar : sweet fruits : watermelon, chiku, etc. and dates/honey ? or these are also harmful - Sudhir', '2021-01-30 11:23:31', '91', 0, 0, 'ffd050121', 1, 0, 0, 0, 0, 0),
(106, 'Swapnil Ahire', '9850214705', 'I am very obese, fasting sugar mostly around 108 and have frequent kidney stones(calcium oxalates). Can I stop progression to full scale diabetes and if so, is it permanent? ', '2021-01-30 11:23:45', '91', 0, 0, 'ffd050121', 1, 0, 0, 0, 0, 0),
(107, 'Prajakta Gurav', '7028837076', 'Tumachi oppinment milel ka plzzz', '2021-01-30 11:24:10', '91', 0, 0, 'ffd050121', 1, 0, 0, 0, 0, 0),
(108, 'Praveen Gangavane', '09860049550', 'sometime scratches (infection) are developed at urine place -Is this because of high blood sugar?', '2021-01-30 11:24:16', '91', 0, 0, 'ffd050121', 1, 0, 0, 0, 0, 0),
(109, 'Prajakta Gurav', '7028837076', 'Ks vadvaych c peptides', '2021-01-30 11:25:03', '91', 0, 0, 'ffd050121', 1, 0, 0, 0, 0, 0),
(110, 'Shripad Samant', '2133213456', 'Type 2 Diabetic, Have reduced A1C from 9.4 to 7.0 Avg Glucose from 223 to 154 .. Weight Loss of 30 lbs .. but weight is now stuck .. take 1000mg of Metformin .. want to cut medicines completely.. question how will the monitoring with Doctor and Dietician happen?', '2021-01-30 11:25:05', '1', 0, 0, 'ffd050121', 1, 0, 0, 0, 0, 0),
(111, 'rakhi y', '9769968850', 'Sir , milk and milk products are good for kids?', '2021-01-30 11:25:34', '91', 0, 0, 'ffd050121', 1, 0, 0, 0, 0, 0),
(112, 'Maroti Kuhikar', '9881696924', 'à¤®à¤²à¤¾  à¤†à¤£à¤¿  à¤ªà¤¤à¥à¤¨à¥€à¤²à¤¾   à¤¸à¤¾à¤–à¤°  130 à¤¤à¥‡ 140 à¤ªà¤°à¥à¤¯à¤‚à¤¤  à¤œà¥‡à¤µà¤£à¤¾à¤ªà¥à¤°à¥€  à¤†à¤£à¤¿ 200 à¤šà¥à¤¯à¤¾  à¤µà¤°  à¤œà¥‡à¤µà¤¾à¤¨à¤‚à¤¤à¤°  à¤…à¤¸à¤¤à¥‡à¤‚. à¤—à¥‹à¤³à¥à¤¯à¤¾  à¤˜à¥‡à¤¤  à¤†à¤¹à¥‹à¤¤  à¤ªà¤°à¤‚à¤¤à¥  à¤…à¤¶à¥€à¤š  à¤¸à¥à¤¤à¤¿à¤¥à¥€  à¤°à¤¾à¤¹à¤¤à¥‡. à¤¦à¤¾à¤°à¥‚  à¤¤à¤‚à¤–à¤¾à¤–à¥‚  à¤–à¤¾à¤¤  à¤¨à¤¾à¤¹à¥€.\r\n', '2021-01-30 11:25:37', '91', 0, 0, 'ffd050121', 1, 0, 0, 0, 0, 0),
(113, 'Sanjay Kshirsagar ', '9769562586', 'à¤®à¥€ à¤ªà¤£ à¤ªà¥à¤°à¤¶à¥à¤¨ à¤µà¤¿à¤šà¤¾à¤°à¤²à¤¾ à¤†à¤¹à¥‡ ', '2021-01-30 11:25:59', '91', 0, 0, 'ffd050121', 1, 0, 0, 0, 0, 0),
(114, 'Vilas Tarwadi', '8408814488', 'is Methi taking is advisable early in the morning ? when to measure sugar /time period ?', '2021-01-30 11:26:06', '91', 0, 0, 'ffd050121', 1, 0, 0, 0, 0, 0),
(115, 'YASHODHAN WARKE', '9820195111', 'empty stomach bhijavlelya methi seeds khau shakto ka?', '2021-01-30 11:26:17', '91', 0, 0, 'ffd050121', 1, 0, 0, 0, 0, 0),
(116, 'Vidya gadagkar', '9767897662', 'Acute leg pain ahe,, ankle swelling sugar mule hotey ka,, maze age 40 ahe,, fasting 233 pp 216 ahe', '2021-01-30 11:26:25', '91', 0, 0, 'ffd050121', 1, 0, 0, 0, 0, 0),
(117, 'VINOD R MALI', '08600833350', 'Are there any installments for fee?', '2021-01-30 11:26:27', '91', 0, 0, 'ffd050121', 1, 0, 0, 0, 0, 0),
(118, 'Janardan Yadav', '9766277893', 'After joining the batch whether it is necessary  to take consultation of my family doctor?', '2021-01-30 11:26:40', '91', 0, 0, 'ffd050121', 1, 0, 0, 0, 0, 0),
(119, 'Saroj ahire', '7588581111', 'C peptide came to 2.86, is it type 1 or 2.  Only taking tablets till now. Can diabetes be reversed permanently?', '2021-01-30 11:27:31', '91', 0, 0, 'ffd050121', 1, 0, 0, 0, 0, 0),
(120, 'Prajakta Gurav', '7028837076', '0.29 aahe c peptides', '2021-01-30 11:27:59', '91', 0, 0, 'ffd050121', 1, 0, 0, 0, 0, 0),
(121, 'Maroti Kuhikar', '9881696924', 'à¤¸à¤¾à¤•à¤°  130à¤¤à¥‡ 140à¤ªà¤°à¥à¤¯à¤‚à¤¤à¤œà¥‡à¤µà¤£à¤¾à¤ªà¥‚à¤°à¥à¤µà¥€ à¤† à¤œà¥‡à¤µà¤¾à¤¨à¤‚à¤¤à¤°  200 à¤šà¥à¤¯à¤¾  wat à¤…à¤¸à¤¤à¥‡à¤‚. à¤•à¥à¤ à¥‡ à¤­à¥‡à¤Ÿà¤¾à¤µà¥‡.', '2021-01-30 11:28:41', '91', 0, 0, 'ffd050121', 1, 0, 0, 0, 0, 0),
(122, 'Yogesh Ratnaparkhi', '9167779495', 'Can you plz send me the todays presentation ?', '2021-01-30 11:29:26', '91', 0, 0, 'ffd050121', 1, 0, 0, 0, 0, 0),
(123, 'Vinod', '9901081452', 'please email pdf in english and registration link for reversal program on vinod.kharade2021@gmail.com', '2021-01-30 11:29:59', '91', 0, 0, 'ffd050121', 1, 0, 0, 0, 0, 0),
(124, 'Haresh', '9820132466', 'Hi Doc. Haresh here again. One more question. How much time one is expected to give daily for this program as in for exercise etc? thanks\r\n\r\n', '2021-01-30 11:30:00', '91', 0, 0, 'ffd050121', 1, 0, 0, 0, 0, 0),
(125, 'Vishwas Sakunde', '08779149377', 'location of where the video will be available\r\n', '2021-01-30 11:30:32', '91', 0, 0, 'ffd050121', 1, 0, 0, 0, 0, 0),
(126, 'Girish Soman', '7329102071', 'Almond milk can be used in coffee?', '2021-01-30 11:30:35', '1', 0, 0, 'ffd050121', 1, 0, 0, 0, 0, 0),
(127, 'Ramchandra M Sapkal', '9011016019', 'amount rs 30000 can be paid in instalment', '2021-01-30 11:30:37', '91', 0, 0, 'ffd050121', 1, 0, 0, 0, 0, 0),
(128, 'Haresh', '9820132466', 'For some reason if we are not able to join your live sessions, will we be getting recordings of the same?', '2021-01-30 11:30:43', '91', 0, 0, 'ffd050121', 1, 0, 0, 0, 0, 0),
(129, 'Nita Wankhede', '9970911550', 'Already losing weight in diabetes. Will I gain weight?', '2021-01-30 11:31:42', '91', 0, 0, 'ffd050121', 1, 0, 0, 0, 0, 0),
(130, 'Vishal Surve', '9320453727', 'Vishal Surve :-Normally diet recepies easy nastat ani tya mule baraych vela diet plan kahi divsani follow hot nahi. Aple recepies easy aahet ka?', '2021-01-30 11:33:43', '91', 0, 0, 'ffd050121', 1, 0, 0, 0, 0, 0),
(131, 'Lakshmi Mestri', '9833362512', '1. is it good to eat OATs?\r\n2 what is ideal time to have breakfast, lunch, snacks, dinner\r\n3. what fruits should be avoided\r\n4. what is khapali rice? what it is called in normal market\r\n5. i am having diabetes level of 182 as of now.... is it required to follow all these intensive program and my age is 73... I have no problem of weight as of now..\r\n', '2021-01-30 11:33:53', '91', 0, 0, 'ffd050121', 1, 0, 0, 0, 0, 0),
(132, 'Sandhya Prasad  Chodankar', '09967872584', 'I am very happy that I joined this webinar, your talk is very impressive .I will definitely join it today.My best wishes for you and FFD ðŸ™', '2021-01-30 11:33:58', '91', 0, 0, 'ffd050121', 1, 0, 0, 0, 0, 0),
(133, 'Sanjay Kshirsagar ', '9769562586', 'Sugar vadhliy ani vajan 7 kilo kami zalay', '2021-01-30 11:35:42', '91', 0, 0, 'ffd050121', 1, 0, 0, 0, 0, 0),
(134, 'Prajakta Gurav', '7028837076', 'Sugar low hot aahe', '2021-01-30 11:35:44', '91', 0, 0, 'ffd050121', 1, 0, 0, 0, 0, 0),
(135, 'Sudhir Bapat', '9405544566', 'Please tell us the ingredients and water percentages for smoothy-Sudhir', '2021-01-30 11:36:40', '91', 0, 0, 'ffd050121', 1, 0, 0, 0, 0, 0),
(136, 'Prajakta Gurav', '7028837076', 'Tumchi oppinment milel ka plzz Sir lahan mulagi aahe', '2021-01-30 11:37:36', '91', 0, 0, 'ffd050121', 1, 0, 0, 0, 0, 0),
(137, 'Saroj ahire', '7588581111', 'Batch 66 participant here. I\'m following diet, exercise and medicine as given. There is good effect but also too much fluctuations in bp and blood sugar...age is 60', '2021-01-30 11:37:42', '91', 0, 0, 'ffd050121', 1, 0, 0, 0, 0, 0),
(138, 'jyoti kambk', '9769061183', 'sir 116ani post176 ahe bare hoyil katar yoga  walk ani tumhi sangitlele dait ni ', '2021-01-30 11:38:27', '91', 0, 0, 'ffd050121', 1, 0, 0, 0, 0, 0),
(139, 'Asha Phalke', '8888871372', 'Question regarding fees. 30000 for diabetic person + 6000 (non-diabetic) for additional family member. Another 20000 was mentioned for family member. If both wants to join then fees will be 50000 or 56000? \r\n', '2021-01-30 11:38:48', '91', 0, 0, 'ffd050121', 1, 0, 0, 0, 0, 1),
(140, 'Ramchandra M Sapkal', '9011016019', '0000 ', '2021-01-30 11:39:04', '91', 0, 0, 'ffd050121', 1, 0, 0, 0, 0, 0),
(141, 'Maroti Kuhikar', '9881696924', '20 à¤µà¤°à¥à¤·à¥à¤¯à¤¾à¤ªà¤¾à¤¸à¥‚à¤¨  à¤®à¤§à¥à¤®à¥‡à¤¹  à¤†à¤¹à¥‡  à¤—à¥‹à¤³à¥à¤¯à¤¾  à¤˜à¥‡à¤¤à¥‹ à¤ªà¤°à¤‚à¤¤à¥   130te140à¤œà¥‡à¤µà¤£à¤¾à¤ªà¥‚à¤°à¥à¤µà¥€  à¤†à¤£à¤¿ à¤œà¥‡à¤µà¤¾à¤¨à¤‚à¤¤à¤°  200 à¤šà¥à¤¯à¤¾ à¤µà¤° à¤°à¤¾à¤¹à¤¤à¥‡. à¤•à¥à¤ à¥‡ à¤­à¥‡à¤Ÿà¥‚.', '2021-01-30 11:39:52', '91', 0, 0, 'ffd050121', 1, 0, 0, 0, 0, 0),
(142, 'Nandini Papat ', '7841051967', 'Which cooking oil is good for health ', '2021-01-30 11:40:39', '91', 0, 0, 'ffd050121', 1, 0, 0, 0, 0, 0),
(143, 'Sudhir Bapat', '9405544566', 'You told to add 2 spoons of oil , Which oil can be used in smoothie ?', '2021-01-30 11:41:02', '91', 0, 0, 'ffd050121', 1, 0, 0, 0, 0, 0),
(144, 'Girish Soman', '7329102071', 'After I joined the course, if I miss any session will I get recording for that session?', '2021-01-30 11:41:30', '1', 0, 0, 'ffd050121', 1, 0, 0, 0, 0, 0),
(145, 'Nilima  Ingle', '99271095', 'a1c 5.78 diabetic or non diabetic', '2021-01-30 11:44:27', '968', 0, 0, 'ffd050121', 1, 0, 0, 0, 0, 0),
(146, 'Sudhir Bapat', '9405544566', 'My mother and grandmother were diabetic. Can diabetes caused due to hereditary reasons be reversed ? -Sudhir', '2021-01-30 11:45:06', '91', 0, 0, 'ffd050121', 1, 0, 0, 0, 0, 0),
(147, 'SUDHIR KARANDIKAR', '07600051711', 'Frequent loss of connecivity. Most time failure. Unable to understand. Very disappointing. Can you sned recorded video on my contact by mail. Feel wasted time and money as no efforts to improve connectivity. Can expect any help?', '2021-01-30 11:47:09', '91', 0, 0, 'ffd050121', 1, 0, 0, 0, 0, 0),
(148, 'Nilima  Ingle', '99271095', '41 year age woman,a1c5.76 which group join non diabetic or diabetic?', '2021-01-30 11:49:50', '968', 0, 0, 'ffd050121', 1, 0, 0, 0, 0, 0),
(149, 'Prajakta Gurav', '7028837076', 'Ratri insulin n deta sakali  sugar keval 102 hoti', '2021-01-30 11:50:18', '91', 0, 0, 'ffd050121', 1, 0, 0, 0, 0, 0),
(150, 'Vishal Surve', '9320453727', 'join karayla link kuthe yeil?', '2021-01-30 11:50:57', '91', 0, 0, 'ffd050121', 1, 0, 0, 0, 0, 1),
(151, 'Swapnil Ahire', '9850214705', 'Sir, age is 36. Weight 101(obese), fasting blood sugar coming to 108, maybe prediabetic (Insulin production 124%). . Can I stop progression to full scale diabetes and is reversal to being non diabetic permanent?\r\nAlso, which program is suitable for me to join for both weight Loss and reversing prediabetes...\r\nThank you.. your enthusiasm is great..', '2021-01-30 11:52:30', '91', 0, 0, 'ffd050121', 1, 0, 0, 0, 0, 0),
(152, 'Prajakta Gurav', '7028837076', 'Type 1 sathi join karu shakto ', '2021-01-30 11:52:52', '91', 0, 0, 'ffd050121', 1, 0, 0, 0, 0, 0),
(153, 'Ajit Sonawane', '09962416560', 'Really Thank you Sir. The information of root causes was very privileged and helpful ', '2021-01-30 11:54:08', '91', 0, 0, 'ffd050121', 1, 0, 0, 0, 0, 0),
(154, 'TUSHAR KULKARNI', '7060467014', 'Its not MODY, I did GAD and genetic testing at MDRF.', '2021-01-30 11:58:23', '91', 0, 0, 'ffd050121', 1, 0, 0, 0, 0, 0),
(155, 'Vidya gadagkar', '9767897662', 'Left hatala mungya yetat kadhi kadhi,, n hatatun vastu padtat, pakad  kami wattey hatachi , kahi neuro related prob asel ka sir, I m very much worried', '2021-01-30 11:59:04', '91', 0, 0, 'ffd050121', 1, 0, 0, 0, 0, 0),
(156, 'Asha Phalke', '8888871372', 'Breakfast adhi sugar 219 hoti and breakfast nanter 319 hoti. Program cha benefit kiti hoyil. ', '2021-01-30 12:00:55', '91', 0, 0, 'ffd050121', 1, 0, 0, 0, 0, 0),
(157, 'Ajit Sonawane', '09962416560', 'Sir, I am non-diabetic and on dixit diet . Can I start smoothie with two meal plan. ', '2021-01-30 12:01:03', '91', 0, 0, 'ffd050121', 1, 0, 0, 0, 0, 0),
(158, 'Girish Soman', '7329102071', 'It is midnight here in US. I have not received the link yet. I can join tomorrow night. I am going out in the morning.', '2021-01-30 12:03:35', '1', 0, 0, 'ffd050121', 1, 0, 0, 0, 0, 1),
(159, 'JYOTI KAMBLE', '09769061183', 'Payasa vasul session', '2021-01-30 12:10:04', '91', 0, 0, 'ffd050121', 1, 0, 0, 0, 0, 0),
(160, 'Prajakta Gurav', '7028837076', 'Type 1 sathi chalu kru ka', '2021-01-30 12:10:49', '91', 0, 0, 'ffd050121', 1, 0, 0, 0, 0, 0),
(161, 'Vishal Surve', '9320453727', 'Thanks you. Will join for sure,', '2021-01-30 12:10:54', '91', 0, 0, 'ffd050121', 1, 0, 0, 0, 0, 1),
(162, 'Surekha', '9320756092', 'I missed the session, can you please send me the recording if you have, else what option do I have?', '2021-01-30 13:07:07', '91', 0, 0, 'ffd050121', 0, 0, 0, 0, 0, 0),
(163, 'Priyanaka ', '7020375733', 'Regarding diabetes ', '2021-01-30 17:36:16', '91', 0, 0, 'ffd050121', 0, 0, 0, 0, 0, 0),
(164, 'Sourabh appaso atole', '7620432729', 'Type 1 sathi ky diet ahe', '2021-01-30 23:00:29', '91', 0, 0, 'ffd050121', 0, 0, 0, 0, 0, 0);

-- --------------------------------------------------------

--
-- Table structure for table `tbl_users`
--

CREATE TABLE `tbl_users` (
  `id` int(3) NOT NULL,
  `name` varchar(100) NOT NULL,
  `reg_date` datetime NOT NULL,
  `mobile_num` varchar(20) NOT NULL,
  `login_date` datetime DEFAULT NULL,
  `logout_date` datetime DEFAULT NULL,
  `logout_status` int(11) DEFAULT '0',
  `cntry_code` varchar(10) DEFAULT NULL,
  `eventname` varchar(50) NOT NULL
) ENGINE=InnoDB DEFAULT CHARSET=utf8;

--
-- Dumping data for table `tbl_users`
--

INSERT INTO `tbl_users` (`id`, `name`, `reg_date`, `mobile_num`, `login_date`, `logout_date`, `logout_status`, `cntry_code`, `eventname`) VALUES
(1, 'JYOTI KAMBLE', '2021-01-23 09:36:14', '09769061183', '2021-01-31 22:38:42', '2021-02-01 01:20:10', 1, '91', 'ffd050121'),
(2, 'Narendra Manohar Bhagwat', '2021-01-26 13:39:40', '9869729204', '2021-01-30 08:28:06', '2021-01-30 12:11:36', 1, '91', 'ffd050121'),
(3, 'priya', '2021-01-27 11:44:18', '7757045213', '2021-01-27 11:44:18', '2021-01-27 13:17:49', 1, '91', 'ffd050121'),
(4, 'vishal v. kothamkar', '2021-01-27 12:22:58', '09869055051', '2021-01-30 11:54:21', '2021-01-30 12:11:21', 1, '91', 'ffd050121'),
(5, 'Jaya', '2021-01-27 12:58:31', '9890908374', '2021-01-30 20:55:46', '2021-01-30 22:38:55', 1, '91', 'ffd050121'),
(6, 'Nitin  Amrutkar', '2021-01-27 13:02:15', '09860833161', '2021-01-30 08:52:17', '2021-01-30 11:46:28', 1, '91', 'ffd050121'),
(7, 'Viraj', '2021-01-27 15:13:17', '9765875731', '2021-01-30 08:14:10', '2021-01-30 12:42:26', 1, '91', 'ffd050121'),
(8, 'Sandhya Prasad  Chodankar', '2021-01-27 15:32:37', '09967872584', '2021-01-30 12:01:30', '2021-01-30 12:11:12', 0, '91', 'ffd050121'),
(9, 'Madhav Deshpsnde', '2021-01-27 17:08:31', '9822295545', '2021-01-27 17:08:31', '2021-01-27 17:09:01', 1, '91', 'ffd050121'),
(10, 'Sharad Amritkar', '2021-01-27 17:47:42', '09823809777', '2021-01-27 17:47:42', '2021-01-27 17:48:12', 1, '91', 'ffd050121'),
(11, 'Lata chavan', '2021-01-27 19:13:23', '9975814932', '2021-01-31 19:54:36', '2021-01-31 19:58:07', 1, '91', 'ffd050121'),
(12, 'Abhay Garware', '2021-01-27 20:00:45', '9272741684', '2021-01-30 09:20:32', '2021-01-30 11:21:34', 1, '91', 'ffd050121'),
(13, 'Nayna mali', '2021-01-28 11:55:07', '09930755193', '2021-01-30 09:13:45', '2021-01-30 09:14:15', 1, '91', 'ffd050121'),
(14, 'Praveen Gangavane', '2021-01-28 14:25:36', '09860049550', '2021-02-01 23:43:59', '2021-02-01 23:50:30', 1, '91', 'ffd050121'),
(15, 'Nishanth', '2021-01-28 16:52:24', '1', '2021-01-28 16:52:24', '2021-01-28 17:05:54', 1, '91', 'ffd050121'),
(16, 'sanjay warwatkar', '2021-01-28 17:49:14', '9890117251', '2021-01-30 09:04:47', '2021-01-30 11:23:48', 1, '91', 'ffd050121'),
(17, 'Girish Gore', '2021-01-28 23:00:06', '08691875552', '2021-01-31 22:34:40', '2021-01-31 22:35:10', 1, '91', 'ffd050121'),
(18, 'Prajakta Gurav', '2021-01-29 10:36:29', '7028837076', '2021-02-01 18:00:50', '2021-02-01 18:05:20', 1, '91', 'ffd050121'),
(19, 'Jyoti Sardesai', '2021-01-29 13:10:40', '8830864401', '2021-01-30 11:23:14', '2021-01-30 11:33:24', 1, '91', 'ffd050121'),
(20, 'MADHAV N. RAUT', '2021-01-29 15:49:29', '8424031673', '2021-01-29 15:49:29', '2021-01-29 15:49:59', 1, '91', 'ffd050121'),
(21, 'Sharda Vijay Yadav', '2021-01-29 15:53:02', '7758806431', '2021-01-30 10:16:12', '2021-01-30 12:11:13', 1, '91', 'ffd050121'),
(22, 'Haresh ', '2021-01-29 16:05:52', '9820132466', '2021-01-30 08:47:47', '2021-01-30 12:11:02', 0, '91', 'ffd050121'),
(23, 'Dilip Rambhau Jagtap', '2021-01-29 16:19:39', '9823692360', '2021-01-29 16:19:39', '2021-01-29 16:21:12', 1, '91', 'ffd050121'),
(24, 'Ajay Tilewale', '2021-01-29 16:32:01', '07757033556', '2021-01-29 16:32:01', '2021-01-29 16:32:31', 1, '91', 'ffd050121'),
(25, 'Nandini Papat ', '2021-01-29 16:49:37', '7841051967', '2021-01-29 16:49:37', '2021-01-29 16:54:08', 1, '229', 'ffd050121'),
(26, 'à¤ªà¥à¤·à¥à¤ªà¤¾ à¤®à¤§à¥à¤•à¤° à¤•à¥à¤²à¤•à¤°à¥à¤£à¥€', '2021-01-29 17:00:54', '9372403389', '2021-01-30 08:53:02', '2021-01-30 13:37:47', 1, '91', 'ffd050121'),
(27, 'Bhagyesh Kulkarni', '2021-01-29 17:01:16', '08308845570', '2021-01-29 17:01:16', '2021-01-29 17:10:27', 0, '91', 'ffd050121'),
(28, 'Sujata Patil', '2021-01-29 17:33:11', '9820088148', '2021-01-29 17:33:11', '2021-01-29 17:37:11', 1, '91', 'ffd050121'),
(29, 'Janardan Yadav', '2021-01-29 18:15:22', '9766277893', '2021-02-06 15:48:54', '2021-02-06 15:52:24', 1, '91', 'ffd050121'),
(30, 'AMRAPALI Vinay Keer', '2021-01-29 18:43:20', '09770891350', '2021-01-30 10:41:18', '2021-01-30 11:28:36', 0, '91', 'ffd050121'),
(31, 'Vishwas Sakunde', '2021-01-29 18:52:50', '08779149377', '2021-01-30 08:41:26', '2021-01-30 12:35:26', 1, '91', 'ffd050121'),
(32, 'Ajit sonawane', '2021-01-29 19:45:16', '9962416560', '2021-01-29 19:45:16', '2021-01-29 19:51:17', 1, '91', 'ffd050121'),
(33, 'Namdev Mane', '2021-01-29 20:00:25', '9821623186', '2021-01-29 20:00:25', '2021-01-29 20:00:40', 0, '91', 'ffd050121'),
(34, 'Sagar Dharankar', '2021-01-29 21:28:05', '8898035959', '2021-01-31 18:38:47', '2021-01-31 20:55:34', 1, '91', 'ffd050121'),
(35, 'S. P. Khare.', '2021-01-29 21:57:53', '9819195705', '2021-01-29 21:57:53', '2021-01-29 21:58:23', 1, '91', 'ffd050121'),
(36, 'Ashok K Vaidya', '2021-01-30 07:17:01', '9765981575', '2021-01-30 08:38:30', '2021-01-30 11:30:00', 1, '91', 'ffd050121'),
(37, 'deshpande', '2021-01-30 07:55:10', '9968872283', '2021-01-30 21:31:26', '2021-01-30 22:14:27', 1, '91', 'ffd050121'),
(38, 'Rajendra', '2021-01-30 07:58:49', '6136190696', '2021-01-30 08:48:20', '2021-01-30 11:18:02', 0, '1', 'ffd050121'),
(39, 'Mangal thombare', '2021-01-30 07:59:53', '961107644', '2021-01-30 07:59:53', '2021-01-30 08:27:47', 1, '91', 'ffd050121'),
(40, 'Vinita', '2021-01-30 08:03:32', '9822236963', '2021-01-30 11:30:49', '2021-01-30 12:11:04', 0, '91', 'ffd050121'),
(41, 'Snehal Pujari', '2021-01-30 08:14:00', '9890340086', '2021-01-30 08:14:00', '2021-01-30 11:21:56', 1, '91', 'ffd050121'),
(42, 'Vidya gadagkar', '2021-01-30 08:14:26', '9767897662', '2021-02-01 12:22:07', '2021-02-01 12:26:07', 1, '91', 'ffd050121'),
(43, 'Nishanth S', '2021-01-30 08:20:42', '08747973536', '2021-01-31 08:54:13', '2021-01-31 08:59:44', 1, '91', 'ffd050121'),
(44, 'SUDHIR KARANDIKAR', '2021-01-30 08:23:02', '07600051711', '2021-01-31 17:44:23', '2021-01-31 17:49:03', 1, '91', 'ffd050121'),
(45, 'SONALI SAMANT ', '2021-01-30 08:24:39', '7324016488', '2021-01-30 08:31:48', '2021-01-30 11:55:23', 0, '1', 'ffd050121'),
(46, 'Nilima', '2021-01-30 08:25:44', '99271095', '2021-01-30 08:53:43', '2021-01-30 12:23:45', 1, '968', 'ffd050121'),
(47, 'shrividya', '2021-01-30 08:31:23', '9819603833', '2021-02-01 08:13:45', '2021-02-01 08:45:58', 1, '91', 'ffd050121'),
(48, 'Yogesh Ratnaparkhi', '2021-01-30 08:32:02', '9167779495', '2021-01-30 08:32:02', '2021-01-30 12:11:05', 0, '91', 'ffd050121'),
(49, 'Amrut R.Mayekar', '2021-01-30 08:35:34', '9967596549', '2021-01-30 08:45:59', '2021-01-30 11:26:09', 0, '91', 'ffd050121'),
(50, 'Lakshmi Mestri', '2021-01-30 08:38:03', '9833362512', '2021-01-30 08:38:03', '2021-01-30 11:42:24', 0, '91', 'ffd050121'),
(51, 'Shripad Samant', '2021-01-30 08:38:34', '2133213456', '2021-01-30 08:38:34', '2021-01-30 11:46:06', 1, '1', 'ffd050121'),
(52, 'Chandrashekhar Krishnaji Pawar', '2021-01-30 08:38:48', '9922449269', '2021-01-30 08:38:48', '2021-01-30 11:22:49', 1, '91', 'ffd050121'),
(53, 'Amit Ghosalkar', '2021-01-30 08:39:27', '9920949005', '2021-02-01 07:21:10', '2021-02-01 19:01:33', 1, '91', 'ffd050121'),
(54, 'SACHIN MADHUKAR PARAB', '2021-01-30 08:39:54', '9624281517', '2021-01-30 08:39:54', '2021-01-30 11:38:25', 1, '91', 'ffd050121'),
(55, 'Paramanand', '2021-01-30 08:40:18', '9341893078', '2021-01-31 04:32:14', '2021-01-31 04:35:15', 1, '91', 'ffd050121'),
(56, 'Sanjay Kshirsagar ', '2021-01-30 08:41:41', '9769562586', '2021-01-30 08:41:41', '2021-01-30 12:18:44', 1, '91', 'ffd050121'),
(57, 'Saroj Ahire', '2021-01-30 08:41:53', '07588581111', '2021-01-30 08:41:53', '2021-01-30 08:46:24', 1, '91', 'ffd050121'),
(58, 'Sheela', '2021-01-30 08:42:41', '9373753453', '2021-01-30 08:43:27', '2021-01-30 11:00:42', 1, '91', 'ffd050121'),
(59, 'tejal shenoy', '2021-01-30 08:42:50', '8970050377', '2021-01-30 08:42:50', '2021-01-30 11:26:10', 0, '91', 'ffd050121'),
(60, 'Madhav Deshpsnde', '2021-01-30 08:43:09', '09822295545', '2021-01-30 09:52:04', '2021-01-30 12:11:35', 1, '91', 'ffd050121'),
(61, 'Vilas Tarwadi', '2021-01-30 08:43:15', '8408814488', '2021-01-30 08:43:15', '2021-01-30 12:01:21', 1, '91', 'ffd050121'),
(62, 'Shyam Zingade', '2021-01-30 08:43:56', '2083408380', '2021-01-30 08:43:56', '2021-01-30 12:11:27', 1, '1', 'ffd050121'),
(63, 'YASHODHAN WARKE', '2021-01-30 08:44:00', '9820195111', '2021-01-30 08:44:00', '2021-01-30 12:11:09', 0, '91', 'ffd050121'),
(64, 'Madhuri Nikam', '2021-01-30 08:44:02', '08828286172', '2021-01-30 08:44:02', '2021-01-30 12:11:17', 0, '91', 'ffd050121'),
(65, 'Ramchandra M Sapkal', '2021-01-30 08:45:25', '9011016019', '2021-01-30 08:45:25', '2021-01-30 13:59:56', 1, '91', 'ffd050121'),
(66, 'PARAG KANEKAR', '2021-01-30 08:45:29', '8583823735', '2021-01-31 10:37:11', '2021-01-31 11:14:02', 1, '1', 'ffd050121'),
(67, 'Dr. DILIP RAMBHAU JAGTAP', '2021-01-30 08:45:31', '09823692360', '2021-01-30 19:00:25', '2021-01-30 19:01:25', 1, '91', 'ffd050121'),
(68, 'shyam Daptari', '2021-01-30 08:46:07', '968933431', '2021-01-30 08:46:07', '2021-01-30 08:58:40', 1, '91', 'ffd050121'),
(69, 'Santosh Bhise', '2021-01-30 08:47:17', '8554094370', '2021-01-31 18:04:09', '2021-01-31 18:46:12', 1, '91', 'ffd050121'),
(70, 'Nita Wankhede', '2021-01-30 08:48:19', '9970911550', '2021-01-31 13:37:46', '2021-01-31 13:38:47', 1, '91', 'ffd050121'),
(71, 'Girish Soman', '2021-01-30 08:48:24', '7329102071', '2021-01-30 08:48:24', '2021-01-30 12:10:56', 1, '1', 'ffd050121'),
(72, 'shirish gunjal', '2021-01-30 08:48:38', '9755559176', '2021-01-30 08:48:38', '2021-01-30 11:36:39', 1, '91', 'ffd050121'),
(73, 'Saroj ahire', '2021-01-30 08:48:47', '7588581111', '2021-01-30 08:48:47', '2021-01-30 12:25:18', 1, '91', 'ffd050121'),
(74, 'Mangal thombare', '2021-01-30 08:49:04', '9611076644', '2021-01-30 11:33:41', '2021-01-30 12:10:55', 1, '91', 'ffd050121'),
(75, 'Usha pardhi ', '2021-01-30 08:49:17', '7972341853', '2021-01-30 10:56:33', '2021-01-30 10:57:03', 1, '91', 'ffd050121'),
(76, 'Kalpana Tilekar', '2021-01-30 08:49:28', '9422000667', '2021-01-30 08:49:28', '2021-01-30 11:32:22', 0, '91', 'ffd050121'),
(77, 'Nalini Dhote', '2021-01-30 08:49:37', '9834407247', '2021-01-30 10:22:48', '2021-01-30 11:06:49', 1, '91', 'ffd050121'),
(78, 'Avinash Belgamwar', '2021-01-30 08:49:44', '09822017683', '2021-01-30 09:15:43', '2021-01-30 11:09:44', 1, '91', 'ffd050121'),
(79, 'Netaji  Jadhav', '2021-01-30 08:50:00', '09823546375', '2021-01-31 23:04:36', '2021-02-01 00:18:39', 1, '91', 'ffd050121'),
(80, 'Appa kamble', '2021-01-30 08:51:00', '9420021831', '2021-01-31 10:29:10', '2021-01-31 12:45:49', 1, '91', 'ffd050121'),
(81, 'Nandini Papat ', '2021-01-30 08:51:02', '7841051967', '2021-01-30 11:20:39', '2021-01-30 11:49:11', 1, '91', 'ffd050121'),
(82, 'Maroti Kuhikar', '2021-01-30 08:51:06', '9881696924', '2021-01-30 09:10:25', '2021-01-30 12:18:56', 1, '91', 'ffd050121'),
(83, 'Prameela', '2021-01-30 08:51:08', '9560996241', '2021-02-02 13:04:57', '2021-02-02 13:05:59', 1, '91', 'ffd050121'),
(84, 'PRASHANT G KANVINDE', '2021-01-30 08:51:35', '9819712305', '2021-01-30 08:51:35', '2021-01-30 11:24:37', 0, '91', 'ffd050121'),
(85, 'Janhavi Namjoshi', '2021-01-30 08:51:51', '09930975876', '2021-01-30 08:51:51', '2021-01-30 12:11:27', 1, '91', 'ffd050121'),
(86, 'Yogesh Patil', '2021-01-30 08:52:01', '09224638963', '2021-01-30 08:52:01', '2021-01-30 11:24:43', 0, '91', 'ffd050121'),
(87, 'Mandar Joshi', '2021-01-30 08:52:19', '9823410613', '2021-01-31 22:55:12', '2021-01-31 22:57:43', 1, '91', 'ffd050121'),
(88, 'Pratibha', '2021-01-30 08:52:32', '9892655762', '2021-01-30 08:52:32', '2021-01-30 11:29:33', 1, '91', 'ffd050121'),
(89, 'Sudhir Bapat', '2021-01-30 08:53:01', '9405544566', '2021-01-31 23:05:03', '2021-02-01 01:31:03', 1, '91', 'ffd050121'),
(90, 'VINOD R MALI', '2021-01-30 08:53:16', '08600833350', '2021-01-30 08:53:16', '2021-01-30 12:22:47', 1, '91', 'ffd050121'),
(91, 'Asha Phalke', '2021-01-30 08:53:34', '8888871372', '2021-01-30 08:53:34', '2021-01-30 12:13:05', 1, '91', 'ffd050121'),
(92, 'Mansukhlal Munot', '2021-01-30 08:53:38', '9021211110', '2021-01-30 08:53:38', '2021-01-30 11:08:09', 1, '91', 'ffd050121'),
(93, 'VILAS INGLE', '2021-01-30 08:53:39', '9422893128', '2021-01-31 23:17:28', '2021-01-31 23:41:30', 1, '91', 'ffd050121'),
(94, 'Ajit Sonawane', '2021-01-30 08:54:09', '09962416560', '2021-01-30 08:54:09', '2021-01-30 12:11:10', 1, '91', 'ffd050121'),
(95, 'Vinayak Deodhar', '2021-01-30 08:54:22', '9860686866', '2021-01-30 08:54:22', '2021-01-30 11:00:40', 1, '91', 'ffd050121'),
(96, 'Prajakta Gurav', '2021-01-30 08:55:15', '7028831117076', '2021-01-30 08:55:15', '2021-01-30 08:55:45', 1, '91', 'ffd050121'),
(97, 'Deepak Vaidya', '2021-01-30 08:55:53', '7708150707', '2021-01-30 08:55:53', '2021-01-30 10:30:09', 0, '91', 'ffd050121'),
(98, 'rakhi y', '2021-01-30 08:56:11', '9769968850', '2021-01-30 11:19:18', '2021-01-30 11:25:49', 1, '91', 'ffd050121'),
(99, 'S.P.Khare', '2021-01-30 08:56:15', '9930412533', '2021-01-30 17:00:11', '2021-01-30 17:01:12', 1, '91', 'ffd050121'),
(100, 'Bhaskar Buran ', '2021-01-30 08:56:37', '9824831053', '2021-01-30 08:56:37', '2021-01-30 10:27:54', 1, '91', 'ffd050121'),
(101, 'Alka Hase', '2021-01-30 08:56:39', '9822724495', '2021-02-02 19:31:07', '2021-02-02 19:31:37', 1, '91', 'ffd050121'),
(102, ' Tanmay Kolge', '2021-01-30 08:56:41', '9821782002', '2021-01-30 08:56:41', '2021-01-30 12:11:28', 0, '91', 'ffd050121'),
(103, 'RAKESH PANGAT', '2021-01-30 08:56:49', '9822293582', '2021-01-30 08:56:49', '2021-01-30 12:11:13', 0, '91', 'ffd050121'),
(104, 'Prashant Vartak', '2021-01-30 08:57:50', '99354663', '2021-01-30 08:57:50', '2021-01-30 12:09:39', 1, '968', 'ffd050121'),
(105, 'Vinod', '2021-01-30 08:58:48', '9901081452', '2021-01-30 08:58:48', '2021-01-30 12:24:49', 1, '91', 'ffd050121'),
(106, 'priyanka kalokhe ', '2021-01-30 08:58:55', '9067767292', '2021-01-30 22:48:23', '2021-01-30 22:49:24', 1, '91', 'ffd050121'),
(107, 'Nandkishor prabhakar bhagwat', '2021-01-30 08:59:04', '8149300111', '2021-01-31 08:48:43', '2021-01-31 09:53:11', 1, '91', 'ffd050121'),
(108, 'TUSHAR KULKARNI', '2021-01-30 08:59:04', '7060467014', '2021-01-31 20:25:55', '2021-01-31 20:52:56', 1, '91', 'ffd050121'),
(109, 'Sourabh appaso atole', '2021-01-30 09:00:02', '7620432729', '2021-01-30 20:58:01', '2021-01-30 23:09:32', 1, '91', 'ffd050121'),
(110, 'Vijay Chavan ', '2021-01-30 09:00:23', '9594872424', '2021-01-30 09:00:23', '2021-01-30 12:11:32', 1, '91', 'ffd050121'),
(111, 'Chintamani Kulkarni', '2021-01-30 09:01:11', '08624891000', '2021-01-30 09:01:11', '2021-01-30 11:28:16', 0, '91', 'ffd050121'),
(112, 'Ty', '2021-01-30 09:01:19', '56886', '2021-01-30 09:01:19', '2021-01-30 09:01:49', 1, '1-268', 'ffd050121'),
(113, 'Yashwant Korade', '2021-01-30 09:01:43', '7588109519', '2021-01-30 09:01:43', '2021-01-30 11:09:43', 1, '91', 'ffd050121'),
(114, 'Nandkishor prabhakar bhagwat', '2021-01-30 09:01:54', '9422461563', '2021-01-30 10:08:14', '2021-01-30 10:09:05', 0, '91', 'ffd050121'),
(115, 'Manoj Herwadkar', '2021-01-30 09:02:07', '09833137607', '2021-01-31 12:40:25', '2021-01-31 17:05:26', 1, '91', 'ffd050121'),
(116, 'Dushyant Anantrao Patil', '2021-01-30 09:02:10', '9763922009', '2021-01-30 10:48:24', '2021-01-30 11:19:25', 1, '91', 'ffd050121'),
(117, 'Suvarna.aj25@gmail.com ', '2021-01-30 09:02:31', '9623115327', '2021-01-30 09:10:48', '2021-01-30 12:07:49', 1, '91', 'ffd050121'),
(118, 'Asawari Deshpande', '2021-01-30 09:02:32', '09850366348', '2021-01-30 10:00:56', '2021-01-30 11:30:01', 1, '91', 'ffd050121'),
(119, 'jayashree pathak', '2021-01-30 09:02:36', '9820255126', '2021-01-30 09:02:36', '2021-01-30 11:30:25', 0, '91', 'ffd050121'),
(120, 'NaynaMali', '2021-01-30 09:02:39', '9930755193', '2021-01-30 09:02:39', '2021-01-30 09:03:09', 1, '91', 'ffd050121'),
(121, 'Balaji krushnaji Naikwade', '2021-01-30 09:02:58', '9850823333', '2021-01-30 09:02:58', '2021-01-30 11:08:00', 1, '91', 'ffd050121'),
(122, 'Shrikant Pashte', '2021-01-30 09:03:20', '09930455003', '2021-02-01 01:24:36', '2021-02-01 01:59:37', 1, '91', 'ffd050121'),
(123, 'Vinaya', '2021-01-30 09:04:11', '9167319690', '2021-01-30 09:13:25', '2021-01-30 11:59:04', 0, '91', 'ffd050121'),
(124, 'Anand Abhyankar', '2021-01-30 09:04:19', '07798986419', '2021-01-30 09:04:19', '2021-01-30 10:35:23', 1, '91', 'ffd050121'),
(125, 'Kalyani', '2021-01-30 09:04:28', '7276818211', '2021-01-30 16:02:12', '2021-01-30 18:52:51', 1, '91', 'ffd050121'),
(126, 'Amit', '2021-01-30 09:05:10', '9821679146', '2021-01-31 17:35:35', '2021-01-31 18:59:48', 1, '91', 'ffd050121'),
(127, 'Vishal Surve', '2021-01-30 09:05:51', '9320453727', '2021-01-30 09:05:51', '2021-01-30 12:11:11', 0, '91', 'ffd050121'),
(128, 'Harshal Chougule', '2021-01-30 09:05:51', '7899005443', '2021-01-30 09:05:51', '2021-01-30 11:33:08', 1, '91', 'ffd050121'),
(129, 'shyam Daptari', '2021-01-30 09:05:55', '9689233431', '2021-01-30 11:19:16', '2021-01-30 11:33:17', 1, '91', 'ffd050121'),
(130, 'Anusaya', '2021-01-30 09:08:26', '8169778158', '2021-01-30 10:53:32', '2021-01-30 11:00:34', 1, '91', 'ffd050121'),
(131, 'janardhan', '2021-01-30 09:09:55', '7040042500', '2021-02-01 09:28:26', '2021-02-01 09:42:56', 1, '91', 'ffd050121'),
(132, 'Ashpak Shaikh', '2021-01-30 09:10:52', '09370512242', '2021-01-30 21:16:51', '2021-01-30 21:30:22', 1, '91', 'ffd050121'),
(133, 'Rekha patil', '2021-01-30 09:14:40', '8007001023', '2021-01-30 09:31:38', '2021-01-30 11:17:54', 1, '91', 'ffd050121'),
(134, 'Swati', '2021-01-30 09:15:48', '9870231723', '2021-01-30 11:16:08', '2021-01-30 11:34:48', 1, '91', 'ffd050121'),
(135, 'Nayna mali', '2021-01-30 09:15:58', '9960755193', '2021-01-30 09:15:58', '2021-01-30 12:09:58', 1, '91', 'ffd050121'),
(136, 'jyoti kambk', '2021-01-30 09:16:46', '9769061183', '2021-01-30 09:16:46', '2021-01-30 12:12:16', 1, '91', 'ffd050121'),
(137, 'Gangadhar Govind kale', '2021-01-30 09:16:48', '9730852814', '2021-01-30 10:11:42', '2021-01-30 12:05:37', 1, '91', 'ffd050121'),
(138, 'Nandkishor prabhakar bhagwat', '2021-01-30 09:20:26', '08149300111', '2021-01-30 10:00:59', '2021-01-30 10:05:29', 1, '91', 'ffd050121'),
(139, 'Netaji jadhav ', '2021-01-30 09:32:44', '9823546375', '2021-02-01 05:50:48', '2021-02-01 06:39:06', 1, '91', 'ffd050121'),
(140, 'Bharat mandlik', '2021-01-30 09:33:41', '9604120924', '2021-02-01 16:14:43', '2021-02-01 17:18:58', 1, '91', 'ffd050121'),
(141, 'Sunil Shelke', '2021-01-30 09:42:57', '9224341028', '2021-01-30 09:42:57', '2021-01-30 11:39:27', 0, '91', 'ffd050121'),
(142, 'Gaurav korade', '2021-01-30 09:46:15', '9762381234', '2021-01-30 09:46:15', '2021-01-30 09:49:16', 1, '91', 'ffd050121'),
(143, 'Nandkishor prabhakar bhagwat', '2021-01-30 09:47:10', '09422461563', '2021-01-30 09:47:10', '2021-01-30 09:48:10', 1, '91', 'ffd050121'),
(144, 'Yogesh', '2021-01-30 09:49:26', '9901011772', '2021-01-30 09:49:26', '2021-01-30 09:59:44', 0, '91', 'ffd050121'),
(145, 'NAMDEV  MANE', '2021-01-30 09:51:03', '09821623186', '2021-01-30 09:51:03', '2021-01-30 10:58:34', 1, '91', 'ffd050121'),
(146, 'Gangadhar Govind kale', '2021-01-30 09:52:41', '9730852814', '2021-01-30 10:08:40', '2021-01-30 10:09:10', 0, '93', 'ffd050121'),
(147, 'Monka', '2021-01-30 09:56:46', '8879026187', '2021-01-30 09:56:46', '2021-01-30 14:27:00', 1, '91', 'ffd050121'),
(148, 'Sarjerao  Madane', '2021-01-30 10:06:46', '8806362216', '2021-01-30 10:06:46', '2021-01-30 10:59:08', 0, '91', 'ffd050121'),
(149, 'Vaishali Wankhede', '2021-01-30 10:07:20', '7738871395', '2021-01-30 10:07:20', '2021-01-30 10:21:21', 1, '91', 'ffd050121'),
(150, 'Sanjeev S Masal', '2021-01-30 10:07:28', '9819357724', '2021-01-30 10:07:28', '2021-01-30 12:55:32', 1, '91', 'ffd050121'),
(151, 'Nandkishor prabhakar bhagwat', '2021-01-30 10:21:43', '814930011', '2021-01-30 10:21:43', '2021-01-30 11:08:13', 1, '91', 'ffd050121'),
(152, 'Anand undre', '2021-01-30 10:27:38', '9145475827', '2021-01-30 10:27:38', '2021-01-30 11:32:16', 1, '91', 'ffd050121'),
(153, 'janardhan', '2021-01-30 10:33:18', '704004500', '2021-01-30 10:33:18', '2021-01-30 11:14:49', 1, '91', 'ffd050121'),
(154, 'N s bendre', '2021-01-30 10:33:42', '9731966682', '2021-02-01 09:49:50', '2021-02-01 09:49:54', 0, '91', 'ffd050121'),
(155, 'Kaushal mokashi', '2021-01-30 11:00:57', '9561651872', '2021-01-30 11:00:57', '2021-01-30 11:56:09', 1, '91', 'ffd050121'),
(156, 'Rakhi', '2021-01-30 11:12:04', '9145294335', '2021-01-30 11:12:04', '2021-01-30 13:48:46', 1, '91', 'ffd050121'),
(157, 'Swapnil Ahire', '2021-01-30 11:21:15', '9850214705', '2021-01-30 11:21:15', '2021-01-30 11:52:45', 1, '91', 'ffd050121'),
(158, 'Sanjay Suryakantrao Warwatkar', '2021-01-30 11:24:01', '09890117251', '2021-01-31 23:26:49', '2021-01-31 23:28:50', 1, '91', 'ffd050121'),
(159, 'Zumbar Mane', '2021-01-30 12:32:50', '901171486', '2021-01-30 12:32:50', '2021-01-30 12:34:21', 1, '91', 'ffd050121'),
(160, 'Surekha', '2021-01-30 13:06:18', '9320756092', '2021-01-31 17:15:08', '2021-01-31 18:19:23', 1, '91', 'ffd050121'),
(161, 'Zumbar Mane', '2021-01-30 14:24:28', '9011714869', '2021-01-31 11:26:59', '2021-01-31 11:37:05', 1, '91', 'ffd050121'),
(162, 'Anushka Lakhpati ', '2021-01-30 15:48:34', '9890192983', '2021-01-30 15:48:34', '2021-01-30 15:49:04', 1, '91', 'ffd050121'),
(163, 'Janardhan', '2021-01-30 17:07:46', '07040042500', '2021-01-30 17:08:28', '2021-01-30 17:08:58', 1, '91', 'ffd050121'),
(164, 'Priyanaka ', '2021-01-30 17:35:38', '7020375733', '2021-01-30 17:35:38', '2021-01-30 17:36:39', 1, '91', 'ffd050121'),
(165, 'viraj', '2021-01-30 18:14:27', '9762', '2021-01-30 18:14:27', '2021-01-30 18:21:47', 1, '91', 'ffd050121'),
(166, 'Amit Ghosalkar', '2021-01-30 19:06:21', '9920949008', '2021-01-30 19:06:21', '2021-01-30 19:06:24', 0, '91', 'ffd050121'),
(167, 'Nita Wankhede', '2021-01-30 19:16:26', '09970911550', '2021-01-30 19:16:26', '2021-01-30 19:18:57', 1, '91', 'ffd050121'),
(168, 'Vinod R Mali', '2021-01-30 19:35:31', '8600833350', '2021-01-30 19:35:31', '2021-01-30 19:37:02', 1, '91', 'ffd050121'),
(169, 'Ramesh', '2021-01-30 19:49:59', '9028041419', '2021-01-30 19:49:59', '2021-01-30 19:53:30', 1, '91', 'ffd050121'),
(170, 'Janardan Yadav', '2021-01-30 21:16:35', '9766277839', '2021-02-03 11:03:10', '2021-02-03 11:03:41', 0, '91', 'ffd050121'),
(171, 'Nitin Amrutkar', '2021-01-30 21:32:41', '9860833161', '2021-01-30 21:32:41', '2021-01-30 21:33:42', 1, '91', 'ffd050121'),
(172, 'Sandhya', '2021-01-31 08:05:14', '9967872584', '2021-01-31 08:05:14', '2021-01-31 09:39:18', 1, '91', 'ffd050121'),
(173, 'Janhavi Namjoshi', '2021-01-31 09:15:44', '9930975876', '2021-01-31 09:15:44', '2021-01-31 09:17:14', 1, '91', 'ffd050121'),
(174, 'Chaitali', '2021-01-31 09:43:43', '9423427818', '2021-01-31 09:43:43', '2021-01-31 10:42:55', 0, '91', 'ffd050121'),
(175, 'Madhuri nikam', '2021-01-31 12:55:35', '918828286172', '2021-01-31 13:24:22', '2021-01-31 13:32:22', 1, '91', 'ffd050121'),
(176, 'Aditi Wagh', '2021-01-31 14:21:25', '9822751588', '2021-01-31 15:47:33', '2021-02-02 21:54:30', 1, '91', 'ffd050121'),
(177, 'Madhuri nikam', '2021-01-31 14:24:36', '8828286172', '2021-02-01 18:34:50', '2021-02-01 19:34:19', 1, '91', 'ffd050121'),
(178, 'Prasad', '2021-01-31 15:33:13', '8149950495', '2021-01-31 15:33:13', '2021-01-31 15:33:43', 1, '91', 'ffd050121'),
(179, 'Amit kande', '2021-01-31 16:16:25', '09167246052', '2021-01-31 16:16:25', '2021-01-31 16:18:56', 1, '91', 'ffd050121'),
(180, 'Sudhir Karandikar', '2021-01-31 17:52:12', '7600051711', '2021-01-31 17:52:12', '2021-01-31 21:14:44', 1, '91', 'ffd050121'),
(181, 'Anand undre', '2021-01-31 18:41:40', '9145775827', '2021-01-31 18:41:40', '2021-01-31 20:10:54', 1, '91', 'ffd050121'),
(182, 'Sunil Khochare', '2021-01-31 20:10:07', '9320190470', '2021-01-31 20:10:07', '2021-01-31 20:11:37', 1, '91', 'ffd050121'),
(183, 'Prameela Navalkar', '2021-02-01 12:21:40', '09560996241', '2021-02-01 12:21:40', '2021-02-01 21:05:12', 1, '91', 'ffd050121'),
(184, 'Radhika kulkarni', '2021-02-01 20:33:59', '8411874357', '2021-02-01 20:33:59', '2021-02-01 21:17:34', 1, '91', 'ffd050121'),
(185, 'akshat', '2021-02-04 16:05:35', '9700467764', '2021-02-04 16:05:35', '2021-02-04 16:07:35', 1, '994', 'ffd050121');

--
-- Indexes for dumped tables
--

--
-- Indexes for table `tbl_questions`
--
ALTER TABLE `tbl_questions`
  ADD PRIMARY KEY (`id`);

--
-- Indexes for table `tbl_users`
--
ALTER TABLE `tbl_users`
  ADD PRIMARY KEY (`id`);

--
-- AUTO_INCREMENT for dumped tables
--

--
-- AUTO_INCREMENT for table `tbl_questions`
--
ALTER TABLE `tbl_questions`
  MODIFY `id` int(11) NOT NULL AUTO_INCREMENT, AUTO_INCREMENT=165;
--
-- AUTO_INCREMENT for table `tbl_users`
--
ALTER TABLE `tbl_users`
  MODIFY `id` int(3) NOT NULL AUTO_INCREMENT, AUTO_INCREMENT=186;
/*!40101 SET CHARACTER_SET_CLIENT=@OLD_CHARACTER_SET_CLIENT */;
/*!40101 SET CHARACTER_SET_RESULTS=@OLD_CHARACTER_SET_RESULTS */;
/*!40101 SET COLLATION_CONNECTION=@OLD_COLLATION_CONNECTION */;
