-- phpMyAdmin SQL Dump
-- version 4.6.6deb5ubuntu0.5
-- https://www.phpmyadmin.net/
--
-- Host: localhost:3306
-- Generation Time: Jan 07, 2022 at 08:26 AM
-- Server version: 5.7.36-0ubuntu0.18.04.1
-- PHP Version: 7.2.24-0ubuntu0.18.04.10

SET SQL_MODE = "NO_AUTO_VALUE_ON_ZERO";
SET time_zone = "+00:00";


/*!40101 SET @OLD_CHARACTER_SET_CLIENT=@@CHARACTER_SET_CLIENT */;
/*!40101 SET @OLD_CHARACTER_SET_RESULTS=@@CHARACTER_SET_RESULTS */;
/*!40101 SET @OLD_COLLATION_CONNECTION=@@COLLATION_CONNECTION */;
/*!40101 SET NAMES utf8mb4 */;

--
-- Database: `ffd_070921`
--

-- --------------------------------------------------------

--
-- Table structure for table `tbl_countries`
--

CREATE TABLE `tbl_countries` (
  `country` varchar(43) DEFAULT NULL,
  `cntry_code` varchar(5) DEFAULT NULL
) ENGINE=MyISAM DEFAULT CHARSET=utf8;

--
-- Dumping data for table `tbl_countries`
--

INSERT INTO `tbl_countries` (`country`, `cntry_code`) VALUES
('Afghanistan', '93'),
('Albania', '355'),
('Algeria', '213'),
('American Samoa', '1-684'),
('Andorra', '376'),
('Angola', '244'),
('Anguilla', '1-264'),
('Antarctica', '672'),
('Antigua', '1-268'),
('Argentina', '54'),
('Armenia', '374'),
('Aruba', '297'),
('Ascension', '247'),
('Australia', '61'),
('Australian External Territories', '672'),
('Austria', '43'),
('Azerbaijan', '994'),
('Bahamas', '1-242'),
('Bahrain', '973'),
('Bangladesh', '880'),
('Barbados', '1-246'),
('Barbuda', '1-268'),
('Belarus', '375'),
('Belgium', '32'),
('Belize', '501'),
('Benin', '229'),
('Bermuda', '1-441'),
('Bhutan', '975'),
('Bolivia', '591'),
('Bosnia & Herzegovina', '387'),
('Botswana', '267'),
('Brazil', '55'),
('British Virgin Islands', '1-284'),
('Brunei Darussalam', '673'),
('Bulgaria', '359'),
('Burkina Faso', '226'),
('Burundi', '257'),
('Cambodia', '855'),
('Cameroon', '237'),
('Canada', '1'),
('Cape Verde Islands', '238'),
('Cayman Islands', '1-345'),
('Central African Republic', '236'),
('Chad', '235'),
('Chatham Island (New Zealand)', '64'),
('Chile', '56'),
('China (PRC)', '86'),
('Christmas Island', '61-8'),
('', ''),
('Cocos-Keeling Islands', '61'),
('Colombia', '57'),
('Comoros', '269'),
('Congo', '242'),
('Congo, Dem. Rep. of?', '243'),
('Cook Islands', '682'),
('Costa Rica', '506'),
('C?te d\'Ivoire', '225'),
('Croatia', '385'),
('Cuba', '53'),
('Cuba', '5399'),
('Cura?ao', '599'),
('Cyprus', '357'),
('Czech Republic', '420'),
('Denmark', '45'),
('Diego Garcia', '246'),
('Djibouti', '253'),
('Dominica', '1-767'),
('Dominican Republic', '1-809'),
('East Timor', '670'),
('Easter Island', '56'),
('Ecuador', '593'),
('Egypt', '20'),
('El Salvador', '503'),
('Equatorial Guinea', '240'),
('Eritrea', '291'),
('Estonia', '372'),
('Ethiopia', '251'),
('Falkland Islands', '500'),
('Faroe Islands', '298'),
('Fiji Islands', '679'),
('Finland', '358'),
('France', '33'),
('French Antilles', '596'),
('French Guiana', '594'),
('French Polynesia', '689'),
('Gabonese Republic', '241'),
('Gambia', '220'),
('Georgia', '995'),
('Germany', '49'),
('Ghana', '233'),
('Gibraltar', '350'),
('Greece', '30'),
('Greenland', '299'),
('Grenada', '1-473'),
('Guadeloupe', '590'),
('Guam', '1-671'),
('Guantanamo Bay', '5399'),
('Guatemala', '502'),
('Guinea-Bissau', '245'),
('Guinea', '224'),
('Guyana', '592'),
('Haiti', '509'),
('Honduras', '504'),
('Hong Kong', '852'),
('Hungary', '36'),
('Iceland', '354'),
('India', '91'),
('Indonesia', '62'),
('Inmarsat (Atlantic Ocean - East)', '871'),
('Inmarsat (Atlantic Ocean - West)', '874'),
('Inmarsat (Indian Ocean)', '873'),
('Inmarsat (Pacific Ocean)', '872'),
('International Freephone Service', '800'),
('International Shared Cost Service (ISCS)', '808'),
('Iran', '98'),
('Iraq', '964'),
('Ireland', '353'),
('Iridium', '8816'),
('Israel', '972'),
('Italy', '39'),
('Jamaica', '1-876'),
('Japan', '81'),
('Jordan', '962'),
('Kazakhstan', '7'),
('Kenya', '254'),
('Kiribati', '686'),
('Korea (North)', '850'),
('Korea (South)', '82'),
('Kuwait', '965'),
('Kyrgyz Republic', '996'),
('Laos', '856'),
('Latvia', '371'),
('Lebanon', '961'),
('Lesotho', '266'),
('Liberia', '231'),
('Libya', '218'),
('Liechtenstein', '423'),
('Lithuania', '370'),
('Luxembourg', '352'),
('Macao', '853'),
('Macedonia', '389'),
('Madagascar', '261'),
('Malawi', '265'),
('Malaysia', '60'),
('Maldives', '960'),
('Mali Republic', '223'),
('Malta', '356'),
('Marshall Islands', '692'),
('Martinique', '596'),
('Mauritania', '222'),
('Mauritius', '230'),
('Mayotte Island', '269'),
('Mexico', '52'),
('Micronesia, (Federal States of)', '691'),
('Midway Island', '1-808'),
('Moldova', '373'),
('Monaco', '377'),
('Mongolia', '976'),
('Montenegro', '382'),
('Montserrat', '1-664'),
('Morocco', '212'),
('Mozambique', '258'),
('Myanmar', '95'),
('Namibia', '264'),
('Nauru', '674'),
('Nepal', '977'),
('Netherlands', '31'),
('Netherlands Antilles', '599'),
('Nevis', '1-869'),
('New Caledonia', '687'),
('New Zealand', '64'),
('Nicaragua', '505'),
('Niger', '227'),
('Nigeria', '234'),
('Niue', '683'),
('Norfolk Island', '672'),
('Northern Marianas Islands', '1-670'),
('', ''),
('Norway', '47'),
('Oman', '968'),
('Pakistan', '92'),
('Palau', '680'),
('Palestinian Settlements', '970'),
('Panama', '507'),
('Papua New Guinea', '675'),
('Paraguay', '595'),
('Peru', '51'),
('Philippines', '63'),
('Poland', '48'),
('Portugal', '351'),
('Puerto Rico', '1-787'),
('Qatar', '974'),
('R?union Island', '262'),
('Romania', '40'),
('Russia', '7'),
('Rwandese Republic', '250'),
('St. Helena', '290'),
('St. Kitts/Nevis', '1-869'),
('St. Lucia', '-757'),
('St. Pierre & Miquelon', '508'),
('St. Vincent & Grenadines', '1-784'),
('Samoa', '685'),
('San Marino', '378'),
('S?o Tom? and Principe', '239'),
('Saudi Arabia', '966'),
('Senegal', '221'),
('Serbia', '381'),
('Seychelles Republic', '248'),
('Sierra Leone', '232'),
('Singapore', '65'),
('Slovak Republic', '421'),
('Slovenia', '386'),
('Solomon Islands', '677'),
('Somali Democratic Republic', '252'),
('South Africa', '27'),
('Spain', '34'),
('Sri Lanka', '94'),
('Sudan', '249'),
('Suriname', '597'),
('Swaziland', '268'),
('Sweden', '46'),
('Switzerland', '41'),
('Syria', '963'),
('Taiwan', '886'),
('Tajikistan', '992'),
('Tanzania', '255'),
('Thailand', '66'),
('Thuraya (Mobile Satellite service)', '88216'),
('Timor Leste', '670'),
('Togolese Republic', '228'),
('Tokelau', '690'),
('Tonga Islands', '676'),
('Trinidad & Tobago', '1-868'),
('Tunisia', '216'),
('Turkey', '90'),
('Turkmenistan', '993'),
('Turks and Caicos Islands', '1-649'),
('Tuvalu', '688'),
('Uganda', '256'),
('Ukraine', '380'),
('United Arab Emirates', '971'),
('United Kingdom', '44'),
('United States of America', '1'),
('US Virgin Islands', '1-340'),
('Universal Personal Telecommunications (UPT)', '878'),
('Uruguay', '598'),
('Uzbekistan', '998'),
('Vanuatu', '678'),
('Vatican City', '39'),
('Venezuela', '58'),
('Vietnam', '84'),
('Wake Island', '808');

-- --------------------------------------------------------

--
-- Table structure for table `tbl_questions`
--

CREATE TABLE `tbl_questions` (
  `id` int(11) NOT NULL,
  `user_name` varchar(255) NOT NULL,
  `user_phone` varchar(15) NOT NULL,
  `user_question` varchar(500) NOT NULL,
  `asked_at` datetime NOT NULL,
  `user_code` varchar(10) NOT NULL,
  `speaker` int(11) NOT NULL DEFAULT '0',
  `answered` int(11) NOT NULL DEFAULT '0',
  `eventname` varchar(50) NOT NULL,
  `responded` int(11) DEFAULT '0',
  `doctor` int(11) DEFAULT '0',
  `diet` int(11) DEFAULT '0',
  `exercise` int(11) DEFAULT '0',
  `mentor` int(11) DEFAULT '0',
  `operations` int(11) DEFAULT '0',
  `remark` varchar(200) DEFAULT NULL
) ENGINE=InnoDB DEFAULT CHARSET=latin1;

--
-- Dumping data for table `tbl_questions`
--

INSERT INTO `tbl_questions` (`id`, `user_name`, `user_phone`, `user_question`, `asked_at`, `user_code`, `speaker`, `answered`, `eventname`, `responded`, `doctor`, `diet`, `exercise`, `mentor`, `operations`, `remark`) VALUES
(1, 'vibhav', '7057548898', 'Hii', '2021-09-01 15:50:47', '', 0, 0, 'ffd050121', 0, 0, 0, 0, 0, 0, NULL),
(2, 'Anjalee Shaandilya', '9910183888', 'Do u have a WhatsApp group for this event', '2021-09-06 09:52:51', '', 0, 0, 'ffd050121', 0, 0, 0, 0, 0, 0, NULL),
(3, 'Neelmani', '9624029977', 'still not started \r\n', '2021-09-06 18:09:13', '', 0, 0, 'ffd050121', 0, 0, 0, 0, 0, 0, NULL),
(4, 'Pooja sajnani', '6376160816', 'Sir my daughter has type 1 diabetes and gad bhi positive aa rha hai peptide 0.617 hai Kya kare meri daughter ki age 8 yrs hai', '2021-09-07 14:39:34', '', 0, 0, 'ffd050121', 0, 0, 0, 0, 0, 0, NULL),
(5, 'Vikas jaiswal', '9889942534', 'à¤®à¥ˆà¤‚ à¤ªà¤¿à¤›à¤²à¥‡ 4 à¤¸à¤¾à¤² à¤¸à¥‡ à¤¡à¤¾à¤¯à¤¬à¤¿à¤Ÿà¥€à¤œ à¤ªà¥‡à¤¶à¥‡à¤‚à¤Ÿ à¤¹à¥‚à¤‚ à¤”à¤° à¤®à¥‡à¤¡à¤¿à¤¸à¤¿à¤¨ à¤²à¥‡ à¤°à¤¹à¤¾ à¤¹à¥‚à¤‚ à¤®à¥‡à¤°à¤¾ à¤µà¤œà¤¨ 105 à¤•à¤¿à¤²à¥‹ à¤¹à¥ˆ à¤®à¥à¤à¥‡ à¤•à¥à¤¯à¤¾ à¤¡à¤¾à¤‡à¤Ÿ à¤²à¥‡à¤¨à¥€ à¤šà¤¾à¤¹à¤¿à¤ à¤”à¤° à¤•à¥à¤¯à¤¾ à¤•à¤°à¤¨à¤¾ à¤šà¤¾à¤¹à¤¿à¤ à¤•à¥ƒà¤ªà¤¯à¤¾ à¤¸à¥à¤à¤¾à¤µ à¤¦à¥€à¤œà¤¿à¤', '2021-09-07 17:16:45', '91', 0, 0, 'ffd050121', 0, 0, 0, 0, 0, 0, NULL),
(6, 'K V Sarath Chandra Mouli', '9886452525', '1. What are the causes for Type 1 Diabetes?\r\n2. what Food to take to reduce the Sugar levels.\r\n3. How long should i take the Insulin?', '2021-09-07 17:44:52', '', 0, 0, 'ffd050121', 0, 0, 0, 0, 0, 0, NULL),
(7, 'Priyanka meena ', '9821877582', 'Sir mri debetic baby ke.baad hui h kya m 2nd pragnancy kr skti hu kya n Kab or mri reverse hone ke baad m phir se khana shi se kha paungi kya', '2021-09-07 17:45:26', '', 0, 0, 'ffd050121', 0, 0, 0, 0, 0, 0, NULL),
(8, 'Priyanka meena ', '9821877582', 'Sir mre baad bhut tute hai ', '2021-09-07 17:46:15', '', 0, 0, 'ffd050121', 0, 0, 0, 0, 0, 0, NULL),
(9, 'Arun Manik Shetty', '9008398877', 'I am diabetic and also having high BP,my foot is numb and burning always,feel weekness,cannot go for long walks.I can walk for 20 minutes at a time then I cannot.I am on insulin 32 units in the morning and 8 units in the evening and usual tablets for diabetes and BP.My age is 62 and weight is 86 KG constant.', '2021-09-07 17:47:15', '91', 0, 0, 'ffd050121', 0, 0, 0, 0, 0, 0, NULL),
(10, 'KUMARAN', '9400701334', 'Frequent urination during day and night. I am taking Metformin 500 mg in the morning and night but urination frequency every half an hour. When I checked my fasting sugar it was 111 mg.  Iam waking up during night for urination more than 5 times', '2021-09-07 17:47:42', '', 0, 0, 'ffd050121', 0, 0, 0, 0, 0, 0, NULL),
(11, 'Priyanka meena ', '9821877582', 'Sir mre husband ko koi problem nahi h but unhe corona huaa tha tb D dimmer bada huaa tha or healthy bhi h  weight kaise kam kre n healthy rhne ke liye kya kre', '2021-09-07 17:47:55', '', 0, 0, 'ffd050121', 0, 0, 0, 0, 0, 0, NULL),
(12, 'Kalpana dharmadhikari', '9881023760', 'à¤…à¤à¤ªà¤² à¤¸à¤¾à¤¯à¤¡à¤° à¤µà¥à¤¹à¤¿à¤¨à¥‡à¤—à¤° à¤¶à¥à¤—à¤° à¤•à¤‚à¤Ÿà¥à¤°à¥‹à¤² à¤•à¥‡ à¤²à¤¿à¤ à¤•à¤¿à¤¤à¤¨à¤¾ à¤«à¤¾à¤¯à¤¦à¥‡à¤®à¤‚à¤¦ à¤¹à¥ˆ.. à¤…à¤—à¤° à¤¹à¥ˆ à¤¤à¥‹ à¤•à¥ˆà¤¸à¥‡ à¤†à¤”à¤° à¤•à¤¿à¤¤à¤¨à¥€ à¤¬à¤¾à¤° à¤²à¥‡?\r\nKalpana dharmadhikari, pune, india', '2021-09-07 17:52:00', '', 0, 0, 'ffd050121', 0, 0, 0, 0, 0, 0, NULL),
(13, 'Iram Mokashi', '8275457474', 'My daughter is just 5 years old and just last week detected sugar, can you please help to reverse her sugar\r\n', '2021-09-07 17:52:49', '', 0, 0, 'ffd050121', 0, 0, 0, 0, 0, 0, NULL),
(14, 'Shirish Baburao Inamdar', '9423588800', 'I am taking tablet since  last 15 years.  How it is possible to get rid of from the Diabetes tablets ?  I can\'t believe it.  ', '2021-09-07 17:55:25', '', 0, 0, 'ffd050121', 0, 0, 0, 0, 0, 0, NULL),
(15, 'Rajendra Bhandari', '9423191401', 'No sound', '2021-09-07 17:58:50', '', 0, 0, 'ffd050121', 0, 0, 0, 0, 0, 0, NULL),
(16, 'Rajesh lal', '9918701944', 'Sir,I have started taking diabexy atta before 2 month\r\nAt that time my fasting was 240\r\nAfter 20 days it reduces to 90\r\nWhen I have to reduce my medicine', '2021-09-07 17:59:31', '', 0, 0, 'ffd050121', 0, 0, 0, 0, 0, 0, NULL),
(17, 'Anil Thombre', '9527555599', 'Last 7 years only diabetes and tummy ', '2021-09-07 18:01:08', '', 0, 0, 'ffd050121', 0, 0, 0, 0, 0, 0, NULL),
(18, 'Geetha Sreenivas Reddy', '9880083660', 'My HBA 1c is 9.5 I have lot of stress ', '2021-09-07 18:04:13', '', 0, 0, 'ffd050121', 0, 0, 0, 0, 0, 0, NULL),
(19, 'Anil Thombre', '9527555599', 'Only tablets ', '2021-09-07 18:04:44', '', 0, 0, 'ffd050121', 0, 0, 0, 0, 0, 0, NULL),
(20, 'K V Sarath Chandra Mouli', '9886452525', '1. What are the causes for Type 1 Diabetes?\r\n2. what Food to take to reduce the Sugar levels.\r\n3. How long should i take the Insulin?', '2021-09-07 18:05:51', '', 0, 0, 'ffd050121', 0, 0, 0, 0, 0, 0, NULL),
(21, 'Mohd Aamir', '9811917949', 'Please guide me how I can live diabetes free life?', '2021-09-07 18:06:01', '', 0, 0, 'ffd050121', 0, 0, 0, 0, 0, 0, NULL),
(22, 'Indu Goel', '09464837476', 'Yes', '2021-09-07 18:07:40', '', 0, 0, 'ffd050121', 0, 0, 0, 0, 0, 0, NULL),
(23, 'Shital Jathar', '9422350075', 'Yes', '2021-09-07 18:07:47', '91', 0, 0, 'ffd050121', 0, 0, 0, 0, 0, 0, NULL),
(24, 'K V Shaila', '9632684845', 'Yes will be reversed', '2021-09-07 18:07:52', '', 0, 0, 'ffd050121', 0, 0, 0, 0, 0, 0, NULL),
(25, 'Vinod arora', '9229980048', 'Not sure', '2021-09-07 18:08:02', '', 0, 0, 'ffd050121', 0, 0, 0, 0, 0, 0, NULL),
(26, 'Shashibhal Singh', '9161931058', 'yes\r\n', '2021-09-07 18:08:02', '', 0, 0, 'ffd050121', 0, 0, 0, 0, 0, 0, NULL),
(27, 'Ranga Vittal Rao', '09740605902', 'Not sure is it possible?', '2021-09-07 18:08:07', '', 0, 0, 'ffd050121', 0, 0, 0, 0, 0, 0, NULL),
(28, 'Sumanta Chatterjee', '8336085733', 'I am always positive ', '2021-09-07 18:08:15', '', 0, 0, 'ffd050121', 0, 0, 0, 0, 0, 0, NULL),
(29, 'Priyanka', '9140094441', 'Type 1 dont know', '2021-09-07 18:08:38', '', 0, 0, 'ffd050121', 0, 0, 0, 0, 0, 0, NULL),
(30, 'Ranga Vittal Rao', '09740605902', 'Attending only cas of Dr.BM Hegde sir told it is true', '2021-09-07 18:08:49', '', 0, 0, 'ffd050121', 0, 0, 0, 0, 0, 0, NULL),
(31, 'Ratnesh kumar', '7389372069', 'Yes', '2021-09-07 18:08:51', '', 0, 0, 'ffd050121', 0, 0, 0, 0, 0, 0, NULL),
(32, 'guru prasad', '9663556556', 'yes', '2021-09-07 18:08:56', '91', 0, 0, 'ffd050121', 0, 0, 0, 0, 0, 0, NULL),
(33, 'ONKAR SANJIV CHIVATE', '9822282554', 'NOT SURE', '2021-09-07 18:08:57', '', 0, 0, 'ffd050121', 0, 0, 0, 0, 0, 0, NULL),
(34, 'Rajesh lal', '9918701944', 'Yes', '2021-09-07 18:08:59', '', 0, 0, 'ffd050121', 0, 0, 0, 0, 0, 0, NULL),
(35, '9806654423', '9806654423', 'YES', '2021-09-07 18:08:59', '', 0, 0, 'ffd050121', 0, 0, 0, 0, 0, 0, NULL),
(36, 'rubi kumari', '9971889022', 'after 1yr kya hoga\r\n', '2021-09-07 18:09:00', '91', 0, 0, 'ffd050121', 0, 0, 0, 0, 0, 0, NULL),
(37, 'Shweta Caroli', '9212013696', 'Yes', '2021-09-07 18:09:02', '', 0, 0, 'ffd050121', 0, 0, 0, 0, 0, 0, NULL),
(38, 'Hemy K.N', '8861156582', 'Positive', '2021-09-07 18:09:03', '', 0, 0, 'ffd050121', 0, 0, 0, 0, 0, 0, NULL),
(39, 'Kalpana dharmadhikari', '9881023760', 'Yes', '2021-09-07 18:09:04', '', 0, 0, 'ffd050121', 0, 0, 0, 0, 0, 0, NULL),
(40, 'Nagesh acharya', '9845538986', 'Yes..Possible', '2021-09-07 18:09:04', '', 0, 0, 'ffd050121', 0, 0, 0, 0, 0, 0, NULL),
(41, 'Puran dev', '09818379359', 'yes. absolutly ', '2021-09-07 18:09:04', '', 0, 0, 'ffd050121', 0, 0, 0, 0, 0, 0, NULL),
(42, 'Amandeep', '9871938531', 'Yes', '2021-09-07 18:09:04', '', 0, 0, 'ffd050121', 0, 0, 0, 0, 0, 0, NULL),
(43, 'srinivasa rao chedella', '9586559998', 'yes\r\n', '2021-09-07 18:09:05', '', 0, 0, 'ffd050121', 0, 0, 0, 0, 0, 0, NULL),
(44, 'SAKTI RANJAN SETHI', '9438149341', 'not sure', '2021-09-07 18:09:05', '', 0, 0, 'ffd050121', 0, 0, 0, 0, 0, 0, NULL),
(45, 'G M', '9820747785', 'yes', '2021-09-07 18:09:06', '', 0, 0, 'ffd050121', 0, 0, 0, 0, 0, 0, NULL),
(46, 'Shashikant Jaiswar', '09833069008', 'Lets see', '2021-09-07 18:09:09', '', 0, 0, 'ffd050121', 0, 0, 0, 0, 0, 0, NULL),
(47, 'Harvansh Singh Sagar', '9971535678', 'Yes', '2021-09-07 18:09:11', '', 0, 0, 'ffd050121', 0, 0, 0, 0, 0, 0, NULL),
(48, 'Naveen Dubey', '09823006728', 'Not sure', '2021-09-07 18:09:14', '91', 0, 0, 'ffd050121', 0, 0, 0, 0, 0, 0, NULL),
(49, 'Shirish Baburao Inamdar', '9423588800', 'Not sure', '2021-09-07 18:09:31', '', 0, 0, 'ffd050121', 0, 0, 0, 0, 0, 0, NULL),
(50, 'Manjula Saxena ', '09930091908', 'Yes ', '2021-09-07 18:09:38', '', 0, 0, 'ffd050121', 0, 0, 0, 0, 0, 0, NULL),
(51, 'Amandeep', '9871938531', 'Post Corono?', '2021-09-07 18:09:47', '', 0, 0, 'ffd050121', 0, 0, 0, 0, 0, 0, NULL),
(52, 'Rutu Arora', '9898067889', 'Yes', '2021-09-07 18:09:50', '91', 0, 0, 'ffd050121', 0, 0, 0, 0, 0, 0, NULL),
(53, 'Arun Manik Shetty', '9008398877', 'I have full faith in you Dr saab.I got your name from Dr B M Hegde when I was watching his video on Youtube a week back.\r\n\r\n', '2021-09-07 18:09:53', '91', 0, 0, 'ffd050121', 0, 0, 0, 0, 0, 0, NULL),
(54, 'Ritu Mallick ', '9810162884', 'How can i reverse my diabetes ', '2021-09-07 18:10:34', '', 0, 0, 'ffd050121', 0, 0, 0, 0, 0, 0, NULL),
(55, 'Priyanka', '9140094441', 'Type 1 diabtes age of child 7 years.c-peptide .23', '2021-09-07 18:10:38', '', 0, 0, 'ffd050121', 0, 0, 0, 0, 0, 0, NULL),
(56, 'Mr. Gnesh Ch. Datta', '9647052086', 'Yes', '2021-09-07 18:10:46', '91', 0, 0, 'ffd050121', 0, 0, 0, 0, 0, 0, NULL),
(57, 'Pooja sajnani', '6376160816', 'Sir gad postive aa rha hai toh type 1 ka insulin na band ho sakta hai peptide 0.617 hai ', '2021-09-07 18:11:14', '', 0, 0, 'ffd050121', 1, 0, 0, 0, 0, 0, NULL),
(58, 'Raheela  Shaikh', '9920214397', 'is this Induction for NON DIABETICS also ?\r\n', '2021-09-07 18:11:25', '', 0, 0, 'ffd050121', 1, 0, 0, 0, 0, 0, NULL),
(59, 'Priyanka meena ', '9821877582', 'Mre hath per me.sun pan aata h ', '2021-09-07 18:12:36', '', 0, 0, 'ffd050121', 1, 0, 0, 0, 0, 0, NULL),
(60, 'Vijaymulani', '9246505585', 'i have obesity,knee pain and acidity issues.but i dont have sugar and bp.is there anyother programme for weightloss', '2021-09-07 18:19:12', '91', 0, 0, 'ffd050121', 1, 0, 0, 0, 0, 0, NULL),
(61, 'Geetha Sreenivas Reddy', '9880083660', 'I have thyroid have lost lot of weight want to increase ', '2021-09-07 18:20:14', '', 0, 0, 'ffd050121', 1, 0, 0, 0, 0, 0, NULL),
(62, 'Aparna jain', '9810560306', 'If milk products have igf, then should it be stopped for kids also?', '2021-09-07 18:44:05', '', 0, 0, 'ffd050121', 1, 0, 0, 0, 0, 0, NULL),
(63, 'Rahul laxman Janvekar', '9623026556', 'Sir Green tea me suger add kar sakte hay', '2021-09-07 18:44:43', '', 0, 0, 'ffd050121', 1, 0, 0, 0, 0, 0, NULL),
(64, 'Aparna jain', '9810560306', 'Why do people say consuming1tsp ghee everyday is good?', '2021-09-07 18:45:33', '', 0, 0, 'ffd050121', 1, 0, 0, 0, 0, 0, NULL),
(65, 'Abhishek Gupta', '9445540546', 'Wt is igf', '2021-09-07 18:45:36', '', 0, 0, 'ffd050121', 1, 0, 0, 0, 0, 0, NULL),
(66, 'Indu Goel', '09464837476', 'Yes Sir', '2021-09-07 18:45:45', '', 0, 0, 'ffd050121', 0, 0, 0, 0, 0, 0, NULL),
(67, 'Shashikant Jaiswar', '09833069008', 'yes\r\n', '2021-09-07 18:45:52', '', 0, 0, 'ffd050121', 0, 0, 0, 0, 0, 0, NULL),
(68, 'Divya Venugopal', '7415458424', 'How to deal with hirsuitism ( facial/ body hair growth) among women in case of PCOD?', '2021-09-07 18:46:09', '', 0, 0, 'ffd050121', 1, 0, 0, 0, 0, 0, NULL),
(69, 'Kalpana dharmadhikari', '9881023760', 'Yes', '2021-09-07 18:46:10', '', 0, 0, 'ffd050121', 0, 0, 0, 0, 0, 0, NULL),
(70, 'Divya Venugopal', '7415458424', 'how to decide the portion of food to be consumed for PCOD?', '2021-09-07 18:46:38', '', 0, 0, 'ffd050121', 1, 0, 0, 0, 0, 0, NULL),
(71, 'Punyapu', '9437032450', 'My network is bad . Can I\r\nJoin again', '2021-09-07 18:47:56', '', 0, 0, 'ffd050121', 0, 0, 0, 0, 0, 0, NULL),
(72, 'Mohammad Zafar', '09934822422', 'Can prediabetic person reverse her sugar level in normal without medicine and diet', '2021-09-07 18:50:27', '', 0, 0, 'ffd050121', 1, 0, 0, 0, 0, 0, NULL),
(73, 'UJJWAL SAHA', '9734050891', 'Five things keya Bola?', '2021-09-07 18:50:53', '', 0, 0, 'ffd050121', 0, 0, 0, 0, 0, 0, NULL),
(74, 'UJJWAL SAHA', '9734050891', 'Please Five  S ', '2021-09-07 18:54:36', '', 0, 0, 'ffd050121', 1, 0, 0, 0, 0, 0, NULL),
(75, 'Kalpana patil', '9404174794', 'I m not getting anything', '2021-09-07 18:58:04', '', 0, 0, 'ffd050121', 1, 0, 0, 0, 0, 0, NULL),
(76, 'Indu Goel', '09464837476', 'Yes feeling light', '2021-09-07 19:08:35', '', 0, 0, 'ffd050121', 1, 0, 0, 0, 0, 0, NULL),
(77, 'Divya', '9538803766', 'I have hernia, can I still do exercises ', '2021-09-07 19:09:57', '', 0, 0, 'ffd050121', 1, 0, 0, 0, 0, 0, NULL),
(78, 'Mehtab Lepcha', '9810833423', 'Join late my problem morning reading is too high no matter high insulin intake.. ', '2021-09-07 19:16:47', '', 0, 0, 'ffd050121', 1, 0, 0, 0, 0, 0, NULL),
(79, 'Srinivas shenoy', '9448428393', 'Can i eat idli', '2021-09-07 19:17:01', '', 0, 0, 'ffd050121', 1, 0, 0, 0, 0, 0, NULL),
(80, 'Sandeep Kumar', '9873900909', 'After reversal from diabetes is it possible after eating any food sugar not exceed 140', '2021-09-07 19:17:01', '', 0, 0, 'ffd050121', 1, 0, 0, 0, 0, 0, NULL),
(81, 'Aparna jain', '9810560306', 'How to substitute curd in diet? As thatâ€™s the best probiotic as we have heard', '2021-09-07 19:17:38', '', 0, 0, 'ffd050121', 1, 0, 0, 0, 0, 0, NULL),
(82, 'Srinivas shenoy', '9448428393', 'Can i take alcohol', '2021-09-07 19:18:54', '', 0, 0, 'ffd050121', 1, 0, 0, 0, 0, 0, NULL),
(83, 'Preeti Awasthi', '9936126262', '\r\nHow to disinfect greens before consumption?', '2021-09-07 19:28:36', '', 0, 0, 'ffd050121', 1, 0, 0, 0, 0, 0, NULL),
(84, 'LAXMIKANTH KULKARNI', '9535624658', 'Dear sir just after meals can we walk n jog i.e 5 minutes walk n 1 minte jog as per your direction earlier. Please clarify this once again ðŸ™ðŸ™., thank you sir.', '2021-09-07 19:33:39', '', 0, 0, 'ffd050121', 1, 0, 0, 0, 0, 0, NULL),
(85, 'Srinivas shenoy', '9448428393', 'No audio', '2021-09-07 19:36:24', '', 0, 0, 'ffd050121', 0, 0, 0, 0, 0, 0, NULL),
(86, 'ASHOK KUMAR', '9845017174', 'I WANT TO JOIN THIS 1 YEAR PROGRAM SO PLS LET ME KNOW ALL DETAILS ... ASHOK ,,BANGALORE 9845017174....', '2021-09-07 19:39:26', '', 0, 0, 'ffd050121', 1, 0, 0, 0, 0, 1, NULL),
(87, 'Shubhangi Tople', '7387108649', 'Can you share the presentation', '2021-09-07 19:43:52', '', 0, 0, 'ffd050121', 1, 0, 0, 0, 0, 0, NULL),
(88, 'Sradhalin parida', '8099502446', 'Can you please send the ppt?', '2021-09-07 19:49:31', '', 0, 0, 'ffd050121', 1, 0, 0, 0, 0, 0, NULL),
(89, 'asheesh shah', '9891343337', 'in between the link was broken can i get the full link again \r\n', '2021-09-07 19:57:49', '91', 0, 0, 'ffd050121', 1, 0, 0, 0, 0, 0, NULL),
(90, 'srinivasa rao chedella', '9586559998', 'tablets when we have to take before breakfast , lunch and dinner 15 minutes before or 20 minutes?', '2021-09-07 19:58:42', '', 0, 0, 'ffd050121', 1, 0, 0, 0, 0, 0, NULL),
(91, 'Anshul', '8975315808', 'What type of supplements you prefer for muscles building? ', '2021-09-07 19:58:42', '91', 0, 0, 'ffd050121', 1, 0, 0, 0, 0, 0, NULL),
(92, 'Tom', '544007007', 'Doctor, I have thyroid issues I am taking 100 mg euthrox tablet. My anti tpo is 214 and anti tg is  1668. What do you recommend.', '2021-09-07 20:02:12', '971', 0, 0, 'ffd050121', 1, 0, 0, 0, 0, 0, NULL),
(93, 'Priyanshi Pravin Deshmane', '7350685516', 'Sir, my daughter is 2 years old,, can I share her reports? If yes, then where? ', '2021-09-07 20:05:17', '91', 0, 0, 'ffd050121', 1, 0, 0, 0, 0, 1, NULL),
(94, 'Pooja sajnani', '305001', 'Sir meri daughter ko type 1 diabetes hai Abhi one month pehle pata chala hai gad 34 positive aaya hai c peptide 0.617 aaya hai kya insulin band ho sakti hai', '2021-09-07 20:06:27', '', 0, 0, 'ffd050121', 1, 0, 0, 0, 0, 0, NULL),
(95, 'Priyanshi Pravin Deshmane', '7350685516', 'Can We get your appointment? How? \r\n', '2021-09-07 20:06:37', '91', 0, 0, 'ffd050121', 1, 0, 0, 0, 0, 1, NULL),
(96, 'KANHAYA PRASAD SINGH', '9453022384', 'Sir,\r\nI am type-II Diabetes since 2006.now after exercise & taking medicine now HbA1AC is approx-6. now after covid i have gone test for CT Aniography & found 65 to70% two artery blockage. please advise me.my sugar f-125 & pp is -158 approx. BP is normal .taking also its medicine.', '2021-09-07 20:07:04', '', 0, 0, 'ffd050121', 0, 0, 0, 0, 0, 0, NULL),
(97, 'Sai Sankar Nanduri', '9848097468', 'What test is there to check early morning insulin ', '2021-09-07 20:07:19', '', 0, 0, 'ffd050121', 1, 0, 0, 0, 0, 0, NULL),
(98, 'Sai Sankar Nanduri', '9848097468', 'Group sessions how they are done .', '2021-09-07 20:07:43', '', 0, 0, 'ffd050121', 1, 0, 0, 0, 0, 0, NULL),
(99, 'Pinky Panchal', '9619154178', 'I want to control my child\'s weight his weight is over 60 his age is 13', '2021-09-07 20:10:01', '', 0, 0, 'ffd050121', 1, 0, 0, 0, 0, 0, NULL),
(100, 'Pinky Panchal', '9619154178', 'I want to control mine too', '2021-09-07 20:10:30', '', 0, 0, 'ffd050121', 1, 0, 0, 0, 0, 0, NULL),
(101, 'veerashetty.m', '9380237131', 'sir indigestion problum', '2021-09-07 20:12:26', '', 0, 0, 'ffd050121', 1, 0, 0, 0, 0, 0, NULL),
(102, 'Mohammad Zafar', '09934822422', 'Is prediabetic reversal', '2021-09-07 20:13:24', '', 0, 0, 'ffd050121', 1, 0, 0, 0, 0, 0, NULL),
(103, 'Suresh (Sam) Seelam', '14846808681', 'Can you please elaborate on how you are able to handle participants from USA (especially in terms of frequent blood tests etc)', '2021-09-07 20:14:23', '1', 0, 0, 'ffd050121', 1, 0, 0, 0, 0, 0, NULL),
(104, 'Mohammad Zafar', '09934822422', 'Is prediabetic reversal without medicine and minimum diet and exercise', '2021-09-07 20:14:48', '', 0, 0, 'ffd050121', 1, 0, 0, 0, 0, 0, NULL),
(105, 'rutu arora', '9898067889', 'how efffective is it for hypothyroid?how efffective is it for hypothyroid?\r\nhow efffective is it for hypothyroid?how efffective is it for hypothyroid?\r\n\r\n', '2021-09-07 20:14:59', '', 0, 0, 'ffd050121', 1, 0, 0, 0, 0, 0, NULL),
(106, 'Rohini Patil', '9860001182', 'Is this can be done by pregnant woman? Detected diabetes before conceive. Is there any different program for diabetic pregnant women? ', '2021-09-07 20:15:12', '', 0, 0, 'ffd050121', 1, 0, 0, 0, 0, 0, NULL),
(107, 'KANHAYA PRASAD SINGH', '9453022384', 'already asked.please reply.', '2021-09-07 20:15:40', '', 0, 0, 'ffd050121', 0, 0, 0, 0, 0, 0, NULL),
(108, 'Suresh (Sam) Seelam', '14846808681', 'does honey have a role in this propgram? (in terms of adding to green smoothies or having a honey-lime water)', '2021-09-07 20:15:51', '1', 0, 0, 'ffd050121', 1, 0, 0, 0, 0, 0, NULL),
(109, 'madhura harsh thakkar', '09422221371', 'As ganapti festival is going to start from 1th to 14tj i', '2021-09-07 20:16:01', '91', 0, 0, 'ffd050121', 1, 0, 0, 0, 0, 0, NULL),
(110, 'Poonam Patel ', '9000423570', 'I was just detected with diabetes n been suffering from hashimotos since 12 years should I go for meds', '2021-09-07 20:16:21', '', 0, 0, 'ffd050121', 1, 0, 0, 0, 0, 0, NULL),
(111, 'Shital Jathar', '9422350075', 'First time report  dated 1st sept 2021 fasting is 126 and pp 155\r\nA1C 6.9\r\nI have not consulted any doctor and not taking any medicine  should I start medicine \r\n\r\n', '2021-09-07 20:16:30', '91', 0, 0, 'ffd050121', 1, 0, 0, 0, 0, 0, NULL),
(112, 'KANHAYA PRASAD SINGH', '9453022384', 'please reply.', '2021-09-07 20:17:04', '', 0, 0, 'ffd050121', 1, 0, 0, 0, 0, 0, NULL),
(113, 'pradeep kumar mishra', '9437383470', 'MY WIFE HAS HBA1C AT 5, LDL CHOLESTEROL-DIRECT IS 119, TOTAL CHOL IS 189, LIPOPROTEIN(A) IS 56.4. IS IT A DANGER SIGNAL WHEN FAMILY HISTORY HAS CORONARY HEART DISEASE? SHE IS OTHERWISE LEAN AND THIN. SHE IS NOT DIABETIC. \r\nBUT I AM DIABETIC FOR THE LAST 10 YEARS, MY HBA1C LEVEL IS 6.7 WITH TABLET VILDAMAC 50/500 ONE IN THE MORNING AND ONE AT NIGHT, MY LIPID PROFILE IS ALMOST OK EXCEPT HDL CHOL AT 36. MAY I KNOW ANY DANGER? \r\n\r\n\r\n\r\n\r\n\r\n\r\n\r\n\r\n90', '2021-09-07 20:17:11', '', 0, 0, 'ffd050121', 1, 0, 0, 0, 0, 0, NULL),
(114, 'Biresh singh', '9140612076', 'Please what are the blood test', '2021-09-07 20:17:18', '', 0, 0, 'ffd050121', 1, 0, 0, 0, 0, 1, NULL),
(115, 'Sumanta Chatterjee', '8336085733', 'My HBA1C 8.6, is it the right time to plan for baby my wife is non diabetic?', '2021-09-07 20:17:18', '', 0, 0, 'ffd050121', 1, 0, 0, 0, 0, 0, NULL),
(116, 'Vijaymulani', '9246505585', 'i am not daibetic i need only weight loss programme do u have different programme or we have to do this one only\r\n', '2021-09-07 20:17:19', '91', 0, 0, 'ffd050121', 1, 0, 0, 0, 0, 0, NULL),
(117, 'guru prasad', '9663556556', 'Sir, i have tested diabetic last week ,but i don\'\'t have any symptoms, ( may be due to stress/tension  from last 4-5 years)  as per medical advice i have started  dieting changed my  food habits, not yet started medicine can i manage without  the same.\r\n\r\nas your  mentioned that we cant have Ragi ball/ Rice in the lunch/dinner being south  Indian what is the alternate??', '2021-09-07 20:17:20', '91', 0, 0, 'ffd050121', 1, 0, 0, 0, 0, 0, NULL),
(118, 'Shilpa', '8790422616', 'First of all very beautiful session, thank you.\r\nSir m having diabetic 2 since from one year, periviously used to take Ayurvedic treatment, but due to covid my sugar raised that\'s why started allopathy treatment from last 2 months, having thyroid from last 22 years. Had renal angioplasty 13 years back, so blood thinner tablet n cholesterol tab is going on. Want to get rid with diabetes. Kya reversal Hoga sir? Pls guide', '2021-09-07 20:17:28', '', 0, 0, 'ffd050121', 1, 0, 0, 0, 0, 0, NULL),
(119, 'Mr. Ganesh Ch. Datta', '9647052086', 'Whether rice can be taken for lunch? Whether sour curd can be taken?', '2021-09-07 20:17:32', '91', 0, 0, 'ffd050121', 1, 0, 0, 0, 0, 0, NULL),
(120, 'rutu arora', '9898067889', 'what is the effect ofsmoothie on non diabetic', '2021-09-07 20:17:35', '', 0, 0, 'ffd050121', 1, 0, 0, 0, 0, 0, NULL),
(121, 'Sradhalin parida', '8099502446', 'My insulin is 1.75 in empty stomach.\r\nSugar is 175\r\nHba1c is 6.9\r\nDo I need insulin ?', '2021-09-07 20:17:49', '', 0, 0, 'ffd050121', 1, 0, 0, 0, 0, 0, NULL),
(122, 'Mehtab Lepcha', '9810833423', 'Every phase program hair Kay? ', '2021-09-07 20:17:58', '', 0, 0, 'ffd050121', 1, 0, 0, 0, 0, 0, NULL),
(123, 'Akash Kakirwar', '9390321007', 'I had acute pancreatitis in October 2018 and now diabetic on insulin.. Can it be reversed.', '2021-09-07 20:17:59', '', 0, 0, 'ffd050121', 1, 0, 0, 0, 0, 0, NULL),
(124, 'Naveen Dubey', '09823006728', 'Thanks for the wonderful insight . Can reversal will mean a normal diet as earlier', '2021-09-07 20:18:01', '91', 0, 0, 'ffd050121', 1, 0, 0, 0, 0, 0, NULL),
(125, 'Manjula prajapat', '9649917769', 'Sir! Kya hum 20 date k bad join kr skte haii', '2021-09-07 20:18:03', '91', 0, 0, 'ffd050121', 1, 0, 0, 0, 0, 1, '75th batch'),
(126, 'Pooja jain', '9769623380', 'Got diabetic when contracted covid 6 months back. Do u think this diabetes is considered or should i say it to take as weight loss journey ', '2021-09-07 20:18:04', '', 0, 0, 'ffd050121', 1, 0, 0, 0, 0, 1, NULL),
(127, 'Sachin Kumar', '9886012481', 'How may batches do you do per year? how many in each batch?', '2021-09-07 20:18:14', '', 0, 0, 'ffd050121', 1, 0, 0, 0, 0, 0, NULL),
(128, 'Priyanka', '9140094441', 'Is type 1 reversal 0.48 cpeptide', '2021-09-07 20:18:15', '', 0, 0, 'ffd050121', 1, 0, 0, 0, 0, 0, NULL),
(129, 'KABITA BEGAM CHOUDHURY', '9435376639', 'Sir, how to attend the English session?\r\n', '2021-09-07 20:18:16', '', 0, 0, 'ffd050121', 1, 0, 0, 0, 0, 0, NULL),
(130, 'Kashmira Shah', '9552524966', 'is ghee a milk product', '2021-09-07 20:18:16', '91', 0, 0, 'ffd050121', 1, 0, 0, 0, 0, 0, NULL),
(131, 'Santvanaa Sindhu', '9008801376', 'I am a diabetic but not on any medication and do not manage it. Can I still join and benefit from this program?', '2021-09-07 20:18:16', '', 0, 0, 'ffd050121', 1, 0, 0, 0, 0, 1, NULL),
(132, 'Nirupama Aggarwal', '9896422540', 'Is it a hereditary problem?', '2021-09-07 20:18:20', '', 0, 0, 'ffd050121', 1, 0, 0, 0, 0, 0, NULL),
(133, 'Amandeep', '9871938531', 'Hi, \r\nMyself Amandeep, age 39y. got Covid in April begning after medicines & steroids intake, got recovered by month end. In May beginning blood glucose was 111 & Hb1AC was 5.5. Later in July got tested with blood sugar 480 & Hb1AC 10.3 . After controlling diet for a month by mid Aug fasting sugar got normal 94-100 . My Height is 5\' 7\" with waist 34\" and weight is 63kg. \r\nSo, can get recovered from Diabetes??\r\n', '2021-09-07 20:18:24', '', 0, 0, 'ffd050121', 1, 0, 0, 0, 0, 0, NULL),
(134, 'RAMESH RAJAMANI', '9871593401', 'Is Sugar to be completely stopped for FFD?', '2021-09-07 20:18:27', '', 0, 0, 'ffd050121', 1, 0, 0, 0, 0, 0, NULL),
(135, 'Biresh singh', '9140612076', 'à¤•à¥à¤¯à¤¾ smooty ingredient', '2021-09-07 20:18:30', '', 0, 0, 'ffd050121', 1, 0, 0, 0, 0, 0, NULL),
(136, 'G M', '9820747785', 'Will it be motivating enough for a 24 year old? staying abroad? \r\n', '2021-09-07 20:18:32', '', 0, 0, 'ffd050121', 1, 0, 0, 0, 0, 0, NULL),
(137, 'Preeti Awasthi', '9936126262', 'What is the difference between type 1 and type 2 diabetes?\r\n', '2021-09-07 20:18:34', '', 0, 0, 'ffd050121', 1, 0, 0, 0, 0, 0, NULL),
(138, 'sbkatti@kknag.com', '9371081483', 'My office timing is 7 to 7 pm how this is possible  ', '2021-09-07 20:18:36', '', 0, 0, 'ffd050121', 1, 0, 0, 0, 0, 0, NULL),
(139, 'Abhishek Gupta', '9445540546', 'Which medicine we will take ', '2021-09-07 20:18:41', '', 0, 0, 'ffd050121', 1, 0, 0, 0, 0, 0, NULL),
(140, 'Sachin Kumar', '9886012481', 'Treatment for Kids with Type 1 ... will it be different?', '2021-09-07 20:18:42', '', 0, 0, 'ffd050121', 0, 0, 0, 0, 0, 0, NULL),
(141, 'Aparna Samel', '9022283007', 'Can Breast feeding mother can do non diabetic diet', '2021-09-07 20:18:44', '', 0, 0, 'ffd050121', 1, 0, 0, 0, 0, 0, NULL),
(142, 'Manjula prajapat', '9649917769', 'Sir! My diabetes is 350 (fasting). Can it be reversed', '2021-09-07 20:18:45', '91', 0, 0, 'ffd050121', 1, 0, 0, 0, 0, 1, NULL),
(143, 'Sugandha Surve', '9867237624', 'Can only diet control sugar?', '2021-09-07 20:18:48', '', 0, 0, 'ffd050121', 1, 0, 0, 0, 0, 0, NULL),
(144, 'Suresh (Sam) Seelam', '14846808681', 'If i have to take a break for a month or two (For any reason) how do we continue this program? do we start from phase 1?\r\n', '2021-09-07 20:18:52', '1', 0, 0, 'ffd050121', 1, 0, 0, 0, 0, 0, NULL),
(145, 'G M', '9820747785', 'Can we take rice for lunch and dinner? \r\n', '2021-09-07 20:18:55', '', 0, 0, 'ffd050121', 1, 0, 0, 0, 0, 0, NULL),
(146, 'srinivasa rao chedella', '9586559998', 'tablets when we have to take for diabetes before how much time of lunch, dinner ,breakfast?', '2021-09-07 20:18:56', '', 0, 0, 'ffd050121', 1, 0, 0, 0, 0, 0, NULL),
(147, 'Jyothi Rani', '7093481581', 'Sir can you give assurance for type1 diabities plz', '2021-09-07 20:18:58', '', 0, 0, 'ffd050121', 0, 0, 0, 0, 0, 0, NULL),
(148, 'VENKATESH DASMAPURE', '9552564266', 'It was good, and informative. But as I had  explained that I underwent carotid stenosis procedure,  and after angiography I was diagnosed with multiple blocks in my artery and I am on medical observation with medication for 8weeks to take a call whether to continue with medication or to go for bypass surgery.  In such circumstances how your program will help me. I am 59year old', '2021-09-07 20:19:10', '', 0, 0, 'ffd050121', 1, 0, 0, 0, 0, 0, NULL),
(149, 'Diwakar kumar Das', '9304846462', 'Ankurit chana ka sakte hai ki nahi', '2021-09-07 20:19:14', '', 0, 0, 'ffd050121', 1, 0, 0, 0, 0, 0, NULL),
(150, 'AASHAY HITESHBHAI CHAUDHARI', '7984744915', 'Fasting c peptide 0.54\r\nType 1 diabetes\r\nPls guide', '2021-09-07 20:19:23', '', 0, 0, 'ffd050121', 1, 0, 0, 0, 0, 0, NULL),
(151, 'Prahlad Rathod', '9428748914', 'very good\r\n', '2021-09-07 20:19:25', '', 0, 0, 'ffd050121', 0, 0, 0, 0, 0, 0, NULL),
(152, 'G M', '9820747785', 'Will it be effective for soneone with hb1ac 7.1', '2021-09-07 20:19:25', '', 0, 0, 'ffd050121', 1, 0, 0, 0, 0, 0, NULL),
(153, 'SHASHI KANT KESHRI', '8864060369', 'Can not do exercise regularly due to stress', '2021-09-07 20:19:26', '', 0, 0, 'ffd050121', 1, 0, 0, 0, 0, 0, NULL),
(154, 'Navneet Kumar', '8826198099', 'I cannot sleep before 11pm anyhow because of my job, will it effect the programme and process?\r\n', '2021-09-07 20:19:27', '', 0, 0, 'ffd050121', 1, 0, 0, 0, 0, 0, NULL),
(155, 'Manjula prajapat', '9649917769', 'Sir can i take this session after 20 September. Bcz i presently I\'m outstation ', '2021-09-07 20:19:35', '91', 0, 0, 'ffd050121', 1, 0, 0, 0, 0, 1, '75'),
(156, 'Priyanshi Pravin Deshmane', '7350685516', 'Sir, my 2 years baby ki diabetes ki insulin puri band ho sakti hai kya? ', '2021-09-07 20:19:37', '91', 0, 0, 'ffd050121', 0, 0, 0, 0, 0, 0, NULL),
(157, 'Sradhalin parida', '8099502446', 'Is raggi malt good for breakfast?', '2021-09-07 20:19:38', '', 0, 0, 'ffd050121', 1, 0, 0, 0, 0, 0, NULL),
(158, 'Priyanka', '9140094441', 'Is any group seperatly for type 1 children', '2021-09-07 20:19:38', '', 0, 0, 'ffd050121', 0, 0, 0, 0, 0, 0, NULL),
(159, 'Wajeeha ', '33429835', 'Doctor prediabetic wale kaunsa join kare as my fasting blood is 105 what do u suggest ', '2021-09-07 20:19:39', '974', 0, 0, 'ffd050121', 1, 0, 0, 0, 0, 0, NULL),
(160, 'SAKTI RANJAN SETHI', '9438149341', 'my height is 6\' 2\'\' and weight 83 \r\nlast test report before 1 month \r\nfasting-120\r\npp-216\r\ncan i plan for weight loss', '2021-09-07 20:19:44', '', 0, 0, 'ffd050121', 1, 0, 0, 0, 0, 1, NULL),
(161, 'ONKAR SANJIV CHIVATE', '9822282554', 'why sugar comes at the age of 36\r\n', '2021-09-07 20:19:48', '', 0, 0, 'ffd050121', 1, 0, 0, 0, 0, 0, NULL),
(162, 'Pritesh Arun Badgujar', '8329925671', 'Resp sir, my sugar was sprike in last year ,i have quitted eating dairy products, roti , rice and i am also following exercises but still my c peptide level is 0.02 why this is happening......', '2021-09-07 20:19:49', '', 0, 0, 'ffd050121', 1, 0, 0, 0, 0, 0, NULL),
(163, 'PRASHANTH JATHANNA', '9742971777', 'HBA1C 9.4 ', '2021-09-07 20:19:49', '', 0, 0, 'ffd050121', 1, 0, 0, 0, 0, 0, NULL),
(164, 'Mehtab Lepcha', '9810833423', 'I am not vegetarian.. What about that? \r\n', '2021-09-07 20:19:50', '', 0, 0, 'ffd050121', 1, 0, 0, 0, 0, 0, NULL),
(165, 'Snehal Randive', '9967789668', 'I     hello sir,dr snehal here, im in first trimester of pregnacy.. recently diagnosed with diabetes.. wil u give gestational  diabetes guidence? ', '2021-09-07 20:19:55', '', 0, 0, 'ffd050121', 1, 0, 0, 0, 0, 0, NULL),
(166, 'Sangita Jha', '8459165965', 'I have multiple ailments like thyroid, diabetes and cholestrol. Can this program help me in all the 3 simultaneously?', '2021-09-07 20:19:58', '', 0, 0, 'ffd050121', 1, 0, 0, 0, 0, 1, NULL),
(167, 'Anil Thombre', '9527555599', 'Only diabetes and tummy ', '2021-09-07 20:19:59', '', 0, 0, 'ffd050121', 1, 0, 0, 0, 0, 1, NULL),
(168, 'Priyanka', '9140094441', 'U didnt told anything about type 1', '2021-09-07 20:19:59', '', 0, 0, 'ffd050121', 1, 0, 0, 0, 0, 0, NULL),
(169, 'Jyothi Rani', '7093481581', 'Sir can you plz give assurance for type 1 diabetes for my 7 year old daughter', '2021-09-07 20:19:59', '', 0, 0, 'ffd050121', 1, 0, 0, 0, 0, 0, NULL),
(170, 'KABITA BEGAM CHOUDHURY', '9435376639', 'Sir I am on tab Febuxastat 40 for uric acid and on thyroxin 50 mcg...can I follow ur diet plan?\r\n', '2021-09-07 20:20:05', '', 0, 0, 'ffd050121', 1, 0, 0, 0, 0, 0, NULL),
(171, 'Pooja sajnani', '305001', 'Sir pls meri beti ko type 1 bataya hai gad postive 34 bataya hai peptide 0.617 hai kya kare', '2021-09-07 20:20:10', '', 0, 0, 'ffd050121', 1, 0, 0, 0, 0, 0, NULL),
(172, 'Rohit Pandey', '9738357327', 'Sir,  tingling sensation occurs due to what reason in type 2 diabetes?', '2021-09-07 20:20:20', '', 0, 0, 'ffd050121', 1, 0, 0, 0, 0, 0, NULL),
(173, 'Nirupama Aggarwal', '9896422540', 'Are your doctors available in Bangalore?', '2021-09-07 20:20:22', '', 0, 0, 'ffd050121', 1, 0, 0, 0, 0, 0, NULL),
(174, 'Pinky Panchal', '9619154178', 'Thank you so much for the lovely information', '2021-09-07 20:20:24', '', 0, 0, 'ffd050121', 1, 0, 0, 0, 0, 0, NULL),
(175, 'Sameer Ladheriwale', '7028926160', 'After 1 year can i eat anything or i need to follow diet.\r\nand if some family  functions and festivals there and not able to diet so whats the solution.', '2021-09-07 20:20:27', '', 0, 0, 'ffd050121', 1, 0, 0, 0, 0, 0, NULL),
(176, 'SAIRA SHAIKH', '9987973215', 'dono leg sunn hogae hai 7 yrs se toh kya thik hoga ', '2021-09-07 20:20:27', '91', 0, 0, 'ffd050121', 1, 0, 0, 0, 0, 0, NULL),
(177, 'ONKAR SANJIV CHIVATE', '9822282554', 'for how many days should we follow diet\r\n', '2021-09-07 20:20:38', '', 0, 0, 'ffd050121', 1, 0, 0, 0, 0, 0, NULL),
(178, 'Pradeep', '9052272461', 'I am Diabetic from past 8 years, what if my serum creatinine is 1.5? Is it normal ?', '2021-09-07 20:20:39', '', 0, 0, 'ffd050121', 1, 0, 0, 0, 0, 1, NULL),
(179, 'G M', '9820747785', 'is oil permitted in vegetables for sabzi\r\n', '2021-09-07 20:20:43', '', 0, 0, 'ffd050121', 1, 0, 0, 0, 0, 0, NULL),
(180, 'sbkatti@kknag.com', '9371081483', 'I came to know only this in the covid -19. last from two month , how much time will take ', '2021-09-07 20:20:52', '', 0, 0, 'ffd050121', 1, 0, 0, 0, 0, 0, NULL),
(181, 'Mohnish', '9226585635', 'Could you please counselor and doctor so i can take  a decision to enroll as I have tested diabetic yet', '2021-09-07 20:20:56', '', 0, 0, 'ffd050121', 1, 0, 0, 0, 0, 1, NULL),
(182, 'Reshma shaukat naik', '8095297718', 'Sir mujhe 2mahine se sugar start hai 40age hai meri mujhe chakker bahut aate. Hai mujhe first kya karna hai weakness b rahta hai \r\n', '2021-09-07 20:20:59', '91', 0, 0, 'ffd050121', 1, 0, 0, 0, 0, 1, NULL),
(183, 'Kaushal Sinha', '477790010', 'I am in Australia. not sure if all the tests you recommended are feasible here. ', '2021-09-07 20:21:00', '61', 0, 0, 'ffd050121', 1, 0, 0, 0, 0, 0, NULL),
(184, 'SUHAS DEODHAR', '09881794084', 'Will millet base roti help instead of normal  wheat base chapati? What is also one of the cause for diabities due to gluten?', '2021-09-07 20:21:02', '91', 0, 0, 'ffd050121', 1, 0, 0, 0, 0, 0, NULL),
(185, 'sharat giri', '07264909011', 'we can eat  murmura & Rice, what we will take test', '2021-09-07 20:21:07', '', 0, 0, 'ffd050121', 1, 0, 0, 0, 0, 0, NULL),
(186, 'Anil Thombre', '9527555599', 'Sir only diabetic and tummy and tab last 7 years ', '2021-09-07 20:21:12', '', 0, 0, 'ffd050121', 1, 0, 0, 0, 0, 0, NULL),
(187, 'SAKTI RANJAN SETHI', '9438149341', 'currently walking for 8 km in the evening time', '2021-09-07 20:21:13', '', 0, 0, 'ffd050121', 1, 0, 0, 0, 0, 0, NULL),
(188, 'ONKAR SANJIV CHIVATE', '9822282554', 'when and how many times we can go out of diet\r\n', '2021-09-07 20:21:16', '', 0, 0, 'ffd050121', 1, 0, 0, 0, 0, 0, NULL),
(189, 'VENKATESH DASMAPURE', '9552564266', 'It was good, and informative. But as I had  explained that I underwent carotid stenosis procedure,  and after angiography I was diagnosed with multiple blocks in my artery and I am on medical observation with medication for 8weeks to take a call whether to continue with medication or to go for bypass surgery.  In such circumstances how your program will help me. I am 59year old and my HbAc1 is 7.2 ', '2021-09-07 20:21:20', '', 0, 0, 'ffd050121', 1, 0, 0, 0, 0, 1, NULL),
(190, 'PRASHANTH JATHANNA', '9742971777', 'HBA1C 9.4 WILL IT CURE SINCE 12 YEARS I AM A DIABETIC PATIENT', '2021-09-07 20:21:31', '', 0, 0, 'ffd050121', 1, 0, 0, 0, 0, 0, NULL),
(191, 'Priyanka', '9140094441', 'Type 1 group patients you have', '2021-09-07 20:21:31', '', 0, 0, 'ffd050121', 0, 0, 0, 0, 0, 0, NULL),
(192, 'Kamalakar B ', '9704253453', 'Just recovered a week ago from Covid. My Hba1C is 11. Fasting on 159 and Post lunch is 402. I never had any visible symptoms prior to covid. Is this drug induced or had diabetes been there since long.. ', '2021-09-07 20:21:33', '', 0, 0, 'ffd050121', 1, 0, 0, 0, 0, 0, NULL),
(193, 'ONKAR SANJIV CHIVATE', '9822282554', 'which fruits are allowed\r\n', '2021-09-07 20:21:34', '', 0, 0, 'ffd050121', 1, 0, 0, 0, 0, 0, NULL),
(194, 'G M', '9820747785', 'is there  medicine required for hb1ac = 7.1 only discovered a month ago\r\nfasting sugar was 150 now, but was normal 9 months ago. ', '2021-09-07 20:21:36', '', 0, 0, 'ffd050121', 1, 0, 0, 0, 0, 0, NULL),
(195, 'Biresh singh', '9140612076', 'Hba1c 6.8 with metformin 500 bd leta joon bp telzy 40', '2021-09-07 20:21:43', '', 0, 0, 'ffd050121', 1, 0, 0, 0, 0, 0, NULL),
(196, 'Sachin Kumar', '9886012481', 'HBA1c of my son is 12. How harmful is it? He is on Insulin.. We have increased the dose and it is improving. ', '2021-09-07 20:21:45', '', 0, 0, 'ffd050121', 1, 0, 0, 0, 0, 0, NULL),
(197, 'Sradhalin parida', '8099502446', 'Is jaggery a replacement of sugar in daily diet?', '2021-09-07 20:21:47', '', 0, 0, 'ffd050121', 1, 0, 0, 0, 0, 0, NULL),
(198, 'Sugandha Surve', '9867237624', 'Since my age is 71, I cannot do any Excercise. \r\nCan only walking will help to reduce sugar. ', '2021-09-07 20:21:55', '', 0, 0, 'ffd050121', 1, 0, 0, 0, 0, 0, NULL),
(199, 'vijay mankare', '9552502601', 'how to join 74th session', '2021-09-07 20:21:56', '', 0, 0, 'ffd050121', 1, 0, 0, 0, 0, 1, NULL),
(200, 'ONKAR SANJIV CHIVATE', '9822282554', 'can i eat wheat bread made at home\r\n', '2021-09-07 20:21:59', '', 0, 0, 'ffd050121', 1, 0, 0, 0, 0, 0, NULL),
(201, 'sbkatti@kknag.com', '9371081483', 'last month when i did check it is was 100 before fast and after food it is 173 should i continue ', '2021-09-07 20:22:03', '', 0, 0, 'ffd050121', 1, 0, 0, 0, 0, 0, NULL),
(202, 'Prahlad Rathod', '9428748914', 'hba1c 11', '2021-09-07 20:22:06', '', 0, 0, 'ffd050121', 1, 0, 0, 0, 0, 0, NULL),
(203, 'Pallavi Lokhande', '7666998671', 'If I can\'t do diet, am very bad at that? How much your program will help me?', '2021-09-07 20:22:09', '', 0, 0, 'ffd050121', 1, 0, 0, 0, 0, 0, NULL),
(204, 'Pinky Panchal', '9619154178', 'Wat about urine related disease wat drinks can we have', '2021-09-07 20:22:10', '', 0, 0, 'ffd050121', 1, 0, 0, 0, 0, 0, NULL),
(205, 'Sandhya Pandey', '7045557610', 'I am diabetic, Can I have little haldi milk before sleeping? ', '2021-09-07 20:22:12', '', 0, 0, 'ffd050121', 1, 0, 0, 0, 0, 0, NULL),
(206, 'SHYAM KUMAR', '7488338972', 'Thnks sir\r\nSir my age 25 and high fluctuations in diabetes\r\nReport some time fasting 100 and some time 150', '2021-09-07 20:22:12', '91', 0, 0, 'ffd050121', 1, 0, 0, 0, 0, 0, NULL),
(207, 'Priyanshi Pravin Deshmane', '7350685516', 'Sir 13 august ko detect hua hai? Aur sugar low ho jati hai? Iska mtlb kya hai? ', '2021-09-07 20:22:13', '91', 0, 0, 'ffd050121', 1, 0, 0, 0, 0, 0, NULL),
(208, 'RAMESH RAJAMANI', '9871593401', 'My Sugar levels fluctuates on a monthly basis between  84 to 120 (FF) and  132 to 176 (PP) . Is it a sign of diabetic ?', '2021-09-07 20:22:18', '', 0, 0, 'ffd050121', 1, 0, 0, 0, 0, 0, NULL),
(209, 'Reshma shaukat naik', '8095297718', 'Starting  mujhe kya karna hai', '2021-09-07 20:22:30', '91', 0, 0, 'ffd050121', 1, 0, 0, 0, 0, 0, NULL),
(210, 'Wajeeha ', '33429835', 'My blood sugar is 110 and HBA1C is 5.72% which program to join', '2021-09-07 20:22:42', '974', 0, 0, 'ffd050121', 1, 0, 0, 0, 0, 1, NULL),
(211, 'Sharadchandra Riswadkar', '9323464823', 'r sugar free tablets harmful? \r\nhow alkaline water of more than 8 pH will help?\r\nhow frequently blood sugar to be checked?\r\nif done testing at home what range for fasting and post lunch?', '2021-09-07 20:22:44', '', 0, 0, 'ffd050121', 1, 0, 0, 0, 0, 0, NULL),
(212, 'ONKAR SANJIV CHIVATE', '9822282554', 'how to follow when away from home', '2021-09-07 20:22:56', '', 0, 0, 'ffd050121', 1, 0, 0, 0, 0, 0, NULL),
(213, 'Anup Thakur ', '9822835577', 'Pain in foots n legs .lack of sleep ', '2021-09-07 20:22:56', '', 0, 0, 'ffd050121', 1, 0, 0, 0, 0, 0, NULL),
(214, 'Priyanka', '9140094441', 'Type 1 patients', '2021-09-07 20:23:01', '', 0, 0, 'ffd050121', 0, 0, 0, 0, 0, 0, NULL),
(215, 'PRASHANTH JATHANNA', '9742971777', 'HBA1C 9.4   IF I JOIN WILL IT CURE\r\n', '2021-09-07 20:23:01', '', 0, 0, 'ffd050121', 1, 0, 0, 0, 0, 0, NULL),
(216, 'VINITA TIWARY', '09216519305', 'My TSH came 0.03 on july03 and HBA1C 7.6 in which category i fall. On no pill still after watching your prog and making changes in diet and reducing ELTOXIN to 50mcg HBA1C to 7.2 on  7august . Pls advise', '2021-09-07 20:23:01', '91', 0, 0, 'ffd050121', 1, 0, 0, 0, 0, 0, NULL),
(217, 'vidyasagar.c.v', '9845202024', 'Can we get support in kannada ?', '2021-09-07 20:23:02', '', 0, 0, 'ffd050121', 1, 0, 0, 0, 0, 0, NULL),
(218, 'NRAPENDRA SINGH', '9140715901', 'MY FASTING IS 140 NORMAAL BASES AND PP IS 240-250 ON NORMAL BASES AND HBA1C 7.8 HOW DO I CONTROL MY DIABETES', '2021-09-07 20:23:04', '91', 0, 0, 'ffd050121', 1, 0, 0, 0, 0, 0, NULL),
(219, 'SAKTI RANJAN SETHI', '9438149341', 'also feel less muscle ', '2021-09-07 20:23:05', '', 0, 0, 'ffd050121', 1, 0, 0, 0, 0, 0, NULL),
(220, 'Sanchit khanna', '8847023790', 'Age 20 years recently\r\n20 days ago type 1 diagnosed \r\nTaking 26 units reduced from 90 units\r\nNow sugar level 102 to 110 fasting day time 115 to 140\r\nC peptide 0.45 fasting', '2021-09-07 20:23:09', '', 0, 0, 'ffd050121', 1, 0, 0, 0, 0, 0, NULL),
(221, 'sharat giri', '07264909011', 'HBA1C 7.2  ', '2021-09-07 20:23:16', '', 0, 0, 'ffd050121', 1, 0, 0, 0, 0, 0, NULL),
(222, 'J S MAMALEPATTANSHETTI ', '9449121750', 'I\'m staying alone in Chennai only rice items only what is the alternative sir\r\n', '2021-09-07 20:23:19', '91', 0, 0, 'ffd050121', 1, 0, 0, 0, 0, 0, NULL),
(223, 'Vishwesh Rathi', '9595412323', 'We need to test (Glucometer) BSL daily for some time if we join the program? ', '2021-09-07 20:23:21', '', 0, 0, 'ffd050121', 1, 0, 0, 0, 0, 0, NULL),
(224, 'Mohnish', '9226585635', 'I am bachelor and due to time constraints can i have meal only two times in day and obey your orders in that', '2021-09-07 20:23:22', '', 0, 0, 'ffd050121', 1, 0, 0, 0, 0, 0, NULL),
(225, 'G M', '9820747785', 'is medication metmorphin 500 twice a day for hb1ac = 7. IS it possible to stop medication in about 3 months', '2021-09-07 20:23:28', '', 0, 0, 'ffd050121', 1, 0, 0, 0, 0, 0, NULL),
(226, 'sanjay singhal', '9820800460', 'if we start the program and have to attend a party or dinner, can we cheat once in a while', '2021-09-07 20:23:29', '', 0, 0, 'ffd050121', 1, 0, 0, 0, 0, 0, NULL),
(227, 'DEEPAK uddhavrao DESHMUKH', '07588025237', 'HbAC 5. 4, , having post parafial hypoglycemia, sounds in ear, lipomas in thigh and shoulder', '2021-09-07 20:23:29', '', 0, 0, 'ffd050121', 1, 0, 0, 0, 0, 1, NULL),
(228, 'Priyanka', '9140094441', 'Type 1 patients groyp h you have', '2021-09-07 20:23:30', '', 0, 0, 'ffd050121', 1, 0, 0, 0, 0, 0, NULL),
(229, 'Priyanshi Pravin Deshmane', '7350685516', 'BSL din me 2bar kiya to kya hoga? Abhi 5 bar krne ke liye kaha hai? ', '2021-09-07 20:23:32', '91', 0, 0, 'ffd050121', 1, 0, 0, 0, 0, 0, NULL),
(230, 'Nirupama Aggarwal', '9896422540', 'Sir my son is diabetic and he is in Bangalore he is living alone can he join this programme ?', '2021-09-07 20:23:43', '', 0, 0, 'ffd050121', 1, 0, 0, 0, 0, 1, NULL),
(231, 'sanjay singhal', '9820800460', 'can we fast when we enrol for the program', '2021-09-07 20:23:44', '', 0, 0, 'ffd050121', 1, 0, 0, 0, 0, 0, NULL),
(232, 'priyanka karnawat', '09273189831', 'Pancreatitis mai stain dala diabetes reversal ho sakata hai kya', '2021-09-07 20:23:45', '', 0, 0, 'ffd050121', 1, 0, 0, 0, 0, 0, NULL),
(233, 'Bharat Chauhan', '8249621983', 'how to reduce sugar level(PP sugar) from 300 to 200 within 5 days because we have to do a eye cataract operation ?', '2021-09-07 20:23:46', '91', 0, 0, 'ffd050121', 1, 0, 0, 0, 0, 0, NULL),
(234, 'Ratan Roy', '7405042703', 'I am diabetic from last 12 year, I am taking 3 tablets in a day and my recent HB1C is 6.5. But suger level fluctuate a lot. Can it be reversed. Thanks', '2021-09-07 20:23:51', '44', 0, 0, 'ffd050121', 1, 0, 0, 0, 0, 0, NULL),
(235, 'Gyanmala Satyendra Kumar', '8469731166', 'Can we replace milk with soya milk?', '2021-09-07 20:23:55', '', 0, 0, 'ffd050121', 1, 0, 0, 0, 0, 0, NULL),
(236, 'Sri Rajeshwari Devi ', '09844396956', 'Wonderful session Thank you\r\nI am 6o yrs old . diabetic since 8 yrs. hb1c as become 8. asthmatic, 8 yrs back met with accident ,unable to do any exercise except 30 mins walk daily. since one year weight as increased 10 kgs,water logging', '2021-09-07 20:24:00', '91', 0, 0, 'ffd050121', 1, 0, 0, 0, 0, 0, NULL),
(237, 'ONKAR SANJIV CHIVATE', '9822282554', 'does online programme works as effectively as personal visit', '2021-09-07 20:24:18', '', 0, 0, 'ffd050121', 1, 0, 0, 0, 0, 0, NULL),
(238, 'Navneet Kumar', '8826198099', 'when the next batch will start as i am traveling for next two weeks?\r\n', '2021-09-07 20:24:24', '', 0, 0, 'ffd050121', 1, 0, 0, 0, 0, 1, NULL),
(239, 'Sugandha Surve', '9867237624', 'How to consult with you or your doctor team before joining program', '2021-09-07 20:24:29', '', 0, 0, 'ffd050121', 1, 0, 0, 0, 0, 1, NULL),
(240, 'Nitin Gupta', '9818263928', 'i learnt just now i am having faating 248 and hba1c = 11, i am 38 years old, I am one of the person whose victim of too much positive energy. which program i must enroll for ?', '2021-09-07 20:24:32', '', 0, 0, 'ffd050121', 1, 0, 0, 0, 0, 1, NULL),
(241, 'Sharadchandra Riswadkar', '9323464823', 'is treatment available at Mumbai offline?\r\nThis is called genetic also so from whom it is heredited from mother or father?', '2021-09-07 20:24:34', '', 0, 0, 'ffd050121', 1, 0, 0, 0, 0, 0, NULL),
(242, 'guru prasad', '9663556556', 'sir my report says 11%  should i start medicine or can manage with strict diet.', '2021-09-07 20:24:48', '91', 0, 0, 'ffd050121', 1, 0, 0, 0, 0, 0, NULL),
(243, 'KABITA BEGAM CHOUDHURY', '9435376639', 'Sir..does resistance exercise help?', '2021-09-07 20:25:11', '', 0, 0, 'ffd050121', 1, 0, 0, 0, 0, 0, NULL),
(244, 'Sharadchandra Riswadkar', '9323464823', 'what r smoothies?', '2021-09-07 20:25:15', '', 0, 0, 'ffd050121', 1, 0, 0, 0, 0, 0, NULL),
(245, 'Manjula Saxena', '09930091908', 'I am diabetic since about 20 years.\r\nMedicines on.\r\nWeight has decreased.\r\nLoss of muscle mass.\r\nCan u help please ', '2021-09-07 20:25:17', '', 0, 0, 'ffd050121', 1, 0, 0, 0, 0, 0, NULL),
(246, 'Anup Thakur ', '9822835577', 'Hb1ac is 9 weight is 79 bahoot suste pain n legs &foot ', '2021-09-07 20:25:34', '', 0, 0, 'ffd050121', 1, 0, 0, 0, 0, 0, NULL),
(247, 'Mohnish', '9226585635', 'I have a history of ALL and in regular pp fasting report i encountered by 75 and 205 is this serious ', '2021-09-07 20:25:40', '', 0, 0, 'ffd050121', 1, 0, 0, 0, 0, 0, NULL),
(248, 'Naveen Dubey', '09823006728', 'Can we have to wait for 15 mins after taking medicine to go for lunch or dinner', '2021-09-07 20:25:47', '91', 0, 0, 'ffd050121', 1, 0, 0, 0, 0, 0, NULL),
(249, 'Shailendra Singh', '9830042406', 'I have IBS. Cant take leafy vegetables or their juices. How can I join ? I am pre-diabetic. with HbA1c 6.5\r\n', '2021-09-07 20:25:47', '', 0, 0, 'ffd050121', 1, 0, 0, 0, 0, 0, NULL),
(250, 'UJJWAL SAHA', '9734050891', 'In early morning, after wake up I feel very weak and hungry', '2021-09-07 20:25:53', '', 0, 0, 'ffd050121', 1, 0, 0, 0, 0, 0, NULL),
(251, 'Manoj Kumar Pathak', '9979863582', 'sir, i have the following problems 1. Daibites 2. Blood prressure3.Chelestrol4.Skin Problem 6.Tingling in hand and leg 7. frozen shoulder 8. Muscle pain 9. Acidity 9. Joint Pain 10.\r\n\r\nI am suffering for the last 8 years and taking treatment under the doctor. How i can take treatment und you because i am leaving abroad. I have to admit your clinc. please advice.', '2021-09-07 20:26:15', '', 0, 0, 'ffd050121', 1, 0, 0, 0, 0, 1, NULL),
(252, 'NRAPENDRA SINGH', '9140715901', 'HOW CAN I CONTROL THYROID?\r\n', '2021-09-07 20:26:24', '91', 0, 0, 'ffd050121', 1, 0, 0, 0, 0, 0, NULL),
(253, 'sunil krishnan', '9987433222', 'how can i join the program ', '2021-09-07 20:26:28', '', 0, 0, 'ffd050121', 1, 0, 0, 0, 0, 1, NULL),
(254, 'Shilpa', '8790422616', 'Sir, in-between koi query ho toh kya mentors KO hum approach karsakte hai kya? As stating mein thoda queries rahti hai.', '2021-09-07 20:26:32', '', 0, 0, 'ffd050121', 1, 0, 0, 0, 0, 0, NULL),
(255, 'Diwakar kumar Das', '9304846462', 'Roti kitna khana chahiye', '2021-09-07 20:26:32', '', 0, 0, 'ffd050121', 1, 0, 0, 0, 0, 0, NULL),
(256, 'Mehtab Lepcha', '9810833423', 'How much of non veg? ', '2021-09-07 20:26:35', '', 0, 0, 'ffd050121', 1, 0, 0, 0, 0, 0, NULL),
(257, 'Munesh Upadhyaya ', '9457402269', 'HbA1C 9 aya hai medicine local Dr se leni hogi ya aap ke Doctor dege and payment link bhejege ', '2021-09-07 20:26:48', '', 0, 0, 'ffd050121', 1, 0, 0, 0, 0, 1, NULL),
(258, 'Krishanu', '9051345888', 'What is the best exercise.. I have hba1c 8.2.', '2021-09-07 20:27:52', '', 0, 0, 'ffd050121', 1, 0, 0, 0, 0, 0, NULL),
(259, 'Neetu Gupta', '8527363300', 'How do I contact counsellor before starting the program ', '2021-09-07 20:28:04', '', 0, 0, 'ffd050121', 1, 0, 0, 0, 0, 1, NULL),
(260, 'pradeep kumar mishra', '9437383470', 'SOME OF THE TERMS IN HINDI ARE NOT UNDERSTANDABLE. CAN YOU PLEASE GIVE THE RECORDED VIDEO IN ENGLISH FOR 4 HOURS TOMORROW EVENING AFTER 5 P.M. IT IS AN EXCELLENT PROGRAMME.', '2021-09-07 20:28:15', '', 0, 0, 'ffd050121', 1, 0, 0, 0, 0, 0, NULL),
(261, 'AASHAY HITESHBHAI CHAUDHARI', '7984744915', 'HbA1c - 7.6 \r\nFasting sugar -138mg/dl\r\nPp2bs - 75 \r\nTYPE 1 DIABETES\r\ninsulin dose - morning 6 unit\r\n                      Evening 4 unit\r\nFasting C peptide - 0.54\r\nSuggestions??', '2021-09-07 20:28:16', '', 0, 0, 'ffd050121', 1, 0, 0, 0, 0, 0, NULL),
(262, 'Sugandha Surve', '9867237624', 'You have any 3 / 6 months program', '2021-09-07 20:28:31', '', 0, 0, 'ffd050121', 0, 0, 0, 0, 0, 0, NULL),
(263, 'Shrabanti majumder debnath', '9902508123', 'Hba1c 6.2 and pp 226 it belongs to which grp', '2021-09-07 20:28:44', '', 0, 0, 'ffd050121', 0, 0, 0, 0, 0, 0, NULL),
(264, 'Shrabanti majumder debnath', '9902508123', 'Hba1c 6.2 and pp 226 it belongs to which grp', '2021-09-07 20:28:47', '', 0, 0, 'ffd050121', 1, 0, 0, 0, 0, 0, NULL),
(265, 'Shrabanti majumder debnath', '9902508123', 'Hba1c 6.2 and pp 226 it belongs to which grp', '2021-09-07 20:28:47', '', 0, 0, 'ffd050121', 1, 0, 0, 0, 0, 0, NULL);
INSERT INTO `tbl_questions` (`id`, `user_name`, `user_phone`, `user_question`, `asked_at`, `user_code`, `speaker`, `answered`, `eventname`, `responded`, `doctor`, `diet`, `exercise`, `mentor`, `operations`, `remark`) VALUES
(266, 'Shrabanti majumder debnath', '9902508123', 'Hba1c 6.2 and pp 226 it belongs to which grp', '2021-09-07 20:28:47', '', 0, 0, 'ffd050121', 0, 0, 0, 0, 0, 0, NULL),
(267, 'Shrabanti majumder debnath', '9902508123', 'Hba1c 6.2 and pp 226 it belongs to which grp', '2021-09-07 20:28:47', '', 0, 0, 'ffd050121', 0, 0, 0, 0, 0, 0, NULL),
(268, 'Shrabanti majumder debnath', '9902508123', 'Hba1c 6.2 and pp 226 it belongs to which grp', '2021-09-07 20:28:47', '', 0, 0, 'ffd050121', 0, 0, 0, 0, 0, 0, NULL),
(269, 'Priyanshi Pravin Deshmane', '7350685516', 'Sir c-peptide fasting 0.11 hai.. My 2 years baby.. Type 1 hai.. To reverse ke chances hai kya? ', '2021-09-07 20:28:49', '91', 0, 0, 'ffd050121', 1, 0, 0, 0, 0, 0, NULL),
(270, 'Pooja jain', '9769623380', 'Sequence of eating in lunch/dinner...', '2021-09-07 20:28:49', '', 0, 0, 'ffd050121', 1, 0, 0, 0, 0, 0, NULL),
(271, 'K V Shaila', '9632684845', 'From when does this session starts', '2021-09-07 20:28:56', '', 0, 0, 'ffd050121', 1, 0, 0, 0, 0, 0, NULL),
(272, 'Anjlee Shandilya', '09910183888', 'I am diabetic from last 3 tears. M y HbA1c is 8.6 . I take janumet medicine, my weight is 85 kgs \r\nMy focus is diabetes and weight lose.\r\n', '2021-09-07 20:29:15', '', 0, 0, 'ffd050121', 1, 0, 0, 0, 0, 1, NULL),
(273, 'sunil krishnan', '9987433222', 'very beautiful and knowledgeable program. very informative. Thank you so much Dr Pramod Tirpathi ', '2021-09-07 20:29:28', '', 0, 0, 'ffd050121', 1, 0, 0, 0, 0, 0, NULL),
(274, 'Shweta', '9212013696', 'Suffering from Thyroid & skin issue with more weight..', '2021-09-07 20:29:41', '', 0, 0, 'ffd050121', 1, 0, 0, 0, 0, 1, NULL),
(275, 'Mohnish', '9226585635', 'Is Groundnut recommended for diabetes ', '2021-09-07 20:29:49', '', 0, 0, 'ffd050121', 1, 0, 0, 0, 0, 0, NULL),
(276, 'Deoshree Sharma', '524878985', 'Thyroid reversal possible.?', '2021-09-07 20:30:17', '971', 0, 0, 'ffd050121', 1, 0, 0, 0, 0, 0, NULL),
(277, 'VENKATESH DASMAPURE', '9552564266', 'Am i eligible to join the program. Also this will help me to get rid of bypass surgery.  Pls advise ', '2021-09-07 20:30:24', '', 0, 0, 'ffd050121', 1, 0, 0, 0, 0, 0, NULL),
(278, 'Anishka Majethia', '9825803345', 'I have GERD and asthma and allergies...which might hamper my program of diabetes also...so will it be okay?? can i get a consultation before payment only to make sure it would be fine?', '2021-09-07 20:30:31', '', 0, 0, 'ffd050121', 1, 0, 0, 0, 0, 1, NULL),
(279, 'Priyanka meena ', '9821877582', 'Sir maira 6.9 h fasting 150 average ', '2021-09-07 20:30:40', '', 0, 0, 'ffd050121', 1, 0, 0, 0, 0, 0, NULL),
(280, 'apeksha joshi', '19402937561', 'PCOD ki problem hai ?uske liye kab register kab karna hai?\r\n', '2021-09-07 20:31:16', '1', 0, 0, 'ffd050121', 1, 0, 0, 0, 0, 1, NULL),
(281, 'Aurobinda Prasada Rout', '9791121934', 'How to check my diabetes can reverse ', '2021-09-07 20:31:21', '91', 0, 0, 'ffd050121', 1, 0, 0, 0, 0, 1, NULL),
(282, 'Anishka Majethia', '9825803345', 'if we don\'t want to wait for the next registration... but need some time for deciding..after how many days max can i join?', '2021-09-07 20:31:40', '', 0, 0, 'ffd050121', 1, 0, 0, 0, 0, 1, NULL),
(283, 'Shweta', '9212013696', 'Can take honey', '2021-09-07 20:31:49', '', 0, 0, 'ffd050121', 1, 0, 0, 0, 0, 0, NULL),
(284, 'Pramod mahadev shelake', '8692005050', 'Meri sugar level 170 hai. Hb1ac 6.8 suggest diet and excerise', '2021-09-07 20:31:58', '', 0, 0, 'ffd050121', 1, 0, 0, 0, 0, 0, NULL),
(285, 'Amandeep', '9871938531', 'Can we take cow milk?\r\n', '2021-09-07 20:32:04', '', 0, 0, 'ffd050121', 1, 0, 0, 0, 0, 0, NULL),
(286, 'Bibekananda Behera', '7008220516', 'I have prediabetes since 1 years and gastrointestinal since 12 years also piles from 8 months ', '2021-09-07 20:32:32', '', 0, 0, 'ffd050121', 1, 0, 0, 0, 0, 0, NULL),
(287, 'Seema Agarwal', '8329976587', 'Can I contact Doctor on call before registering?', '2021-09-07 20:32:50', '', 0, 0, 'ffd050121', 1, 0, 0, 0, 0, 1, NULL),
(288, 'Diwakar kumar Das', '9304846462', 'Ankurit chana ka sakte hai', '2021-09-07 20:33:39', '', 0, 0, 'ffd050121', 1, 0, 0, 0, 0, 0, NULL),
(289, 'Pooja jain', '9769623380', 'Any vegetable / fruit to be avoided in 1st phase', '2021-09-07 20:34:09', '', 0, 0, 'ffd050121', 1, 0, 0, 0, 0, 0, NULL),
(290, 'Manoj Kumar Pathak', '9979863582', 'I have a test report, how I can send it please advice', '2021-09-07 20:34:23', '', 0, 0, 'ffd050121', 1, 0, 0, 0, 0, 1, NULL),
(291, 'ANJALEE SHAANDILYA', '9910183888', 'I HAVE SKIN PROBLEM ALSO. MY ESR IS 51, ITCHING, LOW ON ENERGY, STRESSED ', '2021-09-07 20:34:27', '91', 0, 0, 'ffd050121', 1, 0, 0, 0, 0, 0, NULL),
(292, 'TRUPTI SARAYKAR', '9823016492', 'HBA1C 6.2, on ayurvedic medicines,thyroid 50 mg ,weight 60 kg ,height 5.4\'\r\nwhich plan shoud i join sir?\r\n', '2021-09-07 20:34:49', '91', 0, 0, 'ffd050121', 1, 0, 0, 0, 0, 0, NULL),
(293, 'Rajesh lal', '9918701944', 'I am diabetic for 20_21 year\r\nCan I join.', '2021-09-07 20:35:37', '', 0, 0, 'ffd050121', 1, 0, 0, 0, 0, 1, NULL),
(294, 'Pritesh Arun Badgujar', '8329925671', 'Resp sir, my sugar was sprike in last year ,i have quitted eating dairy products, roti , rice and i am also following exercises but still my c peptide level is 0.02,hba1c 11.5 can i reverse\r\n', '2021-09-07 20:35:45', '', 0, 0, 'ffd050121', 1, 0, 0, 0, 0, 0, NULL),
(295, 'Anishka Majethia', '9825803345', 'what is the process of telling all our problems before joining or paying?', '2021-09-07 20:35:55', '', 0, 0, 'ffd050121', 1, 0, 0, 0, 0, 1, NULL),
(296, 'peddapatlolla srikanth reddy', '9441109775', 'Diabetic since 6 months, hba1c was 8, came down to 7.2 after using pancha gavya medicine. Can i use this medicine if joining your 1 year program.', '2021-09-07 20:36:18', '91', 0, 0, 'ffd050121', 1, 0, 0, 0, 0, 0, NULL),
(297, 'Mohnish', '9226585635', 'For joining this program reports are required ', '2021-09-07 20:36:22', '', 0, 0, 'ffd050121', 1, 0, 0, 0, 0, 1, NULL),
(298, 'Bitun Chakraborty', '9954561757', 'After taking medicine suger lavel 280, I have type 2 dibatis ', '2021-09-07 20:36:33', '', 0, 0, 'ffd050121', 1, 0, 0, 0, 0, 0, NULL),
(299, 'Bharati Darade ', '9662020179', 'Sir hypothoried hai weight loss hoga', '2021-09-07 20:37:10', '', 0, 0, 'ffd050121', 1, 0, 0, 0, 0, 0, NULL),
(300, 'Dayanand', '7506189299', 'Thank you Sir for the information. I have not received joining mail or SMS, please help to send so that I can join the program.', '2021-09-07 20:37:16', '', 0, 0, 'ffd050121', 1, 0, 0, 0, 0, 1, NULL),
(301, 'Prahlad Rathod', '9428748914', 'i am working in shift. how can i attand preplanned session', '2021-09-07 20:37:24', '', 0, 0, 'ffd050121', 1, 0, 0, 0, 0, 0, NULL),
(302, 'Sunita datana', '9050901879', 'I am only taking ayurvedic medicine right now there is no control now my fasting sugar levels is 350 am worriedðŸ˜”', '2021-09-07 20:37:51', '', 0, 0, 'ffd050121', 1, 0, 0, 0, 0, 0, NULL),
(303, 'UJJWAL SAHA', '9734050891', 'Two to three times hypo in last one year', '2021-09-07 20:39:10', '', 0, 0, 'ffd050121', 1, 0, 0, 0, 0, 0, NULL),
(304, 'Iram Mokashi', '8275457474', 'Sir my daughter is 5 years old and just last week the sugar is detected, and her C-peptide is 0.33 can we reversal her sugar or what we have to do for her better recovery?\r\n', '2021-09-07 20:40:01', '', 0, 0, 'ffd050121', 1, 0, 0, 0, 0, 0, NULL),
(305, 'kamiya', '9500029595', 'i am satyanarayan bhootra  my sugar level is HbA1c 9.9 what shld i do\r\n', '2021-09-07 20:40:25', '', 0, 0, 'ffd050121', 1, 0, 0, 0, 0, 1, NULL),
(306, 'kamiya', '9500029595', 'hypotisisB i am a patient of \r\n', '2021-09-07 20:41:18', '', 0, 0, 'ffd050121', 1, 0, 0, 0, 0, 0, NULL),
(307, 'Nirupama Aggarwal', '9896422540', 'Thanks a lot doctor this session was very informative ', '2021-09-07 20:41:23', '', 0, 0, 'ffd050121', 1, 0, 0, 0, 0, 0, NULL),
(308, 'Kamalakar Manjarekar', '8097618747', 'Blood suger low hojaye aur chakkar aane lage toh kya karna chahiye', '2021-09-07 20:41:39', '91', 0, 0, 'ffd050121', 1, 0, 0, 0, 0, 0, NULL),
(309, 'kamiya', '9500029595', 'i have reports whr can i send you\r\n', '2021-09-07 20:41:41', '', 0, 0, 'ffd050121', 1, 0, 0, 0, 0, 1, NULL),
(310, 'Vinod arora', '9229980048', 'Good session thanks', '2021-09-07 20:41:51', '', 0, 0, 'ffd050121', 1, 0, 0, 0, 0, 0, NULL),
(311, 'Bharat Chauhan', '8249621983', 'Sir i repeat my question, how to reduce sugar level from 300 to 150 within 5 days. i need to an eye cataract operation in next 5 days. Please let me know the process to follow to reduce sugar levels', '2021-09-07 20:42:38', '91', 0, 0, 'ffd050121', 1, 0, 0, 0, 0, 0, NULL),
(312, 'Pinky Panchal', '9619154178', 'Can we drink soyamilk', '2021-09-07 20:43:07', '', 0, 0, 'ffd050121', 1, 0, 0, 0, 0, 0, NULL),
(313, 'VINODAN CHINGAN', '8888848380', 'I AM 53 YEARS OLD , 5 YEARS HIPER TENSION AND  4YEARS  DIABETIC , HB1AC -7.7 , TAKING GLIMISAVE2.3 TABLETS 1IN MORNING AND  0.5 ON NIGHT . HAVING SHOULDER PAIN AND NECK PAIN CAN I JOIN THE PROGRAM.', '2021-09-07 20:44:24', '91', 0, 0, 'ffd050121', 1, 0, 0, 0, 0, 1, NULL),
(314, 'Preeti Awasthi', '9936126262', 'Is Yakult of any help?\r\n', '2021-09-07 20:45:12', '91', 0, 0, 'ffd050121', 1, 0, 0, 0, 0, 0, NULL),
(315, 'P R Basha', '8639568990', 'Sir iam taking glimsave MV2 and janumet 50/500 how to reduce our dosage', '2021-09-07 20:49:04', '', 0, 0, 'ffd050121', 1, 0, 0, 0, 0, 0, NULL),
(316, 'tapan Agarwal ', '9892019787', 'my creatine is 3.5  can it get cut down', '2021-09-07 20:49:30', '', 0, 0, 'ffd050121', 1, 0, 0, 0, 0, 1, NULL),
(317, 'Amandeep', '9871938531', 'Can I get only stress management program.. Thanks', '2021-09-07 20:50:50', '', 0, 0, 'ffd050121', 1, 0, 0, 0, 0, 0, NULL),
(318, 'AISHWERYA DEVI', '9806654423', 'insulin 16 units mornings 10 unit evening dono time  500mg metaformin le rahi hu.\r\n', '2021-09-07 20:51:03', '', 0, 0, 'ffd050121', 1, 0, 0, 0, 0, 0, NULL),
(319, 'meena cheke', '9049755343', 'Hi sir I am vijay cheke I am sharing\r\ngeneral sugar. 315\r\nS.cholesterol. 190\r\nS triglycerides 230\r\nthyroid pane 4.7 ', '2021-09-07 20:51:22', '', 0, 0, 'ffd050121', 1, 0, 0, 0, 0, 0, NULL),
(320, 'Sachin Kumar', '9886012481', 'My son is diagnosed with T1D and his C-Peptide levels were 1.2 when he was diagnosed, rose upto 1.53 and recently it has dropped to 0.5. He is 9 years old. He has been advised to give more Insulin units (~26-28). Is there a change in the Diet plan for Kids. ', '2021-09-07 20:51:26', '', 0, 0, 'ffd050121', 1, 0, 0, 0, 0, 0, NULL),
(321, 'Naveen', '9823006728', 'Pls help to arrange a call', '2021-09-07 20:51:42', '91', 0, 0, 'ffd050121', 1, 0, 0, 0, 0, 1, NULL),
(322, 'kamiya', '9500029595', 'very good show i am satyanaran my sugar is 9.9 i am heepatisis b pateint also what to do whr to send u report\r\n', '2021-09-07 20:52:10', '', 0, 0, 'ffd050121', 1, 0, 0, 0, 0, 1, NULL),
(323, 'Ekta rastogi', '9050708019', 'Feb 21 mein sugar detect Bua hai.. hba1c 13.5 tha Abhi 8.8 haiâ€¦ sugar bhut up down bite haiâ€¦ Abhi 5 times medicine and nyt time insulin par hu.. age 33', '2021-09-07 20:52:51', '', 0, 0, 'ffd050121', 1, 0, 0, 0, 0, 1, NULL),
(324, 'Mahesh Ananda shinde', '9825950912', 'Pl tell test before joining? ', '2021-09-07 20:53:13', '', 0, 0, 'ffd050121', 1, 0, 0, 0, 0, 1, NULL),
(325, 'ONKAR SANJIV CHIVATE', '9822282554', '36 years old I recently diagnosed with diabetes my fasting sugar is 137 and PP is 238', '2021-09-07 20:53:29', '', 0, 0, 'ffd050121', 1, 0, 0, 0, 0, 0, NULL),
(326, 'Preeti Awasthi', '9936126262', 'I got tested with fasting sugar 345 and PP 588 six months ago. After regular medication, it is 128 fasting and 126 PP. What should I do?', '2021-09-07 20:54:06', '91', 0, 0, 'ffd050121', 1, 0, 0, 0, 0, 1, NULL),
(327, 'jai prakash narayan singh', '09431034172', 'Pls tell me about EMI option.', '2021-09-07 20:54:15', '', 0, 0, 'ffd050121', 1, 0, 0, 0, 0, 1, NULL),
(328, 'Kamalakar B ', '9704253453', 'Please answer. My Hba1C is 11. Fasting 159 Post lunch 402. Recovered from covid a week ago. Is it drug induced Or had I been diabetic before. I never had any symptoms. Which batch can I join. ', '2021-09-07 20:54:19', '', 0, 0, 'ffd050121', 1, 0, 0, 0, 0, 0, NULL),
(329, 'Rakesh Singhi', '9852023432', 'Diabetic à¤¹à¥‚à¤‚ 10à¤¸à¤¾à¤² à¤¸à¥‡à¥¤ My age..43\r\nHABC 1.......11.8\r\nFASTING WAS 200 UPTO 20JULY 2021\r\nGlucoryl Mv 2.....2times & Dynaglipt...2times\r\nPantup Dsr..1,\r\n\r\n', '2021-09-07 20:55:26', '977', 0, 0, 'ffd050121', 1, 0, 0, 0, 0, 0, NULL),
(330, 'Puran dev', '09818379359', 'Is raagi bad as a diet for type 2?', '2021-09-07 20:55:47', '', 0, 0, 'ffd050121', 1, 0, 0, 0, 0, 0, NULL),
(331, 'Deoshree Sharma', '524878985', 'hypothyroid is reversible?', '2021-09-07 20:56:08', '971', 0, 0, 'ffd050121', 1, 0, 0, 0, 0, 0, NULL),
(332, 'ONKAR SANJIV CHIVATE', '9822282554', 'Can I have wheat bread made at home', '2021-09-07 20:57:14', '', 0, 0, 'ffd050121', 1, 0, 0, 0, 0, 0, NULL),
(333, 'Prahlad Rathod', '9428748914', 'payment awaited message displayed', '2021-09-07 20:57:44', '', 0, 0, 'ffd050121', 1, 0, 0, 0, 0, 1, NULL),
(334, 'Meena Masrani', '9823692423', 'I am 61 years old female and suffer from ANA (Auto immune disease), have 10.5 Haemoglobin, Hypothyroid, high BP, overweight and have undergone Total Knee replacement (right knee). No diabetes. Is the program advisable for me? What steps are recommended for me?', '2021-09-07 20:58:36', '', 0, 0, 'ffd050121', 1, 0, 0, 0, 0, 1, NULL),
(335, 'Pradeep', '9052272461', 'One more question for my previous one, as I said My serum creatinine is 1.5, Can it be reduced?', '2021-09-07 20:59:05', '', 0, 0, 'ffd050121', 1, 0, 0, 0, 0, 0, NULL),
(336, 'Pallavi', '7666998671', 'Can I try for a month and then continue?', '2021-09-07 20:59:42', '', 0, 0, 'ffd050121', 1, 0, 0, 0, 0, 1, NULL),
(337, 'Pritesh Arun Badgujar', '8329925671', 'hba1c=11.5,c-peptide=0.02 type 1 from last year, can you help me', '2021-09-07 20:59:56', '', 0, 0, 'ffd050121', 0, 0, 0, 0, 0, 0, NULL),
(338, 'Diwakar kumar Das', '9304846462', 'Savi tarah ka vegetable kha  sakte hai', '2021-09-07 21:00:14', '', 0, 0, 'ffd050121', 1, 0, 0, 0, 0, 0, NULL),
(339, 'Pooja jain', '9769623380', 'How we come to know that we should chk with dr to stop medicine', '2021-09-07 21:00:30', '', 0, 0, 'ffd050121', 1, 0, 0, 0, 0, 1, NULL),
(340, 'G M', '9820747785', 'what is the immediate releif for burning feet', '2021-09-07 21:00:49', '', 0, 0, 'ffd050121', 1, 0, 0, 0, 0, 0, NULL),
(341, 'Sugandha Surve', '9867237624', 'Can i try for one month and then join programm', '2021-09-07 21:01:11', '', 0, 0, 'ffd050121', 1, 0, 0, 0, 0, 0, NULL),
(342, 'LAKHAN PRASAD ', '8102447054', 'I am suffering from diabetes for 4 years. Hba1c- 8 and 24th aug 21 ko colone cancer ka operation hua hai. Kya mera reversal ho sakta hai. Blood sugar random 271 hai.', '2021-09-07 21:01:45', '', 0, 0, 'ffd050121', 1, 0, 0, 0, 0, 1, NULL),
(343, 'Kalpana patil ', '9970920464', 'Half session not witnessed.wheather available in Marathi vedeos', '2021-09-07 21:02:13', '', 0, 0, 'ffd050121', 1, 0, 0, 0, 0, 0, NULL),
(344, 'Biresh singh', '9140612076', 'Counseller se baat karna hai sir', '2021-09-07 21:04:13', '', 0, 0, 'ffd050121', 1, 0, 0, 0, 0, 1, NULL),
(345, 'Wajeeha ', '33429835', 'Would like to join plz recommend mentor', '2021-09-07 21:04:39', '974', 0, 0, 'ffd050121', 1, 0, 0, 0, 0, 1, NULL),
(346, 'Maheshwari D', '9849588013', 'my hbA1c9.4.....fbs 205 and plbs 365..and taking 60 units insulin having microalbuminuria 353.pls advise', '2021-09-07 21:04:52', '', 0, 0, 'ffd050121', 1, 0, 0, 0, 0, 1, NULL),
(347, 'Neetu Gupta', '8527363300', 'Can counsellor call me? I am vegan and weight is above 150 kgs.', '2021-09-07 21:05:11', '', 0, 0, 'ffd050121', 1, 0, 0, 0, 0, 1, NULL),
(348, 'Puran dev', '09818379359', 'what are the subsitute for Raagi and wheat for type 2', '2021-09-07 21:05:17', '', 0, 0, 'ffd050121', 1, 0, 0, 0, 0, 0, NULL),
(349, 'Amandeep', '9871938531', 'Am pre Diabetic with Fasting 94-105, can I take Milk, Paneer or Cow Milk..\r\n', '2021-09-07 21:05:44', '', 0, 0, 'ffd050121', 1, 0, 0, 0, 0, 0, NULL),
(350, 'Ajit patil', '9886666264', 'Call arrange plz', '2021-09-07 21:06:13', '', 0, 0, 'ffd050121', 1, 0, 0, 0, 0, 1, NULL),
(351, 'Kamalakar B ', '9704253453', 'My mother is 59. Has polyarthritis. On BP medication. What benefit shall she get of the program', '2021-09-07 21:06:38', '', 0, 0, 'ffd050121', 1, 0, 0, 0, 0, 0, NULL),
(352, 'jai prakash narayan singh', '09431034172', 'Wants to join.pls ask consular to call.', '2021-09-07 21:06:39', '', 0, 0, 'ffd050121', 1, 0, 0, 0, 0, 1, NULL),
(353, 'Sharadchandra Riswadkar', '9323464823', 'which fruits r most suitable?', '2021-09-07 21:08:12', '', 0, 0, 'ffd050121', 1, 0, 0, 0, 0, 0, NULL),
(354, 'Anup Thakur ', '9822835577', 'Sir very good session Insulin kitna kam karta hai koun sa test hota hai ', '2021-09-07 21:09:59', '', 0, 0, 'ffd050121', 1, 0, 0, 0, 0, 0, NULL),
(355, 'SHASHI KANT KESHRI', '8864060369', 'à¤ªà¤¾à¤‚à¤š à¤¸à¤¾à¤² à¤¸à¥‡ à¤¡à¤¾à¤¯à¤¬à¤¿à¤Ÿà¥€à¤œ à¤¹à¥ˆ à¤…à¤¬ à¤œà¤¾à¤‚à¤˜ à¤®à¥‡à¤‚ à¤¦à¤°à¥à¤¦ à¤¹à¥‹ à¤°à¤¹à¤¾ à¤¹à¥ˆ à¤•à¤®à¤œà¥‹à¤°à¥€ à¤¹à¥ˆ', '2021-09-07 21:10:26', '', 0, 0, 'ffd050121', 1, 0, 0, 0, 0, 1, NULL),
(356, 'Prahlad Rathod', '9428748914', 'i have joined', '2021-09-07 21:10:42', '', 0, 0, 'ffd050121', 1, 0, 0, 0, 0, 0, NULL),
(357, 'Pritesh Arun Badgujar', '8329925671', 'hba1c 11.5 c peptide0.02 type 1 can you help me', '2021-09-07 21:10:53', '', 0, 0, 'ffd050121', 1, 0, 0, 0, 0, 0, NULL),
(358, 'Preeti Awasthi', '9936126262', 'Is tea to be taken without both milk and sugar? Can aerated soft drinks be taken occasionally?', '2021-09-07 21:11:46', '91', 0, 0, 'ffd050121', 1, 0, 0, 0, 0, 0, NULL),
(359, 'Dr Nagaraj A M', '9980560364', 'Because of high sugar I have ek n infection HBa1c 9 I need to under go consultation', '2021-09-07 21:13:27', '', 0, 0, 'ffd050121', 1, 0, 0, 0, 0, 1, NULL),
(360, 'Ahmed Khan', '0506243968', 'Very informative, thanks.can I get a recorded video of this session later\r\n', '2021-09-07 21:14:04', '971', 0, 0, 'ffd050121', 1, 0, 0, 0, 0, 0, NULL),
(361, 'Neetu Gupta', '8527363300', 'I want to talk to Dr. as I am overweight, with medicine HbA1C is 7. I eat only twice a day ', '2021-09-07 21:14:05', '', 0, 0, 'ffd050121', 1, 0, 0, 0, 0, 0, NULL),
(362, 'Sharadchandra Riswadkar', '9323464823', 'IS FASTING AND POST LUNCH SUGAR LEVELS R DIFFERENT FOR DIFFERENT AGE GROUPS?', '2021-09-07 21:14:12', '', 0, 0, 'ffd050121', 1, 0, 0, 0, 0, 0, NULL),
(363, 'Manjula prajapat', '9649917769', 'Hba1c 13.9 and diabetes from last 1 year', '2021-09-07 21:14:16', '91', 0, 0, 'ffd050121', 1, 0, 0, 0, 0, 1, NULL),
(364, 'Bitun Chakraborty', '9954561757', 'Suffering in hairloss problem..is it for diabetes?', '2021-09-07 21:15:23', '', 0, 0, 'ffd050121', 1, 0, 0, 0, 0, 0, NULL),
(365, 'K V Shaila', '9632684845', 'How to join now', '2021-09-07 21:15:28', '', 0, 0, 'ffd050121', 1, 0, 0, 0, 0, 1, NULL),
(366, 'Bharati Darade ', '9662020179', 'My husband fasting sugar first time reported 116 \r\nWhat to do can he join for reversal', '2021-09-07 21:15:43', '', 0, 0, 'ffd050121', 1, 0, 0, 0, 0, 1, NULL),
(367, 'TRUPTI SARAYKAR', '9823016492', 'want to talk to consellor', '2021-09-07 21:16:32', '91', 0, 0, 'ffd050121', 1, 0, 0, 0, 0, 1, NULL),
(368, 'SURENDRA KUMAR CHOUDHARI', '7715928683', 'Can severe Rheumatoid Arthritis patient join the programme? ', '2021-09-07 21:17:13', '', 0, 0, 'ffd050121', 1, 0, 0, 0, 0, 0, NULL),
(369, 'KUMARAN', '9400701334', 'I am aged 58 years. Metformin 500 mg  taken for morning and night. Frequent urination during morning and night. HBA1C 6.7. 15 days back fasting sugar 111 mg. Kindly help', '2021-09-07 21:17:32', '', 0, 0, 'ffd050121', 1, 0, 0, 0, 0, 0, NULL),
(370, 'Sharadchandra Riswadkar', '9323464823', 'WHAT R THE COST FOR RESIDENT PROGRAM ? IF IT SI DONE THEN FULL YEAR PROGRAM IS ALSO REQUIRED?', '2021-09-07 21:17:45', '', 0, 0, 'ffd050121', 1, 0, 0, 0, 0, 0, NULL),
(371, 'AASHAY HITESHBHAI CHAUDHARI', '7984744915', 'Juwar ki roti ?', '2021-09-07 21:19:42', '', 0, 0, 'ffd050121', 1, 0, 0, 0, 0, 0, NULL),
(372, 'Sradhalin parida', '8099502446', 'Could not connect properly', '2021-09-07 21:19:53', '', 0, 0, 'ffd050121', 1, 0, 0, 0, 0, 1, NULL),
(373, 'K V Sarath Chandra Mouli', '9886452525', '1. What are the causes for Type 1 Diabetes?\r\n2. what Food to take to reduce the Sugar levels.\r\n3. How long should i take the Insulin?\r\n\r\n', '2021-09-07 21:19:55', '', 0, 0, 'ffd050121', 1, 0, 0, 0, 0, 0, NULL),
(374, 'ANJALEE SHAANDILYA', '9910183888', 'how do v join ? link pl\r\n', '2021-09-07 21:19:56', '91', 0, 0, 'ffd050121', 1, 0, 0, 0, 0, 1, NULL),
(375, 'Mahesh Ananda shinde', '9825950912', 'Concealment call pl', '2021-09-07 21:19:58', '', 0, 0, 'ffd050121', 1, 0, 0, 0, 0, 1, NULL),
(376, 'Kamalakar B ', '9704253453', 'Does the program suitable for travelling busimess professionsls. ', '2021-09-07 21:19:59', '', 0, 0, 'ffd050121', 1, 0, 0, 0, 0, 0, NULL),
(377, 'Diwakar kumar Das', '9304846462', 'Recorded video kab milega', '2021-09-07 21:20:00', '', 0, 0, 'ffd050121', 1, 0, 0, 0, 0, 0, NULL),
(378, 'Sharadchandra Riswadkar', '9323464823', 'VERY INFORMATIVE.THANKS SIR', '2021-09-07 21:20:03', '', 0, 0, 'ffd050121', 1, 0, 0, 0, 0, 0, NULL),
(379, 'Vishwesh Rathi', '9595412323', 'Thank you', '2021-09-07 21:20:06', '', 0, 0, 'ffd050121', 1, 0, 0, 0, 0, 0, NULL),
(380, 'K V Shaila', '9632684845', 'How can I join \r\n', '2021-09-07 21:20:07', '', 0, 0, 'ffd050121', 1, 0, 0, 0, 0, 1, NULL),
(381, 'Priyanshi Pravin Deshmane', '7350685516', 'Now c. Peptide à¥¦.à¥§à¥§', '2021-09-07 21:20:10', '91', 0, 0, 'ffd050121', 1, 0, 0, 0, 0, 0, NULL),
(382, 'Nitin Gupta', '9818263928', 'DO i need to start with medication or wait for your doctors to suggest', '2021-09-07 21:20:16', '', 0, 0, 'ffd050121', 1, 0, 0, 0, 0, 0, NULL),
(383, 'G M', '9820747785', 'thank you very much for this session!!!', '2021-09-07 21:20:24', '', 0, 0, 'ffd050121', 1, 0, 0, 0, 0, 0, NULL),
(384, 'Vishwesh Rathi', '9595412323', 'Din mein kitni bar sugar check karni hogi?', '2021-09-07 21:20:24', '', 0, 0, 'ffd050121', 1, 0, 0, 0, 0, 0, NULL),
(385, 'Ekta rastogi', '9050708019', 'Arrange a call', '2021-09-07 21:20:25', '', 0, 0, 'ffd050121', 1, 0, 0, 0, 0, 1, NULL),
(386, 'Naveen', '9823006728', 'All the very best to all of us', '2021-09-07 21:20:25', '91', 0, 0, 'ffd050121', 1, 0, 0, 0, 0, 0, NULL),
(387, 'Priyanshi Pravin Deshmane', '7350685516', 'Kitna bdh sakta hai', '2021-09-07 21:20:26', '91', 0, 0, 'ffd050121', 1, 0, 0, 0, 0, 0, NULL),
(388, 'LAKHAN PRASAD ', '8102447054', 'Call arrange ', '2021-09-07 21:20:28', '', 0, 0, 'ffd050121', 1, 0, 0, 0, 0, 1, NULL),
(389, 'Vishwesh Rathi', '9595412323', 'How to join?', '2021-09-07 21:20:41', '', 0, 0, 'ffd050121', 1, 0, 0, 0, 0, 1, NULL),
(390, 'Anup Thakur ', '9822835577', 'Love u', '2021-09-07 21:20:43', '', 0, 0, 'ffd050121', 1, 0, 0, 0, 0, 0, NULL),
(391, 'VINITA TIWARY', '09216519305', 'Can i get call from doc', '2021-09-07 21:20:51', '91', 0, 0, 'ffd050121', 1, 0, 0, 0, 0, 1, NULL),
(392, 'Sradhalin parida', '8099502446', 'Recorded video ?', '2021-09-07 21:20:58', '', 0, 0, 'ffd050121', 1, 0, 0, 0, 0, 0, NULL),
(393, 'Pinky Panchal', '9619154178', 'Soya milk can we have', '2021-09-07 21:21:01', '', 0, 0, 'ffd050121', 1, 0, 0, 0, 0, 0, NULL),
(394, 'P R Basha', '8639568990', 'Sar Mera hba1c 7.1 hai', '2021-09-07 21:21:13', '', 0, 0, 'ffd050121', 1, 0, 0, 0, 0, 0, NULL),
(395, 'Rajesh Vedprakash Goyal', '9422083082', 'Very informative session', '2021-09-07 21:21:18', '91', 0, 0, 'ffd050121', 1, 0, 0, 0, 0, 0, NULL),
(396, 'Sradhalin parida', '8099502446', 'Which food can increase insulin ?', '2021-09-07 21:21:37', '', 0, 0, 'ffd050121', 1, 0, 0, 0, 0, 0, NULL),
(397, 'Wajeeha ', '33429835', 'What will be the discount if me and my husband join ', '2021-09-07 21:21:39', '974', 0, 0, 'ffd050121', 1, 0, 0, 0, 0, 0, NULL),
(398, 'Amandeep', '9871938531', 'Thanks for the wonderful sessions.. Can you suggest any specific session for stress management.. ', '2021-09-07 21:21:50', '', 0, 0, 'ffd050121', 1, 0, 0, 0, 0, 0, NULL),
(399, 'Priyanshi Pravin Deshmane', '7350685516', 'Cpatite à¥¦.à¥¦1 it will increase after insulin how much', '2021-09-07 21:22:10', '91', 0, 0, 'ffd050121', 1, 0, 0, 0, 0, 0, NULL),
(400, 'Ratan Roy', '7405042703', 'Is Soya milk can be taken in diabetic, thanks', '2021-09-07 21:22:15', '44', 0, 0, 'ffd050121', 1, 0, 0, 0, 0, 0, NULL),
(401, 'ANJALEE SHAANDILYA', '9910183888', 'can u arrange a call?', '2021-09-07 21:22:18', '91', 0, 0, 'ffd050121', 1, 0, 0, 0, 0, 1, NULL),
(402, 'Vishwesh Rathi', '9595412323', 'Thank you so much.', '2021-09-07 21:22:44', '', 0, 0, 'ffd050121', 1, 0, 0, 0, 0, 0, NULL),
(403, 'ANJALEE SHAANDILYA', '9910183888', 'thank you so much. Very knowledgeable session.', '2021-09-07 21:22:44', '91', 0, 0, 'ffd050121', 1, 0, 0, 0, 0, 0, NULL),
(404, 'K V Sarath Chandra Mouli', '9886452525', 'its 15 days i am recoggnized with type and under insulin 60 per day', '2021-09-07 21:22:56', '', 0, 0, 'ffd050121', 1, 0, 0, 0, 0, 0, NULL),
(405, 'Rajeev karki', '9845532325', 'Thank you sir for giving us a wonderful session', '2021-09-07 21:23:04', '', 0, 0, 'ffd050121', 1, 0, 0, 0, 0, 0, NULL),
(406, 'Manjula prajapat', '9649917769', 'Diet and all kb milega', '2021-09-07 21:23:37', '91', 0, 0, 'ffd050121', 0, 0, 0, 0, 0, 0, NULL),
(407, 'Priyanshi Pravin Deshmane', '7350685516', '0.11 c. Peptide hai. Agar insulin continues kre to kitna bdh skta hai 1 month me\r\n', '2021-09-07 21:23:42', '91', 0, 0, 'ffd050121', 0, 0, 0, 0, 0, 0, NULL),
(408, 'Kamalakar B ', '9704253453', 'Is it needed to the inform the current treating physican about joining the ffd program, existing doctor consultation to be continued or to be put on hold', '2021-09-07 21:24:00', '', 0, 0, 'ffd050121', 0, 0, 0, 0, 0, 1, NULL),
(409, 'Sradhalin parida', '8099502446', 'Nice session...', '2021-09-07 21:24:13', '', 0, 0, 'ffd050121', 0, 0, 0, 0, 0, 0, NULL),
(410, 'Maninder kaur sidhu', '9042289173', 'Thank you so much', '2021-09-07 21:24:24', '', 0, 0, 'ffd050121', 0, 0, 0, 0, 0, 0, NULL),
(411, 'Sradhalin parida', '8099502446', 'Thank you very much!!!', '2021-09-07 21:24:36', '', 0, 0, 'ffd050121', 0, 0, 0, 0, 0, 0, NULL),
(412, 'Pinky Panchal', '9619154178', 'During menstruation we feel low wat to take ', '2021-09-07 21:24:42', '', 0, 0, 'ffd050121', 0, 0, 0, 0, 0, 0, NULL),
(413, 'Nitin Gupta', '9818263928', 'Worth every bit of time, thank you so much.. Very informative', '2021-09-07 21:24:52', '', 0, 0, 'ffd050121', 0, 0, 0, 0, 0, 0, NULL),
(414, 'Wajeeha ', '33429835', 'If I join for 3 months whts tha cost', '2021-09-07 21:25:59', '974', 0, 0, 'ffd050121', 0, 0, 0, 0, 0, 0, NULL),
(415, 'K V Shaila', '9632684845', 'Sir ihave joined', '2021-09-07 21:26:32', '', 0, 0, 'ffd050121', 0, 0, 0, 0, 0, 0, NULL),
(416, 'JAI PRAKASH NARAIN SINGH', '09431034172', 'Wants to join,pls call', '2021-09-07 21:50:21', '', 0, 0, 'ffd050121', 0, 0, 0, 0, 0, 0, NULL),
(417, 'Kabita Begam Choudhuru', '9435376639', 'I hv type 2daibetis for long 20yrs.tabs running frm 12yrs,insulin lantus is going frm 2yrs. Frm 3yrs hyphothyrosism and eltroxing going on .From 2months uric acid happened and from 1week feburic 40 is running. So pls suggest breakfast, lunch and dinner for me', '2021-09-08 12:52:58', '', 0, 0, 'ffd050121', 0, 0, 0, 0, 0, 0, NULL),
(418, 'Kiran Singh', '8601362993', 'My hba1cis 6.4 kya karu', '2021-09-09 19:18:41', '', 0, 0, 'ffd050121', 0, 0, 0, 0, 0, 0, NULL),
(419, 'Geeta Sharma', '7309033064', 'Sir, I wastaking tab. ziglimM-2. But my fasting not reduce .fasting was between 180 to 220. Now I consult to Dr. On 08/09/21. He prescribed tab. janumet & tab.corni-Q . What can I do for normal suger level?\r\n', '2021-09-10 19:51:46', '91', 0, 0, 'ffd050121', 0, 0, 0, 0, 0, 0, NULL),
(420, 'Arun Manik Shetty', '9008398877', 'I want to pay the fees in two instalments.pl guide me.I tried filling the form but there is no option for 2 instalments.pl phone me on 90083 98877.\r\nthanks.', '2021-09-10 21:34:04', '91', 0, 0, 'ffd050121', 0, 0, 0, 0, 0, 0, NULL);

-- --------------------------------------------------------

--
-- Table structure for table `tbl_users`
--

CREATE TABLE `tbl_users` (
  `id` int(3) NOT NULL,
  `name` varchar(100) NOT NULL,
  `reg_date` datetime NOT NULL,
  `mobile_num` varchar(20) NOT NULL,
  `login_date` datetime DEFAULT NULL,
  `logout_date` datetime DEFAULT NULL,
  `logout_status` int(11) DEFAULT '0',
  `cntry_code` varchar(10) DEFAULT NULL,
  `eventname` varchar(50) NOT NULL
) ENGINE=InnoDB DEFAULT CHARSET=utf8;

--
-- Dumping data for table `tbl_users`
--

INSERT INTO `tbl_users` (`id`, `name`, `reg_date`, `mobile_num`, `login_date`, `logout_date`, `logout_status`, `cntry_code`, `eventname`) VALUES
(1, 'vibhav', '2021-09-01 15:50:30', '7057548898', '2021-09-01 15:50:30', '2021-09-01 15:51:25', 0, '', 'ffd050121'),
(2, 'Shrabanti Majumder Debnath ', '2021-09-02 09:07:08', '9902508123', '2021-09-02 09:07:08', '2021-09-02 09:20:45', 1, '91', 'ffd050121'),
(3, 'Rajni chourasia', '2021-09-02 20:17:34', '9399706081', '2021-09-02 20:17:34', '2021-09-02 20:18:04', 1, '91', 'ffd050121'),
(4, 'Preeti Sahu', '2021-09-03 06:43:57', '09620726312', '2021-09-07 17:48:39', '2021-09-07 20:23:59', 1, '', 'ffd050121'),
(5, 'vibhav', '2021-09-03 12:28:13', '7863419090', '2021-09-03 12:28:13', '2021-09-03 12:28:43', 1, '', 'ffd050121'),
(6, 'vibhav', '2021-09-03 12:29:26', '235345345345', '2021-09-03 12:29:26', '2021-09-03 12:30:05', 0, '', 'ffd050121'),
(7, 'Sachin Arora', '2021-09-03 19:37:01', '9999160174', '2021-09-07 20:09:31', '2021-09-07 20:10:23', 0, '', 'ffd050121'),
(8, 'Pankaj Jadhav', '2021-09-03 22:21:14', '8369425219', '2021-09-10 09:45:08', '2021-09-10 09:45:38', 1, '', 'ffd050121'),
(9, 'Krishanu Roy', '2021-09-04 10:53:45', '9051345888', '2021-09-08 12:23:40', '2021-09-08 12:30:44', 1, '', 'ffd050121'),
(10, 'Arvind b Mavinkurve ', '2021-09-04 11:17:29', '9871394911', '2021-09-07 18:03:30', '2021-09-07 21:28:00', 1, '', 'ffd050121'),
(11, 'Navneet kumar', '2021-09-04 17:02:53', '8826198099', '2021-09-07 17:55:17', '2021-09-07 20:55:55', 0, '', 'ffd050121'),
(12, 'RAJEEV  KUMAR VERMA', '2021-09-04 17:46:12', '09927936735', '2021-09-07 17:53:11', '2021-09-07 20:04:11', 1, '', 'ffd050121'),
(13, 'Shyam Kumar', '2021-09-04 22:41:11', '7488338972', '2021-09-08 12:05:24', '2021-09-08 12:24:55', 1, '91', 'ffd050121'),
(14, 'Sreenivasan Rao ', '2021-09-04 23:51:02', '9819060805', '2021-09-08 23:06:44', '2021-09-08 23:14:18', 1, '', 'ffd050121'),
(15, 'Sam Seelam', '2021-09-05 06:19:06', '4846808681', '2021-09-05 06:19:06', '2021-09-05 06:19:36', 1, '1', 'ffd050121'),
(16, 'Kelvin Reid', '2021-09-05 08:12:41', '7634091158', '2021-09-07 18:25:52', '2021-09-07 18:47:22', 1, '', 'ffd050121'),
(17, 'Kabita Begam choudhury ', '2021-09-05 18:11:28', '9435376639', '2021-09-08 13:08:28', '2021-09-08 13:34:30', 1, '', 'ffd050121'),
(18, 'Veerabhadraiah C', '2021-09-05 18:37:06', '9448990311', '2021-09-06 22:12:28', '2021-09-06 22:12:58', 1, '', 'ffd050121'),
(19, 'Bijaya', '2021-09-05 20:06:13', '9401659532', '2021-09-07 18:33:09', '2021-09-07 20:20:02', 1, '91', 'ffd050121'),
(20, 'P NAGARAJA SOMAYAJI', '2021-09-05 22:52:05', '09448445620', '2021-09-07 21:03:41', '2021-09-07 21:04:11', 1, '', 'ffd050121'),
(21, 'Sandeep Kumar', '2021-09-06 06:39:05', '7976349069', '2021-09-07 17:37:41', '2021-09-07 20:49:27', 1, '91', 'ffd050121'),
(22, 'Arun pandey', '2021-09-06 07:51:51', '09827467430', '2021-09-07 18:54:14', '2021-09-07 20:29:15', 1, '', 'ffd050121'),
(23, 'Sankar Bhattacharya ', '2021-09-06 09:43:03', '8116012151', '2021-09-06 09:45:18', '2021-09-06 09:46:18', 1, '', 'ffd050121'),
(24, 'Anjlee Shandilya', '2021-09-06 09:50:38', '09910183888', '2021-09-07 20:26:37', '2021-09-07 20:35:43', 1, '', 'ffd050121'),
(25, 'Anjalee Shaandilya', '2021-09-06 09:52:05', '9910183888', '2021-09-06 09:52:05', '2021-09-06 09:53:05', 1, '', 'ffd050121'),
(26, 'Biresh singh', '2021-09-06 15:07:25', '9140612076', '2021-09-07 20:29:08', '2021-09-07 21:37:44', 0, '', 'ffd050121'),
(27, 'Vibhav ', '2021-09-06 17:19:11', '765', '2021-09-06 17:21:50', '2021-09-06 17:31:04', 0, '', 'ffd050121'),
(28, 'v', '2021-09-06 17:26:55', '234', '2021-09-06 17:26:55', '2021-09-06 17:33:14', 1, '', 'ffd050121'),
(29, 'AISHWERYA devi', '2021-09-06 17:37:28', '9806654423', '2021-09-07 17:58:07', '2021-09-07 18:24:06', 0, '91', 'ffd050121'),
(30, 'Neelmani', '2021-09-06 17:58:44', '9624029977', '2021-09-07 17:56:36', '2021-09-07 20:34:11', 1, '', 'ffd050121'),
(31, 'Pramod mahadev shelake', '2021-09-06 19:04:41', '8692005050', '2021-09-07 19:24:08', '2021-09-07 20:54:09', 1, '', 'ffd050121'),
(32, 'Arvind Singh', '2021-09-06 20:26:51', '9326312345', '2021-09-07 17:53:05', '2021-09-07 22:29:20', 1, '', 'ffd050121'),
(33, 'SIDDAJI YAMANAJI CHAVAN', '2021-09-06 21:59:49', '09844900142', '2021-09-09 15:32:10', '2021-09-09 15:59:22', 1, '', 'ffd050121'),
(34, 'Mehtab Lepcha', '2021-09-06 23:52:53', '9810833423', '2021-09-06 23:52:53', '2021-09-06 23:53:54', 1, '91', 'ffd050121'),
(35, 'Manjula prajapat', '2021-09-07 08:13:09', '9649917769', '2021-09-09 20:43:28', '2021-09-09 20:50:05', 1, '91', 'ffd050121'),
(36, 'Maheshwari Dupati', '2021-09-07 09:19:22', '9849588013', '2021-09-07 09:19:22', '2021-09-07 09:20:53', 1, '91', 'ffd050121'),
(37, 'Rohini Patil', '2021-09-07 09:25:06', '9860001182', '2021-09-07 18:08:36', '2021-09-07 20:27:05', 1, '', 'ffd050121'),
(38, 'Gaichen Chang ', '2021-09-07 09:26:20', '9835143100', '2021-09-07 17:45:08', '2021-09-07 21:25:49', 1, '', 'ffd050121'),
(39, 'Jaydeep ', '2021-09-07 10:06:16', '9822431213', '2021-09-07 17:44:12', '2021-09-07 20:30:13', 1, '', 'ffd050121'),
(40, 'Sangita Jha', '2021-09-07 10:29:10', '8459165965', '2021-09-09 14:22:26', '2021-09-09 14:26:56', 1, '', 'ffd050121'),
(41, 'Aditya', '2021-09-07 10:29:35', '8698595426', '2021-09-07 10:29:35', '2021-09-07 10:30:05', 1, '', 'ffd050121'),
(42, 'J.S.M.PATTANSHETTI ', '2021-09-07 11:22:53', '9449121750', '2021-09-09 11:56:03', '2021-09-09 11:56:37', 0, '91', 'ffd050121'),
(43, 'Mohammed imran', '2021-09-07 12:35:56', '507950871', '2021-09-07 12:35:56', '2021-09-07 12:36:57', 1, '966', 'ffd050121'),
(44, 'Srinivas shenoy', '2021-09-07 12:42:01', '9448428393', '2021-09-08 16:10:08', '2021-09-08 16:13:09', 1, '', 'ffd050121'),
(45, 'Vinod arora', '2021-09-07 13:08:47', '9229980048', '2021-09-08 13:01:24', '2021-09-08 13:05:24', 1, '', 'ffd050121'),
(46, 'LAKHAN PRASAD', '2021-09-07 13:20:49', '8102447054', '2021-09-07 20:53:26', '2021-09-07 21:23:28', 1, '', 'ffd050121'),
(47, 'Pankaj V Prajapati', '2021-09-07 13:26:42', '39407640', '2021-09-10 12:09:24', '2021-09-10 12:28:25', 1, '973', 'ffd050121'),
(48, 'Poonam Patel ', '2021-09-07 13:36:37', '9000423570', '2021-09-07 17:47:00', '2021-09-07 20:21:48', 1, '', 'ffd050121'),
(49, 'Manisha Patil ', '2021-09-07 13:50:10', '9850968716', '2021-09-07 19:52:09', '2021-09-07 20:23:22', 1, '', 'ffd050121'),
(50, 'Abhishek Gupta', '2021-09-07 13:54:15', '9445540546', '2021-09-07 17:58:40', '2021-09-07 20:20:29', 0, '', 'ffd050121'),
(51, 'Deep Mala Chowdhury', '2021-09-07 13:59:10', '9831462815', '2021-09-07 19:32:28', '2021-09-07 20:28:02', 1, '91', 'ffd050121'),
(52, 'Deep Mala Chowdhury', '2021-09-07 14:00:11', '09831462815', '2021-09-07 14:00:11', '2021-09-07 14:01:43', 1, '91', 'ffd050121'),
(53, 'Veershetty', '2021-09-07 14:20:45', '9448716778', '2021-09-07 14:20:45', '2021-09-07 14:27:18', 1, '91', 'ffd050121'),
(54, 'Pooja sajnani', '2021-09-07 14:38:22', '6376160816', '2021-09-08 10:12:15', '2021-09-08 12:50:26', 1, '', 'ffd050121'),
(55, 'Parul P Dave', '2021-09-07 14:38:50', '9925315541', '2021-09-07 20:39:19', '2021-09-07 21:04:46', 0, '', 'ffd050121'),
(56, 'Priyanka', '2021-09-07 15:03:10', '9140094441', '2021-09-07 19:12:52', '2021-09-07 20:43:09', 1, '', 'ffd050121'),
(57, 'VINITA TIWARY', '2021-09-07 15:27:56', '09216519305', '2021-09-08 12:16:30', '2021-09-08 12:29:22', 1, '91', 'ffd050121'),
(58, 'Rajeswari Bibhar', '2021-09-07 15:33:05', '8861056844', '2021-09-07 17:46:23', '2021-09-07 21:25:27', 1, '', 'ffd050121'),
(59, 'Ashok Kumar Kansal ', '2021-09-07 15:35:05', '9825135765', '2021-09-07 17:49:55', '2021-09-07 21:17:14', 1, '', 'ffd050121'),
(60, 'Rakesh vasant Savadekar', '2021-09-07 15:51:13', '9270043882', '2021-09-07 20:44:42', '2021-09-07 21:13:16', 0, '', 'ffd050121'),
(61, 'Rashmi  Udas', '2021-09-07 16:14:19', '09922861787', '2021-09-07 16:14:19', '2021-09-07 17:35:00', 0, '91', 'ffd050121'),
(62, 'amarsingh', '2021-09-07 16:21:15', '9324366102', '2021-09-12 11:58:26', '2021-09-12 12:29:08', 1, '', 'ffd050121'),
(63, 'à¤—à¥‹à¤ªà¤¾à¤² à¤¸à¤¿à¤‚à¤¹ à¤­à¤¾à¤Ÿà¥€', '2021-09-07 16:31:39', '9413324700', '2021-09-07 16:31:39', '2021-09-07 16:39:41', 1, '91', 'ffd050121'),
(64, 'Varalakshmi tammisetti', '2021-09-07 16:31:40', '9490675347', '2021-09-07 17:45:34', '2021-09-07 21:24:04', 1, '', 'ffd050121'),
(65, 'Sunil Kumar Acharya', '2021-09-07 16:34:09', '09799498531', '2021-09-07 18:09:05', '2021-09-07 20:28:35', 1, '', 'ffd050121'),
(66, 'Dr AV Aggarwal ', '2021-09-07 16:40:57', '9815985019', '2021-09-07 18:08:52', '2021-09-07 20:09:55', 0, '', 'ffd050121'),
(67, 'Rajeshkumar ', '2021-09-07 16:53:55', '9448958210', '2021-09-07 17:45:54', '2021-09-07 20:21:32', 1, '', 'ffd050121'),
(68, 'Tom', '2021-09-07 16:54:29', '544007007', '2021-09-07 18:51:18', '2021-09-07 20:41:28', 1, '971', 'ffd050121'),
(69, 'Raheela ', '2021-09-07 16:57:33', '9920214397', '2021-09-07 18:07:20', '2021-09-07 20:21:56', 1, '', 'ffd050121'),
(70, 'Neelesh', '2021-09-07 17:00:32', '9820438167', '2021-09-07 18:39:35', '2021-09-07 21:31:06', 1, '', 'ffd050121'),
(71, 'Kalpana. Patil', '2021-09-07 17:05:06', '9404174794', '2021-09-07 23:02:12', '2021-09-07 23:02:42', 1, '', 'ffd050121'),
(72, 'Santhi', '2021-09-07 17:08:08', '9177747364', '2021-09-07 20:42:29', '2021-09-07 21:05:30', 1, '', 'ffd050121'),
(73, 'Joyita Sensarma', '2021-09-07 17:08:12', '7044058384', '2021-09-07 17:46:17', '2021-09-07 21:22:01', 0, '', 'ffd050121'),
(74, 'Srinivas shenoy', '2021-09-07 17:10:20', '9892979639', '2021-09-07 17:10:20', '2021-09-07 17:12:31', 1, '', 'ffd050121'),
(75, 'Arvind S.Patil', '2021-09-07 17:10:36', '9821117880', '2021-09-07 17:45:01', '2021-09-07 21:26:42', 1, '', 'ffd050121'),
(76, 'Vikas jaiswal', '2021-09-07 17:15:32', '9889942534', '2021-09-07 17:46:56', '2021-09-07 20:39:05', 1, '91', 'ffd050121'),
(77, 'Ekta rastogi', '2021-09-07 17:16:15', '9050708019', '2021-09-07 21:20:38', '2021-09-07 21:37:44', 1, '', 'ffd050121'),
(78, 'Amit Gupta ', '2021-09-07 17:24:52', '9814087442', '2021-09-09 08:06:58', '2021-09-09 08:13:29', 1, '', 'ffd050121'),
(79, 'Rashmi Udas', '2021-09-07 17:25:01', '9922861787', '2021-09-07 19:12:27', '2021-09-07 20:02:28', 1, '', 'ffd050121'),
(80, 'Arif', '2021-09-07 17:25:52', '7506775489', '2021-09-08 11:21:50', '2021-09-08 11:33:29', 1, '', 'ffd050121'),
(81, 'Sudheer Chukkala', '2021-09-07 17:26:54', '918897508015', '2021-09-07 17:26:54', '2021-09-07 20:50:15', 1, '', 'ffd050121'),
(82, 'anand kumar sharma', '2021-09-07 17:27:06', '9929203431', '2021-09-09 14:37:39', '2021-09-09 14:53:10', 1, '', 'ffd050121'),
(83, 'shail devi', '2021-09-07 17:28:09', '8220677333', '2021-09-07 18:58:14', '2021-09-07 19:13:14', 1, '', 'ffd050121'),
(84, 'MATHEW', '2021-09-07 17:28:55', '9645081827', '2021-09-09 21:03:38', '2021-09-09 23:42:20', 1, '', 'ffd050121'),
(85, 'Sharda Garhwal', '2021-09-07 17:30:09', '9522562323', '2021-09-07 17:30:09', '2021-09-07 20:45:35', 1, '', 'ffd050121'),
(86, 'Mahesh Tilve', '2021-09-07 17:31:08', '9594906402', '2021-09-07 17:31:08', '2021-09-07 20:39:09', 1, '', 'ffd050121'),
(87, 'Ashok Kumar Agarwal', '2021-09-07 17:31:47', '9831395111', '2021-09-07 17:31:47', '2021-09-07 21:39:44', 1, '', 'ffd050121'),
(88, 'Shashikant Jaiswar', '2021-09-07 17:33:02', '09833069008', '2021-09-07 17:49:05', '2021-09-07 20:13:35', 1, '', 'ffd050121'),
(89, 'Manindra kumar Singh', '2021-09-07 17:33:24', '9701347156', '2021-09-07 17:57:21', '2021-09-07 20:11:36', 1, '', 'ffd050121'),
(90, ' ANANT MADHAV DIWAN', '2021-09-07 17:34:12', '9921478126', '2021-09-07 18:16:22', '2021-09-07 18:27:53', 1, '91', 'ffd050121'),
(91, 'Rashmi  Udas', '2021-09-07 17:34:39', '09922861787', '2021-09-07 17:34:39', '2021-09-07 17:35:00', 0, '', 'ffd050121'),
(92, 'TRUPTI SARAYKAR', '2021-09-07 17:34:52', '9823016492', '2021-09-07 17:34:52', '2021-09-07 21:25:41', 0, '91', 'ffd050121'),
(93, 'Vishwesh Rathi', '2021-09-07 17:34:55', '9595412323', '2021-09-07 17:34:55', '2021-09-07 21:25:26', 1, '', 'ffd050121'),
(94, 'Ajit patil', '2021-09-07 17:35:50', '9886666264', '2021-09-07 18:26:08', '2021-09-07 21:25:08', 1, '', 'ffd050121'),
(95, 'KUMARAN', '2021-09-07 17:36:07', '9400701334', '2021-09-10 16:01:22', '2021-09-10 16:03:23', 1, '', 'ffd050121'),
(96, 'Bibekananda Behera', '2021-09-07 17:36:52', '7008220516', '2021-09-07 17:36:52', '2021-09-07 21:23:58', 0, '', 'ffd050121'),
(97, 'Surekha  Murnal', '2021-09-07 17:37:29', '09535596453', '2021-09-08 22:35:09', '2021-09-09 00:40:40', 1, '', 'ffd050121'),
(98, 'ASHOK KUMAR', '2021-09-07 17:38:03', '9845017174', '2021-09-07 17:38:03', '2021-09-07 20:16:59', 0, '', 'ffd050121'),
(99, 'Ranga Vittal Rao', '2021-09-07 17:38:26', '09740605902', '2021-09-07 18:51:03', '2021-09-07 20:42:58', 1, '', 'ffd050121'),
(100, 'sitadevi', '2021-09-07 17:39:25', '8178405681', '2021-09-07 17:48:46', '2021-09-07 21:18:14', 1, '', 'ffd050121'),
(101, 'Diwakar kumar Das', '2021-09-07 17:39:25', '9304846462', '2021-09-09 19:17:55', '2021-09-09 19:19:10', 1, '', 'ffd050121'),
(102, 'Maheshwari D', '2021-09-07 17:39:34', '9849588013', '2021-09-07 17:55:59', '2021-09-07 21:25:59', 1, '', 'ffd050121'),
(103, 'Mahendra Kumar Jain', '2021-09-07 17:39:43', '9830422431', '2021-09-08 11:15:28', '2021-09-08 11:23:23', 1, '', 'ffd050121'),
(104, 'Maninder kaur sidhu', '2021-09-07 17:39:49', '9042289173', '2021-09-10 22:11:51', '2021-09-10 22:13:21', 1, '', 'ffd050121'),
(105, 'Bhawna Luthra', '2021-09-07 17:41:01', '9960622220', '2021-09-07 18:20:41', '2021-09-07 19:14:41', 1, '', 'ffd050121'),
(106, 'Shweta Caroli', '2021-09-07 17:41:19', '9212013696', '2021-09-09 12:44:12', '2021-09-09 14:22:37', 0, '', 'ffd050121'),
(107, 'Arun Manik Shetty', '2021-09-07 17:41:26', '9008398877', '2021-09-10 21:11:15', '2021-09-10 22:56:16', 1, '91', 'ffd050121'),
(108, 'Darshana Rani', '2021-09-07 17:41:38', '9870220116', '2021-09-07 17:41:38', '2021-09-07 20:56:26', 1, '', 'ffd050121'),
(109, 'Priyanka meena ', '2021-09-07 17:41:40', '9821877582', '2021-09-08 14:00:20', '2021-09-08 15:17:43', 1, '', 'ffd050121'),
(110, 'Manoj Kumar Pathak', '2021-09-07 17:41:43', '9979863582', '2021-09-08 11:56:40', '2021-09-08 11:58:41', 1, '', 'ffd050121'),
(111, 'Prashanth Jathanna', '2021-09-07 17:41:45', '09742971777', '2021-09-07 17:41:45', '2021-09-07 18:07:35', 0, '', 'ffd050121'),
(112, 'NAINITA DESHPANDE', '2021-09-07 17:41:54', '8378999631', '2021-09-07 17:41:54', '2021-09-07 20:08:59', 0, '91', 'ffd050121'),
(113, 'Amandeep', '2021-09-07 17:42:03', '9871938531', '2021-09-07 17:42:03', '2021-09-07 22:51:38', 1, '', 'ffd050121'),
(114, 'Puneet', '2021-09-07 17:42:05', '9899989831', '2021-09-07 17:42:05', '2021-09-07 17:54:01', 1, '', 'ffd050121'),
(115, 'Pradeep', '2021-09-07 17:42:07', '9052272461', '2021-09-07 17:42:07', '2021-09-07 21:25:07', 0, '', 'ffd050121'),
(116, 'Nita jani', '2021-09-07 17:42:12', '9833393162', '2021-09-07 17:42:12', '2021-09-07 21:25:13', 1, '', 'ffd050121'),
(117, 'Deepti Jawale', '2021-09-07 17:42:14', '9664812437', '2021-09-07 17:42:14', '2021-09-07 21:47:37', 0, '', 'ffd050121'),
(118, 'Kashmira Shah', '2021-09-07 17:42:16', '9552524966', '2021-09-07 17:42:16', '2021-09-07 20:25:59', 1, '91', 'ffd050121'),
(119, 'Anil Thombre', '2021-09-07 17:42:19', '9527555599', '2021-09-10 22:36:15', '2021-09-11 00:20:16', 1, '', 'ffd050121'),
(120, 'Mukund shah', '2021-09-07 17:42:22', '9821033319', '2021-09-07 17:53:30', '2021-09-07 20:20:01', 1, '', 'ffd050121'),
(121, 'SUHAS DEODHAR', '2021-09-07 17:42:35', '09881794084', '2021-09-07 17:51:46', '2021-09-07 20:50:55', 0, '91', 'ffd050121'),
(122, 'Mr. Gnesh Ch. Datta', '2021-09-07 17:42:41', '9647052086', '2021-09-07 19:50:30', '2021-09-07 20:41:13', 1, '91', 'ffd050121'),
(123, 'rubi kumari', '2021-09-07 17:42:46', '9971889022', '2021-09-07 17:42:46', '2021-09-07 19:19:57', 1, '91', 'ffd050121'),
(124, 'Dr. B K aravi', '2021-09-07 17:42:49', '08830064561', '2021-09-07 17:42:49', '2021-09-07 17:48:34', 1, '91', 'ffd050121'),
(125, 'Shubham sharma', '2021-09-07 17:42:50', '9810316542', '2021-09-09 00:32:11', '2021-09-09 00:44:44', 1, '', 'ffd050121'),
(126, 'KANHAYA PRASAD SINGH', '2021-09-07 17:42:57', '9453022384', '2021-09-07 17:42:57', '2021-09-07 20:30:41', 1, '', 'ffd050121'),
(127, 'SAKTI RANJAN SETHI', '2021-09-07 17:43:00', '9438149341', '2021-09-07 17:43:00', '2021-09-07 21:25:45', 1, '', 'ffd050121'),
(128, 'Arif', '2021-09-07 17:43:04', '07506775489', '2021-09-08 21:49:17', '2021-09-09 01:02:41', 1, '', 'ffd050121'),
(129, 'Nirupama Aggarwal', '2021-09-07 17:43:05', '9896422540', '2021-09-07 17:43:05', '2021-09-07 20:44:03', 1, '', 'ffd050121'),
(130, 'Rahul laxman Janvekar', '2021-09-07 17:43:14', '9623026556', '2021-09-07 17:48:35', '2021-09-07 19:22:43', 0, '', 'ffd050121'),
(131, 'Arjun Singh Thakur', '2021-09-07 17:43:21', '9395522323', '2021-09-07 22:58:55', '2021-09-07 23:00:24', 1, '', 'ffd050121'),
(132, 'Ratnesh kumar', '2021-09-07 17:43:21', '7389372069', '2021-09-07 19:46:37', '2021-09-07 21:37:46', 1, '', 'ffd050121'),
(133, 'K V Shaila', '2021-09-07 17:43:23', '9632684845', '2021-09-07 21:13:22', '2021-09-07 21:27:23', 1, '', 'ffd050121'),
(134, 'ABC', '2021-09-07 17:43:34', '8438492179', '2021-09-07 17:43:34', '2021-09-07 17:45:28', 1, '', 'ffd050121'),
(135, 'Shashibhal Singh', '2021-09-07 17:43:43', '9161931058', '2021-09-07 17:43:43', '2021-09-07 19:53:46', 1, '', 'ffd050121'),
(136, 'Kelvin Reid', '2021-09-07 17:43:50', '09162965400', '2021-09-08 10:14:07', '2021-09-08 10:22:59', 1, '', 'ffd050121'),
(137, 'Sarita Rasaily', '2021-09-07 17:43:57', '9897510674', '2021-09-07 17:43:57', '2021-09-07 20:57:13', 0, '', 'ffd050121'),
(138, 'Sachin Kumar', '2021-09-07 17:44:02', '9886012481', '2021-09-07 17:44:02', '2021-09-07 21:25:22', 0, '', 'ffd050121'),
(139, 'Pinky Panchal', '2021-09-07 17:44:07', '9619154178', '2021-09-07 17:44:07', '2021-09-07 21:26:00', 0, '', 'ffd050121'),
(140, 'Alpesh Pandya', '2021-09-07 17:44:09', '09998908338', '2021-09-07 17:49:29', '2021-09-07 20:13:05', 0, '', 'ffd050121'),
(141, 'Darshana', '2021-09-07 17:44:13', '9999018111', '2021-09-13 14:13:38', '2021-09-13 14:14:08', 1, '', 'ffd050121'),
(142, 'Asha singh', '2021-09-07 17:44:17', '9936743006', '2021-09-07 20:38:30', '2021-09-07 20:40:00', 1, '', 'ffd050121'),
(143, 'K V Sarath Chandra Mouli', '2021-09-07 17:44:22', '9886452525', '2021-09-07 17:44:22', '2021-09-07 21:23:56', 1, '', 'ffd050121'),
(144, 'Neetu Gupta', '2021-09-07 17:44:23', '8527363300', '2021-09-07 17:44:23', '2021-09-07 21:25:37', 1, '', 'ffd050121'),
(145, 'Rupa R Roy', '2021-09-07 17:44:27', '7021776700', '2021-09-07 20:21:12', '2021-09-07 20:29:43', 1, '', 'ffd050121'),
(146, 'Ravishankar Sahasrabudhe ', '2021-09-07 17:44:28', '9850910909', '2021-09-07 17:44:28', '2021-09-07 20:30:29', 1, '', 'ffd050121'),
(147, 'Pooja jain', '2021-09-07 17:44:32', '9769623380', '2021-09-08 10:51:51', '2021-09-08 12:57:57', 0, '', 'ffd050121'),
(148, 'Anup Thakur ', '2021-09-07 17:44:33', '9822835577', '2021-09-07 21:26:40', '2021-09-07 21:32:11', 1, '', 'ffd050121'),
(149, 'Santvanaa Sindhu', '2021-09-07 17:44:33', '9008801376', '2021-09-07 17:44:33', '2021-09-07 21:00:04', 1, '', 'ffd050121'),
(150, 'Manjula Saxena ', '2021-09-07 17:44:34', '09930091908', '2021-09-07 20:22:00', '2021-09-07 20:31:31', 1, '', 'ffd050121'),
(151, 'UJJWAL SAHA', '2021-09-07 17:44:40', '9734050891', '2021-09-08 23:21:51', '2021-09-08 23:22:51', 1, '', 'ffd050121'),
(152, 'guru prasad', '2021-09-07 17:44:44', '9663556556', '2021-09-07 17:44:44', '2021-09-07 20:57:53', 1, '91', 'ffd050121'),
(153, 'Sachin Chavan', '2021-09-07 17:44:44', '9712868518', '2021-09-07 20:27:47', '2021-09-07 20:37:17', 1, '', 'ffd050121'),
(154, 'apeksha joshi', '2021-09-07 17:44:51', '19402937561', '2021-09-09 06:55:46', '2021-09-09 07:19:18', 1, '1', 'ffd050121'),
(155, 'Naveen Dubey', '2021-09-07 17:44:56', '09823006728', '2021-09-07 17:44:56', '2021-09-07 20:47:14', 1, '91', 'ffd050121'),
(156, 'Preeti Awasthi', '2021-09-07 17:44:56', '9936126262', '2021-09-07 17:44:56', '2021-09-07 20:20:56', 0, '', 'ffd050121'),
(157, 'Himanshu Chhabra', '2021-09-07 17:45:05', '9369990678', '2021-09-07 17:45:05', '2021-09-07 20:59:14', 1, '', 'ffd050121'),
(158, 'MD Faraz', '2021-09-07 17:45:10', '8197674288', '2021-09-07 17:45:10', '2021-09-07 18:14:13', 1, '', 'ffd050121'),
(159, 'jayshree', '2021-09-07 17:45:11', '9620483874', '2021-09-09 18:02:16', '2021-09-09 18:05:20', 1, '', 'ffd050121'),
(160, 'Shrabanti majumder debnath', '2021-09-07 17:45:15', '9902508123', '2021-09-07 17:45:15', '2021-09-07 20:42:24', 1, '', 'ffd050121'),
(161, 'Sugandha Surve', '2021-09-07 17:45:23', '9867237624', '2021-09-07 17:45:23', '2021-09-07 21:04:23', 1, '', 'ffd050121'),
(162, 'sai sankar nanduri', '2021-09-07 17:45:33', '9848097468', '2021-09-07 17:53:34', '2021-09-07 21:25:05', 1, '', 'ffd050121'),
(163, 'Aurobinda Prasada Rout', '2021-09-07 17:45:33', '9791121934', '2021-09-07 17:45:33', '2021-09-07 20:45:29', 1, '91', 'ffd050121'),
(164, 'Rajendra', '2021-09-07 17:45:42', '7030867111', '2021-09-07 17:45:42', '2021-09-07 17:57:25', 1, '', 'ffd050121'),
(165, 'Munesh Upadhyaya ', '2021-09-07 17:45:50', '9457402269', '2021-09-07 17:45:50', '2021-09-07 21:38:10', 1, '', 'ffd050121'),
(166, 'Shital Jathar', '2021-09-07 17:46:07', '9422350075', '2021-09-09 07:33:27', '2021-09-09 07:37:28', 1, '91', 'ffd050121'),
(167, 'ONKAR SANJIV CHIVATE', '2021-09-07 17:46:07', '9822282554', '2021-09-10 10:12:57', '2021-09-10 11:27:15', 1, '', 'ffd050121'),
(168, 'Yatta rebe', '2021-09-07 17:46:12', '07085999440', '2021-09-07 17:46:12', '2021-09-07 20:06:13', 1, '', 'ffd050121'),
(169, 'Ramakrisnam Raju ', '2021-09-07 17:46:23', '9967009858', '2021-09-07 17:46:23', '2021-09-07 20:40:44', 0, '91', 'ffd050121'),
(170, 'Kaushal Sinha', '2021-09-07 17:46:33', '477790010', '2021-09-07 17:46:33', '2021-09-07 21:04:05', 1, '61', 'ffd050121'),
(171, 'Kamalakar Manjarekar', '2021-09-07 17:46:41', '8097618747', '2021-09-07 21:31:47', '2021-09-07 21:39:19', 1, '91', 'ffd050121'),
(172, 'Sunita datana', '2021-09-07 17:46:42', '9050901879', '2021-09-07 17:46:42', '2021-09-07 21:26:17', 0, '', 'ffd050121'),
(173, 'Sanchit khanna', '2021-09-07 17:46:47', '8847023790', '2021-09-07 17:46:47', '2021-09-07 21:05:53', 1, '', 'ffd050121'),
(174, 'Dinesh Kakde', '2021-09-07 17:46:48', '9422962222', '2021-09-07 17:46:48', '2021-09-07 17:48:18', 1, '', 'ffd050121'),
(175, 'Shirish Baburao Inamdar', '2021-09-07 17:46:50', '9423588800', '2021-09-07 19:28:43', '2021-09-07 20:51:40', 1, '', 'ffd050121'),
(176, 'Prashant Kumar', '2021-09-07 17:46:50', '8530200123', '2021-09-07 17:46:50', '2021-09-07 20:04:22', 1, '', 'ffd050121'),
(177, 'Shailendra Singh', '2021-09-07 17:46:56', '9830042406', '2021-09-07 17:46:56', '2021-09-07 20:40:56', 1, '', 'ffd050121'),
(178, 'Gyanmala Satyendra Kumar', '2021-09-07 17:46:57', '8469731166', '2021-09-08 15:06:04', '2021-09-08 15:21:44', 1, '', 'ffd050121'),
(179, 'wajeeha', '2021-09-07 17:47:09', '33429835', '2021-09-09 08:32:19', '2021-09-09 08:35:16', 1, '974', 'ffd050121'),
(180, 'Dr Nagaraj A M', '2021-09-07 17:47:12', '9980560364', '2021-09-09 23:08:01', '2021-09-09 23:33:33', 1, '', 'ffd050121'),
(181, 'Ashish Chinchawade', '2021-09-07 17:47:12', '9970858607', '2021-09-07 18:48:02', '2021-09-07 21:04:26', 1, '', 'ffd050121'),
(182, 'Harvansh Singh Sagar', '2021-09-07 17:47:24', '9971535678', '2021-09-09 22:00:05', '2021-09-09 22:36:22', 1, '', 'ffd050121'),
(183, 'Rutu Arora', '2021-09-07 17:47:33', '9898067889', '2021-09-07 17:47:33', '2021-09-07 20:23:51', 0, '91', 'ffd050121'),
(184, 'Nagesh Acharya', '2021-09-07 17:47:34', '9845538986', '2021-09-07 18:01:45', '2021-09-07 21:25:15', 1, '', 'ffd050121'),
(185, 'Reshma shaukat naik', '2021-09-07 17:47:39', '8095297718', '2021-09-07 17:47:39', '2021-09-07 20:56:08', 1, '91', 'ffd050121'),
(186, 'K. S. Deepa singh ', '2021-09-07 17:47:42', '09441311072', '2021-09-07 18:57:08', '2021-09-07 20:17:57', 0, '', 'ffd050121'),
(187, 'Vijay Bhamare', '2021-09-07 17:47:59', '9967514387', '2021-09-07 20:14:14', '2021-09-07 20:21:52', 0, '', 'ffd050121'),
(188, 'jai prakash narayan singh', '2021-09-07 17:48:07', '09431034172', '2021-09-07 21:07:31', '2021-09-07 21:56:48', 1, '', 'ffd050121'),
(189, 'Kunwar', '2021-09-07 17:48:10', '6266063588', '2021-09-07 17:55:56', '2021-09-07 20:08:57', 1, '', 'ffd050121'),
(190, 'Sharadchandra Riswadkar', '2021-09-07 17:48:21', '9323464823', '2021-09-07 17:48:21', '2021-09-07 21:25:30', 0, '', 'ffd050121'),
(191, 'Kalpana dharmadhikari', '2021-09-07 17:48:24', '9881023760', '2021-09-07 17:48:24', '2021-09-07 20:23:51', 0, '', 'ffd050121'),
(192, 'AASHAY HITESHBHAI CHAUDHARI', '2021-09-07 17:48:25', '7984744915', '2021-09-08 11:02:40', '2021-09-08 11:03:10', 1, '', 'ffd050121'),
(193, 'Dinesh Kakde', '2021-09-07 17:48:31', '09422962222', '2021-09-07 17:48:31', '2021-09-07 20:19:23', 1, '', 'ffd050121'),
(194, 'Dilip Jaiswal', '2021-09-07 17:48:54', '9769765540', '2021-09-07 17:48:54', '2021-09-07 17:52:43', 1, '', 'ffd050121'),
(195, 'Bharat Chauhan', '2021-09-07 17:48:57', '8249621983', '2021-09-09 20:25:21', '2021-09-09 20:28:21', 1, '91', 'ffd050121'),
(196, 'Aravind Joshi', '2021-09-07 17:49:03', '9618352846', '2021-09-07 17:49:03', '2021-09-07 20:51:07', 0, '', 'ffd050121'),
(197, 'MOHAMMED FIAZ', '2021-09-07 17:49:05', '9948004345', '2021-09-12 19:02:05', '2021-09-12 20:32:06', 1, '', 'ffd050121'),
(198, 'Divya', '2021-09-07 17:49:06', '9538803766', '2021-09-12 17:14:42', '2021-09-12 17:15:12', 1, '', 'ffd050121'),
(199, 'Narendra Makode', '2021-09-07 17:49:08', '8390958750', '2021-09-07 20:46:44', '2021-09-07 21:26:18', 1, '', 'ffd050121'),
(200, 'rukmani rathor', '2021-09-07 17:49:09', '9811204372', '2021-09-07 20:40:22', '2021-09-07 20:55:12', 0, '', 'ffd050121'),
(201, 'Dayanand', '2021-09-07 17:49:20', '7506189299', '2021-09-07 17:49:20', '2021-09-07 22:33:50', 1, '', 'ffd050121'),
(202, 'Nirmala rajawat', '2021-09-07 17:49:21', '9587599555', '2021-09-07 18:56:25', '2021-09-07 20:46:27', 1, '', 'ffd050121'),
(203, 'sharat giri', '2021-09-07 17:49:23', '07264909011', '2021-09-07 17:49:23', '2021-09-07 20:36:41', 0, '', 'ffd050121'),
(204, 'Malabika Guha', '2021-09-07 17:49:24', '9167099390', '2021-09-08 10:38:12', '2021-09-08 11:03:04', 1, '', 'ffd050121'),
(205, 'Indu Goel', '2021-09-07 17:49:25', '09464837476', '2021-09-07 19:31:44', '2021-09-07 21:07:47', 1, '', 'ffd050121'),
(206, 'Ashok Kumar Jain', '2021-09-07 17:49:36', '9460112236', '2021-09-07 17:49:36', '2021-09-07 19:35:30', 0, '', 'ffd050121'),
(207, 'vidyasagar.c.v', '2021-09-07 17:49:43', '9845202024', '2021-09-07 17:49:43', '2021-09-07 21:26:11', 0, '', 'ffd050121'),
(208, 'Chiran Appaiah', '2021-09-07 17:49:44', '9886763081', '2021-09-07 17:49:44', '2021-09-07 21:26:08', 0, '', 'ffd050121'),
(209, 'mukesh sahni', '2021-09-07 17:49:49', '9971392554', '2021-09-08 17:52:32', '2021-09-08 18:01:03', 1, '', 'ffd050121'),
(210, 'Jyothi Rani', '2021-09-07 17:50:22', '7093481581', '2021-09-07 17:50:22', '2021-09-07 20:35:31', 1, '', 'ffd050121'),
(211, 'Ravindra Nene', '2021-09-07 17:50:23', '8805974541', '2021-09-08 12:47:39', '2021-09-08 14:57:10', 1, '', 'ffd050121'),
(212, 'Manjunath', '2021-09-07 17:50:25', '8748899940', '2021-09-07 19:01:17', '2021-09-07 20:22:18', 1, '', 'ffd050121'),
(213, 'Pragati sharma', '2021-09-07 17:50:39', '9849968500', '2021-09-07 18:10:55', '2021-09-07 20:56:55', 1, '', 'ffd050121'),
(214, 'VINODAN CHINGAN', '2021-09-07 17:50:40', '8888848380', '2021-09-07 22:28:51', '2021-09-07 22:29:21', 0, '91', 'ffd050121'),
(215, 'Ritu Mallick ', '2021-09-07 17:50:49', '9810162884', '2021-09-07 18:09:39', '2021-09-07 19:21:10', 1, '', 'ffd050121'),
(216, 'Shubhangi Tople', '2021-09-07 17:50:56', '7387108649', '2021-09-07 17:55:34', '2021-09-07 19:44:04', 1, '', 'ffd050121'),
(217, 'Iram Mokashi', '2021-09-07 17:51:00', '8275457474', '2021-09-07 17:51:00', '2021-09-07 21:19:01', 1, '', 'ffd050121'),
(218, 'RAMESH RAJAMANI', '2021-09-07 17:51:21', '9871593401', '2021-09-07 17:51:21', '2021-09-07 21:12:44', 0, '', 'ffd050121'),
(219, 'Puran dev', '2021-09-07 17:51:24', '09818379359', '2021-09-08 09:01:17', '2021-09-08 09:04:22', 1, '', 'ffd050121'),
(220, 'sanjay singhal', '2021-09-07 17:51:27', '9820800460', '2021-09-08 10:13:05', '2021-09-08 10:15:29', 0, '', 'ffd050121'),
(221, 'Sachin Pednekar', '2021-09-07 17:51:28', '8624018039', '2021-09-07 18:10:03', '2021-09-07 20:40:52', 1, '', 'ffd050121'),
(222, 'Sumanta Chatterjee', '2021-09-07 17:51:31', '8336085733', '2021-09-07 17:51:31', '2021-09-07 21:43:02', 1, '', 'ffd050121'),
(223, 'Mohammed Imran', '2021-09-07 17:51:33', '966507950871', '2021-09-07 19:01:18', '2021-09-07 20:38:19', 1, '966', 'ffd050121'),
(224, 'Om Prakash Singh', '2021-09-07 17:51:37', '9934302883', '2021-09-07 17:51:37', '2021-09-07 19:30:07', 1, '91', 'ffd050121'),
(225, 'Amiya Bhusan Paul', '2021-09-07 17:51:39', '9007974194', '2021-09-09 08:38:04', '2021-09-09 09:03:36', 1, '', 'ffd050121'),
(226, 'Pragnesh', '2021-09-07 17:51:39', '9825175541', '2021-09-07 17:51:39', '2021-09-07 17:53:29', 0, '', 'ffd050121'),
(227, 'satyanarayan bhootra', '2021-09-07 17:51:44', '9381050092', '2021-09-07 18:09:43', '2021-09-07 18:20:44', 1, '', 'ffd050121'),
(228, 'Rathod Prahladsinh', '2021-09-07 17:51:55', '9428748914', '2021-09-07 18:28:33', '2021-09-07 21:25:40', 1, '', 'ffd050121'),
(229, 'ANANDTEERTH S KULKARNI', '2021-09-07 17:51:56', '8618073467', '2021-09-07 17:51:56', '2021-09-07 20:32:56', 1, '', 'ffd050121'),
(230, 'Vijaymulani', '2021-09-07 17:51:59', '9246505585', '2021-09-07 17:51:59', '2021-09-07 20:22:38', 0, '91', 'ffd050121'),
(231, 'Prakash Jain', '2021-09-07 17:52:00', '9930363790', '2021-09-07 17:52:00', '2021-09-07 20:27:01', 1, '', 'ffd050121'),
(232, 'Vivek Nandodkar', '2021-09-07 17:52:05', '9820080006', '2021-09-07 17:52:05', '2021-09-07 20:19:35', 1, '', 'ffd050121'),
(233, 'Priyanka Karnawat', '2021-09-07 17:52:20', '9273189831', '2021-09-07 17:52:20', '2021-09-07 19:06:24', 1, '', 'ffd050121'),
(234, 'Mahesh Bhati', '2021-09-07 17:52:24', '9811559411', '2021-09-07 17:52:24', '2021-09-07 20:48:25', 1, '91', 'ffd050121'),
(235, 'madhura harsh thakkar', '2021-09-07 17:52:42', '09422221371', '2021-09-07 17:52:42', '2021-09-07 20:20:41', 0, '91', 'ffd050121'),
(236, 'Mohit Shrivastava', '2021-09-07 17:52:51', '7000491695', '2021-09-07 17:52:51', '2021-09-07 20:45:10', 1, '', 'ffd050121'),
(237, 'Megha Bagadia', '2021-09-07 17:52:53', '9920969277', '2021-09-07 17:52:53', '2021-09-07 20:07:58', 1, '', 'ffd050121'),
(238, 'Dilip Jaiswal', '2021-09-07 17:52:53', '09769765540', '2021-09-07 17:52:53', '2021-09-07 20:13:22', 0, '', 'ffd050121'),
(239, 'Nitin Gupta', '2021-09-07 17:52:54', '9818263928', '2021-09-07 20:19:30', '2021-09-07 23:41:17', 0, '', 'ffd050121'),
(240, 'Haren Trivedi', '2021-09-07 17:52:56', '2265000915', '2021-09-07 17:52:56', '2021-09-07 20:19:15', 1, '1', 'ffd050121'),
(241, 'Mohit Chhabra', '2021-09-07 17:52:59', '9034689486', '2021-09-08 15:56:04', '2021-09-08 17:14:53', 0, '', 'ffd050121'),
(242, 'Rashmi Majethia', '2021-09-07 17:53:08', '9687103345', '2021-09-07 19:23:08', '2021-09-07 19:28:36', 1, '', 'ffd050121'),
(243, 'SURENDRA KUMAR CHOUDHARI', '2021-09-07 17:53:14', '7715928683', '2021-09-10 14:53:21', '2021-09-10 16:10:21', 1, '', 'ffd050121'),
(244, 'Meena Masrani', '2021-09-07 17:53:30', '9823692423', '2021-09-09 18:18:11', '2021-09-09 20:01:57', 1, '', 'ffd050121'),
(245, 'Suresh Babu V', '2021-09-07 17:53:40', '9148517316', '2021-09-07 17:53:40', '2021-09-07 19:39:10', 1, '', 'ffd050121'),
(246, 'Sameer Ladheriwale', '2021-09-07 17:53:44', '7028926160', '2021-09-07 17:53:44', '2021-09-07 21:37:14', 1, '', 'ffd050121'),
(247, 'Bitun Chakraborty', '2021-09-07 17:53:55', '9954561757', '2021-09-07 17:53:55', '2021-09-07 21:25:40', 0, '', 'ffd050121'),
(248, 'Vipin kumar jha', '2021-09-07 17:54:03', '9680489633', '2021-09-07 18:51:45', '2021-09-07 20:16:28', 0, '', 'ffd050121'),
(249, 'Rajeev karki', '2021-09-07 17:54:04', '9845532325', '2021-09-09 14:27:25', '2021-09-09 14:28:25', 1, '', 'ffd050121'),
(250, 'Kamalakar B ', '2021-09-07 17:54:21', '9704253453', '2021-09-07 18:25:06', '2021-09-07 21:25:37', 1, '', 'ffd050121'),
(251, 'Shail devi', '2021-09-07 17:54:23', '8220677333', '2021-09-07 17:54:23', '2021-09-07 17:55:25', 1, '91', 'ffd050121'),
(252, 'Akash Kakirwar', '2021-09-07 17:54:35', '9390321007', '2021-09-07 17:54:35', '2021-09-07 21:03:06', 1, '', 'ffd050121'),
(253, 'Harsha Mukesh Gandhi', '2021-09-07 17:54:41', '39150190', '2021-09-07 17:54:41', '2021-09-07 21:28:13', 1, '973', 'ffd050121'),
(254, 'neeta', '2021-09-07 17:55:11', '9921730258', '2021-09-07 17:55:11', '2021-09-07 18:00:23', 0, '91', 'ffd050121'),
(255, 'Vidyotma thakur', '2021-09-07 17:55:31', '7004083454', '2021-09-07 17:55:31', '2021-09-07 20:21:02', 1, '', 'ffd050121'),
(256, 'Maheshwari D', '2021-09-07 17:55:48', '09849588013', '2021-09-07 17:55:48', '2021-09-07 17:55:52', 0, '', 'ffd050121'),
(257, 'Asha ', '2021-09-07 17:55:48', '566605475', '2021-09-07 17:55:48', '2021-09-07 21:18:24', 1, '971', 'ffd050121'),
(258, 'SAIRA SHAIKH', '2021-09-07 17:55:54', '9987973215', '2021-09-07 17:55:54', '2021-09-07 21:03:46', 0, '91', 'ffd050121'),
(259, 'Ratan Roy', '2021-09-07 17:56:04', '7405042703', '2021-09-07 17:56:04', '2021-09-07 21:25:29', 1, '44', 'ffd050121'),
(260, 'Seema Agarwal', '2021-09-07 17:56:05', '8329976587', '2021-09-07 17:56:05', '2021-09-07 20:44:21', 1, '', 'ffd050121'),
(261, 'Deepthi G', '2021-09-07 17:56:13', '9945313363', '2021-09-07 17:56:13', '2021-09-07 20:17:43', 1, '', 'ffd050121'),
(262, 'P R Basha', '2021-09-07 17:56:16', '8639568990', '2021-09-07 21:21:37', '2021-09-07 21:34:17', 0, '', 'ffd050121'),
(263, 'aishwerya devi', '2021-09-07 17:56:21', '9806654423', '2021-09-07 18:24:09', '2021-09-07 21:07:01', 1, '', 'ffd050121'),
(264, 'Rajesh lal', '2021-09-07 17:56:21', '9918701944', '2021-09-08 12:53:25', '2021-09-08 12:53:55', 1, '', 'ffd050121'),
(265, 'Chitra Jamdar', '2021-09-07 17:56:36', '9879359440', '2021-09-07 19:51:33', '2021-09-07 20:19:34', 1, '', 'ffd050121'),
(266, 'Sandeep Raju Shetty', '2021-09-07 17:56:42', '9820898909', '2021-09-07 18:20:52', '2021-09-07 20:31:53', 1, '', 'ffd050121'),
(267, 'G M', '2021-09-07 17:56:44', '9820747785', '2021-09-09 00:27:25', '2021-09-09 00:55:55', 1, '', 'ffd050121'),
(268, 'Narayan Pansekar', '2021-09-07 17:56:48', '9823752197', '2021-09-07 17:56:48', '2021-09-07 20:38:46', 1, '', 'ffd050121'),
(269, 'Geeta chandani', '2021-09-07 17:56:52', '9830066793', '2021-09-07 17:56:52', '2021-09-07 21:23:22', 1, '', 'ffd050121'),
(270, 'Manisha Dasgupta', '2021-09-07 17:56:59', '9011087705', '2021-09-07 17:56:59', '2021-09-07 21:13:59', 1, '91', 'ffd050121'),
(271, 'Sujata Karnik', '2021-09-07 17:57:02', '9987051382', '2021-09-07 17:57:02', '2021-09-07 19:32:29', 1, '', 'ffd050121'),
(272, 'Rohit Pandey', '2021-09-07 17:57:03', '9738357327', '2021-09-07 17:57:03', '2021-09-07 20:53:34', 1, '', 'ffd050121'),
(273, 'neelu jain', '2021-09-07 17:57:04', '9458080097', '2021-09-07 17:57:04', '2021-09-07 19:59:05', 1, '', 'ffd050121'),
(274, 'Samuel Mathai', '2021-09-07 17:57:15', '9890440989', '2021-09-07 17:57:15', '2021-09-07 21:05:01', 0, '91', 'ffd050121'),
(275, 'Parameshwar Sahu', '2021-09-07 17:57:18', '6371791632', '2021-09-10 22:58:56', '2021-09-11 02:34:35', 1, '', 'ffd050121'),
(276, 'Rajendra Bhandari', '2021-09-07 17:57:19', '9423191401', '2021-09-07 18:06:25', '2021-09-07 18:07:26', 1, '', 'ffd050121'),
(277, 'Pritesh Arun Badgujar', '2021-09-07 17:57:21', '8329925671', '2021-09-07 17:57:21', '2021-09-07 19:35:36', 0, '91', 'ffd050121'),
(278, 'Sandhya Pandey', '2021-09-07 17:57:31', '7045557610', '2021-09-07 17:57:31', '2021-09-07 20:22:31', 1, '', 'ffd050121'),
(279, 'Jeevan', '2021-09-07 17:57:34', '7411393869', '2021-09-07 18:08:16', '2021-09-07 18:31:47', 1, '44', 'ffd050121'),
(280, 'Punyapu Venkata Rao', '2021-09-07 17:57:39', '9437032450', '2021-09-07 18:50:02', '2021-09-07 21:28:44', 1, '', 'ffd050121'),
(281, 'Gaurav Gupta', '2021-09-07 17:57:50', '9962443521', '2021-09-09 04:56:01', '2021-09-09 06:02:01', 1, '91', 'ffd050121'),
(282, 'amarjeet', '2021-09-07 17:57:51', '8623869701', '2021-09-07 18:02:24', '2021-09-07 18:02:54', 1, '', 'ffd050121'),
(283, 'Bhakti Dedhia', '2021-09-07 17:57:53', '9920050760', '2021-09-07 19:26:55', '2021-09-07 19:54:58', 1, '91', 'ffd050121'),
(284, 'P. M. Khire', '2021-09-07 17:57:55', '9860576572', '2021-09-07 17:57:55', '2021-09-07 19:57:03', 0, '91', 'ffd050121'),
(285, 'Shakuntla Rani', '2021-09-07 17:58:04', '9910024512', '2021-09-07 17:58:04', '2021-09-07 20:37:05', 1, '', 'ffd050121'),
(286, 'Ninu Jsin', '2021-09-07 17:58:07', '9650525666', '2021-09-07 18:08:58', '2021-09-07 19:39:30', 1, '', 'ffd050121'),
(287, 'Subramu', '2021-09-07 17:58:07', '4169032097', '2021-09-07 17:58:07', '2021-09-07 20:46:22', 0, '1', 'ffd050121'),
(288, 'Shilpa', '2021-09-07 17:58:24', '8790422616', '2021-09-07 17:58:24', '2021-09-07 21:25:55', 1, '', 'ffd050121'),
(289, 'Kalyani', '2021-09-07 17:58:24', '7276818211', '2021-09-08 09:56:55', '2021-09-08 12:19:58', 1, '', 'ffd050121'),
(290, 'Suresh (Sam) Seelam', '2021-09-07 17:58:41', '14846808681', '2021-09-07 17:58:41', '2021-09-07 20:38:42', 1, '1', 'ffd050121'),
(291, 'Mohd Aamir', '2021-09-07 17:58:53', '9811917949', '2021-09-07 17:58:53', '2021-09-07 20:29:23', 1, '', 'ffd050121'),
(292, 'Ash Patel', '2021-09-07 17:58:57', '5163308652', '2021-09-07 17:58:57', '2021-09-07 19:11:00', 1, '1', 'ffd050121'),
(293, 'SANJEEV BANSAL', '2021-09-07 17:58:59', '9729470530', '2021-09-07 17:58:59', '2021-09-07 20:57:26', 1, '', 'ffd050121'),
(294, 'Sravanthi U', '2021-09-07 17:59:01', '09293906675', '2021-09-07 19:10:24', '2021-09-07 20:33:07', 1, '', 'ffd050121'),
(295, 'Snehal Randive', '2021-09-07 17:59:03', '9967789668', '2021-09-07 17:59:03', '2021-09-07 19:08:34', 1, '91', 'ffd050121'),
(296, 'Kapil Kumar', '2021-09-07 17:59:06', '9848480407', '2021-09-07 18:07:13', '2021-09-07 20:15:33', 1, '91', 'ffd050121'),
(297, 'Srinivasa Rao chedella ', '2021-09-07 17:59:06', '9586559998', '2021-09-07 18:01:08', '2021-09-07 21:28:08', 1, '', 'ffd050121'),
(298, 'SHASHI KANT KESHRI', '2021-09-07 17:59:14', '8864060369', '2021-09-10 23:01:49', '2021-09-10 23:05:03', 0, '', 'ffd050121'),
(299, 'Preeti goel', '2021-09-07 17:59:27', '09311698731', '2021-09-07 17:59:27', '2021-09-07 20:31:58', 1, '91', 'ffd050121'),
(300, 'Prayag Singh', '2021-09-07 17:59:37', '8750786336', '2021-09-07 18:21:44', '2021-09-07 21:25:50', 1, '', 'ffd050121'),
(301, 'Mahesh', '2021-09-07 17:59:41', '9971989415', '2021-09-07 18:48:58', '2021-09-07 20:43:29', 0, '', 'ffd050121'),
(302, 'Dr.vijay kumar', '2021-09-07 17:59:49', '9833021222', '2021-09-07 20:09:21', '2021-09-07 20:10:22', 1, '', 'ffd050121'),
(303, 'Bharati Darade ', '2021-09-07 17:59:49', '9662020179', '2021-09-07 17:59:49', '2021-09-07 21:25:38', 1, '', 'ffd050121'),
(304, 'Sradhalin parida', '2021-09-07 17:59:57', '8099502446', '2021-09-15 18:56:36', '2021-09-15 19:00:48', 1, '', 'ffd050121'),
(305, 'Pallavi Lokhande', '2021-09-07 17:59:58', '7666998671', '2021-09-07 20:58:13', '2021-09-07 21:43:48', 0, '', 'ffd050121'),
(306, 'r srinivasan', '2021-09-07 18:00:11', '9845949686', '2021-09-07 18:00:11', '2021-09-07 21:25:37', 1, '91', 'ffd050121'),
(307, 'Biraja Sankar ray', '2021-09-07 18:00:18', '9437206589', '2021-09-07 18:41:24', '2021-09-07 20:09:25', 1, '', 'ffd050121'),
(308, 'Tarak Bajpai', '2021-09-07 18:00:20', '9893300048', '2021-09-07 23:58:56', '2021-09-07 23:59:57', 1, '', 'ffd050121'),
(309, 'sunil krishnan', '2021-09-07 18:00:24', '9987433222', '2021-09-07 18:00:24', '2021-09-07 20:16:24', 1, '91', 'ffd050121'),
(310, 'vijay mankare', '2021-09-07 18:00:25', '9552502601', '2021-09-07 18:00:25', '2021-09-07 20:29:55', 1, '', 'ffd050121'),
(311, 'Rajendra Bhandari', '2021-09-07 18:00:35', '07030867111', '2021-09-07 18:05:32', '2021-09-07 20:18:33', 1, '', 'ffd050121'),
(312, 'APARNA SAMEL', '2021-09-07 18:00:35', '9022283007', '2021-09-08 20:02:33', '2021-09-08 20:14:33', 1, '', 'ffd050121'),
(313, 'Deoshree Sharma', '2021-09-07 18:00:54', '524878985', '2021-09-08 12:02:13', '2021-09-08 13:39:14', 1, '971', 'ffd050121'),
(314, 'Sidharth pathak', '2021-09-07 18:00:56', '9425009873', '2021-09-07 18:00:56', '2021-09-07 20:17:57', 1, '', 'ffd050121'),
(315, 'Veershetty', '2021-09-07 18:01:16', '9448716778', '2021-09-07 18:01:16', '2021-09-07 18:25:17', 1, '', 'ffd050121'),
(316, 'Geetha Sreenivas Reddy', '2021-09-07 18:01:36', '9880083660', '2021-09-07 18:01:36', '2021-09-07 21:00:33', 0, '', 'ffd050121'),
(317, 'Chandrashekar Balaraman', '2021-09-07 18:01:51', '532651860', '2021-09-07 20:40:15', '2021-09-07 21:05:48', 0, '966', 'ffd050121'),
(318, 'Divya Venugopal', '2021-09-07 18:01:56', '7415458424', '2021-09-08 19:02:15', '2021-09-08 19:55:15', 1, '', 'ffd050121'),
(319, 'Sindu', '2021-09-07 18:01:58', '09884261592', '2021-09-07 18:01:58', '2021-09-07 18:23:28', 1, '', 'ffd050121'),
(320, 'Som', '2021-09-07 18:01:59', '9861309542', '2021-09-10 22:40:46', '2021-09-10 22:49:29', 1, '', 'ffd050121'),
(321, 'Hemy K.N', '2021-09-07 18:02:07', '8861156582', '2021-09-07 18:02:07', '2021-09-07 18:13:36', 0, '', 'ffd050121'),
(322, 'kanchan Sarmukadam', '2021-09-07 18:02:14', '9834924129', '2021-09-07 18:02:14', '2021-09-07 21:29:45', 1, '91', 'ffd050121'),
(323, 'Kapil', '2021-09-07 18:02:22', '9848480407', '2021-09-07 18:02:22', '2021-09-07 18:15:53', 1, '', 'ffd050121'),
(324, 'Anahita karande', '2021-09-07 18:02:37', '9833694309', '2021-09-07 18:02:37', '2021-09-07 21:28:53', 1, '', 'ffd050121'),
(325, 'isma mohiddin', '2021-09-07 18:02:38', '8291048318', '2021-09-09 15:47:10', '2021-09-09 16:31:10', 1, '', 'ffd050121'),
(326, 'Pushpendra Sharma', '2021-09-07 18:02:40', '9871197472', '2021-09-07 18:02:40', '2021-09-07 20:31:16', 0, '91', 'ffd050121'),
(327, 'Amarjeet', '2021-09-07 18:02:45', '7020621226', '2021-09-07 18:31:05', '2021-09-07 19:51:09', 1, '', 'ffd050121'),
(328, 'Nayana patel', '2021-09-07 18:03:05', '9869396087', '2021-09-08 18:54:14', '2021-09-08 19:29:16', 1, '91', 'ffd050121'),
(329, 'Veena Singh', '2021-09-07 18:03:21', '07023287717', '2021-09-07 18:03:21', '2021-09-07 20:05:37', 1, '91', 'ffd050121'),
(330, 'asheesh shah', '2021-09-07 18:03:23', '9891343337', '2021-09-07 18:03:23', '2021-09-07 20:48:06', 1, '91', 'ffd050121'),
(331, 'N Uday Kiran', '2021-09-07 18:03:27', '9866686407', '2021-09-07 18:03:27', '2021-09-07 18:52:16', 1, '', 'ffd050121'),
(332, 'Ahmed Khan', '2021-09-07 18:03:29', '0506243968', '2021-09-07 18:03:29', '2021-09-07 21:19:13', 0, '971', 'ffd050121'),
(333, 'Aparna jain', '2021-09-07 18:03:35', '9810560306', '2021-09-07 18:03:35', '2021-09-07 19:34:43', 0, '', 'ffd050121'),
(334, 'Meenakshi ahuja', '2021-09-07 18:03:46', '9878482801', '2021-09-08 11:33:44', '2021-09-08 13:00:44', 1, '', 'ffd050121'),
(335, 'Bini ', '2021-09-07 18:04:09', '9968658388', '2021-09-09 11:30:41', '2021-09-09 12:23:12', 1, '91', 'ffd050121'),
(336, 'Lavina Veling', '2021-09-07 18:04:16', '9833751175', '2021-09-08 11:52:44', '2021-09-08 12:23:30', 1, '', 'ffd050121'),
(337, 'Nayana patel', '2021-09-07 18:04:19', '9869396087', '2021-09-07 18:04:19', '2021-09-07 20:48:19', 1, '', 'ffd050121'),
(338, 'Rajesh Vedprakash Goyal', '2021-09-07 18:04:30', '9422083082', '2021-09-07 18:04:30', '2021-09-07 21:25:24', 1, '91', 'ffd050121'),
(339, 'VENKATESH DASMAPURE', '2021-09-07 18:04:57', '9552564266', '2021-09-07 18:08:44', '2021-09-07 20:39:14', 1, '', 'ffd050121'),
(340, 'Nrapendra', '2021-09-07 18:05:29', '9140715901', '2021-09-07 18:45:40', '2021-09-07 21:31:41', 1, '91', 'ffd050121'),
(341, 'Veerashetty .m', '2021-09-07 18:05:32', '9380237131', '2021-09-07 18:45:25', '2021-09-07 20:15:04', 1, '', 'ffd050121'),
(342, 'tapan Agarwal ', '2021-09-07 18:05:40', '9892019787', '2021-09-07 18:05:40', '2021-09-07 20:52:11', 1, '', 'ffd050121'),
(343, 'ANJALEE SHAANDILYA', '2021-09-07 18:06:30', '9910183888', '2021-09-07 18:06:30', '2021-09-07 21:31:13', 1, '91', 'ffd050121'),
(344, 'Prayag Singh', '2021-09-07 18:07:26', '08750786336', '2021-09-07 18:07:26', '2021-09-07 18:12:47', 0, '', 'ffd050121'),
(345, 'Ritu mallick ', '2021-09-07 18:07:37', '8368751214', '2021-09-07 18:07:37', '2021-09-07 18:35:16', 1, '', 'ffd050121'),
(346, 'Praveen Bhadouriya', '2021-09-07 18:07:58', '9406101300', '2021-09-07 18:07:58', '2021-09-07 18:58:58', 1, '', 'ffd050121'),
(347, 'PRASHANTH JATHANNA', '2021-09-07 18:08:08', '9742971777', '2021-09-07 18:08:08', '2021-09-07 20:52:08', 1, '', 'ffd050121'),
(348, 'Rekha Ravindra', '2021-09-07 18:08:13', '9448018428', '2021-09-07 18:08:13', '2021-09-07 19:57:52', 0, '', 'ffd050121'),
(349, 'Malabika Guha', '2021-09-07 18:08:14', '9167099397', '2021-09-07 18:08:14', '2021-09-07 21:22:15', 1, '', 'ffd050121'),
(350, 'M srinivas reddy', '2021-09-07 18:08:19', '8977733372', '2021-09-11 01:47:25', '2021-09-11 03:13:06', 1, '', 'ffd050121'),
(351, 'peddapatlolla srikanth reddy', '2021-09-07 18:08:28', '9441109775', '2021-09-07 18:08:28', '2021-09-07 21:54:51', 1, '91', 'ffd050121'),
(352, 'Shail devi', '2021-09-07 18:08:35', '08220677333', '2021-09-08 12:29:12', '2021-09-08 12:30:12', 1, '', 'ffd050121'),
(353, 'Ratnadeep Kamble ', '2021-09-07 18:08:59', '9167189079', '2021-09-07 18:08:59', '2021-09-07 21:04:34', 1, '', 'ffd050121'),
(354, 'Devrajsinh Gohil', '2021-09-07 18:09:31', '09537380300', '2021-09-07 18:49:00', '2021-09-07 20:17:01', 1, '', 'ffd050121'),
(355, 'Mohnish', '2021-09-07 18:09:36', '9226585635', '2021-09-07 18:19:44', '2021-09-07 21:25:45', 1, '', 'ffd050121'),
(356, 'Vijay', '2021-09-07 18:09:50', '09028420975', '2021-09-07 18:09:50', '2021-09-07 19:01:05', 0, '', 'ffd050121'),
(357, 'Malhar ', '2021-09-07 18:11:03', '9850839063', '2021-09-07 18:53:23', '2021-09-07 19:06:54', 1, '', 'ffd050121'),
(358, 'Praduman Meena', '2021-09-07 18:11:10', '9811437582', '2021-09-07 18:11:10', '2021-09-07 19:06:58', 1, '', 'ffd050121'),
(359, 'Gaurav Gupta', '2021-09-07 18:11:10', '9962284875', '2021-09-07 18:11:10', '2021-09-07 20:17:19', 1, '91', 'ffd050121'),
(360, 'K V Sarath Chandra Mouli', '2021-09-07 18:12:03', '09886452525', '2021-09-07 18:12:03', '2021-09-07 20:18:34', 1, '', 'ffd050121'),
(361, 'pradeep kumar mishra', '2021-09-07 18:12:11', '9437383470', '2021-09-07 18:12:11', '2021-09-07 22:23:48', 1, '', 'ffd050121'),
(362, 'Shubham sharma', '2021-09-07 18:12:59', '981036542', '2021-09-07 18:12:59', '2021-09-07 18:26:36', 0, '', 'ffd050121'),
(363, 'Anupam Bhasin', '2021-09-07 18:13:16', '9810120397', '2021-09-10 09:38:18', '2021-09-10 11:04:19', 1, '', 'ffd050121'),
(364, 'Rajender kumar', '2021-09-07 18:13:19', '9314294044', '2021-09-07 18:13:19', '2021-09-07 18:31:20', 1, '', 'ffd050121'),
(365, 'Ashish Kumar Garhwal', '2021-09-07 18:13:25', '9522562323', '2021-09-07 18:13:25', '2021-09-07 18:14:55', 1, '91', 'ffd050121'),
(366, 'Amit Gupta ', '2021-09-07 18:13:33', '9844087442', '2021-09-07 18:13:33', '2021-09-07 19:43:46', 1, '', 'ffd050121'),
(367, 'Mahesh Bhati', '2021-09-07 18:14:07', '9811559411', '2021-09-07 18:14:07', '2021-09-07 20:20:16', 1, '', 'ffd050121'),
(368, 'Priya Pagare ', '2021-09-07 18:15:16', '9833662930', '2021-09-07 18:15:16', '2021-09-07 19:03:40', 1, '', 'ffd050121'),
(369, 'Sachin Arora ', '2021-09-07 18:15:44', '9999164170', '2021-09-07 18:15:44', '2021-09-07 18:15:49', 0, '', 'ffd050121'),
(370, 'Veena Singh', '2021-09-07 18:16:25', '07023287717', '2021-09-07 19:23:17', '2021-09-07 20:23:48', 1, '', 'ffd050121'),
(371, 'Deepa Joshi', '2021-09-07 18:16:53', '-9836784555', '2021-09-07 18:16:53', '2021-09-07 20:32:59', 0, '91', 'ffd050121'),
(372, 'Mahesh Ananda shinde', '2021-09-07 18:16:55', '9825950912', '2021-09-07 18:16:55', '2021-09-07 21:21:26', 1, '', 'ffd050121'),
(373, 'Asha', '2021-09-07 18:17:22', '0566605475', '2021-09-07 18:17:22', '2021-09-07 21:18:48', 1, '971', 'ffd050121'),
(374, 'Sri Rajeshwari Devi ', '2021-09-07 18:17:22', '09844396956', '2021-09-07 18:17:22', '2021-09-07 21:35:23', 1, '91', 'ffd050121'),
(375, 'rajni chourasia', '2021-09-07 18:19:20', '9399786081', '2021-09-07 18:19:20', '2021-09-07 20:09:50', 1, '91', 'ffd050121'),
(376, 'Priyanshi Pravin Deshmane', '2021-09-07 18:19:42', '7350685516', '2021-09-07 18:19:42', '2021-09-07 21:25:43', 1, '91', 'ffd050121'),
(377, 'kamiya', '2021-09-07 18:19:57', '9500029595', '2021-09-07 18:19:57', '2021-09-07 21:27:57', 1, '', 'ffd050121'),
(378, 'deepak uddhavrao deshmukh', '2021-09-07 18:20:23', '7588025237', '2021-09-07 18:20:23', '2021-09-07 18:56:16', 0, '91', 'ffd050121'),
(379, 'à¤—à¥‹à¤ªà¤¾à¤² à¤¸à¤¿à¤‚à¤¹ à¤­à¤¾à¤Ÿà¥€', '2021-09-07 18:21:34', '9413324700', '2021-09-07 20:00:30', '2021-09-07 20:02:33', 1, '', 'ffd050121'),
(380, 'L SANATOMBA SINGH', '2021-09-07 18:24:29', '9863756258', '2021-09-08 16:19:58', '2021-09-08 16:56:46', 1, '91', 'ffd050121'),
(381, 'Sindu', '2021-09-07 18:24:30', '9884261592', '2021-09-07 18:26:06', '2021-09-07 20:49:38', 1, '', 'ffd050121'),
(382, 'LAXMIKANTH KULKARNI', '2021-09-07 18:26:10', '9535624658', '2021-09-07 18:26:10', '2021-09-07 20:54:17', 1, '', 'ffd050121'),
(383, 'Anu ', '2021-09-07 18:27:29', '7507860425', '2021-09-07 18:28:27', '2021-09-07 20:33:07', 1, '', 'ffd050121'),
(384, 'Chiran Appaiah', '2021-09-07 18:28:12', '9886763081', '2021-09-07 18:28:12', '2021-09-07 21:26:08', 0, '91', 'ffd050121'),
(385, 'Sanjay', '2021-09-07 18:28:19', '9819330317', '2021-09-07 19:19:11', '2021-09-07 20:23:42', 1, '', 'ffd050121'),
(386, 'Srinivas Bodage', '2021-09-07 18:28:47', '9158401777', '2021-09-07 18:28:47', '2021-09-07 19:44:00', 1, '', 'ffd050121'),
(387, 'Surekha Murnal', '2021-09-07 18:29:52', '9535596453', '2021-09-07 18:55:09', '2021-09-07 19:21:10', 1, '', 'ffd050121'),
(388, 'Aanant Diwan', '2021-09-07 18:30:37', '9922478126', '2021-09-07 18:30:37', '2021-09-07 20:44:39', 1, '', 'ffd050121'),
(389, 'Anshul', '2021-09-07 18:30:49', '8975315808', '2021-09-07 18:56:16', '2021-09-07 20:38:31', 1, '91', 'ffd050121'),
(390, 'Imtiyaz', '2021-09-07 18:32:50', '9167567249', '2021-09-08 21:48:18', '2021-09-09 00:33:29', 1, '', 'ffd050121'),
(391, 'Rutu arora', '2021-09-07 18:33:41', '9898067889', '2021-09-07 20:11:50', '2021-09-07 20:23:51', 0, '', 'ffd050121'),
(392, 'Neeta Singh', '2021-09-07 18:34:54', '8147112751', '2021-09-07 18:44:02', '2021-09-07 20:34:03', 1, '', 'ffd050121'),
(393, 'sbkatti@kknag.com', '2021-09-07 18:42:28', '9371081483', '2021-09-07 18:42:28', '2021-09-07 20:54:59', 1, '', 'ffd050121'),
(394, 'Balaraman Chandrashekar', '2021-09-07 18:44:31', '0532651860', '2021-09-07 18:44:31', '2021-09-07 18:45:32', 1, '966', 'ffd050121'),
(395, 'Ravi', '2021-09-07 18:45:27', '9916932500', '2021-09-07 19:16:26', '2021-09-07 21:53:49', 1, '', 'ffd050121');
INSERT INTO `tbl_users` (`id`, `name`, `reg_date`, `mobile_num`, `login_date`, `logout_date`, `logout_status`, `cntry_code`, `eventname`) VALUES
(396, 'Sandeep Kumar', '2021-09-07 18:46:02', '9873900909', '2021-09-07 18:48:16', '2021-09-07 20:28:31', 1, '', 'ffd050121'),
(397, 'Aparna Samel', '2021-09-07 18:47:47', '09022283007', '2021-09-08 13:23:56', '2021-09-08 13:24:57', 1, '', 'ffd050121'),
(398, 'Mohammad Zafar', '2021-09-07 18:48:08', '09934822422', '2021-09-07 18:48:08', '2021-09-07 20:21:51', 1, '', 'ffd050121'),
(399, 'Rahul Mittal', '2021-09-07 18:49:23', '9311263255', '2021-09-07 18:49:23', '2021-09-07 19:15:18', 1, '', 'ffd050121'),
(400, 'Amarnath waghmode', '2021-09-07 18:54:26', '7020072862', '2021-09-07 20:12:35', '2021-09-07 20:17:05', 1, '', 'ffd050121'),
(401, 'Uma ', '2021-09-07 18:55:16', '9867714883', '2021-09-09 17:42:11', '2021-09-09 21:15:57', 1, '', 'ffd050121'),
(402, 'DEEPAK uddhavrao DESHMUKH', '2021-09-07 18:56:26', '07588025237', '2021-09-07 18:56:26', '2021-09-07 20:41:31', 1, '', 'ffd050121'),
(403, 'Anil Dixit', '2021-09-07 18:58:12', '7381083000', '2021-09-09 22:28:14', '2021-09-09 22:29:44', 1, '', 'ffd050121'),
(404, 'Kalpana patil ', '2021-09-07 19:01:21', '9970920464', '2021-09-07 21:03:07', '2021-09-07 21:28:38', 1, '', 'ffd050121'),
(405, 'Priya Pagare ', '2021-09-07 19:04:37', '7977981368', '2021-09-07 19:04:37', '2021-09-07 19:47:47', 1, '', 'ffd050121'),
(406, 'Dilip ', '2021-09-07 19:04:54', '91982691358', '2021-09-07 19:04:54', '2021-09-07 19:07:55', 1, '', 'ffd050121'),
(407, 'SRINIBAS MONDAL', '2021-09-07 19:05:59', '9775065482', '2021-09-07 19:05:59', '2021-09-07 20:00:00', 1, '91', 'ffd050121'),
(408, 'priyanka karnawat', '2021-09-07 19:07:09', '09273189831', '2021-09-07 19:26:24', '2021-09-07 20:45:55', 1, '', 'ffd050121'),
(409, 'Snehal Randive', '2021-09-07 19:09:15', '9967789668', '2021-09-07 19:09:15', '2021-09-07 20:48:14', 1, '', 'ffd050121'),
(410, 'Mehtab Lepcha', '2021-09-07 19:13:04', '9810833423', '2021-09-07 19:13:04', '2021-09-07 21:25:52', 1, '', 'ffd050121'),
(411, 'meena cheke', '2021-09-07 19:18:05', '9049755343', '2021-09-07 19:18:05', '2021-09-07 21:22:05', 1, '', 'ffd050121'),
(412, 'Anishka Majethia', '2021-09-07 19:24:50', '9825803345', '2021-09-07 19:24:50', '2021-09-07 21:25:23', 0, '', 'ffd050121'),
(413, 'Monika ', '2021-09-07 19:27:26', '8879026187', '2021-09-07 19:27:26', '2021-09-07 21:38:58', 1, '91', 'ffd050121'),
(414, 'Om Prakash Singh', '2021-09-07 19:30:12', '9934302883', '2021-09-07 20:14:47', '2021-09-07 20:18:48', 1, '', 'ffd050121'),
(415, 'Pritesh Arun Badgujar', '2021-09-07 19:34:06', '8329925671', '2021-09-07 19:35:53', '2021-09-07 21:16:53', 1, '', 'ffd050121'),
(416, 'Vivek Tiwari', '2021-09-07 19:35:18', '9561416765', '2021-09-07 19:35:18', '2021-09-07 19:49:49', 1, '', 'ffd050121'),
(417, 'Srinivas koneeu', '2021-09-07 19:39:36', '9701111', '2021-09-07 19:39:36', '2021-09-07 20:06:38', 1, '', 'ffd050121'),
(418, 'Pooja sajnani', '2021-09-07 19:47:34', '305001', '2021-09-07 19:47:34', '2021-09-07 20:46:04', 1, '', 'ffd050121'),
(419, 'LAKHAN PRASAD ', '2021-09-07 19:53:39', '81024047054', '2021-09-07 19:53:39', '2021-09-07 20:48:40', 1, '', 'ffd050121'),
(420, 'Bhakti Dedhia', '2021-09-07 19:55:14', '09920050760', '2021-09-08 10:15:07', '2021-09-08 10:16:38', 1, '91', 'ffd050121'),
(421, 'Pallavi ', '2021-09-07 19:56:39', '08600598234', '2021-09-07 19:56:39', '2021-09-07 19:59:10', 1, '', 'ffd050121'),
(422, 'sunil krishnan', '2021-09-07 20:17:08', '9987433222', '2021-09-07 20:17:08', '2021-09-07 21:04:08', 1, '', 'ffd050121'),
(423, 'Preeti Awasthi', '2021-09-07 20:21:26', '7651835253', '2021-09-07 20:21:26', '2021-09-07 20:21:56', 1, '', 'ffd050121'),
(424, 'Sandhya Pandey', '2021-09-07 20:22:45', '07045557610', '2021-09-12 00:27:19', '2021-09-12 00:28:50', 1, '', 'ffd050121'),
(425, 'Preeti Awasthi', '2021-09-07 20:23:47', '9936126262', '2021-09-07 20:23:47', '2021-09-07 21:25:17', 1, '91', 'ffd050121'),
(426, 'Sudip Debnath', '2021-09-07 20:26:09', '9845521902', '2021-09-07 20:26:09', '2021-09-07 20:31:40', 1, '', 'ffd050121'),
(427, 'Rakesh Singhi', '2021-09-07 20:46:27', '9852023432', '2021-09-07 20:59:08', '2021-09-07 21:03:42', 1, '977', 'ffd050121'),
(428, 'Naveen', '2021-09-07 20:48:04', '9823006728', '2021-09-07 20:48:04', '2021-09-07 21:35:34', 1, '91', 'ffd050121'),
(429, 'Urmila', '2021-09-07 21:03:23', '9414605730', '2021-09-08 14:20:20', '2021-09-08 14:26:51', 1, '', 'ffd050121'),
(430, 'Jyothi ', '2021-09-07 21:44:36', '9566596177', '2021-09-07 21:44:36', '2021-09-07 21:45:36', 1, '', 'ffd050121'),
(431, 'Anilkumar Nair', '2021-09-07 22:28:42', '9820506106', '2021-09-07 22:28:42', '2021-09-07 22:35:12', 1, '', 'ffd050121'),
(432, 'sri', '2021-09-07 22:46:14', '9844396956', '2021-09-07 23:14:29', '2021-09-07 23:15:29', 1, '', 'ffd050121'),
(433, 'GURBAKSH KUMAR', '2021-09-08 00:16:26', '9419110262', '2021-09-08 00:16:26', '2021-09-08 00:18:02', 1, '', 'ffd050121'),
(434, 'v', '2021-09-08 10:02:31', '654', '2021-09-08 10:02:31', '2021-09-08 10:02:55', 0, '', 'ffd050121'),
(435, 'Himani', '2021-09-08 10:15:46', '9930863026', '2021-09-08 10:15:46', '2021-09-08 10:16:16', 1, '', 'ffd050121'),
(436, 'Sharmila Thade ', '2021-09-08 10:22:28', '9967595048', '2021-09-08 10:22:28', '2021-09-08 10:47:34', 1, '91', 'ffd050121'),
(437, 'Rishan', '2021-09-08 10:33:11', '9028197041', '2021-09-08 10:37:00', '2021-09-08 12:15:43', 1, '', 'ffd050121'),
(438, 'Bhakti Dedhi', '2021-09-08 10:35:44', '9920050760', '2021-09-08 22:20:27', '2021-09-08 22:33:16', 1, '', 'ffd050121'),
(439, 'Arvind b Mavinkurve ', '2021-09-08 10:36:27', '981110208', '2021-09-08 10:36:27', '2021-09-08 14:37:13', 1, '', 'ffd050121'),
(440, 'Sushant Tawade', '2021-09-08 10:48:41', '08080669960', '2021-09-08 10:48:41', '2021-09-08 10:53:41', 1, '', 'ffd050121'),
(441, 'Ashish', '2021-09-08 10:51:32', '9511131113', '2021-09-08 10:51:32', '2021-09-08 10:59:03', 1, '', 'ffd050121'),
(442, 'Manik Kadam ', '2021-09-08 11:02:14', '9320357792', '2021-09-10 13:22:39', '2021-09-10 14:28:10', 1, '', 'ffd050121'),
(443, 'Anand Kumar Sharma', '2021-09-08 11:11:13', '09929203431', '2021-09-09 22:43:00', '2021-09-09 22:43:30', 1, '', 'ffd050121'),
(444, 'Ravindra Nene', '2021-09-08 11:34:41', '08805974541', '2021-09-08 11:34:41', '2021-09-08 12:30:41', 1, '91', 'ffd050121'),
(445, 'Afshan Kazi', '2021-09-08 11:50:12', '9253360342', '2021-09-10 11:24:35', '2021-09-10 11:43:07', 1, '1', 'ffd050121'),
(446, 'Ratan', '2021-09-08 11:53:40', '7405042743', '2021-09-09 19:32:04', '2021-09-09 21:03:59', 1, '44', 'ffd050121'),
(447, 'Rushikesh Pawar', '2021-09-08 11:57:04', '9987889811', '2021-09-09 23:45:28', '2021-09-10 01:49:42', 1, '', 'ffd050121'),
(448, 'Merns khurana', '2021-09-08 11:58:56', '9871719988', '2021-09-08 11:58:56', '2021-09-08 12:52:27', 1, '', 'ffd050121'),
(449, 'Sardar Hussain', '2021-09-08 12:06:17', '9986294391', '2021-09-10 16:02:44', '2021-09-10 19:12:45', 1, '91', 'ffd050121'),
(450, 'Srinivas Koneru', '2021-09-08 12:16:24', '9701110680', '2021-09-08 23:40:37', '2021-09-09 00:56:37', 1, '', 'ffd050121'),
(451, 'Nellai', '2021-09-08 12:23:49', '0430886144', '2021-09-08 12:23:49', '2021-09-08 12:32:27', 1, '61', 'ffd050121'),
(452, 'Karma Rapden', '2021-09-08 12:26:13', '9434486117', '2021-09-08 14:43:43', '2021-09-08 16:18:15', 1, '', 'ffd050121'),
(453, 'Poppy', '2021-09-08 12:35:05', '9711194894', '2021-09-08 12:35:05', '2021-09-08 15:42:07', 1, '', 'ffd050121'),
(454, 'Dilip Bhadouria', '2021-09-08 12:46:02', '9826913268', '2021-09-08 12:46:02', '2021-09-08 12:57:02', 1, '91', 'ffd050121'),
(455, 'Patil', '2021-09-08 12:46:47', '99492749', '2021-09-08 12:46:47', '2021-09-08 12:51:18', 1, '968', 'ffd050121'),
(456, 'Mathew', '2021-09-08 13:01:50', '9645081827', '2021-09-08 21:25:58', '2021-09-08 21:26:28', 1, '91', 'ffd050121'),
(457, 'Ruchi singhal', '2021-09-08 13:10:15', '9971668062', '2021-09-08 13:10:15', '2021-09-08 13:11:45', 1, '91', 'ffd050121'),
(458, 'Seshadri', '2021-09-08 13:10:24', '8939035528', '2021-09-08 13:13:56', '2021-09-08 13:19:27', 1, '', 'ffd050121'),
(459, 'Sunita', '2021-09-08 13:11:15', '7489195625', '2021-09-08 13:11:15', '2021-09-08 13:14:15', 1, '', 'ffd050121'),
(460, 'Suraj Patil', '2021-09-08 13:20:17', '8971717162', '2021-09-08 13:20:17', '2021-09-08 13:28:47', 1, '', 'ffd050121'),
(461, 'Anil dawar', '2021-09-08 13:31:06', '9752050490', '2021-09-08 13:31:06', '2021-09-08 13:32:36', 1, '', 'ffd050121'),
(462, 'Akshay Nagpal', '2021-09-08 14:44:46', '433955510', '2021-09-12 04:11:47', '2021-09-12 04:58:25', 1, '61', 'ffd050121'),
(463, 'kaushal sinha', '2021-09-08 15:02:49', '0477790010', '2021-09-08 15:02:49', '2021-09-08 15:07:51', 1, '61', 'ffd050121'),
(464, 'Gyanmala Satyendra Kumar', '2021-09-08 15:07:40', '8123063856', '2021-09-10 00:37:03', '2021-09-10 03:29:34', 1, '', 'ffd050121'),
(465, 'SITA DEVI', '2021-09-08 15:08:29', '9910691296', '2021-09-08 15:08:29', '2021-09-08 15:08:59', 1, '', 'ffd050121'),
(466, 'L SANATOMBA SINGH', '2021-09-08 15:26:36', '986375625', '2021-09-08 15:26:36', '2021-09-08 15:27:37', 1, '98', 'ffd050121'),
(467, 'Renu Gupta', '2021-09-08 15:26:57', '9971700453', '2021-09-08 17:34:25', '2021-09-08 19:33:09', 1, '91', 'ffd050121'),
(468, 'L SANATOMBA SINGH', '2021-09-08 15:28:21', '986375628', '2021-09-08 15:28:21', '2021-09-08 15:28:51', 1, '91', 'ffd050121'),
(469, 'Ravindra Nene', '2021-09-08 15:28:23', '8850974541', '2021-09-08 15:28:23', '2021-09-08 17:01:10', 1, '', 'ffd050121'),
(470, 'Rajesh vedprakaah Goyal', '2021-09-08 15:40:48', '9422083085', '2021-09-08 17:06:42', '2021-09-08 17:18:12', 1, '91', 'ffd050121'),
(471, 'Poppy', '2021-09-08 16:58:31', '9711194894', '2021-09-08 16:58:31', '2021-09-08 17:12:32', 1, '91', 'ffd050121'),
(472, 'Shweta ', '2021-09-08 17:18:02', '9212013696', '2021-09-08 17:23:01', '2021-09-09 14:22:37', 0, '91', 'ffd050121'),
(473, 'Atmaram Gupta', '2021-09-08 17:33:56', '9414309431', '2021-09-08 17:33:56', '2021-09-08 21:18:24', 1, '', 'ffd050121'),
(474, 'S.M.Singh', '2021-09-08 17:51:04', '9839308080', '2021-09-08 17:51:04', '2021-09-08 17:52:35', 1, '', 'ffd050121'),
(475, 'Sunita Bhadouria ', '2021-09-08 18:00:54', '9538803766', '2021-09-08 18:00:54', '2021-09-08 18:12:25', 1, '91', 'ffd050121'),
(476, 'Kiran Singh', '2021-09-08 19:09:06', '8601362993', '2021-09-09 19:03:19', '2021-09-09 19:21:55', 1, '', 'ffd050121'),
(477, 'Prakash Jain', '2021-09-08 19:43:54', '09930363790', '2021-09-09 13:50:34', '2021-09-09 13:54:05', 1, '', 'ffd050121'),
(478, 'Dipali Deshmukh-karankal', '2021-09-08 19:53:18', '09768122956', '2021-09-08 19:53:18', '2021-09-08 20:34:20', 1, '', 'ffd050121'),
(479, 'Suvarna', '2021-09-08 20:03:16', '9702804174', '2021-09-08 20:03:16', '2021-09-08 20:04:46', 1, '', 'ffd050121'),
(480, 'Sarita Rajan', '2021-09-08 20:29:41', '9949547546', '2021-09-08 20:29:41', '2021-09-08 20:30:42', 1, '', 'ffd050121'),
(481, 'FEHMIDA YOUSUF ', '2021-09-08 21:34:10', '03343164484', '2021-09-09 20:41:25', '2021-09-10 00:04:15', 1, '92', 'ffd050121'),
(482, 'Truptisaraykar', '2021-09-08 21:38:58', '9823016492', '2021-09-08 21:38:58', '2021-09-08 21:58:58', 1, '', 'ffd050121'),
(483, 'Seshadri S', '2021-09-08 22:12:37', '08939035528', '2021-09-08 22:12:37', '2021-09-09 00:29:37', 1, '', 'ffd050121'),
(484, 'Madhu agarwal ', '2021-09-08 22:45:21', '8008293690', '2021-09-09 07:50:11', '2021-09-09 07:51:18', 1, '', 'ffd050121'),
(485, 'N K Kapur ', '2021-09-08 22:52:49', '9811213809', '2021-09-09 23:06:24', '2021-09-10 00:35:55', 1, '', 'ffd050121'),
(486, 'Jagdeep Kaur maitreya', '2021-09-09 01:02:13', '9323543476', '2021-09-10 09:59:34', '2021-09-10 10:05:31', 1, '', 'ffd050121'),
(487, 'Apeksha Joshi', '2021-09-09 06:35:17', '19403728571', '2021-09-09 06:35:17', '2021-09-09 07:00:49', 1, '1', 'ffd050121'),
(488, 'Mr. Ganesh Ch. Datta', '2021-09-09 07:52:57', '9434482926', '2021-09-10 12:28:01', '2021-09-10 12:28:31', 1, '91', 'ffd050121'),
(489, 'Suresh Seelam', '2021-09-09 08:01:30', '014746808681', '2021-09-09 08:01:30', '2021-09-09 08:33:37', 1, '1', 'ffd050121'),
(490, 'Anil Dawar', '2021-09-09 08:10:56', '9752050490', '2021-09-09 08:18:15', '2021-09-09 10:00:46', 1, '91', 'ffd050121'),
(491, 'Chanabasappa S Yalimadannanavar', '2021-09-09 09:39:36', '09113560823', '2021-09-09 09:39:36', '2021-09-09 09:42:07', 1, '', 'ffd050121'),
(492, 'Aravind KR', '2021-09-09 10:33:11', '8861138778', '2021-09-09 10:33:11', '2021-09-09 11:44:11', 1, '91', 'ffd050121'),
(493, 'Shyam sunder sagar', '2021-09-09 10:48:11', '9868224719', '2021-09-09 10:48:11', '2021-09-09 10:49:13', 1, '', 'ffd050121'),
(494, 'Bharat Vyas', '2021-09-09 11:27:17', '9821478841', '2021-09-09 16:50:28', '2021-09-09 16:54:59', 1, '', 'ffd050121'),
(495, 'Mridulasood ', '2021-09-09 12:56:21', '9418481293', '2021-09-09 12:56:21', '2021-09-09 12:56:51', 1, '', 'ffd050121'),
(496, 'akanksha ', '2021-09-09 13:10:52', '9404309485', '2021-09-09 13:10:52', '2021-09-09 13:12:23', 1, '', 'ffd050121'),
(497, 'Mridula Sood', '2021-09-09 13:19:01', '9717400442', '2021-09-09 13:19:01', '2021-09-09 14:14:24', 1, '', 'ffd050121'),
(498, 'Rajeev Varshney', '2021-09-09 13:42:44', '9412501252', '2021-09-09 13:42:44', '2021-09-09 13:57:15', 1, '', 'ffd050121'),
(499, 'Sradhalin Parida', '2021-09-09 14:23:34', '8099502446', '2021-09-10 20:19:30', '2021-09-10 20:44:01', 1, '91', 'ffd050121'),
(500, 'Ahmed khan', '2021-09-09 15:49:39', '506243968', '2021-09-09 15:49:39', '2021-09-09 16:13:34', 1, '971', 'ffd050121'),
(501, 'Praneet', '2021-09-09 16:56:13', '9892316678', '2021-09-09 16:56:13', '2021-09-09 17:49:14', 1, '91', 'ffd050121'),
(502, 'Suresh Babu V', '2021-09-09 17:00:51', '09148517316', '2021-09-10 11:59:33', '2021-09-10 15:39:28', 1, '', 'ffd050121'),
(503, 'deeparaghunath26@gmail.com', '2021-09-09 20:24:33', '9168041000', '2021-09-09 23:17:14', '2021-09-10 01:50:50', 0, '', 'ffd050121'),
(504, 'Bansi', '2021-09-09 21:42:12', '7786826499', '2021-09-09 21:42:12', '2021-09-09 23:07:04', 1, '1', 'ffd050121'),
(505, 'Jyoti Patil ', '2021-09-10 08:51:09', '9284248068', '2021-09-10 08:52:24', '2021-09-10 11:04:21', 1, '', 'ffd050121'),
(506, 'Rangavittala Rao', '2021-09-10 12:31:38', '9740605902', '2021-09-10 12:31:38', '2021-09-10 12:38:04', 1, '91', 'ffd050121'),
(507, 'Sardar Hussain', '2021-09-10 15:38:07', '9986594391', '2021-09-10 15:38:07', '2021-09-10 16:02:37', 1, '', 'ffd050121'),
(508, 'UJJWAL SAHA ', '2021-09-10 16:59:02', '9734050891', '2021-09-10 16:59:02', '2021-09-10 18:38:41', 1, '91', 'ffd050121'),
(509, 'Mahesh Ananda shinde', '2021-09-10 17:31:35', '09825950912', '2021-09-12 10:05:51', '2021-09-12 10:32:22', 1, '91', 'ffd050121'),
(510, 'Geeta Sharma', '2021-09-10 19:45:54', '7309033064', '2021-09-10 21:32:37', '2021-09-10 21:33:38', 1, '91', 'ffd050121'),
(511, 'Yashoda Pardeshi ', '2021-09-11 12:28:04', '9765124172', '2021-09-11 20:20:09', '2021-09-11 21:55:46', 1, '', 'ffd050121'),
(512, 'Aurobinda Prasada Rout ', '2021-09-12 09:00:04', '9791121934', '2021-09-12 09:00:04', '2021-09-12 09:21:24', 1, '', 'ffd050121'),
(513, 'Mahesh Ananda shinde', '2021-09-13 08:12:20', '09825950912', '2021-09-13 08:12:20', '2021-09-13 08:39:20', 1, '', 'ffd050121'),
(514, 'Deepti', '2021-09-13 14:14:16', '9899818111', '2021-09-13 14:14:16', '2021-09-13 14:14:46', 1, '', 'ffd050121');

--
-- Indexes for dumped tables
--

--
-- Indexes for table `tbl_questions`
--
ALTER TABLE `tbl_questions`
  ADD PRIMARY KEY (`id`);

--
-- Indexes for table `tbl_users`
--
ALTER TABLE `tbl_users`
  ADD PRIMARY KEY (`id`);

--
-- AUTO_INCREMENT for dumped tables
--

--
-- AUTO_INCREMENT for table `tbl_questions`
--
ALTER TABLE `tbl_questions`
  MODIFY `id` int(11) NOT NULL AUTO_INCREMENT, AUTO_INCREMENT=421;
--
-- AUTO_INCREMENT for table `tbl_users`
--
ALTER TABLE `tbl_users`
  MODIFY `id` int(3) NOT NULL AUTO_INCREMENT, AUTO_INCREMENT=515;
/*!40101 SET CHARACTER_SET_CLIENT=@OLD_CHARACTER_SET_CLIENT */;
/*!40101 SET CHARACTER_SET_RESULTS=@OLD_CHARACTER_SET_RESULTS */;
/*!40101 SET COLLATION_CONNECTION=@OLD_COLLATION_CONNECTION */;
