-- phpMyAdmin SQL Dump
-- version 4.6.6deb5ubuntu0.5
-- https://www.phpmyadmin.net/
--
-- Host: localhost:3306
-- Generation Time: Jan 07, 2022 at 08:35 AM
-- Server version: 5.7.36-0ubuntu0.18.04.1
-- PHP Version: 7.2.24-0ubuntu0.18.04.10

SET SQL_MODE = "NO_AUTO_VALUE_ON_ZERO";
SET time_zone = "+00:00";


/*!40101 SET @OLD_CHARACTER_SET_CLIENT=@@CHARACTER_SET_CLIENT */;
/*!40101 SET @OLD_CHARACTER_SET_RESULTS=@@CHARACTER_SET_RESULTS */;
/*!40101 SET @OLD_COLLATION_CONNECTION=@@COLLATION_CONNECTION */;
/*!40101 SET NAMES utf8mb4 */;

--
-- Database: `ffd_271121`
--

-- --------------------------------------------------------

--
-- Table structure for table `tbl_countries`
--

CREATE TABLE `tbl_countries` (
  `country` varchar(43) DEFAULT NULL,
  `cntry_code` varchar(5) DEFAULT NULL
) ENGINE=MyISAM DEFAULT CHARSET=utf8;

--
-- Dumping data for table `tbl_countries`
--

INSERT INTO `tbl_countries` (`country`, `cntry_code`) VALUES
('Afghanistan', '93'),
('Albania', '355'),
('Algeria', '213'),
('American Samoa', '1-684'),
('Andorra', '376'),
('Angola', '244'),
('Anguilla', '1-264'),
('Antarctica', '672'),
('Antigua', '1-268'),
('Argentina', '54'),
('Armenia', '374'),
('Aruba', '297'),
('Ascension', '247'),
('Australia', '61'),
('Australian External Territories', '672'),
('Austria', '43'),
('Azerbaijan', '994'),
('Bahamas', '1-242'),
('Bahrain', '973'),
('Bangladesh', '880'),
('Barbados', '1-246'),
('Barbuda', '1-268'),
('Belarus', '375'),
('Belgium', '32'),
('Belize', '501'),
('Benin', '229'),
('Bermuda', '1-441'),
('Bhutan', '975'),
('Bolivia', '591'),
('Bosnia & Herzegovina', '387'),
('Botswana', '267'),
('Brazil', '55'),
('British Virgin Islands', '1-284'),
('Brunei Darussalam', '673'),
('Bulgaria', '359'),
('Burkina Faso', '226'),
('Burundi', '257'),
('Cambodia', '855'),
('Cameroon', '237'),
('Canada', '1'),
('Cape Verde Islands', '238'),
('Cayman Islands', '1-345'),
('Central African Republic', '236'),
('Chad', '235'),
('Chatham Island (New Zealand)', '64'),
('Chile', '56'),
('China (PRC)', '86'),
('Christmas Island', '61-8'),
('', ''),
('Cocos-Keeling Islands', '61'),
('Colombia', '57'),
('Comoros', '269'),
('Congo', '242'),
('Congo, Dem. Rep. of?', '243'),
('Cook Islands', '682'),
('Costa Rica', '506'),
('C?te d\'Ivoire', '225'),
('Croatia', '385'),
('Cuba', '53'),
('Cuba', '5399'),
('Cura?ao', '599'),
('Cyprus', '357'),
('Czech Republic', '420'),
('Denmark', '45'),
('Diego Garcia', '246'),
('Djibouti', '253'),
('Dominica', '1-767'),
('Dominican Republic', '1-809'),
('East Timor', '670'),
('Easter Island', '56'),
('Ecuador', '593'),
('Egypt', '20'),
('El Salvador', '503'),
('Equatorial Guinea', '240'),
('Eritrea', '291'),
('Estonia', '372'),
('Ethiopia', '251'),
('Falkland Islands', '500'),
('Faroe Islands', '298'),
('Fiji Islands', '679'),
('Finland', '358'),
('France', '33'),
('French Antilles', '596'),
('French Guiana', '594'),
('French Polynesia', '689'),
('Gabonese Republic', '241'),
('Gambia', '220'),
('Georgia', '995'),
('Germany', '49'),
('Ghana', '233'),
('Gibraltar', '350'),
('Greece', '30'),
('Greenland', '299'),
('Grenada', '1-473'),
('Guadeloupe', '590'),
('Guam', '1-671'),
('Guantanamo Bay', '5399'),
('Guatemala', '502'),
('Guinea-Bissau', '245'),
('Guinea', '224'),
('Guyana', '592'),
('Haiti', '509'),
('Honduras', '504'),
('Hong Kong', '852'),
('Hungary', '36'),
('Iceland', '354'),
('India', '91'),
('Indonesia', '62'),
('Inmarsat (Atlantic Ocean - East)', '871'),
('Inmarsat (Atlantic Ocean - West)', '874'),
('Inmarsat (Indian Ocean)', '873'),
('Inmarsat (Pacific Ocean)', '872'),
('International Freephone Service', '800'),
('International Shared Cost Service (ISCS)', '808'),
('Iran', '98'),
('Iraq', '964'),
('Ireland', '353'),
('Iridium', '8816'),
('Israel', '972'),
('Italy', '39'),
('Jamaica', '1-876'),
('Japan', '81'),
('Jordan', '962'),
('Kazakhstan', '7'),
('Kenya', '254'),
('Kiribati', '686'),
('Korea (North)', '850'),
('Korea (South)', '82'),
('Kuwait', '965'),
('Kyrgyz Republic', '996'),
('Laos', '856'),
('Latvia', '371'),
('Lebanon', '961'),
('Lesotho', '266'),
('Liberia', '231'),
('Libya', '218'),
('Liechtenstein', '423'),
('Lithuania', '370'),
('Luxembourg', '352'),
('Macao', '853'),
('Macedonia', '389'),
('Madagascar', '261'),
('Malawi', '265'),
('Malaysia', '60'),
('Maldives', '960'),
('Mali Republic', '223'),
('Malta', '356'),
('Marshall Islands', '692'),
('Martinique', '596'),
('Mauritania', '222'),
('Mauritius', '230'),
('Mayotte Island', '269'),
('Mexico', '52'),
('Micronesia, (Federal States of)', '691'),
('Midway Island', '1-808'),
('Moldova', '373'),
('Monaco', '377'),
('Mongolia', '976'),
('Montenegro', '382'),
('Montserrat', '1-664'),
('Morocco', '212'),
('Mozambique', '258'),
('Myanmar', '95'),
('Namibia', '264'),
('Nauru', '674'),
('Nepal', '977'),
('Netherlands', '31'),
('Netherlands Antilles', '599'),
('Nevis', '1-869'),
('New Caledonia', '687'),
('New Zealand', '64'),
('Nicaragua', '505'),
('Niger', '227'),
('Nigeria', '234'),
('Niue', '683'),
('Norfolk Island', '672'),
('Northern Marianas Islands', '1-670'),
('', ''),
('Norway', '47'),
('Oman', '968'),
('Pakistan', '92'),
('Palau', '680'),
('Palestinian Settlements', '970'),
('Panama', '507'),
('Papua New Guinea', '675'),
('Paraguay', '595'),
('Peru', '51'),
('Philippines', '63'),
('Poland', '48'),
('Portugal', '351'),
('Puerto Rico', '1-787'),
('Qatar', '974'),
('R?union Island', '262'),
('Romania', '40'),
('Russia', '7'),
('Rwandese Republic', '250'),
('St. Helena', '290'),
('St. Kitts/Nevis', '1-869'),
('St. Lucia', '-757'),
('St. Pierre & Miquelon', '508'),
('St. Vincent & Grenadines', '1-784'),
('Samoa', '685'),
('San Marino', '378'),
('S?o Tom? and Principe', '239'),
('Saudi Arabia', '966'),
('Senegal', '221'),
('Serbia', '381'),
('Seychelles Republic', '248'),
('Sierra Leone', '232'),
('Singapore', '65'),
('Slovak Republic', '421'),
('Slovenia', '386'),
('Solomon Islands', '677'),
('Somali Democratic Republic', '252'),
('South Africa', '27'),
('Spain', '34'),
('Sri Lanka', '94'),
('Sudan', '249'),
('Suriname', '597'),
('Swaziland', '268'),
('Sweden', '46'),
('Switzerland', '41'),
('Syria', '963'),
('Taiwan', '886'),
('Tajikistan', '992'),
('Tanzania', '255'),
('Thailand', '66'),
('Thuraya (Mobile Satellite service)', '88216'),
('Timor Leste', '670'),
('Togolese Republic', '228'),
('Tokelau', '690'),
('Tonga Islands', '676'),
('Trinidad & Tobago', '1-868'),
('Tunisia', '216'),
('Turkey', '90'),
('Turkmenistan', '993'),
('Turks and Caicos Islands', '1-649'),
('Tuvalu', '688'),
('Uganda', '256'),
('Ukraine', '380'),
('United Arab Emirates', '971'),
('United Kingdom', '44'),
('United States of America', '1'),
('US Virgin Islands', '1-340'),
('Universal Personal Telecommunications (UPT)', '878'),
('Uruguay', '598'),
('Uzbekistan', '998'),
('Vanuatu', '678'),
('Vatican City', '39'),
('Venezuela', '58'),
('Vietnam', '84'),
('Wake Island', '808');

-- --------------------------------------------------------

--
-- Table structure for table `tbl_questions`
--

CREATE TABLE `tbl_questions` (
  `id` int(11) NOT NULL,
  `user_name` varchar(255) NOT NULL,
  `user_phone` varchar(15) NOT NULL,
  `user_question` varchar(500) NOT NULL,
  `asked_at` datetime NOT NULL,
  `user_code` varchar(10) NOT NULL,
  `speaker` int(11) NOT NULL DEFAULT '0',
  `answered` int(11) NOT NULL DEFAULT '0',
  `eventname` varchar(50) NOT NULL,
  `responded` int(11) DEFAULT '0',
  `doctor` int(11) DEFAULT '0',
  `diet` int(11) DEFAULT '0',
  `exercise` int(11) DEFAULT '0',
  `mentor` int(11) DEFAULT '0',
  `operations` int(11) DEFAULT '0',
  `InnerTransformation` int(11) DEFAULT '0',
  `Sales` int(11) DEFAULT '0',
  `Program` int(11) DEFAULT '0',
  `remark` varchar(200) DEFAULT NULL
) ENGINE=InnoDB DEFAULT CHARSET=latin1;

--
-- Dumping data for table `tbl_questions`
--

INSERT INTO `tbl_questions` (`id`, `user_name`, `user_phone`, `user_question`, `asked_at`, `user_code`, `speaker`, `answered`, `eventname`, `responded`, `doctor`, `diet`, `exercise`, `mentor`, `operations`, `InnerTransformation`, `Sales`, `Program`, `remark`) VALUES
(1, 'usha guttedar', '09900289248', 'Hi sir I\'m usha,I\'m diabetic,there is diabetic bliss jaggery in d market with low GI,can we have this jaggery n can we sugarfree tablets in tea r Stevie is good,r to avoid all these', '2021-11-18 07:54:18', '91', 0, 0, 'ffd050121', 0, 0, 0, 0, 0, 0, 0, 0, 0, NULL),
(2, 'Vikram Trivedi', '9867155765', 'Ek baar diabetes ki medicine chalu karne ke baad kya hum davai fir bandh kar sakte hai?', '2021-11-22 09:58:25', '', 0, 0, 'ffd050121', 0, 0, 0, 0, 0, 0, 0, 0, 0, NULL),
(3, 'K Rajendran', '9566750407', 'How to reverse type 2 diabetes', '2021-11-24 22:18:32', '91', 0, 0, 'ffd050121', 0, 0, 0, 0, 0, 0, 0, 0, 0, NULL),
(4, 'Shalini Salian', '09880809862', 'I am taking daily tablets for BP thyroid sugar cholesterol and fatty liver. My sugar levels are on the rise. How can I keep it in control with simple diet. ', '2021-11-25 12:44:38', '', 0, 0, 'ffd050121', 0, 0, 0, 0, 0, 0, 0, 0, 0, NULL),
(5, 'Shalini Salian', '09880809862', 'I am taking tablets daily for BP thyroid sugar cholesterol and fatty liver.  My sugar levels are on the rise. Random 210 it shows. How can I keep my sugar levels under control with simple diet?', '2021-11-25 12:46:49', '', 0, 0, 'ffd050121', 0, 0, 0, 0, 0, 0, 0, 0, 0, NULL),
(6, 'K RAJENDRAN', '9566750407', 'How can I reverse from Type 3 diabetes,.  ', '2021-11-26 10:16:36', '91', 0, 0, 'ffd050121', 0, 0, 0, 0, 0, 0, 0, 0, 0, NULL),
(7, 'Atul saraf', '9833067042', 'How to overcome with triglyceride (262). My Hba1c is 6.6.', '2021-11-26 22:10:35', '', 0, 0, 'ffd050121', 0, 0, 0, 0, 0, 0, 0, 0, 0, NULL),
(8, 'Yasoda khanal', '8617825744', 'I am new to the group.I am a nursing staff I have to do night shift 3 days in a fifteen days.how can I nanage??? We are taking our night meal in my shift is between 11pm ...what should I eat..???', '2021-11-27 07:45:21', '', 0, 0, 'ffd050121', 0, 0, 0, 0, 0, 0, 0, 0, 0, NULL),
(9, 'Shalini Salian', '09880809862', 'My random sugar is 210. I am daily taking tablets fir thyroid BP sugar cholesterol  and fatty liver. Please advise me with proper diet.', '2021-11-27 07:51:12', '', 0, 0, 'ffd050121', 0, 0, 0, 0, 0, 0, 0, 0, 0, NULL),
(10, 'shobha loya', '7972137998', 'sir my weight is 48 and i am 57 years old...i feel too weak to fight even cold ,fever...what should i do?', '2021-11-27 07:52:59', '', 0, 0, 'ffd050121', 0, 0, 0, 0, 0, 0, 0, 0, 0, NULL),
(11, 'Sumati Kubde', '9890069464', 'Why my blood sugar fluctuates from 280 to 60 ?', '2021-11-27 07:53:16', '', 0, 0, 'ffd050121', 0, 0, 0, 0, 0, 0, 0, 0, 0, NULL),
(12, 'Sanjay Wankhade ', '9422181706', 'Which mixer is to be  used for making smoothie. Whether water to be added to it or not ', '2021-11-27 07:53:39', '', 0, 0, 'ffd050121', 0, 0, 0, 0, 0, 0, 0, 0, 0, NULL),
(13, 'Neha', '9636156579', 'My husband is debaticics his hb1cl 7-4 .his fasting suger is always 144.plz suggest', '2021-11-27 07:54:59', '91', 0, 0, 'ffd050121', 0, 0, 0, 0, 0, 0, 0, 0, 0, NULL),
(14, 'ManishVansia ', '9825184145', 'I m from surat so I can\'t come pune\r\nPossible for me to join course', '2021-11-27 07:56:27', '', 0, 0, 'ffd050121', 0, 0, 0, 0, 0, 0, 0, 0, 0, NULL),
(15, 'M jafar', '8880788880', 'How to control sugar', '2021-11-27 07:56:30', '', 0, 0, 'ffd050121', 0, 0, 0, 0, 0, 0, 0, 0, 0, NULL),
(16, 'Nachiketa Oza', '9821022506', 'Thanks for Anti Gravity exercise ,in last 10 days it has given good result . I was able to reduce sugar by minimum 30 to 50 units . But my blood sugar in morning is always higher then Day time ', '2021-11-27 07:56:45', '', 0, 0, 'ffd050121', 0, 0, 0, 0, 0, 0, 0, 0, 0, NULL),
(17, 'Arvind Kumar Patel', '8982652439', 'Can I become body builder and diabetic free', '2021-11-27 07:57:05', '', 0, 0, 'ffd050121', 0, 0, 0, 0, 0, 0, 0, 0, 0, NULL),
(18, 'Sudheer Kalayanashetty', '9980041605', 'Hi, Good morning. Is the session started?', '2021-11-27 07:57:26', '', 0, 0, 'ffd050121', 0, 0, 0, 0, 0, 0, 0, 0, 0, NULL),
(19, 'Nachiketa Oza', '9821022506', 'Is milk good for Diabetes.', '2021-11-27 07:57:30', '', 0, 0, 'ffd050121', 0, 0, 0, 0, 0, 0, 0, 0, 0, NULL),
(20, 'Chandrashekhar', '9422919925', 'Age 62, Diabetic form 7 yr, Glycinorm Total 60 Tab before meal, Fasting 80-100, PP 180-200, Hb1c 6.5 please advice.', '2021-11-27 07:58:22', '', 0, 0, 'ffd050121', 0, 0, 0, 0, 0, 0, 0, 0, 0, NULL),
(21, 'M jafar', '8880788880', 'How to control sugar', '2021-11-27 07:58:46', '', 0, 0, 'ffd050121', 0, 0, 0, 0, 0, 0, 0, 0, 0, NULL),
(22, 'Nachiketa Oza', '9821022506', 'My C Peptide is 1.78% , so is it possible to reverse insulin . I take 16 units in morning and 18 units in evening ', '2021-11-27 07:59:22', '', 0, 0, 'ffd050121', 0, 0, 0, 0, 0, 0, 0, 0, 0, NULL),
(23, 'Nachiketa Oza', '9821022506', 'Can I have Chyawanprash and awala powder daily morning with milk.', '2021-11-27 08:00:14', '', 0, 0, 'ffd050121', 0, 0, 0, 0, 0, 0, 0, 0, 0, NULL),
(24, 'Surinder Sharma', '08847226491', 'Myself is suffering from diabetes since 2005.  From June 2020 to June 2021 my Hba1c level is in between 5.2 to 5.8, but however from July 2021 onward it\'s increased by 6.8.  At present my fasting is level is in between 130 to 140 & random 170 to 200.  Presently myself is taking GP 2 forte, Onderio 5 mg in the morning & Gluoconorm 1 mg SR at night.  Please suggest me further course of action please.', '2021-11-27 08:00:41', '', 0, 0, 'ffd050121', 0, 0, 0, 0, 0, 0, 0, 0, 0, NULL),
(25, 'Suresh Divekar', '9916761694', 'I\'m diabetic since 22 years. Now I\'m iam 64 age . Hi,\r\nNow my creatinine is 7.65, in January it was 5.4. my doctor has said that I have to undergo dialysis. But I\'m feeling very vell.how can you help ..', '2021-11-27 08:00:43', '', 0, 0, 'ffd050121', 0, 0, 0, 0, 0, 0, 0, 0, 0, NULL),
(26, 'Chandrashekhar', '9422919925', 'Marathi langusge be used in between. thanks', '2021-11-27 08:00:59', '', 0, 0, 'ffd050121', 0, 0, 0, 0, 0, 0, 0, 0, 0, NULL),
(27, 'Yatendra', '9663722006', 'Will this work on Type 1 diabetes also?\r\n', '2021-11-27 08:02:42', '', 0, 0, 'ffd050121', 0, 0, 0, 0, 0, 0, 0, 0, 0, NULL),
(28, 'Prashanth Kini', '09448437745', 'Is it only diabetes or you treat concomitant diseases!!! Renal diseases, with creatine levels high', '2021-11-27 08:03:04', '91', 0, 0, 'ffd050121', 0, 0, 0, 0, 0, 0, 0, 0, 0, NULL),
(29, 'Mani Bhatnagar', '4698262102', 'yes', '2021-11-27 08:05:34', '1', 0, 0, 'ffd050121', 0, 0, 0, 0, 0, 0, 0, 0, 0, NULL),
(30, 'ARVIND', '9313906661', 'not sure', '2021-11-27 08:05:40', '', 0, 0, 'ffd050121', 0, 0, 0, 0, 0, 0, 0, 0, 0, NULL),
(31, 'Ramesh kumar 2', '9829027308', 'Not sure', '2021-11-27 08:05:43', '', 0, 0, 'ffd050121', 0, 0, 0, 0, 0, 0, 0, 0, 0, NULL),
(32, 'Deepannita Pimpalkar', '9049882504', 'Yes', '2021-11-27 08:05:43', '', 0, 0, 'ffd050121', 0, 0, 0, 0, 0, 0, 0, 0, 0, NULL),
(33, 'Raghvendra Singh', '7846896828', 'Not sure', '2021-11-27 08:05:44', '91', 0, 0, 'ffd050121', 0, 0, 0, 0, 0, 0, 0, 0, 0, NULL),
(34, 'Arvind Kumar Patel', '8982652439', 'Yes- It will reverse\r\n', '2021-11-27 08:05:48', '', 0, 0, 'ffd050121', 0, 0, 0, 0, 0, 0, 0, 0, 0, NULL),
(35, 'Arun Goel', '9820011555', 'NOt sure\r\n', '2021-11-27 08:05:53', '91', 0, 0, 'ffd050121', 0, 0, 0, 0, 0, 0, 0, 0, 0, NULL),
(36, 'dhanalakshmi', '8179508479', 'yes\r\n', '2021-11-27 08:05:57', '', 0, 0, 'ffd050121', 0, 0, 0, 0, 0, 0, 0, 0, 0, NULL),
(37, 'Ritika Dixit', '8130747050', 'Yes', '2021-11-27 08:05:58', '', 0, 0, 'ffd050121', 0, 0, 0, 0, 0, 0, 0, 0, 0, NULL),
(38, 'Abdul razzaq', '7675960321', 'Yes', '2021-11-27 08:05:58', '', 0, 0, 'ffd050121', 0, 0, 0, 0, 0, 0, 0, 0, 0, NULL),
(39, 'Navneet Singh', '8103131318', 'Not sure', '2021-11-27 08:05:59', '', 0, 0, 'ffd050121', 0, 0, 0, 0, 0, 0, 0, 0, 0, NULL),
(40, 'vedika sharma', '9891936739', 'No', '2021-11-27 08:06:00', '', 0, 0, 'ffd050121', 0, 0, 0, 0, 0, 0, 0, 0, 0, NULL),
(41, 'Pushp Ranjan Shrivastava', '9811612044', 'yes', '2021-11-27 08:06:00', '', 0, 0, 'ffd050121', 0, 0, 0, 0, 0, 0, 0, 0, 0, NULL),
(42, 'Sarjerao Patil', '9686689949', 'YES', '2021-11-27 08:06:00', '', 0, 0, 'ffd050121', 0, 0, 0, 0, 0, 0, 0, 0, 0, NULL),
(43, 'Srinivas Vadali', '7322991756', 'Not Sure', '2021-11-27 08:06:01', '1', 0, 0, 'ffd050121', 0, 0, 0, 0, 0, 0, 0, 0, 0, NULL),
(44, 'Ammar Koradia', '09974461699', 'Yes', '2021-11-27 08:06:02', '91', 0, 0, 'ffd050121', 0, 0, 0, 0, 0, 0, 0, 0, 0, NULL),
(45, 'Yasoda khanal', '8617825744', 'My husband is liver transplant patient.he is on steroid and anti rejection medicine. He is on on and off insulin. What can we do to help him????', '2021-11-27 08:06:02', '', 0, 0, 'ffd050121', 0, 0, 0, 0, 0, 0, 0, 0, 0, NULL),
(46, 'Sewa singh Setia', '14258987906', 'not sure', '2021-11-27 08:06:02', '1', 0, 0, 'ffd050121', 0, 0, 0, 0, 0, 0, 0, 0, 0, NULL),
(47, 'MD S ANSARI', '9868742275', 'YES\r\n', '2021-11-27 08:06:02', '', 0, 0, 'ffd050121', 0, 0, 0, 0, 0, 0, 0, 0, 0, NULL),
(48, 'Minesh M Patel', '9082306183', 'Yes', '2021-11-27 08:06:03', '1', 0, 0, 'ffd050121', 0, 0, 0, 0, 0, 0, 0, 0, 0, NULL),
(49, 'Mahesh Shekdar', '8850765911', 'Not sure', '2021-11-27 08:06:03', '', 0, 0, 'ffd050121', 0, 0, 0, 0, 0, 0, 0, 0, 0, NULL),
(50, 'Sudheer Kalayanashetty', '9980041605', 'Yes', '2021-11-27 08:06:03', '', 0, 0, 'ffd050121', 0, 0, 0, 0, 0, 0, 0, 0, 0, NULL),
(51, 'SUNIL JUGRAJ LODHA', '9342353958', 'NOT SURE', '2021-11-27 08:06:03', '', 0, 0, 'ffd050121', 0, 0, 0, 0, 0, 0, 0, 0, 0, NULL),
(52, 'Chaitali', '9822359936', 'Yes', '2021-11-27 08:06:05', '', 0, 0, 'ffd050121', 0, 0, 0, 0, 0, 0, 0, 0, 0, NULL),
(53, 'Sandeep', '0401491700', 'Not sure', '2021-11-27 08:06:05', '61', 0, 0, 'ffd050121', 0, 0, 0, 0, 0, 0, 0, 0, 0, NULL),
(54, 'Neha', '9636156579', 'Not sure', '2021-11-27 08:06:05', '91', 0, 0, 'ffd050121', 0, 0, 0, 0, 0, 0, 0, 0, 0, NULL),
(55, 'Omkarnath Singh bariha', '7008500782', 'Not sure', '2021-11-27 08:06:05', '91', 0, 0, 'ffd050121', 0, 0, 0, 0, 0, 0, 0, 0, 0, NULL),
(56, 'Tarh Tacho', '9436050135', 'yes', '2021-11-27 08:06:05', '', 0, 0, 'ffd050121', 0, 0, 0, 0, 0, 0, 0, 0, 0, NULL),
(57, 'Ranbir', '9810924882', 'yes', '2021-11-27 08:06:05', '', 0, 0, 'ffd050121', 0, 0, 0, 0, 0, 0, 0, 0, 0, NULL),
(58, 'Ajay Kukreja', '9811100069', 'Yes', '2021-11-27 08:06:05', '', 0, 0, 'ffd050121', 0, 0, 0, 0, 0, 0, 0, 0, 0, NULL),
(59, 'R K SHARMA', '9911804804', 'Yed', '2021-11-27 08:06:05', '91', 0, 0, 'ffd050121', 0, 0, 0, 0, 0, 0, 0, 0, 0, NULL),
(60, 'Chandrashekhar Venkatasubbu', '8939947130', 'yes', '2021-11-27 08:06:05', '', 0, 0, 'ffd050121', 0, 0, 0, 0, 0, 0, 0, 0, 0, NULL),
(61, 'Prashant Karandikar', '9890652634', 'yes', '2021-11-27 08:06:06', '', 0, 0, 'ffd050121', 0, 0, 0, 0, 0, 0, 0, 0, 0, NULL),
(62, 'Atul saraf', '9833067042', 'Qâ°\r\nâ°yes', '2021-11-27 08:06:06', '', 0, 0, 'ffd050121', 0, 0, 0, 0, 0, 0, 0, 0, 0, NULL),
(63, 'Jitendra Walunj', '8796535529', 'Yes', '2021-11-27 08:06:06', '', 0, 0, 'ffd050121', 0, 0, 0, 0, 0, 0, 0, 0, 0, NULL),
(64, 'Shashi Hetakki', '220430163', 'Yes\r\n', '2021-11-27 08:06:06', '64', 0, 0, 'ffd050121', 0, 0, 0, 0, 0, 0, 0, 0, 0, NULL),
(65, 'Rahul Verma', '7406613386', 'Yes', '2021-11-27 08:06:06', '', 0, 0, 'ffd050121', 0, 0, 0, 0, 0, 0, 0, 0, 0, NULL),
(66, 'Lakshmi', '9923327280', 'Yes', '2021-11-27 08:06:07', '', 0, 0, 'ffd050121', 0, 0, 0, 0, 0, 0, 0, 0, 0, NULL),
(67, 'Rishi kumar sharma ', '9831062449', 'Not sure', '2021-11-27 08:06:07', '', 0, 0, 'ffd050121', 0, 0, 0, 0, 0, 0, 0, 0, 0, NULL),
(68, 'Pavan Kumar Jain', '9871566399', 'Not Sure', '2021-11-27 08:06:07', '', 0, 0, 'ffd050121', 0, 0, 0, 0, 0, 0, 0, 0, 0, NULL),
(69, 'dhiren', '9011050532', 'NOT SURE', '2021-11-27 08:06:07', '', 0, 0, 'ffd050121', 0, 0, 0, 0, 0, 0, 0, 0, 0, NULL),
(70, 'Yogesh Goel', '9818058680', 'Not Sure', '2021-11-27 08:06:07', '', 0, 0, 'ffd050121', 0, 0, 0, 0, 0, 0, 0, 0, 0, NULL),
(71, 'Pooja Baheti Marshall', '9845491707', 'Maybe', '2021-11-27 08:06:08', '', 0, 0, 'ffd050121', 0, 0, 0, 0, 0, 0, 0, 0, 0, NULL),
(72, 'GIRISH WADHWANI', '96669425', 'Not sure', '2021-11-27 08:06:09', '65', 0, 0, 'ffd050121', 0, 0, 0, 0, 0, 0, 0, 0, 0, NULL),
(73, 'Sandeep', '9740016388', 'Yes', '2021-11-27 08:06:09', '91', 0, 0, 'ffd050121', 0, 0, 0, 0, 0, 0, 0, 0, 0, NULL),
(74, 'rupshree Singhi', '8700143703', 'no\r\n', '2021-11-27 08:06:09', '', 0, 0, 'ffd050121', 0, 0, 0, 0, 0, 0, 0, 0, 0, NULL),
(75, 'Anil kumar', '8890643876', 'Yes', '2021-11-27 08:06:09', '', 0, 0, 'ffd050121', 0, 0, 0, 0, 0, 0, 0, 0, 0, NULL),
(76, 'VAISHALI BHOSALE', '09822822333', 'Yes', '2021-11-27 08:06:11', '', 0, 0, 'ffd050121', 0, 0, 0, 0, 0, 0, 0, 0, 0, NULL),
(77, 'Jyoti', '9923024247', 'no\r\n', '2021-11-27 08:06:11', '', 0, 0, 'ffd050121', 0, 0, 0, 0, 0, 0, 0, 0, 0, NULL),
(78, 'Ankit', '9992906622', 'Yes', '2021-11-27 08:06:12', '', 0, 0, 'ffd050121', 0, 0, 0, 0, 0, 0, 0, 0, 0, NULL),
(79, 'AMRESH KUMAR', '9328717318', 'Yes', '2021-11-27 08:06:12', '91', 0, 0, 'ffd050121', 0, 0, 0, 0, 0, 0, 0, 0, 0, NULL),
(80, 'Rama chikate', '9518353158', 'Yes', '2021-11-27 08:06:13', '', 0, 0, 'ffd050121', 0, 0, 0, 0, 0, 0, 0, 0, 0, NULL),
(81, 'Bilkis Nizamuddin Shaikh', '8691802202', 'No', '2021-11-27 08:06:14', '91', 0, 0, 'ffd050121', 0, 0, 0, 0, 0, 0, 0, 0, 0, NULL),
(82, 'Sajeev Balakrishnan', '09841124504', 'Yes', '2021-11-27 08:06:14', '91', 0, 0, 'ffd050121', 0, 0, 0, 0, 0, 0, 0, 0, 0, NULL),
(83, 'Rajneesh Kumar', '8476604654', 'Yes', '2021-11-27 08:06:14', '1', 0, 0, 'ffd050121', 0, 0, 0, 0, 0, 0, 0, 0, 0, NULL),
(84, 'Ajay Taranath', '0424046754', 'yes\r\n', '2021-11-27 08:06:14', '61', 0, 0, 'ffd050121', 0, 0, 0, 0, 0, 0, 0, 0, 0, NULL),
(85, 'Yatendra', '9663722006', 'not sure', '2021-11-27 08:06:15', '', 0, 0, 'ffd050121', 0, 0, 0, 0, 0, 0, 0, 0, 0, NULL),
(86, 'Uma rajan', '8839632385', 'Not sure', '2021-11-27 08:06:15', '', 0, 0, 'ffd050121', 0, 0, 0, 0, 0, 0, 0, 0, 0, NULL),
(87, 'Chetana Jivani', '9940021159', 'Not sure', '2021-11-27 08:06:16', '', 0, 0, 'ffd050121', 0, 0, 0, 0, 0, 0, 0, 0, 0, NULL),
(88, 'SURESH SHENOY', '2143362822', 'Yes\r\n', '2021-11-27 08:06:16', '1', 0, 0, 'ffd050121', 0, 0, 0, 0, 0, 0, 0, 0, 0, NULL),
(89, 'Lalit Mahawer', '9414236805', 'Not sure', '2021-11-27 08:06:16', '', 0, 0, 'ffd050121', 0, 0, 0, 0, 0, 0, 0, 0, 0, NULL),
(90, 'Anurakt jain', '7065002999', 'YES', '2021-11-27 08:06:16', '', 0, 0, 'ffd050121', 0, 0, 0, 0, 0, 0, 0, 0, 0, NULL),
(91, 'phoolchand jain', '9819674616', 'not sure', '2021-11-27 08:06:16', '91', 0, 0, 'ffd050121', 0, 0, 0, 0, 0, 0, 0, 0, 0, NULL),
(92, 'Sharda Jangid', '96720205', 'Possible', '2021-11-27 08:06:17', '', 0, 0, 'ffd050121', 0, 0, 0, 0, 0, 0, 0, 0, 0, NULL),
(93, 'Raju kumar', '7870219124', 'Not sure', '2021-11-27 08:06:17', '', 0, 0, 'ffd050121', 0, 0, 0, 0, 0, 0, 0, 0, 0, NULL),
(94, 'Aparna Kishor Bramhe ', '9860254637', 'Yes', '2021-11-27 08:06:18', '91', 0, 0, 'ffd050121', 0, 0, 0, 0, 0, 0, 0, 0, 0, NULL),
(95, 'Sushil Sharnagate', '9595919383', 'yes', '2021-11-27 08:06:18', '91', 0, 0, 'ffd050121', 0, 0, 0, 0, 0, 0, 0, 0, 0, NULL),
(96, 'Seema Agarwal', '9987512866', 'yes', '2021-11-27 08:06:18', '', 0, 0, 'ffd050121', 0, 0, 0, 0, 0, 0, 0, 0, 0, NULL),
(97, 'Vinit Bhagat', '9257878674', 'Yes', '2021-11-27 08:06:18', '1', 0, 0, 'ffd050121', 0, 0, 0, 0, 0, 0, 0, 0, 0, NULL),
(98, 'Prashanth Kini', '09448437745', 'Yes!!!!', '2021-11-27 08:06:19', '91', 0, 0, 'ffd050121', 0, 0, 0, 0, 0, 0, 0, 0, 0, NULL),
(99, 'Ghanshyam Ahirwar', '9893459774', 'Yes', '2021-11-27 08:06:19', '', 0, 0, 'ffd050121', 0, 0, 0, 0, 0, 0, 0, 0, 0, NULL),
(100, 'MINAL', '8743094195', 'YES\r\n', '2021-11-27 08:06:19', '91', 0, 0, 'ffd050121', 0, 0, 0, 0, 0, 0, 0, 0, 0, NULL),
(101, 'Kushal Dev Sharma', '9818029819', 'Not sure', '2021-11-27 08:06:20', '91', 0, 0, 'ffd050121', 0, 0, 0, 0, 0, 0, 0, 0, 0, NULL),
(102, 'Sanjay Wankhade ', '9422181706', 'Not sure', '2021-11-27 08:06:20', '', 0, 0, 'ffd050121', 0, 0, 0, 0, 0, 0, 0, 0, 0, NULL),
(103, 'Parag', '9545551513', 'Yes', '2021-11-27 08:06:20', '', 0, 0, 'ffd050121', 0, 0, 0, 0, 0, 0, 0, 0, 0, NULL),
(104, 'Krishnaveni Baji', '9440219135', 'Yes', '2021-11-27 08:06:20', '', 0, 0, 'ffd050121', 0, 0, 0, 0, 0, 0, 0, 0, 0, NULL),
(105, 'PRAKASH BALOJI', '9916298258', 'yes', '2021-11-27 08:06:20', '91', 0, 0, 'ffd050121', 0, 0, 0, 0, 0, 0, 0, 0, 0, NULL),
(106, 'Shaik', '7411914330', 'not sure', '2021-11-27 08:06:21', '', 0, 0, 'ffd050121', 0, 0, 0, 0, 0, 0, 0, 0, 0, NULL),
(107, 'NITIN KOLHE', '9922934748', '1', '2021-11-27 08:06:21', '', 0, 0, 'ffd050121', 0, 0, 0, 0, 0, 0, 0, 0, 0, NULL),
(108, 'Dr kishor Sapkale ', '8149797060', 'Not sure ', '2021-11-27 08:06:21', '', 0, 0, 'ffd050121', 0, 0, 0, 0, 0, 0, 0, 0, 0, NULL),
(109, 'Sarika Sagane', '9975634670', 'Yes\r\n', '2021-11-27 08:06:22', '', 0, 0, 'ffd050121', 0, 0, 0, 0, 0, 0, 0, 0, 0, NULL),
(110, 'Rekha chauhan', '9897351697', 'Not sure', '2021-11-27 08:06:23', '', 0, 0, 'ffd050121', 0, 0, 0, 0, 0, 0, 0, 0, 0, NULL),
(111, 'Akanksha Ajit Shinde ', '9527295169', 'Yes', '2021-11-27 08:06:26', '', 0, 0, 'ffd050121', 0, 0, 0, 0, 0, 0, 0, 0, 0, NULL),
(112, 'Mohammed rizwan', '9669061786', 'Yes', '2021-11-27 08:06:29', '', 0, 0, 'ffd050121', 0, 0, 0, 0, 0, 0, 0, 0, 0, NULL),
(113, 'Vineet sinha', '8408974709', 'Not sure', '2021-11-27 08:06:30', '', 0, 0, 'ffd050121', 0, 0, 0, 0, 0, 0, 0, 0, 0, NULL),
(114, 'Shivani Jain', '8800494456', 'Yes', '2021-11-27 08:06:32', '91', 0, 0, 'ffd050121', 0, 0, 0, 0, 0, 0, 0, 0, 0, NULL),
(115, 'Shrikala Shetty', '9845576026', 'Yes', '2021-11-27 08:06:32', '', 0, 0, 'ffd050121', 0, 0, 0, 0, 0, 0, 0, 0, 0, NULL),
(116, 'Khurshid Shirolkar', '9890681816', 'not sure', '2021-11-27 08:06:33', '91', 0, 0, 'ffd050121', 0, 0, 0, 0, 0, 0, 0, 0, 0, NULL),
(117, 'Jafar', '9110437372', 'not sure', '2021-11-27 08:06:33', '', 0, 0, 'ffd050121', 0, 0, 0, 0, 0, 0, 0, 0, 0, NULL),
(118, 'Meghana Gaonkar', '9819720037', 'YES', '2021-11-27 08:06:35', '', 0, 0, 'ffd050121', 0, 0, 0, 0, 0, 0, 0, 0, 0, NULL),
(119, 'Vikram Trivedi', '9867155765', 'Not sure', '2021-11-27 08:06:35', '', 0, 0, 'ffd050121', 0, 0, 0, 0, 0, 0, 0, 0, 0, NULL),
(120, 'Praveen Johri', '9820527676', 'Not Sure', '2021-11-27 08:06:37', '', 0, 0, 'ffd050121', 0, 0, 0, 0, 0, 0, 0, 0, 0, NULL),
(121, 'Rajan', '9769636641', 'Not sure', '2021-11-27 08:06:37', '', 0, 0, 'ffd050121', 0, 0, 0, 0, 0, 0, 0, 0, 0, NULL),
(122, 'Deepak kumar', '09570506977', 'No', '2021-11-27 08:06:37', '', 0, 0, 'ffd050121', 0, 0, 0, 0, 0, 0, 0, 0, 0, NULL),
(123, 'vedika sharma', '9891936739', 'Type 1 deabetic ', '2021-11-27 08:06:38', '', 0, 0, 'ffd050121', 0, 0, 0, 0, 0, 0, 0, 0, 0, NULL),
(124, 'Sushant Kumar', '9427504529', 'Not Sure', '2021-11-27 08:06:39', '', 0, 0, 'ffd050121', 0, 0, 0, 0, 0, 0, 0, 0, 0, NULL),
(125, 'Anantha rao', '9739943404', 'Yes', '2021-11-27 08:06:41', '91', 0, 0, 'ffd050121', 0, 0, 0, 0, 0, 0, 0, 0, 0, NULL),
(126, 'Yogesh Ladhe', '9820928030', 'Not sure', '2021-11-27 08:06:41', '', 0, 0, 'ffd050121', 0, 0, 0, 0, 0, 0, 0, 0, 0, NULL),
(127, 'Shubha', '9425815500', 'Yes', '2021-11-27 08:06:41', '', 0, 0, 'ffd050121', 0, 0, 0, 0, 0, 0, 0, 0, 0, NULL),
(128, 'Pradeep Malhotra', '09312809090', 'Yes\r\n', '2021-11-27 08:06:42', '', 0, 0, 'ffd050121', 0, 0, 0, 0, 0, 0, 0, 0, 0, NULL),
(129, 'Nishant Kumar ', '9463379740', 'Yes', '2021-11-27 08:06:43', '91', 0, 0, 'ffd050121', 0, 0, 0, 0, 0, 0, 0, 0, 0, NULL),
(130, 'Stuti Srivastava', '6789388641', 'not sure', '2021-11-27 08:06:44', '1', 0, 0, 'ffd050121', 0, 0, 0, 0, 0, 0, 0, 0, 0, NULL),
(131, 'Jagdish chand Chauhan', '7836007444', 'I m a sugar patients my HB1AC in June 2021 was 11 percent and in nov 2021  is 9.5 .I m following intermittent fasting and 45  minutes walking daily. Kindly suggest me in this Regards to reduce the sugar level', '2021-11-27 08:06:46', '', 0, 0, 'ffd050121', 0, 0, 0, 0, 0, 0, 0, 0, 0, NULL),
(132, 'Prasad Sahoo', '09769115485', 'Yes', '2021-11-27 08:06:47', '', 0, 0, 'ffd050121', 0, 0, 0, 0, 0, 0, 0, 0, 0, NULL),
(133, 'Nafees Ahmed', '09591229356', 'Yes', '2021-11-27 08:06:48', '', 0, 0, 'ffd050121', 0, 0, 0, 0, 0, 0, 0, 0, 0, NULL),
(134, 'Sayeed Ahmed', '8197095754', 'no', '2021-11-27 08:06:48', '91', 0, 0, 'ffd050121', 0, 0, 0, 0, 0, 0, 0, 0, 0, NULL),
(135, 'Suresh Divekar', '9916761694', 'Yes\r\n', '2021-11-27 08:06:52', '', 0, 0, 'ffd050121', 0, 0, 0, 0, 0, 0, 0, 0, 0, NULL),
(136, 'Manoj kumar Choudhary', '9785077177', 'Yes', '2021-11-27 08:06:53', '', 0, 0, 'ffd050121', 0, 0, 0, 0, 0, 0, 0, 0, 0, NULL),
(137, 'Sumati Kubde', '9890069464', 'Sure', '2021-11-27 08:06:57', '', 0, 0, 'ffd050121', 0, 0, 0, 0, 0, 0, 0, 0, 0, NULL),
(138, 'Dr R K Gupta', '9413782645', 'Yes but in a limit of degeneration \r\n\r\n', '2021-11-27 08:06:58', '', 0, 0, 'ffd050121', 0, 0, 0, 0, 0, 0, 0, 0, 0, NULL),
(139, 'Kruti Puranik ', '9869532287', 'May be yes', '2021-11-27 08:07:00', '', 0, 0, 'ffd050121', 0, 0, 0, 0, 0, 0, 0, 0, 0, NULL),
(140, 'Ashok  Saxena', '9352624355', 'Yes', '2021-11-27 08:07:01', '', 0, 0, 'ffd050121', 0, 0, 0, 0, 0, 0, 0, 0, 0, NULL),
(141, 'Anjali Rajendra Ghatge ', '9423971660', 'Not sure ', '2021-11-27 08:07:02', '', 0, 0, 'ffd050121', 0, 0, 0, 0, 0, 0, 0, 0, 0, NULL),
(142, 'MINAL', '8743094195', 'YES', '2021-11-27 08:07:06', '91', 0, 0, 'ffd050121', 0, 0, 0, 0, 0, 0, 0, 0, 0, NULL),
(143, 'PROF   ATULKUMAR BHATT', '9909978141', 'YES', '2021-11-27 08:07:07', '91', 0, 0, 'ffd050121', 0, 0, 0, 0, 0, 0, 0, 0, 0, NULL),
(144, 'Bhavesh savaliya', '9426429590', 'Yes', '2021-11-27 08:07:07', '', 0, 0, 'ffd050121', 0, 0, 0, 0, 0, 0, 0, 0, 0, NULL),
(145, 'Arvind Kumar', '9893582207', 'Not sure', '2021-11-27 08:07:09', '', 0, 0, 'ffd050121', 0, 0, 0, 0, 0, 0, 0, 0, 0, NULL),
(146, 'Baptu Ghosh', '9932288696', 'Not Sure', '2021-11-27 08:07:10', '', 0, 0, 'ffd050121', 0, 0, 0, 0, 0, 0, 0, 0, 0, NULL),
(147, 'Parul Dhawan', '9810396673', 'Not sure ', '2021-11-27 08:07:34', '', 0, 0, 'ffd050121', 0, 0, 0, 0, 0, 0, 0, 0, 0, NULL),
(148, 'Vinod P', '9031361640', 'Not sure ', '2021-11-27 08:08:22', '91', 0, 0, 'ffd050121', 0, 0, 0, 0, 0, 0, 0, 0, 0, NULL),
(149, 'R Suresh kumar', '9819326276', 'yes', '2021-11-27 08:08:29', '', 0, 0, 'ffd050121', 0, 0, 0, 0, 0, 0, 0, 0, 0, NULL),
(150, 'R PRIYA', '09791977077', 'yes', '2021-11-27 08:08:43', '', 0, 0, 'ffd050121', 0, 0, 0, 0, 0, 0, 0, 0, 0, NULL),
(151, 'Sucheta Deshpande', '9881743513', 'Yes', '2021-11-27 08:09:03', '', 0, 0, 'ffd050121', 0, 0, 0, 0, 0, 0, 0, 0, 0, NULL),
(152, 'Megha', '9845618680', 'I have hbac 1 of 6.1 but my fasting is below 100.  Am I prediabetic ? I am not on any medicines and I donâ€™t want to take medicines. What should I do to bring down the numbers without medication?', '2021-11-27 08:09:52', '91', 0, 0, 'ffd050121', 0, 0, 0, 0, 0, 0, 0, 0, 0, NULL),
(153, 'Dr R K Gupta', '9413782645', 'Doctor please avoid excess promotion ', '2021-11-27 08:10:11', '', 0, 0, 'ffd050121', 0, 0, 0, 0, 0, 0, 0, 0, 0, NULL),
(154, 'Balaji Kaushik', '9845168555', 'Recently my reading was 194 before food and 350+ after food.\r\nImmediately joined this freedom from DIABETES.\r\nNext 30 days i need to be back . I beleive  this can be done. Need your advise.\r\n', '2021-11-27 08:10:58', '', 0, 0, 'ffd050121', 0, 0, 0, 0, 0, 0, 0, 0, 0, NULL),
(155, 'Sarika Sagane', '9975634670', 'If Insulins is not create jn body so what is solution on This', '2021-11-27 08:12:50', '', 0, 0, 'ffd050121', 0, 0, 0, 0, 0, 0, 0, 0, 0, NULL),
(156, 'Ammar Koradia', '09974461699', 'My age is 20 hba1c is 5.7', '2021-11-27 08:19:46', '91', 0, 0, 'ffd050121', 0, 0, 0, 0, 0, 0, 0, 0, 0, NULL),
(157, 'Vijay Kumar Baheti', '9341270525', 'I am a diabetic since 36 years ...\r\nH1bc is 8.5 to 9 ...\r\nDawn effect is very severe ..\r\nMedicine is insulin 16 in morning and 6 in evening...\r\nDiapride 500 my 1 tab each in morning and evening...\r\nI am otherwise fully fit and fully active \r\nWhat are my chances through your program ', '2021-11-27 08:20:23', '', 0, 0, 'ffd050121', 0, 0, 0, 0, 0, 0, 0, 0, 0, NULL),
(158, 'Tarh Tacho', '9436050135', '1.can we use ayurvedic medicine during diabetes medicine course.  2.most useful home exercise for diabetes patients for busy people.   3.  need full diet maintenance process.', '2021-11-27 08:21:25', '', 0, 0, 'ffd050121', 0, 0, 0, 0, 0, 0, 0, 0, 0, NULL),
(159, 'Mohammed rizwan', '9669061786', 'Meri bachchi 9 year ki h 1 month pehle hi diabetes hua h insulin start h', '2021-11-27 08:22:46', '', 0, 0, 'ffd050121', 0, 0, 0, 0, 0, 0, 0, 0, 0, NULL),
(160, 'Vijay Kumar Baheti', '9341270525', 'What are the disadvantages of Keto diets ...\r\nA few of my friends in West are following this for years and seem to be satisfied...', '2021-11-27 08:24:58', '', 0, 0, 'ffd050121', 0, 0, 0, 0, 0, 0, 0, 0, 0, NULL),
(161, 'Ammar Koradia', '09974461699', 'My weight started to increase and under arms and groin area turned black then I came to know about my insulin resistance then went on 2 meals a day from 3 months and lost 18 kgs but my black patches were there and 10 days before my hba1c was 5.7 please guide me and I do 16:8fasting every day', '2021-11-27 08:27:58', '91', 0, 0, 'ffd050121', 0, 0, 0, 0, 0, 0, 0, 0, 0, NULL),
(162, 'Meghana Gaonkar', '9819720037', 'nicely explained ', '2021-11-27 08:31:07', '', 0, 0, 'ffd050121', 0, 0, 0, 0, 0, 0, 0, 0, 0, NULL),
(163, 'K Rajendran', '9566750407', 'I am suffering from type 2 diabetes since lsast 5 yrs.  Treatment reqd for reversal.  ', '2021-11-27 08:31:47', '91', 0, 0, 'ffd050121', 0, 0, 0, 0, 0, 0, 0, 0, 0, NULL),
(164, 'Tarh Tacho', '9436050135', '1. need brief between Blood sugar fasting and Post Prandial Blood suagar.', '2021-11-27 08:33:21', '', 0, 0, 'ffd050121', 0, 0, 0, 0, 0, 0, 0, 0, 0, NULL),
(165, 'MINAL', '8743094195', 'SIR,STEVIA IN TEA IS HEALTHY OR NOT', '2021-11-27 08:33:49', '91', 0, 0, 'ffd050121', 0, 0, 0, 0, 0, 0, 0, 0, 0, NULL),
(166, 'Prashanth Kini', '09448437745', 'What ABT non veg item liken lean chicken??', '2021-11-27 08:36:52', '91', 0, 0, 'ffd050121', 0, 0, 0, 0, 0, 0, 0, 0, 0, NULL),
(167, 'Ajay Taranath', '0424046754', 'I am a diabetic since 2009. I live in Australia. Can the freedom from diabetes program benefit me?  \r\n', '2021-11-27 08:38:55', '61', 0, 0, 'ffd050121', 0, 0, 0, 0, 0, 0, 0, 0, 0, NULL),
(168, 'MINAL', '8743094195', 'METFORMIN IS INSULIN?', '2021-11-27 08:42:45', '91', 0, 0, 'ffd050121', 0, 0, 0, 0, 0, 0, 0, 0, 0, NULL),
(169, 'Madhavan Kallath', '9136131606', 'Milk products include ghee.  Is it harmful if taken say one or two spoons a day?', '2021-11-27 08:48:10', '', 0, 0, 'ffd050121', 0, 0, 0, 0, 0, 0, 0, 0, 0, NULL),
(170, 'Moumi Mitra', '7738085955', 'sir, milk byproduct curd should be left kya ?', '2021-11-27 08:48:37', '', 0, 0, 'ffd050121', 0, 0, 0, 0, 0, 0, 0, 0, 0, NULL),
(171, 'Abhishek agarwal', '09928073747', 'Sir roti na khaye dhudh na piye phir kya khaye ? ', '2021-11-27 08:49:24', '', 0, 0, 'ffd050121', 1, 0, 0, 0, 0, 0, 0, 0, 0, NULL),
(172, 'Abhishek agarwal', '09928073747', 'Not tired but what to eat come to my mind ', '2021-11-27 08:56:46', '', 0, 0, 'ffd050121', 1, 0, 0, 0, 0, 0, 0, 0, 0, NULL),
(173, 'Arvind Kumar Patel', '8982652439', 'feeling sleepee', '2021-11-27 08:56:48', '', 0, 0, 'ffd050121', 1, 0, 0, 0, 0, 0, 0, 0, 0, NULL),
(174, 'Subhajit', '9945604071', 'Will you also be sending the recording of the session? ', '2021-11-27 08:59:27', '91', 0, 0, 'ffd050121', 1, 0, 0, 0, 0, 0, 0, 0, 0, NULL),
(175, 'K Rajendran', '9566750407', 'How for walking helps to reverse from diabetes', '2021-11-27 09:10:21', '91', 0, 0, 'ffd050121', 1, 0, 0, 0, 0, 0, 0, 0, 0, NULL),
(176, 'Yasoda khanal', '8617825744', 'I am thin and only abdomen is out from the place.what exercise and diet I have to follow????my weight is 49 kg. My height is 4ft 10inch.', '2021-11-27 09:12:06', '', 0, 0, 'ffd050121', 1, 0, 0, 0, 0, 0, 0, 0, 0, NULL),
(177, 'Omkarnath Singh bariha', '7008500782', 'Mera to wt. Pehele 74 tha ghat te ghat te 65 ho gaya hai main bahut tension main hu', '2021-11-27 09:13:03', '91', 0, 0, 'ffd050121', 1, 0, 0, 0, 0, 0, 0, 1, 0, NULL),
(178, 'MEHERJYOTI SANGLE', '9869174511', 'I am cancer survivor 2 years diabetes, thyroid and please suggest me suitable exercises and diet', '2021-11-27 09:13:29', '', 0, 0, 'ffd050121', 1, 0, 0, 0, 0, 0, 0, 1, 0, NULL),
(179, 'Abdul razzaq', '7675960321', 'Ghar me kuch pisajaraha hai', '2021-11-27 09:14:40', '', 0, 0, 'ffd050121', 1, 0, 0, 0, 0, 0, 0, 0, 0, NULL),
(180, 'Parul Dhawan', '9810396673', 'How will you check anxiety level online\r\n', '2021-11-27 09:16:31', '', 0, 0, 'ffd050121', 0, 0, 0, 0, 0, 0, 0, 0, 0, NULL),
(181, 'Parul Dhawan', '9810396673', 'What is the specific stress harmone test \r\n', '2021-11-27 09:17:48', '', 0, 0, 'ffd050121', 1, 0, 0, 0, 0, 0, 0, 0, 0, NULL),
(182, 'Renu Mishra', '09717467976', 'Hi,I m not diabetic but thyroid n my weight is 103 kg ,my regular food is hardly 1-2 chapati a whole day,still my weight is not reducing, feeling low ,how to manage my over weight.', '2021-11-27 09:19:22', '', 0, 0, 'ffd050121', 1, 0, 0, 0, 0, 0, 0, 1, 0, NULL),
(183, 'Parul Dhawan', '9810396673', 'what if we can do normal surya namaskar then also we need to do kursi surya namaskar', '2021-11-27 09:20:33', '', 0, 0, 'ffd050121', 1, 0, 0, 0, 0, 0, 0, 0, 0, NULL),
(184, 'MINAL', '8743094195', 'WHAT ALL CAN BE EATEN IS IT NORMAL FOOD\r\n', '2021-11-27 09:20:35', '91', 0, 0, 'ffd050121', 1, 0, 0, 0, 0, 0, 0, 0, 0, NULL),
(185, 'Parul Dhawan', '9810396673', 'what is green smoothie', '2021-11-27 09:22:42', '', 0, 0, 'ffd050121', 1, 0, 0, 0, 0, 0, 0, 0, 0, NULL),
(186, 'MINAL', '8743094195', 'I FEEL HUNGRY DURING DAY ,EVENING\r\n', '2021-11-27 09:23:37', '91', 0, 0, 'ffd050121', 1, 0, 0, 0, 0, 0, 0, 0, 0, NULL),
(187, 'Ammar Koradia', '09974461699', 'No audio', '2021-11-27 09:23:44', '91', 0, 0, 'ffd050121', 0, 0, 0, 0, 0, 0, 0, 0, 0, NULL),
(188, 'Parul Dhawan', '9810396673', 'how about A2 milk , that is totally organic\r\n', '2021-11-27 09:25:24', '', 0, 0, 'ffd050121', 1, 0, 0, 0, 0, 0, 0, 1, 0, NULL),
(189, 'MINAL', '8743094195', 'MILK GIVES CALCIUM', '2021-11-27 09:25:57', '91', 0, 0, 'ffd050121', 1, 0, 0, 0, 0, 0, 0, 0, 0, NULL),
(190, 'Abhishek agarwal', '9928073747', 'Sir milk mein to protein hota hai i know as layman ?', '2021-11-27 09:27:15', '', 0, 0, 'ffd050121', 1, 0, 0, 0, 0, 0, 0, 0, 0, NULL),
(191, 'Smita Gaikwad', '8956226096', 'I got detected diabetic Before ten days I don\'t want to start any medication\r\nCan this be possible And can I reverse my diabetic through this with out medicine\r\n', '2021-11-27 09:28:19', '', 0, 0, 'ffd050121', 1, 0, 0, 0, 0, 0, 0, 1, 0, NULL),
(192, 'MINAL', '8743094195', 'YES', '2021-11-27 09:31:32', '91', 0, 0, 'ffd050121', 0, 0, 0, 0, 0, 0, 0, 0, 0, NULL),
(193, 'Nafees Ahmed', '09591229356', 'Yes', '2021-11-27 09:31:41', '', 0, 0, 'ffd050121', 0, 0, 0, 0, 0, 0, 0, 0, 0, NULL),
(194, 'Dr R K Gupta', '9413782645', 'kindly have 15 minutes break in middle.Thanks', '2021-11-27 09:36:10', '', 0, 0, 'ffd050121', 1, 0, 0, 0, 0, 0, 0, 0, 0, NULL),
(195, 'Preeti Upadhyay', '9987573048', 'How can we eat vegetables ', '2021-11-27 09:37:02', '91', 0, 0, 'ffd050121', 1, 0, 0, 0, 0, 0, 0, 0, 0, NULL),
(196, 'Tara', '9840654000', 'I am taking blood  pressure medicine and sleeping medicine can I join the course', '2021-11-27 09:43:55', '', 0, 0, 'ffd050121', 1, 0, 0, 0, 0, 0, 0, 1, 0, NULL),
(197, 'K Rajendran', '9566750407', 'Phase wise diet chart required', '2021-11-27 09:45:46', '91', 0, 0, 'ffd050121', 1, 0, 0, 0, 0, 0, 0, 0, 0, NULL),
(198, 'Smita Gaikwad', '8956226096', 'I don\'t have time for breakfast can I skip breakfast as I start ed your smoothie I don\'t feel hungry so can I skip breakfast', '2021-11-27 09:48:47', '', 0, 0, 'ffd050121', 1, 0, 0, 0, 0, 0, 0, 0, 0, NULL),
(199, 'ujwala potdar', '9405703703', 'Whats is GTT?\r\n', '2021-11-27 09:49:29', '', 0, 0, 'ffd050121', 1, 0, 0, 0, 0, 0, 0, 0, 0, NULL),
(200, 'MINAL', '8743094195', 'KNEE PAIN HO JAYEGA JI', '2021-11-27 09:49:31', '91', 0, 0, 'ffd050121', 1, 0, 0, 0, 0, 0, 0, 1, 0, NULL),
(201, 'MINAL', '8743094195', 'AAPKA PHONE NUMBER DIJIYE PLEASE', '2021-11-27 09:51:29', '91', 0, 0, 'ffd050121', 1, 0, 0, 0, 0, 0, 0, 0, 0, NULL),
(202, 'Parul Dhawan', '9810396673', 'is C peptide 1.4 is okay\r\n', '2021-11-27 09:51:50', '', 0, 0, 'ffd050121', 1, 0, 0, 0, 0, 0, 0, 0, 0, NULL),
(203, 'Yatendra', '9663722006', 'My 4 year daughter has Type 1 diabetes, her c peptide is .05 , can she still benefit from this?', '2021-11-27 09:51:58', '', 0, 0, 'ffd050121', 1, 0, 0, 0, 0, 0, 0, 0, 0, NULL),
(204, 'Manoj M Patel', '5106972690', 'Hi Dr Tripathi, I am in California, US, Any test (mentioned in webinar) and any medicine adjustments(later phases) requires local prescription, How would that work for me here? Manoj Patel', '2021-11-27 09:52:59', '1', 0, 0, 'ffd050121', 1, 0, 0, 0, 0, 0, 0, 1, 0, NULL),
(205, 'krishna Jain', '9350504197', 'Sugar level after 1.5 hours of eating is very high (250) but after 2 hours of eating it is 150. Which one should be taken for measuring sugar level (250 or 150)', '2021-11-27 09:53:44', '91', 0, 0, 'ffd050121', 1, 0, 0, 0, 0, 0, 0, 0, 0, NULL),
(206, 'krishna Jain', '9350504197', 'Can we take plant based milk (almond milk)  in place of milk', '2021-11-27 09:56:12', '91', 0, 0, 'ffd050121', 1, 0, 0, 0, 0, 0, 0, 0, 0, NULL),
(207, 'GIRISH WADHWANI', '96669425', 'Thank you for the overview. How beneficial is this program for non-diabetics from a prevention perspective?\r\n', '2021-11-27 09:59:20', '65', 0, 0, 'ffd050121', 1, 0, 0, 0, 0, 0, 0, 1, 0, NULL),
(208, 'Sanjay Wankhade ', '9422181706', 'What\'s GTT ', '2021-11-27 09:59:40', '', 0, 0, 'ffd050121', 1, 0, 0, 0, 0, 0, 0, 0, 0, NULL),
(209, 'Parul Dhawan', '9810396673', 'what about practical approach, where we had to be part of family celebrations , parties  , where we cannot avoid carbs , so such cheat days are allowed?\r\n', '2021-11-27 10:00:07', '', 0, 0, 'ffd050121', 1, 0, 0, 0, 0, 0, 0, 0, 0, NULL),
(210, 'Sanjay Wankhade ', '9422181706', 'Eggs are acidic or not ', '2021-11-27 10:00:10', '', 0, 0, 'ffd050121', 1, 0, 0, 0, 0, 0, 0, 0, 0, NULL),
(211, 'Sanjay Wankhade ', '9422181706', 'What are the kidney nutrients ', '2021-11-27 10:00:39', '', 0, 0, 'ffd050121', 1, 0, 0, 0, 0, 0, 0, 0, 0, NULL),
(212, 'MINAL', '8743094195', 'I EAT RAGI ROTI', '2021-11-27 10:01:02', '91', 0, 0, 'ffd050121', 1, 0, 0, 0, 0, 0, 0, 0, 0, NULL),
(213, 'Sanjay Wankhade ', '9422181706', 'Who should not take smoothie ', '2021-11-27 10:01:02', '', 0, 0, 'ffd050121', 1, 0, 0, 0, 0, 0, 0, 0, 0, NULL),
(214, 'Deepak Shah', '2489818925', 'I 72 years old and suffering from severe Peripheral Neuropathy.  For IRP how does it work for USA? Particularly, how your Doctor would adjust my medicines?  Do your Batches start every month?\r\n\r\nDeepak Shah', '2021-11-27 10:01:15', '1', 0, 0, 'ffd050121', 1, 0, 0, 0, 0, 0, 0, 1, 0, NULL),
(215, 'Parul Dhawan', '9810396673', 'Is C Peptide  and creation of Beta Cells is same?\r\n', '2021-11-27 10:01:53', '', 0, 0, 'ffd050121', 1, 0, 0, 0, 0, 0, 0, 0, 0, NULL),
(216, 'Srinivas Vadali', '7322991756', 'Are Artificial proteins like Whey Protein allowed?', '2021-11-27 10:02:06', '1', 0, 0, 'ffd050121', 1, 0, 0, 0, 0, 0, 0, 0, 0, NULL),
(217, 'Nachiketa Oza', '9821022506', 'I have Erectile Dysfunction ', '2021-11-27 10:02:08', '', 0, 0, 'ffd050121', 1, 0, 0, 0, 0, 0, 0, 1, 0, NULL),
(218, 'Anjali Rajendra Ghatge ', '9423971660', 'IFStress is  present then also  is this possible?', '2021-11-27 10:02:54', '', 0, 0, 'ffd050121', 1, 0, 0, 0, 0, 0, 0, 0, 0, NULL),
(219, 'Srinivas Vadali', '7322991756', 'How do we deal with Parties and Social obligations\r\n', '2021-11-27 10:03:34', '1', 0, 0, 'ffd050121', 1, 0, 0, 0, 0, 0, 0, 0, 0, NULL),
(220, 'Pradeep Malhotra', '09312809090', '1. Will the medical cunsultancy 1 2 1 or through teh app', '2021-11-27 10:03:51', '', 0, 0, 'ffd050121', 1, 0, 0, 0, 0, 0, 0, 1, 0, NULL),
(221, 'PROF   ATULKUMAR BHATT', '9909978141', 'WHAT  ARE TOTAL FEES OF THE PROGRAMME ?', '2021-11-27 10:04:56', '91', 0, 0, 'ffd050121', 1, 0, 0, 0, 0, 0, 0, 0, 0, NULL),
(222, 'SURESH SHENOY', '2143362822', ' I am non-diabetic, but trying to lose weight.. is there going to be a plan programmed for my needs?\r\n', '2021-11-27 10:05:27', '1', 0, 0, 'ffd050121', 1, 0, 0, 0, 0, 0, 0, 1, 0, NULL),
(223, 'Parul Dhawan', '9810396673', 'How do you handle US patients ...like what about timings , fees and lab test report on periodic basis , is a pain to get it subscribed from them frequently\r\n', '2021-11-27 10:06:47', '', 0, 0, 'ffd050121', 1, 0, 0, 0, 0, 0, 0, 0, 0, NULL),
(224, 'Dhurva Raj Thapa ', '9970760851', 'Diabetic for 33 years and medication. Now diagonised as cronic kidney problem  with 3.00 cretine. I\'m on basalog one  8 units with some medication. I have connectivity  problems  here. Kindly send full video of this lecture and any advice  to me. ', '2021-11-27 10:07:20', '', 0, 0, 'ffd050121', 1, 0, 0, 0, 0, 0, 0, 1, 0, NULL),
(225, 'Parul Dhawan', '9810396673', 'i am an indian national outside india for short term', '2021-11-27 10:07:32', '', 0, 0, 'ffd050121', 1, 0, 0, 0, 0, 0, 0, 0, 0, NULL),
(226, 'Baptu Ghosh', '9932288696', 'Can SugarPatients with thyroid can consume smoothie with all the prescribed herbs ?', '2021-11-27 10:07:45', '', 0, 0, 'ffd050121', 1, 0, 0, 0, 0, 0, 0, 1, 0, NULL),
(227, 'Pradeep Malhotra', '09312809090', 'willing to join .', '2021-11-27 10:08:27', '', 0, 0, 'ffd050121', 1, 0, 0, 0, 0, 0, 0, 1, 0, NULL),
(228, 'Pradeep Malhotra', '09312809090', 'how about my wife . Is their spl package for couple \r\n', '2021-11-27 10:08:53', '', 0, 0, 'ffd050121', 1, 0, 0, 0, 0, 0, 0, 1, 0, NULL),
(229, 'Parul Dhawan', '9810396673', 'what about Yoga session - online yoga classes?', '2021-11-27 10:09:34', '', 0, 0, 'ffd050121', 1, 0, 0, 0, 0, 0, 0, 0, 0, NULL),
(230, 'Shashi Hetakki', '220430163', 'I am based overseas where the time difference is 7.5hrs ahead of IST. How practical and effective is that personalized guidance going to be? Additionally, to get medical tests on my own unless given by a GP is not possible here. But I have standard blood test results carried out for the last 5years, which i could share. Is that sufficient for that personalised programme? ', '2021-11-27 10:09:56', '64', 0, 0, 'ffd050121', 1, 0, 0, 0, 0, 0, 0, 0, 0, NULL),
(231, 'Mani Bhatnagar', '4698262102', 'While I am attending HINDI session, I want to join the program in English.', '2021-11-27 10:10:24', '1', 0, 0, 'ffd050121', 1, 0, 0, 0, 0, 0, 0, 1, 0, NULL),
(232, 'Sucheta Deshpande', '9881743513', 'Ye sub muze marathi  chhahiye', '2021-11-27 10:10:28', '', 0, 0, 'ffd050121', 1, 0, 0, 0, 0, 0, 0, 0, 0, NULL),
(233, 'MINAL', '8743094195', 'ANY ARMY DISCOUNT', '2021-11-27 10:10:41', '91', 0, 0, 'ffd050121', 1, 0, 0, 0, 0, 0, 0, 1, 0, NULL),
(234, 'Parul Dhawan', '9810396673', 'do you also help in reducing thyroid medicine ', '2021-11-27 10:10:54', '', 0, 0, 'ffd050121', 1, 0, 0, 0, 0, 0, 0, 1, 0, NULL),
(235, 'Neha Suhalka', '09636156579', 'Sir mere husband ko suger h.  age 41,  his hbal 7-4 ,kya reversal possible h. sir is program k charges m emi  possible h.', '2021-11-27 10:11:04', '91', 0, 0, 'ffd050121', 1, 0, 0, 0, 0, 0, 0, 1, 0, NULL),
(236, 'Shilpa Gupta', '81986125', ' i have some travelling plans in Dec, you mentioned that every month there is a new batch ... when will the new batch of Jan\'21 starting', '2021-11-27 10:11:32', '65', 0, 0, 'ffd050121', 1, 0, 0, 0, 0, 0, 0, 1, 0, NULL),
(237, 'Atul saraf', '9833067042', 'Shall I meet u before joining  with doing all test ', '2021-11-27 10:11:45', '', 0, 0, 'ffd050121', 1, 0, 0, 0, 0, 0, 0, 1, 0, NULL),
(238, 'SUNIL JUGRAJ LODHA', '9342353958', 'RATHER THAN GOING THROUGH SO MUCH OF COMPLICATED DIET , WHETHER DAILY TWO HOURS OF EXERCISE WITH REGULAR FOOD INTAKE  WILL HELP TO CONTROL OR REVERSE DIABETES ', '2021-11-27 10:12:44', '', 0, 0, 'ffd050121', 1, 0, 0, 0, 0, 0, 0, 1, 0, NULL),
(239, 'Shilpa Gupta', '81986125', 'what is your suggestion for multiple family members joining, should they do at same time or in sequence .... asking in view of differing diet regime\r\n', '2021-11-27 10:12:56', '65', 0, 0, 'ffd050121', 1, 0, 0, 0, 0, 0, 0, 1, 0, NULL),
(240, 'R Suresh kumar', '9819326276', 'I have a Level-1 Fatty liver issue. My BMI 35,  buy joining this course can I get a relife from Fatty liver', '2021-11-27 10:13:09', '', 0, 0, 'ffd050121', 1, 0, 0, 0, 0, 0, 0, 1, 0, NULL),
(241, 'Sewa singh Setia', '14258987906', 'hello dr ji,\r\ni have multiply condition because of my diabetes, my movement is very less and my energy is very low. i will like to get help and cure myself. ', '2021-11-27 10:14:11', '1', 0, 0, 'ffd050121', 1, 0, 0, 0, 0, 0, 0, 1, 0, NULL),
(242, 'Pradeep Malhotra', '09312809090', 'Details of residential program including duration\r\n', '2021-11-27 10:14:47', '', 0, 0, 'ffd050121', 1, 0, 0, 0, 0, 0, 0, 0, 0, NULL),
(243, 'Sayeed Ahmed', '8197095754', 'if c-peptide test comes negative.. and after enrolling the course will you refund the amount\r\n\r\n', '2021-11-27 10:15:11', '91', 0, 0, 'ffd050121', 1, 0, 0, 0, 0, 0, 0, 1, 0, NULL),
(244, 'Vineet sinha', '8408974709', 'Sir can you meet physical', '2021-11-27 10:15:24', '', 0, 0, 'ffd050121', 1, 0, 0, 0, 0, 0, 0, 0, 0, NULL),
(245, 'HARIHARAN', '9920474334', 'Does the C peptide and fasting insulin reading changes over period of time or taken once remains same over life time...\r\nAlso what should be the ideal reading for Type 2 diabetes', '2021-11-27 10:16:34', '', 0, 0, 'ffd050121', 1, 0, 0, 0, 0, 0, 0, 0, 0, NULL),
(246, 'Yatendra', '9663722006', 'Hello Sir, Good Morning ! My Daughter is 4 yrs 7 month old her c-peptide is 0.05(25/nov/2021) ,she was diagnosed 3 months before as type 1 diabetes. Is she can get ride of it?\r\n', '2021-11-27 10:16:42', '', 0, 0, 'ffd050121', 1, 0, 0, 0, 0, 0, 0, 0, 0, NULL),
(247, 'NITIN KOLHE', '9922934748', 'What is the replacement for milk ', '2021-11-27 10:16:54', '', 0, 0, 'ffd050121', 1, 0, 0, 0, 0, 0, 0, 0, 0, NULL),
(248, 'dhiren', '9011050532', 'What about Alcohol (whiskey only)? ', '2021-11-27 10:16:55', '', 0, 0, 'ffd050121', 1, 0, 0, 0, 0, 0, 0, 0, 0, NULL),
(249, 'Ranbir', '9810924882', 'how to connect sale team', '2021-11-27 10:16:59', '', 0, 0, 'ffd050121', 1, 0, 0, 0, 0, 0, 0, 1, 0, NULL),
(250, 'Shakuntala Jadhav', '9323758023', 'Coconut water is OK or not', '2021-11-27 10:17:03', '91', 0, 0, 'ffd050121', 1, 0, 0, 0, 0, 0, 0, 0, 0, NULL),
(251, 'Suresh Divekar', '9916761694', 'Hi im 65, I have creatinine 7.6 ..can I get reversal? ', '2021-11-27 10:17:13', '', 0, 0, 'ffd050121', 1, 0, 0, 0, 0, 0, 0, 0, 0, NULL),
(252, 'vedika sharma', '9891936739', 'Cpeptide is .83 .....type 1 diabetes', '2021-11-27 10:17:18', '', 0, 0, 'ffd050121', 1, 0, 0, 0, 0, 0, 0, 0, 0, NULL),
(253, 'Lakshmi', '9923327280', 'Can we eat custard apple? ', '2021-11-27 10:17:19', '', 0, 0, 'ffd050121', 1, 0, 0, 0, 0, 0, 0, 0, 0, NULL),
(254, 'NAVNEET JULKA', '7869449444', 'Name: Navneet Singh Julka\r\nAge : 29\r\nFasting Sugar: 141\r\nPP Sugar: 280 \r\nHba1c: 8.0 â€“> 7.0 (after 1 Month Sugar Precaution) \r\nCholestrol 222\r\nTrigglycrides :315 \r\nSGPT: 142\r\nKidney is coming stablized with medicine\r\nMedicine was not started yet - Should I start or join with the program?', '2021-11-27 10:17:23', '', 0, 0, 'ffd050121', 1, 0, 0, 0, 0, 0, 0, 0, 0, NULL),
(255, 'Shivani jain', '8800494456', 'Iâ€™m diabetic ', '2021-11-27 10:17:30', '', 0, 0, 'ffd050121', 1, 0, 0, 0, 0, 0, 0, 0, 0, NULL),
(256, 'Akanksha Ajit Shinde ', '9527295169', 'Sir, can i reverse my 2 months Diabetes and 1 month BP??? ', '2021-11-27 10:17:31', '', 0, 0, 'ffd050121', 1, 0, 0, 0, 0, 0, 0, 1, 0, NULL),
(257, 'Sandeep', '9740016388', 'How do we register? Is there a link?\r\n', '2021-11-27 10:17:36', '91', 0, 0, 'ffd050121', 1, 0, 0, 0, 0, 0, 0, 1, 0, NULL),
(258, 'Jafar', '9110437372', 'I am working office from 9 am to 6 pm.. Shall i start session', '2021-11-27 10:17:40', '', 0, 0, 'ffd050121', 1, 0, 0, 0, 0, 0, 0, 1, 0, NULL),
(259, 'Anil kumar', '8890643876', 'Mother 56 age random 280 fasting 180 hbiac 9\r\nWaight kam ho raha h regular..aur kal sunday ko eye ka motiyabind ka operation hona h but as per doctor random sugar 200 se kam ho to karenge..kya kare tablet vildogliptin & metformin and glim star 2m chal rahi h abhi\r\n', '2021-11-27 10:17:47', '', 0, 0, 'ffd050121', 1, 0, 0, 0, 0, 0, 0, 1, 0, NULL),
(260, 'Mohammed rizwan', '9669061786', '9 year ki meri bachi h use 1 month pehle hi diabetes ho gaya h c peptide uska .55 h', '2021-11-27 10:17:57', '', 0, 0, 'ffd050121', 1, 0, 0, 0, 0, 0, 0, 1, 0, NULL),
(261, 'Shubha', '9425815500', 'Smoothies din me kiting bar lena ha', '2021-11-27 10:18:06', '', 0, 0, 'ffd050121', 1, 0, 0, 0, 0, 0, 0, 0, 0, NULL),
(262, 'vedika sharma', '9891936739', 'Required consultant', '2021-11-27 10:18:06', '', 0, 0, 'ffd050121', 1, 0, 0, 0, 0, 0, 0, 1, 0, NULL),
(263, 'Kushal Dev Sharma', '9818029819', 'Sir, I am a media professional and I have to work in odd hours. So, I am bit apprehensive whether this would work for me or not? And, is your program very rigid?', '2021-11-27 10:18:09', '91', 0, 0, 'ffd050121', 1, 0, 0, 0, 0, 0, 0, 1, 0, NULL),
(264, 'Smita Gaikwad', '8956226096', 'Councelling call required', '2021-11-27 10:18:12', '', 0, 0, 'ffd050121', 1, 0, 0, 0, 0, 0, 0, 1, 0, NULL),
(265, 'Vikram Trivedi', '9867155765', 'Body massage is helpful?', '2021-11-27 10:18:12', '', 0, 0, 'ffd050121', 1, 0, 0, 0, 0, 0, 0, 0, 0, NULL),
(266, 'PRAKASH BALOJI', '9916298258', 'Fasting can increase diabetes?', '2021-11-27 10:18:16', '91', 0, 0, 'ffd050121', 1, 0, 0, 0, 0, 0, 0, 0, 0, NULL),
(267, 'Dr Manisha Dixit', '9822820408', 'Can the program be useful for prediabetics who are not on medications but HbA1C in the range 5.7 to6.4..', '2021-11-27 10:18:17', '', 0, 0, 'ffd050121', 1, 0, 0, 0, 0, 0, 0, 0, 0, NULL),
(268, 'Parul Dhawan', '9810396673', 'If i enroll as diabetic, will it also cover my other ailments like thyroid uric acid, acidity gastric', '2021-11-27 10:18:20', '', 0, 0, 'ffd050121', 1, 0, 0, 0, 0, 0, 0, 1, 0, NULL),
(269, 'Sajeev Balakrishnan', '09841124504', 'when will sales people call', '2021-11-27 10:18:22', '91', 0, 0, 'ffd050121', 1, 0, 0, 0, 0, 0, 0, 1, 0, NULL),
(270, 'Sarika sagane', '9975634670', 'Sir meri age42 hai muze 6 years se diabetis hai insulin le rahi hu kya meri diabetis khatm hogimeri shadiko 1 year huhai kya my baby plan kar sakti hu?', '2021-11-27 10:18:24', '', 0, 0, 'ffd050121', 1, 0, 0, 0, 0, 0, 0, 0, 0, NULL),
(271, 'Akanksha Ajit Shinde ', '9527295169', 'Arjun sal ka kadha BP kam kar sakta hai ka?? ', '2021-11-27 10:18:26', '', 0, 0, 'ffd050121', 1, 0, 0, 0, 0, 0, 0, 0, 0, NULL),
(272, 'Rishi kumar sharma ', '9831062449', 'Sir I am chronic pancreatic patient for 2012 can I start the program ', '2021-11-27 10:18:33', '', 0, 0, 'ffd050121', 1, 0, 0, 0, 0, 0, 0, 0, 0, NULL),
(273, 'Meghana Gaonkar', '9819720037', 'Age 72, Just identified as Diebetic, so apart from IRP, any personal consultation available?  ', '2021-11-27 10:18:36', '', 0, 0, 'ffd050121', 1, 0, 0, 0, 0, 0, 0, 1, 0, NULL),
(274, 'Jafar', '9110437372', 'Fish can eat in session', '2021-11-27 10:18:38', '', 0, 0, 'ffd050121', 1, 0, 0, 0, 0, 0, 0, 0, 0, NULL),
(275, 'Mani Bhatnagar', '4698262102', 'I have not received text message or email. Please let me know how to join the program.\r\n ', '2021-11-27 10:18:44', '1', 0, 0, 'ffd050121', 1, 0, 0, 0, 0, 0, 0, 1, 0, NULL),
(276, 'Laxman Yonjan', '9851066968', 'GTT value consideration after 1 hour or 2  hours. My 1 hour is 152 and 2 hours is 88. My bad I took lot of milk tea in the past. My fasting blood sugar 82-93 and random 82-91 but PP with rice 130-140. I just joined for knowledge.', '2021-11-27 10:18:47', '977', 0, 0, 'ffd050121', 1, 0, 0, 0, 0, 0, 0, 0, 0, NULL),
(277, 'Sudheer Kalayanashetty', '9980041605', 'I got Hba1c as 7.2 a week ago for first time. Should I join this program?', '2021-11-27 10:18:47', '', 0, 0, 'ffd050121', 1, 0, 0, 0, 0, 0, 0, 1, 0, NULL),
(278, 'Parul Dhawan', '9810396673', 'Can we have tea after first phase', '2021-11-27 10:18:49', '', 0, 0, 'ffd050121', 1, 0, 0, 0, 0, 0, 0, 0, 0, NULL),
(279, 'Shivani jain', '8800494456', 'I want consult with dr ', '2021-11-27 10:18:52', '', 0, 0, 'ffd050121', 1, 1, 0, 0, 0, 0, 0, 1, 0, NULL),
(280, 'dhanalakshmi', '8179508479', 'can we have millets in lunch', '2021-11-27 10:18:53', '', 0, 0, 'ffd050121', 1, 0, 0, 0, 0, 0, 0, 0, 0, NULL),
(281, 'Mahesh Shekdar', '8850765911', 'counselling call required ', '2021-11-27 10:19:00', '', 0, 0, 'ffd050121', 1, 0, 0, 0, 0, 0, 0, 1, 0, NULL),
(282, 'Mohammed rizwan', '9669061786', '4 time insulin lag rahi h', '2021-11-27 10:19:04', '', 0, 0, 'ffd050121', 1, 0, 0, 0, 0, 0, 0, 0, 0, NULL),
(283, 'Nilima ', '9561486338', ' Rheumatoid arthritis me ye diet follow kar sakte hai kya?', '2021-11-27 10:19:04', '', 0, 0, 'ffd050121', 1, 0, 0, 0, 0, 0, 0, 0, 0, NULL),
(284, 'Pavan Kumar Jain', '9871566399', 'This is for my mother and she follow Jainism to its core. Like eating dinner before sunset and not eting till next morning till 10am. And many other restrictions. Every week they have eating once a day. Will she be able to join this program. ', '2021-11-27 10:19:16', '', 0, 0, 'ffd050121', 1, 0, 0, 0, 0, 0, 0, 1, 0, NULL),
(285, 'Anil kumar', '8890643876', 'High BP ke sath sugar kaise kam kare operation hona h eye ka dr 200 se jyada par operation nahi kar rahe h', '2021-11-27 10:19:19', '', 0, 0, 'ffd050121', 1, 0, 0, 0, 0, 0, 0, 1, 0, NULL),
(286, 'Sandeep', '0401491700', 'Thanks for the informative session. Since food restrictions are recommendation for first phase...does this mean post that one can return to moderate use of Milk/Animal products?', '2021-11-27 10:19:23', '61', 0, 0, 'ffd050121', 1, 0, 0, 0, 0, 0, 0, 0, 0, NULL),
(287, 'Sandeep Tulsyan ', '9007252525', 'Except hba1c, Can i do the medical test in the 2nd phase?\r\nI have psycological issues regarding medical tests', '2021-11-27 10:19:35', '91', 0, 0, 'ffd050121', 1, 0, 0, 0, 0, 0, 0, 1, 0, NULL),
(288, 'Varun  Pawar', '07566252632', 'Psoriasis aur Psoriatic Arthritis ki problem hai, 8 saal se. Kya yeh reverse ho sakta hai apke FFD program se.', '2021-11-27 10:19:37', '', 0, 0, 'ffd050121', 1, 0, 0, 0, 0, 0, 0, 0, 0, NULL),
(289, 'Abhishek agarwal', '9928073747', 'I am having dm since 2015 bt never took alllopath . Herbalife i reduced weight in 2017 and now i am taking ayurveda . Is it ok to avoid allopath ', '2021-11-27 10:19:44', '', 0, 0, 'ffd050121', 1, 0, 0, 0, 0, 0, 0, 1, 0, NULL);
INSERT INTO `tbl_questions` (`id`, `user_name`, `user_phone`, `user_question`, `asked_at`, `user_code`, `speaker`, `answered`, `eventname`, `responded`, `doctor`, `diet`, `exercise`, `mentor`, `operations`, `InnerTransformation`, `Sales`, `Program`, `remark`) VALUES
(290, 'Pushp Ranjan Shrivastava', '9811612044', 'if i  join diabetic reversal program and my wife joines weight loss program what will be the charges', '2021-11-27 10:20:02', '', 0, 0, 'ffd050121', 1, 0, 0, 0, 0, 0, 0, 1, 0, NULL),
(291, 'AKhandelwal', '9429925253', 'Please arrange a counselling call.\r\nNeed to ask related to medicine', '2021-11-27 10:20:02', '', 0, 0, 'ffd050121', 1, 0, 0, 0, 0, 0, 0, 1, 0, NULL),
(292, 'GIRISH WADHWANI', '96669425', 'Requesting for call back for further counselling', '2021-11-27 10:20:08', '65', 0, 0, 'ffd050121', 1, 0, 0, 0, 0, 0, 0, 1, 0, NULL),
(293, 'Rutuja', '8828062604', 'Hello Doctor I have type 1 diabetes. But I want to meet you personally so whome should I contact? ', '2021-11-27 10:20:17', '', 0, 0, 'ffd050121', 1, 0, 0, 0, 0, 0, 0, 1, 0, NULL),
(294, 'Raghvendra Singh', '7846896828', 'In last year report there was thyroid detection and this year it\'s not there. So can we take smoothie?\r\nI have recently detected diabetic would you consider non-diabetic or diabetic?  ', '2021-11-27 10:20:25', '91', 0, 0, 'ffd050121', 1, 0, 0, 0, 0, 0, 0, 1, 0, NULL),
(295, 'Lakshmi', '9923327280', 'Where does residential program happen? ', '2021-11-27 10:20:27', '', 0, 0, 'ffd050121', 1, 0, 0, 0, 0, 0, 0, 0, 0, NULL),
(296, 'Suresh Divekar', '9916761694', 'Hi , I\'m 65 and my doctor said to get prepraed for dialysis because my creatinine is 7.6..can I get reversal?', '2021-11-27 10:20:28', '', 0, 0, 'ffd050121', 1, 0, 0, 0, 0, 0, 0, 0, 0, NULL),
(297, 'Omkarnath Singh bariha', '7008500782', 'Mera Umar 37 saal hai  sir mera 5 mahine se pata chala ki mujhe diebetic hai medicine Le raha hu aur main main bahut tension depression main hu please help me', '2021-11-27 10:20:33', '91', 0, 0, 'ffd050121', 1, 0, 0, 0, 0, 0, 0, 1, 0, NULL),
(298, 'BIBHUTI BHUSAN MISHRA', '9175322637', 'My sugar level is 238 after lunch please suggest what to avoid\r\n\r\n', '2021-11-27 10:20:38', '', 0, 0, 'ffd050121', 1, 0, 0, 0, 0, 0, 0, 0, 0, NULL),
(299, 'S Kanwal', '9651616159', 'I am 58 , diabetic from last 19 years .... already have hypo thyroid , BP,  high cholesterol....\r\n\r\ncan you help in all above sir ....but I already feel so week and lack of energy....even doubt that I will be able to do exercises which you will prescribe..\r\nregards \r\n', '2021-11-27 10:20:43', '7', 0, 0, 'ffd050121', 1, 0, 0, 0, 0, 0, 0, 1, 0, NULL),
(300, 'Seema Agarwal', '9987512866', 'i am also having neuropathy problem just as numbness in hands & feet is can be right ', '2021-11-27 10:20:45', '', 0, 0, 'ffd050121', 1, 0, 0, 0, 0, 0, 0, 0, 0, NULL),
(301, 'Mohammed rizwan', '9669061786', 'Sir type 1 me h meri bachi kya thik ho sakti hai kya', '2021-11-27 10:20:55', '', 0, 0, 'ffd050121', 1, 0, 0, 0, 0, 0, 0, 0, 0, NULL),
(302, 'Vineet sinha', '8408974709', 'Ghutno me dard hai fayada hoga', '2021-11-27 10:20:59', '', 0, 0, 'ffd050121', 1, 0, 0, 0, 0, 0, 0, 0, 0, NULL),
(303, 'Ritika Dixit', '8130747050', 'as if now I do aerobics do I need to stop that?', '2021-11-27 10:21:01', '', 0, 0, 'ffd050121', 1, 0, 0, 0, 0, 0, 0, 0, 0, NULL),
(304, 'Jagannath Vasudevan', '9970196523', 'After Angioplasty , Can we do all these exercise.\r\nWhat about the medicines already prescibed ? ', '2021-11-27 10:21:03', '', 0, 0, 'ffd050121', 1, 0, 0, 0, 0, 0, 0, 0, 0, NULL),
(305, 'Ghanshyam Ahirwar', '9893459774', 'Kya 5 year old diabetes tablet band ho saki he ', '2021-11-27 10:21:03', '', 0, 0, 'ffd050121', 1, 0, 0, 0, 0, 0, 0, 1, 0, NULL),
(306, 'Arun Goel', '9820011555', 'My daughter is non diabetic but has PCOD and is highly overweight. Only 25 years age. Will she benefit from this program', '2021-11-27 10:21:09', '91', 0, 0, 'ffd050121', 1, 0, 0, 0, 0, 0, 0, 1, 0, NULL),
(307, 'Parul Dhawan', '9810396673', 'with this diet, diabetic belly fat will go ', '2021-11-27 10:21:09', '', 0, 0, 'ffd050121', 1, 0, 0, 0, 0, 0, 0, 0, 0, NULL),
(308, 'MINAL', '8743094195', 'BLOOD TEST IS IMPORTANT BEFORE PAYMENT?', '2021-11-27 10:21:11', '91', 0, 0, 'ffd050121', 1, 0, 0, 0, 0, 0, 0, 1, 0, NULL),
(309, 'Arvind Kumar', '9893582207', 'Sir insulin abhi lena chaalu kiya hai. Kya ye band ho sakta hai?', '2021-11-27 10:21:13', '', 0, 0, 'ffd050121', 1, 0, 0, 0, 0, 0, 0, 1, 0, NULL),
(310, 'Atul saraf', '9833067042', 'Range of hba1c ', '2021-11-27 10:21:20', '', 0, 0, 'ffd050121', 1, 0, 0, 0, 0, 0, 0, 0, 0, NULL),
(311, 'Vinod P', '9031361640', 'I will be in a medical treatment for left leg knee injury from Jan to Feb end. Is it possible to start this course now', '2021-11-27 10:21:37', '91', 0, 0, 'ffd050121', 1, 0, 0, 0, 0, 0, 0, 0, 0, NULL),
(312, 'Sandeep', '0401491700', 'Does this program has impact on Gout and bladder stones?', '2021-11-27 10:21:47', '61', 0, 0, 'ffd050121', 1, 0, 0, 0, 0, 0, 0, 0, 0, NULL),
(313, 'BIBHUTI BHUSAN MISHRA', '9175322637', 'I have fisher also\r\n', '2021-11-27 10:21:52', '', 0, 0, 'ffd050121', 1, 0, 0, 0, 0, 0, 0, 0, 0, NULL),
(314, 'Pradeep Malhotra', '09312809090', 'should we go for residential or online . diffence and impact', '2021-11-27 10:21:53', '', 0, 0, 'ffd050121', 1, 0, 0, 0, 0, 0, 0, 0, 0, NULL),
(315, 'Sushil Sharnagate', '9595919383', 'I am 31 years with regular gym with protein diet. Can I have Whey protein in diet after joining programm/', '2021-11-27 10:21:54', '91', 0, 0, 'ffd050121', 1, 0, 0, 0, 0, 0, 0, 0, 0, NULL),
(316, 'Abhishek agarwal', '9928073747', 'Can i do gym with this programme', '2021-11-27 10:22:20', '', 0, 0, 'ffd050121', 1, 0, 0, 0, 0, 0, 0, 0, 0, NULL),
(317, 'Sandeep', '0401491700', 'How does this program adjust to overseas participants', '2021-11-27 10:22:40', '61', 0, 0, 'ffd050121', 1, 0, 0, 0, 0, 0, 0, 1, 0, NULL),
(318, 'Sajeev Balakrishnan', '09841124504', 'Sir, now only i have come to know about i am having diabetics. Doctor has prescribed medicine. but i have not started. I thought of seeking your guidance on the same after joining the programme. Will someone call to help in joining. \r\n', '2021-11-27 10:22:43', '91', 0, 0, 'ffd050121', 1, 0, 0, 0, 0, 0, 0, 1, 0, NULL),
(319, 'Shivani jain', '8800494456', 'Iâ€™m suffering from thairoid bp n diabetes n totally confused ', '2021-11-27 10:23:03', '', 0, 0, 'ffd050121', 1, 0, 0, 0, 0, 0, 0, 1, 0, NULL),
(320, 'Ankit', '9992906622', 'Sir mera hba1c 3.8 h to mai diabetic hu ya nhi age 25 year h ', '2021-11-27 10:23:27', '', 0, 0, 'ffd050121', 1, 0, 0, 0, 0, 0, 0, 0, 0, NULL),
(321, 'Clarence Pandey', '7760971401', 'If 2 of us I the family join,do I have to pay double the amount?', '2021-11-27 10:23:41', '91', 0, 0, 'ffd050121', 1, 0, 0, 0, 0, 0, 0, 1, 0, NULL),
(322, 'dhanalakshmi', '8179508479', 'hi sir i am dr.deepanjali we are much happy to know your programme my mom is diabetic with ppbs190 and dad is hypertension under controll but with creatinine 1.4 do we need to take different programmes for both', '2021-11-27 10:23:43', '', 0, 0, 'ffd050121', 1, 0, 0, 0, 0, 0, 0, 1, 0, NULL),
(323, 'Atul saraf', '9833067042', 'Ok sir ', '2021-11-27 10:23:58', '', 0, 0, 'ffd050121', 0, 0, 0, 0, 0, 0, 0, 0, 0, NULL),
(324, 'Clarence Pandey', '7760971401', 'Can we travel while taking this course?', '2021-11-27 10:24:11', '91', 0, 0, 'ffd050121', 1, 0, 0, 0, 0, 0, 0, 0, 0, NULL),
(325, 'Mahesh Shekdar', '8850765911', 'Angioplasty performed 2 years back still is it possible to reverse', '2021-11-27 10:24:17', '', 0, 0, 'ffd050121', 1, 0, 0, 0, 0, 0, 0, 0, 0, NULL),
(326, 'Sacheen Kumar Bheemkar', '9704625777', 'Can i get someone a Doc to call me i want to discuss for few min and join the programs pls.', '2021-11-27 10:24:17', '91', 0, 0, 'ffd050121', 1, 1, 0, 0, 0, 0, 0, 1, 0, NULL),
(327, 'MD S ANSARI', '9868742275', 'BMI 23.4 FASTING 232', '2021-11-27 10:24:24', '', 0, 0, 'ffd050121', 1, 0, 0, 0, 0, 0, 0, 1, 0, NULL),
(328, 'Parul Dhawan', '9810396673', 'dp the dietician also provide recipie?', '2021-11-27 10:24:54', '', 0, 0, 'ffd050121', 1, 0, 0, 0, 0, 0, 0, 0, 0, NULL),
(329, 'Neelam Patel ', '9898464313', 'Family me 15-20th January marriage hai so kab de join karu ? 140 sugar aaya Abhi ', '2021-11-27 10:25:04', '', 0, 0, 'ffd050121', 1, 0, 0, 0, 0, 0, 0, 0, 0, NULL),
(330, 'BIBHUTI BHUSAN MISHRA', '9175322637', 'my hb1ac is 9 can it come down', '2021-11-27 10:25:20', '', 0, 0, 'ffd050121', 1, 0, 0, 0, 0, 0, 0, 1, 0, NULL),
(331, 'Shivani jain', '8800494456', 'I want to join this program but Iâ€™m confused ', '2021-11-27 10:25:26', '', 0, 0, 'ffd050121', 1, 0, 0, 0, 0, 0, 0, 1, 0, NULL),
(332, 'dhanalakshmi', '8179508479', 'can we pay  in 4 monthly  installments for the  programme ', '2021-11-27 10:25:57', '', 0, 0, 'ffd050121', 1, 0, 0, 0, 0, 0, 0, 1, 0, NULL),
(333, 'Vikas Chandurkar', '9833837901', 'i am 65 yo, i have ckd, bp and diabetic.. can I join this program?', '2021-11-27 10:26:31', '', 0, 0, 'ffd050121', 1, 0, 0, 0, 0, 0, 0, 1, 0, NULL),
(334, 'Vivek Shah', '9890921244', 'first analyst is it done by meeting physically ? ', '2021-11-27 10:26:37', '', 0, 0, 'ffd050121', 1, 0, 0, 0, 0, 0, 0, 0, 0, NULL),
(335, 'Vinod P', '9031361640', 'I will be in a medical treatment for my left knee injury from Jan 1st week to Feb end. Is it possible to join this course now ', '2021-11-27 10:26:49', '91', 0, 0, 'ffd050121', 1, 0, 0, 0, 0, 0, 0, 0, 0, NULL),
(336, 'Abdul razzaq', '7675960321', 'triglycerides 660 how much time to reduce', '2021-11-27 10:27:05', '', 0, 0, 'ffd050121', 1, 0, 0, 0, 0, 0, 0, 1, 0, NULL),
(337, 'Manoj kumar Choudhary', '09785077177', 'Meri age 34 hai or April me muje covid huaa tha or 11 November ko test krwaya to blood sugar 698 aaya or hba1c 13.2 aaya kya ye post covid issue hai or kya ye reverse hoga', '2021-11-27 10:27:18', '', 0, 0, 'ffd050121', 1, 0, 0, 0, 0, 0, 0, 1, 0, NULL),
(338, 'Neelam Patel ', '9898464313', 'Marriage of my son in jant17-20th January, so what to do? Fasting sugar is 140', '2021-11-27 10:27:44', '', 0, 0, 'ffd050121', 1, 0, 0, 0, 0, 0, 0, 1, 0, NULL),
(339, 'Sayeed Ahmed', '8197095754', 'can i eat millets', '2021-11-27 10:28:33', '91', 0, 0, 'ffd050121', 1, 0, 0, 0, 0, 0, 0, 0, 0, NULL),
(340, 'Vandana Pandey', '9929744492', 'Will you give us the bill for the amount ?', '2021-11-27 10:28:38', '', 0, 0, 'ffd050121', 1, 0, 0, 0, 0, 0, 0, 0, 0, NULL),
(341, 'GIRISH WADHWANI', '96669425', 'Is OATs milk a good substitute ?', '2021-11-27 10:28:43', '65', 0, 0, 'ffd050121', 1, 0, 0, 0, 0, 0, 0, 0, 0, NULL),
(342, 'Parul Dhawan', '9810396673', 'Wheat roti is allowed in this program? ', '2021-11-27 10:28:54', '', 0, 0, 'ffd050121', 1, 0, 0, 0, 0, 0, 0, 0, 0, NULL),
(343, 'Shivani jain', '8800494456', 'I want to share my blood reports ', '2021-11-27 10:28:57', '', 0, 0, 'ffd050121', 1, 0, 0, 0, 0, 0, 0, 1, 0, NULL),
(344, 'Parul Dhawan', '9810396673', 'you mean after three months we can have normal food like usual ?', '2021-11-27 10:29:23', '', 0, 0, 'ffd050121', 1, 0, 0, 0, 0, 0, 0, 0, 0, NULL),
(345, 'Jitendra kumar mallik', '9668557722', 'Age 37, fasting 158/312\r\nHb1ac 8.5\r\nCan reverse ', '2021-11-27 10:29:45', '91', 0, 0, 'ffd050121', 1, 0, 0, 0, 0, 0, 0, 1, 0, NULL),
(346, 'Rutuja', '8828062604', 'I have migraine and type 1 diabetes \r\nWhat should I do? Is it reversable? ', '2021-11-27 10:30:15', '', 0, 0, 'ffd050121', 1, 0, 0, 0, 0, 0, 0, 0, 0, NULL),
(347, 'Sudheer Kalayanashetty', '9980041605', 'Hi Doctor, I just got report of HbA1c of 7.2. this is the first time I did the test of HbA1c. so far I am no taking any tablet for diabetic. I have UTI problem.  Does this program help? which one to join Diabetic or non diabetic?', '2021-11-27 10:30:17', '', 0, 0, 'ffd050121', 1, 0, 0, 0, 0, 0, 0, 1, 0, NULL),
(348, 'Ajay Taranath', '0424046754', 'i am hesitant to change the medication that you will prescribe as I am on one already.help', '2021-11-27 10:30:54', '61', 0, 0, 'ffd050121', 1, 0, 0, 0, 0, 0, 0, 1, 0, NULL),
(349, 'NAVNEET JULKA', '7869449444', 'Name: Navneet Singh Julka\r\nAge : 29\r\nFasting Sugar: 141\r\nPP Sugar: 280 \r\nHba1c: 8.0 â€“> 7.0 (after 1 Month Sugar Precaution) \r\nCholestrol 222\r\nTrigglycrides :315 \r\nSGPT: 142\r\nMedicine not started yet - Should I start or join with program?', '2021-11-27 10:31:38', '', 0, 0, 'ffd050121', 1, 0, 0, 0, 0, 0, 0, 0, 0, NULL),
(350, 'Arvind Kumar Patel', '8982652439', 'Hi Sir\r\nDiabetic diagnosed from 2017 Jan still on two tabs 2 in a day, now increased to 4 tabs in a day. C peptide at that time was .6 ng/ml, but currently not check, can I become dibetic free?\r\nConstipation issues and muscular balance problems start now.', '2021-11-27 10:31:41', '', 0, 0, 'ffd050121', 1, 0, 0, 0, 0, 0, 0, 1, 0, NULL),
(351, 'ARVIND', '9313906661', 'going to join , ', '2021-11-27 10:31:44', '', 0, 0, 'ffd050121', 1, 0, 0, 0, 0, 0, 0, 1, 0, NULL),
(352, 'NAVNEET JULKA', '7869449444', 'Name: Navneet Singh Julka\r\nAge: 29\r\nFasting Sugar: 141\r\nPP Sugar: 280 \r\nHba1c: 8.0 â€“> 7.0 (after 1 Month Sugar Precaution) \r\nCholestrol 222\r\nTrigglycrides :315 \r\nSGPT: 142\r\nMedicine was not started yet - Should I start or join with the program?', '2021-11-27 10:32:13', '', 0, 0, 'ffd050121', 1, 0, 0, 0, 0, 0, 0, 1, 0, NULL),
(353, 'MINAL', '8743094195', 'MY HBA1C IS 6.7 AND THYROID I HAVE THYRONORM 100MCG ...CAN REVERSE THIS OR NOT', '2021-11-27 10:32:24', '91', 0, 0, 'ffd050121', 1, 0, 0, 0, 0, 0, 0, 1, 0, NULL),
(354, 'Sarika jadhav', '9637366850', 'Dr dixit diet plan is helping or not.\r\n', '2021-11-27 10:32:54', '', 0, 0, 'ffd050121', 1, 0, 0, 0, 0, 0, 0, 0, 0, NULL),
(355, 'NAVNEET JULKA', '7869449444', 'Name: Navneet Singh Julka\r\nAge : 29\r\nFasting Sugar: 141\r\nPP Sugar: 280 \r\nHba1c: 8.0 â€“> 7.0 (after 1 Month Sugar Precaution) \r\nCholestrol 222\r\nTrigglycrides :315 \r\nSGPT: 142\r\nMedicine not started yet - Should I start or join with program?', '2021-11-27 10:33:07', '', 0, 0, 'ffd050121', 1, 0, 0, 0, 0, 0, 0, 1, 0, NULL),
(356, 'Ankit', '9992906622', 'Sir kon kon se test h jise ye pta chlega ki kisi ko diabetic h ya non diabetic', '2021-11-27 10:33:21', '', 0, 0, 'ffd050121', 1, 0, 0, 0, 0, 0, 0, 1, 0, NULL),
(357, 'vedika sharma', '9891936739', 'C peptide.83  type 1', '2021-11-27 10:33:30', '', 0, 0, 'ffd050121', 1, 0, 0, 0, 0, 0, 0, 0, 0, NULL),
(358, 'Tarh Tacho', '9436050135', 'can we take ayurvedic medicine during diabetes medicine course', '2021-11-27 10:33:57', '', 0, 0, 'ffd050121', 1, 0, 0, 0, 0, 0, 0, 0, 0, NULL),
(359, 'Raghvendra Singh', '7846896828', 'I have started medicine around 7 days back my HBAC 7.8 and liver is fatty for that also medicine started.\r\nShould I continue with medicine? my lenth 171 cm & weight 81.  ', '2021-11-27 10:34:00', '91', 0, 0, 'ffd050121', 1, 0, 0, 0, 0, 0, 0, 1, 0, NULL),
(360, 'Pradeep Malhotra', '09312809090', 'We both are joining \r\n', '2021-11-27 10:34:03', '', 0, 0, 'ffd050121', 1, 0, 0, 0, 0, 0, 0, 1, 0, NULL),
(361, 'Nishant Kumar ', '9463379740', 'Sir, my job is related to traveling.  Mostly I live in hotel. How can I follow your diet plans. Last 10 years I am suffering from diabetes ', '2021-11-27 10:34:07', '91', 0, 0, 'ffd050121', 1, 0, 0, 0, 0, 0, 0, 1, 0, NULL),
(362, 'Ranbir', '9810924882', 'will join, will your sale team will connect for some discussion and guidance', '2021-11-27 10:34:14', '', 0, 0, 'ffd050121', 1, 0, 0, 0, 0, 0, 0, 1, 0, NULL),
(363, 'K Rajendran', '9566750407', 'I would like to join immediately\r\n', '2021-11-27 10:34:15', '91', 0, 0, 'ffd050121', 1, 0, 0, 0, 0, 0, 0, 1, 0, NULL),
(364, 'Yasoda khanal', '8617825744', 'Next session kab se suru hoga???', '2021-11-27 10:34:39', '', 0, 0, 'ffd050121', 1, 0, 0, 0, 0, 0, 0, 0, 0, NULL),
(365, 'Ruchicka M Bansal', '9990706999', 'Ruchicka M Bansal Going to join pls call for counselling and guidance', '2021-11-27 10:34:56', '', 0, 0, 'ffd050121', 1, 0, 0, 0, 0, 0, 0, 1, 0, NULL),
(366, 'krishna Jain', '9350504197', 'khana khane ke baad approx.1.5 hour par glucose level bahut high ho jata hai, more thatn 250, kya yahi blood suguar level mana jayega', '2021-11-27 10:35:03', '91', 0, 0, 'ffd050121', 1, 0, 0, 0, 0, 0, 0, 0, 0, NULL),
(367, 'MINAL', '8743094195', 'BLOOD TEST IS MUST BEFORE JOINING C PEPTIDE TEST', '2021-11-27 10:35:14', '91', 0, 0, 'ffd050121', 1, 0, 0, 0, 0, 0, 0, 0, 0, NULL),
(368, 'Ritu Kapoor', '9810326398', 'Does urine infection cause diabetes/increase sugar level or it is vice-versa.  If caused by urine infections, does the program also help.', '2021-11-27 10:35:16', '', 0, 0, 'ffd050121', 1, 0, 0, 0, 0, 0, 0, 1, 0, NULL),
(369, 'Shivani jain', '8800494456', 'My fasting is 380 \r\nHba1c 12 \r\nTsh 12 \r\nNo medicine ', '2021-11-27 10:35:23', '', 0, 0, 'ffd050121', 1, 0, 0, 0, 0, 0, 0, 1, 0, NULL),
(370, 'Rekha chauhan', '9897351697', '7 no tablets joining ..do I need to start tablets ', '2021-11-27 10:35:32', '', 0, 0, 'ffd050121', 1, 0, 0, 0, 0, 0, 0, 0, 0, NULL),
(371, 'Parul Dhawan', '9810396673', 'I Feel allopathy medicine do not suit me and do not bring down and only ayurvedic medicine works for me ...can i have a trial under your guidance by stopping metformin altogether and continuing with ayurvedic supplement / mediciine\r\n', '2021-11-27 10:35:34', '', 0, 0, 'ffd050121', 1, 0, 0, 0, 0, 0, 0, 0, 0, NULL),
(372, 'Anand', '9535674717', 'Can I use siridhanya? ', '2021-11-27 10:35:37', '', 0, 0, 'ffd050121', 1, 0, 0, 0, 0, 0, 0, 0, 0, NULL),
(373, 'sunil sudam Ghadigaonkar', '9221316106', 'My wait is 61, shall take smoothie', '2021-11-27 10:35:43', '', 0, 0, 'ffd050121', 1, 0, 0, 0, 0, 0, 0, 0, 0, NULL),
(374, 'Meghana Gaonkar', '9819720037', '72, On Thyroid for 5 yrs and cholestrol tab for 10 Yrs, only yday identified as Diebetic (post mean sugar 190), should i start the medicine prescribed? Is IRP program required? Would I get freedom from  sugar and Cholestrol too? ', '2021-11-27 10:35:47', '', 0, 0, 'ffd050121', 1, 0, 0, 0, 0, 0, 0, 1, 0, NULL),
(375, 'Dr Vinay Kumar Verma', '7800865818', 'Agar ek ghar se 2person is course ko join karen to kya fees bhi double deni hogi..ek person diabetic hai aur ek person nin diabetic hai?', '2021-11-27 10:36:04', '', 0, 0, 'ffd050121', 1, 0, 0, 0, 0, 0, 0, 1, 0, NULL),
(376, 'Pradeep Malhotra', '09312809090', 'can we take spinach', '2021-11-27 10:36:06', '', 0, 0, 'ffd050121', 1, 0, 0, 0, 0, 0, 0, 0, 0, NULL),
(377, 'Minesh M Patel', '9082306183', 'A1C is 6.3. Not in any medicine yet.', '2021-11-27 10:36:08', '1', 0, 0, 'ffd050121', 1, 0, 0, 0, 0, 0, 0, 0, 0, NULL),
(378, 'Jyoti', '9923024247', 'I am not diabetic. But I have burning in the lot foot and heaviness in left leg. Will this program help', '2021-11-27 10:36:15', '', 0, 0, 'ffd050121', 1, 0, 0, 0, 0, 0, 0, 0, 0, NULL),
(379, 'Parul Dhawan', '9810396673', 'i am definitely going to join today itself , Thank you very much Doctor', '2021-11-27 10:37:01', '', 0, 0, 'ffd050121', 1, 0, 0, 0, 0, 0, 0, 1, 0, NULL),
(380, 'Srikant S Parui', '9820210368', 'Had a angioplasty done 25 days back. Hbaic is 7.2. Can I join.', '2021-11-27 10:37:14', '91', 0, 0, 'ffd050121', 1, 1, 0, 0, 0, 0, 0, 1, 0, 'join'),
(381, 'Mohammed rizwan', '9669061786', 'Meri bachi ko 1 month pehle hi diabetes hua h insulin 4 time lag rahi h kya insulon band ho sakti h kya', '2021-11-27 10:37:26', '', 0, 0, 'ffd050121', 1, 0, 0, 0, 0, 0, 0, 0, 0, NULL),
(382, 'MINAL', '8743094195', 'RUNNING LATER MAY START KNEE PAIN ...WEIGHT 71KG,AGE 48,FEMALE', '2021-11-27 10:37:39', '91', 0, 0, 'ffd050121', 1, 0, 0, 0, 0, 0, 0, 0, 0, NULL),
(383, 'Uma rajan', '8839632385', 'Sir frozen shoulder, diabetes k wajah se hota hai?', '2021-11-27 10:37:44', '', 0, 0, 'ffd050121', 1, 0, 0, 0, 0, 0, 0, 0, 0, NULL),
(384, 'Anand', '9535674717', 'My hba1c is 6.4 is it High? ', '2021-11-27 10:37:51', '', 0, 0, 'ffd050121', 1, 0, 0, 0, 0, 0, 0, 0, 0, NULL),
(385, 'Sushil Kumar Dhara ', '8178400767', 'My wife\'s age is 52 having diabetes, BP, thyroid  and recently diagnosed by pancreatitis can she join?', '2021-11-27 10:37:55', '', 0, 0, 'ffd050121', 1, 0, 0, 0, 0, 0, 0, 0, 0, NULL),
(386, 'Akanksha Ajit Shinde ', '9527295169', 'I\'m taking BP medicine Telcure beta 25..and diabetes tablet Torglip.. Can i stop taking These   tablets? I\'m current sugar level is ..fasting 96 and PP 165 ', '2021-11-27 10:38:00', '', 0, 0, 'ffd050121', 1, 0, 0, 0, 0, 0, 0, 0, 0, NULL),
(387, 'Ammar Koradia', '09974461699', ' age is 20  saw Black patches on my joints came to know about inslin resistance  started fasting 16:8 lost 18 kgs but that patches didn\'t go away and 15 days ago did hba1c it was 5.7 please guide me should I join irp or not', '2021-11-27 10:38:39', '91', 0, 0, 'ffd050121', 1, 0, 0, 0, 0, 0, 0, 1, 0, NULL),
(388, 'Chaitali', '9822359936', '117 fasting sugar\r\n', '2021-11-27 10:38:46', '', 0, 0, 'ffd050121', 1, 0, 0, 0, 0, 0, 0, 0, 0, NULL),
(389, 'MINAL', '8743094195', 'CAN I GET HEART BLOCK TEST', '2021-11-27 10:39:08', '91', 0, 0, 'ffd050121', 1, 0, 0, 0, 0, 0, 0, 0, 0, NULL),
(390, 'JYOTI MANOJ HEDAOO', '8055355903', 'I can not take  consultation  right now because of  financial difficulties.  Can I  join  after  6 to 8 months. So l will  contact  accordingly. ', '2021-11-27 10:39:53', '91', 0, 0, 'ffd050121', 1, 0, 0, 0, 0, 0, 0, 0, 0, NULL),
(391, 'MINAL', '8743094195', 'I KEEP FEELING HUNGRY DURING DAY AND SLEEP REQUIREMENT IS HOW MUCH', '2021-11-27 10:42:41', '91', 0, 0, 'ffd050121', 1, 0, 0, 0, 0, 0, 0, 0, 0, NULL),
(392, 'Rishi kumar sharma ', '9831062449', 'I m chronic pancreatic  patient and diabetic also please advice as I have knee and back problem also your program will help me', '2021-11-27 10:43:42', '', 0, 0, 'ffd050121', 1, 0, 0, 0, 0, 0, 0, 0, 0, NULL),
(393, 'Sacheen Kumar Bheemkar', '9704625777', '2019 i was having hbalc as 6.5 but was managing it with diet and excercise and now on Nov 23 2021 hbalc is 7.3...Doc has not advised any medication though...kindly advice if i can reverse it\r\n', '2021-11-27 10:44:00', '91', 0, 0, 'ffd050121', 1, 0, 0, 0, 0, 0, 0, 1, 0, NULL),
(394, 'Srinivas Vadali', '7322991756', 'I have a minor right occipetal infraction. Will that have any effect on my participation in program', '2021-11-27 10:44:02', '1', 0, 0, 'ffd050121', 1, 0, 0, 0, 0, 0, 0, 1, 0, NULL),
(395, 'Abhishek agarwal', '9928073747', 'Any investigation for neuropathy ', '2021-11-27 10:44:12', '', 0, 0, 'ffd050121', 1, 0, 0, 0, 0, 0, 0, 0, 0, NULL),
(396, 'rupshree Singhi', '8700143703', 'kitne months ka program hoga ?', '2021-11-27 10:47:19', '', 0, 0, 'ffd050121', 1, 0, 0, 0, 0, 0, 0, 0, 0, NULL),
(397, 'Anand', '9535674717', 'Sir my bp is always high iam taking 50mg eslomet tablet iam from bangalore', '2021-11-27 10:47:29', '', 0, 0, 'ffd050121', 1, 0, 0, 0, 0, 0, 0, 1, 0, NULL),
(398, 'Sutapa chowdhury', '9810583799', 'Can this program help someone who\'s on dialysis for 3 years or more? ', '2021-11-27 10:47:40', '', 0, 0, 'ffd050121', 1, 0, 0, 0, 0, 0, 0, 0, 0, NULL),
(399, 'Mohammed rizwan', '9669061786', '1 month  pehle hi hua h', '2021-11-27 10:48:13', '', 0, 0, 'ffd050121', 1, 0, 0, 0, 0, 0, 0, 0, 0, NULL),
(400, 'Arika Lamba', '9828808801', 'My daughter is 9 years old detached type 1 before 01 year now on insulin please suggest', '2021-11-27 10:48:45', '', 0, 0, 'ffd050121', 1, 0, 0, 0, 0, 0, 0, 0, 0, NULL),
(401, 'Shadab Akhtar', '7979710415', '15 days ago my RBS was 428.Yesterday it reduced to 126.', '2021-11-27 10:48:55', '', 0, 0, 'ffd050121', 1, 0, 0, 0, 0, 0, 0, 0, 0, NULL),
(402, 'Minesh M Patel', '9082306183', '64 years, A1C is 6.3. Cholesterol is 230.', '2021-11-27 10:49:19', '1', 0, 0, 'ffd050121', 1, 0, 0, 0, 0, 0, 0, 1, 0, NULL),
(403, 'Shivam', '8770550352', 'We have tried some methods but what if diabetes level drops suddenly?\r\nBeing a type 2 diabetes patient ', '2021-11-27 10:49:24', '', 0, 0, 'ffd050121', 1, 0, 0, 0, 0, 0, 0, 0, 0, NULL),
(404, 'MINAL', '8743094195', 'I WANT TO JOIN FOR NEW DIEBETIC PROGRAM ,HUSBAND HAS HIGH BP....CAN YOU HELP BOTH IN CONSULTAION IN ONE PERSON JOINING\r\n', '2021-11-27 10:49:53', '91', 0, 0, 'ffd050121', 1, 0, 0, 0, 0, 0, 0, 1, 0, NULL),
(405, 'NAVNEET JULKA', '7869449444', 'Can I get a consultation before the 11th if I join today or not join today? ', '2021-11-27 10:50:06', '', 0, 0, 'ffd050121', 1, 0, 0, 0, 0, 0, 0, 0, 0, NULL),
(406, 'Ammar Koradia', '09974461699', 'What to join for pre diabetic', '2021-11-27 10:50:19', '91', 0, 0, 'ffd050121', 1, 0, 0, 0, 0, 0, 0, 1, 0, NULL),
(407, 'Mohammed rizwan', '9669061786', 'Sir meri bachi ko 1 month pehle hi diabetes hua h 4 time insulin lagti h kya insulin band ho payega kya....', '2021-11-27 10:50:32', '', 0, 0, 'ffd050121', 1, 0, 0, 0, 0, 0, 0, 0, 0, NULL),
(408, 'Parul Dhawan', '9810396673', 'i hope we don\'t have to eat food in proporation to our body weight like some other program says that take 350 gram salad or 500 gram  fruits etc\r\n', '2021-11-27 10:51:07', '', 0, 0, 'ffd050121', 1, 0, 0, 0, 0, 0, 0, 0, 0, NULL),
(409, 'Sarjerao Patil', '9686689949', 'Need advise on how one can manage / make it necessary diet (food) available at home before I can join.', '2021-11-27 10:51:20', '', 0, 0, 'ffd050121', 1, 0, 0, 0, 0, 0, 0, 1, 0, NULL),
(410, 'Dr kishor Sapkale ', '8149797060', 'Following dixit det good results Weight loss and reduce h ba1c medicine reduce not stopped  what i expect more from you', '2021-11-27 10:52:24', '', 0, 0, 'ffd050121', 1, 0, 0, 0, 0, 0, 0, 1, 0, NULL),
(411, 'Suresh Divekar', '9916761694', 'Can I get call back please..', '2021-11-27 10:52:33', '', 0, 0, 'ffd050121', 1, 0, 0, 0, 0, 0, 0, 1, 0, NULL),
(412, 'Pradeep Malhotra', '09312809090', 'My Hb1AC is between 9.9 to 10.2', '2021-11-27 10:53:23', '', 0, 0, 'ffd050121', 1, 0, 0, 0, 0, 0, 0, 0, 0, NULL),
(413, 'MINAL', '8743094195', 'CPEPTIDE TEST KE BAAD PAYMENT KARNA HAI KYA JI', '2021-11-27 10:55:58', '91', 0, 0, 'ffd050121', 1, 0, 0, 0, 0, 0, 0, 0, 0, NULL),
(414, 'PRAKASH BALOJI', '9916298258', 'FBS -114 , PPBS -110 Hb1AC-6.2 it\'s prediabetic or diabetic?', '2021-11-27 10:56:26', '91', 0, 0, 'ffd050121', 1, 0, 0, 0, 0, 0, 0, 0, 0, NULL),
(415, 'Vikas Chandurkar', '9833837901', 'My creat is 3.27, can it be reversed or reduced?', '2021-11-27 10:56:32', '', 0, 0, 'ffd050121', 1, 0, 0, 0, 0, 0, 0, 1, 0, 'join'),
(416, 'Mahaboob Basha', '7259516000', 'Recently i came to know my hba1c 8.0 & before bf 140,  but not consulted any doctor and not under any medication. Should i consultdiabelogist doctor after join the programme? but currently i am taking colostrol medicine for 2 weeks. Please suggest. Thanks.', '2021-11-27 10:56:54', '', 0, 0, 'ffd050121', 1, 0, 0, 0, 0, 0, 0, 1, 0, NULL),
(417, 'MINAL', '8743094195', 'THANKS I WILL JOIN IS IT AFTER C PEPTIDE TEST', '2021-11-27 10:57:19', '91', 0, 0, 'ffd050121', 1, 0, 0, 0, 0, 0, 0, 1, 0, NULL),
(418, 'GIRISH WADHWANI', '96669425', 'Glucose fasting - 83, HBA1C - 5.5. What do you suggest ?', '2021-11-27 10:57:51', '65', 0, 0, 'ffd050121', 1, 0, 0, 0, 0, 0, 0, 0, 0, NULL),
(419, 'S Kanwal', '9651616159', 'sir....can you ask some one from your office to call to guide me how to join and make payments....regards ', '2021-11-27 10:58:57', '7', 0, 0, 'ffd050121', 1, 0, 0, 0, 0, 0, 0, 1, 0, NULL),
(420, 'Sandhya Bulbule', '09741578258', 'How to join online reversal program', '2021-11-27 10:59:24', '', 0, 0, 'ffd050121', 1, 0, 0, 0, 0, 0, 0, 1, 0, NULL),
(421, 'NITIN KOLHE', '9922934748', 'I am joining \r\n', '2021-11-27 10:59:33', '', 0, 0, 'ffd050121', 1, 0, 0, 0, 0, 0, 0, 1, 0, NULL),
(422, 'NAVNEET JULKA', '7869449444', 'Weight:88KG | BMI : 30 (Obese) | As you mentioned on FS:140 PP:280 | metabolic syndrome is a concern or it is overweight issues concern with high trigyclerides ? ', '2021-11-27 10:59:52', '', 0, 0, 'ffd050121', 1, 0, 0, 0, 0, 0, 0, 1, 0, NULL),
(423, 'Vandana Pandey', '9929744492', 'I will join', '2021-11-27 11:00:19', '', 0, 0, 'ffd050121', 1, 0, 0, 0, 0, 0, 0, 1, 0, NULL),
(424, 'R PRIYA', '09791977077', 'Unable to understand cpeptide test? Is it required only for type 1? We will be joining for weight loss. Is cpeptide test required in our case?', '2021-11-27 11:03:22', '', 0, 0, 'ffd050121', 1, 0, 0, 0, 0, 0, 0, 1, 0, NULL),
(425, 'NAVNEET JULKA', '7869449444', 'yes, will join. Thanks!', '2021-11-27 11:05:46', '', 0, 0, 'ffd050121', 1, 0, 0, 0, 0, 0, 0, 1, 0, NULL),
(426, 'ujwala potdar', '9405703703', 'can we eat Wheat roti and rice in same meal', '2021-11-27 11:06:28', '', 0, 0, 'ffd050121', 1, 0, 0, 0, 0, 0, 0, 0, 0, NULL),
(427, 'Ajay Kukreja', '9811100069', 'joined the program', '2021-11-27 11:06:35', '', 0, 0, 'ffd050121', 1, 0, 0, 0, 0, 0, 0, 0, 0, NULL),
(428, 'Minesh M Patel', '9082306183', 'We will join as well.', '2021-11-27 11:06:37', '1', 0, 0, 'ffd050121', 1, 0, 0, 0, 0, 0, 0, 1, 0, NULL),
(429, 'R PRIYA', '09791977077', 'The whole family is joining. Thank you so much', '2021-11-27 11:06:40', '', 0, 0, 'ffd050121', 1, 0, 0, 0, 0, 0, 0, 1, 0, NULL),
(430, 'MINAL', '8743094195', 'WONDERFUL SESSION SIR', '2021-11-27 11:07:27', '91', 0, 0, 'ffd050121', 1, 0, 0, 0, 0, 0, 0, 0, 0, NULL),
(431, 'Abdul razzaq', '7675960321', 'Is diet se Autophagy hoga', '2021-11-27 11:07:28', '', 0, 0, 'ffd050121', 1, 0, 0, 0, 0, 0, 0, 0, 0, NULL),
(432, 'Mani Bhatnagar', '4698262102', 'Will  Ulceratis Colitis issue get help?', '2021-11-27 11:07:32', '1', 0, 0, 'ffd050121', 1, 0, 0, 0, 0, 0, 0, 1, 0, NULL),
(433, 'Tarh Tacho', '9436050135', 'which dal do you prefer', '2021-11-27 11:07:50', '', 0, 0, 'ffd050121', 1, 0, 0, 0, 0, 0, 0, 0, 0, NULL),
(434, ' mukta', '9873444464', 'how to gain weight in diebtic\r\n', '2021-11-27 11:08:14', '', 0, 0, 'ffd050121', 1, 0, 0, 0, 0, 0, 0, 0, 0, NULL),
(435, 'ujwala potdar', '9405703703', 'very informative session ,very nice , thank u so much', '2021-11-27 11:09:20', '', 0, 0, 'ffd050121', 1, 0, 0, 0, 0, 0, 0, 0, 0, NULL),
(436, 'GIRISH WADHWANI', '96669425', 'Very informative session, learnt something new for preventive guidelines', '2021-11-27 11:09:24', '65', 0, 0, 'ffd050121', 1, 0, 0, 0, 0, 0, 0, 0, 0, NULL),
(437, 'Srinivas Vadali', '7322991756', 'Great event. Joinig', '2021-11-27 11:09:36', '1', 0, 0, 'ffd050121', 1, 0, 0, 0, 0, 0, 0, 1, 0, NULL),
(438, 'Arvind Kumar Patel', '8982652439', 'Sir,\r\nbecome body builder can it possible?\r\n', '2021-11-27 11:09:38', '', 0, 0, 'ffd050121', 1, 0, 0, 0, 0, 0, 0, 0, 0, NULL),
(439, 'Parul Dhawan', '9810396673', 'This session was really good thank you :)', '2021-11-27 11:09:39', '', 0, 0, 'ffd050121', 1, 0, 0, 0, 0, 0, 0, 0, 0, NULL),
(440, 'Ammar Koradia', '09974461699', 'Can we have whey Protein after reversal\r\n', '2021-11-27 11:09:41', '91', 0, 0, 'ffd050121', 1, 0, 0, 0, 0, 0, 0, 0, 0, NULL),
(441, 'Ruchicka M Bansal', '9990706999', 'Awesome prog \r\nU r amazing', '2021-11-27 11:09:42', '', 0, 0, 'ffd050121', 1, 0, 0, 0, 0, 0, 0, 0, 0, NULL),
(442, 'Raghvendra Singh', '7846896828', 'wonderful session\r\nplan to join\r\n', '2021-11-27 11:09:42', '91', 0, 0, 'ffd050121', 1, 0, 0, 0, 0, 0, 0, 1, 0, NULL),
(443, 'NAVNEET JULKA', '7869449444', 'Can we have pure jamun juice in morning?', '2021-11-27 11:09:43', '', 0, 0, 'ffd050121', 1, 0, 0, 0, 0, 0, 0, 0, 0, NULL),
(444, 'Laxman Yonjan', '9851066968', 'Sir just for healthy lifestyle is there any  Package to join. You said that 88 after 2 hours is GTT CLEARED.\r\n\r\n', '2021-11-27 11:09:45', '977', 0, 0, 'ffd050121', 1, 0, 0, 0, 0, 0, 0, 1, 0, NULL),
(445, 'Naresh K Pantawane', '9850736338', 'Very good program', '2021-11-27 11:09:47', '', 0, 0, 'ffd050121', 1, 0, 0, 0, 0, 0, 0, 0, 0, NULL),
(446, 'Mani Bhatnagar', '4698262102', 'LOved it. Thanks yoi', '2021-11-27 11:09:47', '1', 0, 0, 'ffd050121', 1, 0, 0, 0, 0, 0, 0, 0, 0, NULL),
(447, 'Sutapa chowdhury', '9810583799', 'Wonderful session. I\'ll join after consultation with my doctor. Will start with the tips immediately! ', '2021-11-27 11:09:48', '', 0, 0, 'ffd050121', 1, 0, 0, 0, 0, 0, 0, 1, 0, NULL),
(448, 'ujwala potdar', '9405703703', 'surely will foloww ur tips\r\n', '2021-11-27 11:09:51', '', 0, 0, 'ffd050121', 1, 0, 0, 0, 0, 0, 0, 0, 0, NULL),
(449, 'Ramesh kumar 2', '9829027308', 'Thanks', '2021-11-27 11:09:51', '', 0, 0, 'ffd050121', 1, 0, 0, 0, 0, 0, 0, 0, 0, NULL),
(450, 'Vikas Chandurkar', '9833837901', 'joining in jan\r\n', '2021-11-27 11:09:56', '', 0, 0, 'ffd050121', 1, 0, 0, 0, 0, 0, 0, 1, 0, NULL),
(451, 'Atul saraf', '9833067042', 'Good information', '2021-11-27 11:09:58', '', 0, 0, 'ffd050121', 1, 0, 0, 0, 0, 0, 0, 0, 0, NULL),
(452, 'sunil sudam Ghadigaonkar', '9221316106', 'Can I use ghee ', '2021-11-27 11:09:59', '', 0, 0, 'ffd050121', 1, 0, 0, 0, 0, 0, 0, 0, 0, NULL),
(453, 'Vineet sinha', '8408974709', 'Will join ', '2021-11-27 11:10:01', '', 0, 0, 'ffd050121', 1, 0, 0, 0, 0, 0, 0, 1, 0, NULL),
(454, 'Jitendra kumar mallik', '9668557722', 'Best program for diabetic ', '2021-11-27 11:10:22', '91', 0, 0, 'ffd050121', 1, 0, 0, 0, 0, 0, 0, 0, 0, NULL),
(455, 'Moumi Mitra', '7738085955', 'Sir my father hba1c 7.7 aged 73 can join or not ? On medicines\r\n', '2021-11-27 11:10:32', '', 0, 0, 'ffd050121', 1, 0, 0, 0, 0, 0, 0, 1, 0, NULL),
(456, 'Tarh Tacho', '9436050135', 'can we take any other medicine if we get viral infect', '2021-11-27 11:10:38', '', 0, 0, 'ffd050121', 1, 0, 0, 0, 0, 0, 0, 0, 0, NULL),
(457, 'Minesh M Patel', '9082306183', 'Excellent work ðŸ‘Œ\r\n', '2021-11-27 11:10:40', '1', 0, 0, 'ffd050121', 1, 0, 0, 0, 0, 0, 0, 0, 0, NULL),
(458, 'Vineet sinha', '8408974709', 'Thankyou sir \r\n', '2021-11-27 11:11:10', '', 0, 0, 'ffd050121', 1, 0, 0, 0, 0, 0, 0, 0, 0, NULL),
(459, 'Baptu Ghosh', '9932288696', 'Excellent session Sir, enjoyed a lot. thank you so much.', '2021-11-27 11:11:27', '', 0, 0, 'ffd050121', 1, 0, 0, 0, 0, 0, 0, 0, 0, NULL),
(460, 'Ashok Deshmukh ', '9004974970', 'Amazing programmw', '2021-11-27 11:11:56', '91', 0, 0, 'ffd050121', 1, 0, 0, 0, 0, 0, 0, 0, 0, NULL),
(461, 'Pradeep Malhotra', '09312809090', 'You hae divine blessings. Pure Soul . funtatic session\r\n', '2021-11-27 11:12:00', '', 0, 0, 'ffd050121', 1, 0, 0, 0, 0, 0, 0, 0, 0, NULL),
(462, 'Srikant S Parui', '9820210368', 'Very informative. Wonderful session. Will join.', '2021-11-27 11:12:15', '91', 0, 0, 'ffd050121', 1, 0, 0, 0, 0, 0, 0, 1, 0, NULL),
(463, 'Sudheer Kalayanashetty', '9980041605', 'Thank you Doctor. Will join', '2021-11-27 11:12:51', '', 0, 0, 'ffd050121', 0, 0, 0, 0, 0, 0, 0, 1, 0, NULL),
(464, 'Rishi kumar sharma ', '9831062449', 'Sir advice if possible I can join or not', '2021-11-27 11:12:55', '', 0, 0, 'ffd050121', 0, 0, 0, 0, 0, 0, 0, 1, 0, NULL),
(465, 'Vineet sinha', '8408974709', 'My husband has sleep apnea n diabetic as well he will join', '2021-11-27 11:13:32', '', 0, 0, 'ffd050121', 0, 0, 0, 0, 0, 0, 0, 1, 0, NULL),
(466, 'Prakash', '9986862662', 'Can we eat papaya in breakfast ', '2021-11-27 11:14:39', '', 0, 0, 'ffd050121', 0, 0, 0, 0, 0, 0, 0, 0, 0, NULL),
(467, 'Rajendra Patil', '7303117662', 'How we can get video of this seminar\r\n\r\n', '2021-11-27 11:15:29', '91', 0, 0, 'ffd050121', 0, 0, 0, 0, 0, 0, 0, 0, 0, NULL),
(468, 'Meherjyoti Sangle', '9869174511', 'Yes', '2021-11-27 18:14:09', '', 0, 0, 'ffd050121', 0, 0, 0, 0, 0, 0, 0, 0, 0, NULL),
(469, 'Dhiraj patel', '9823176975', 'I missed todays session can i reattend it somehow', '2021-11-27 18:51:23', '91', 0, 0, 'ffd050121', 0, 0, 0, 0, 0, 0, 0, 0, 0, NULL),
(470, 'Chaitali', '9822359936', 'My sugar level 117', '2021-11-27 19:07:05', '', 0, 0, 'ffd050121', 0, 0, 0, 0, 0, 0, 0, 0, 0, NULL),
(471, 'Chitra Salgame', '6099370215', 'Is this not a live session? It is recorded?\r\n', '2021-11-28 08:00:00', '1', 0, 0, 'ffd050121', 0, 0, 0, 0, 0, 0, 0, 0, 0, NULL),
(472, 'Chitra Salgame', '6099370215', 'How can I follow the Indian doctors medications if I am living in the USA?\r\n', '2021-11-28 09:52:53', '1', 0, 0, 'ffd050121', 0, 0, 0, 0, 0, 0, 0, 0, 0, NULL),
(473, 'Chitra Salgame', '6099370215', 'How effective is this program if I live in the USA?\r\n', '2021-11-28 09:53:43', '1', 0, 0, 'ffd050121', 0, 0, 0, 0, 0, 0, 0, 0, 0, NULL),
(474, 'Chitra Salgame', '6099370215', 'Can i use non dairy creamer for coffee?\r\n', '2021-11-28 10:06:49', '1', 0, 0, 'ffd050121', 0, 0, 0, 0, 0, 0, 0, 0, 0, NULL),
(475, 'Ajay kukreja', '9811100069', 'Kidney stone treatment', '2021-11-28 15:34:50', '', 0, 0, 'ffd050121', 0, 0, 0, 0, 0, 0, 0, 0, 0, NULL),
(476, 'Sunita Gandhar Brahmapurkar', '7030178505', 'fasting suger 106 after meal 126 should I need to join the course', '2021-11-28 21:50:51', '', 0, 0, 'ffd050121', 0, 0, 0, 0, 0, 0, 0, 0, 0, NULL),
(477, 'Mukund bagul', '9890044278', 'Can diabetics patients use stevia?', '2021-11-28 22:09:46', '91', 0, 0, 'ffd050121', 0, 0, 0, 0, 0, 0, 0, 0, 0, NULL),
(478, 'Gaikwad', '9823980233', 'Z', '2021-12-12 18:25:07', '', 0, 0, 'ffd050121', 0, 0, 0, 0, 0, 0, 0, 0, 0, NULL);

-- --------------------------------------------------------

--
-- Table structure for table `tbl_users`
--

CREATE TABLE `tbl_users` (
  `id` int(3) NOT NULL,
  `name` varchar(100) NOT NULL,
  `reg_date` datetime NOT NULL,
  `mobile_num` varchar(20) NOT NULL,
  `login_date` datetime DEFAULT NULL,
  `logout_date` datetime DEFAULT NULL,
  `logout_status` int(11) DEFAULT '0',
  `cntry_code` varchar(10) DEFAULT NULL,
  `eventname` varchar(50) NOT NULL
) ENGINE=InnoDB DEFAULT CHARSET=utf8;

--
-- Dumping data for table `tbl_users`
--

INSERT INTO `tbl_users` (`id`, `name`, `reg_date`, `mobile_num`, `login_date`, `logout_date`, `logout_status`, `cntry_code`, `eventname`) VALUES
(1, 'Prashant Patil', '2021-11-17 15:24:54', '9168627272', '2021-11-27 07:39:19', '2021-11-27 08:08:50', 1, '', 'ffd050121'),
(2, 'TARUN SHARMA', '2021-11-17 15:32:21', '9866009211', '2021-11-27 07:32:40', '2021-11-27 10:21:12', 0, '', 'ffd050121'),
(3, 'Nimbaji Wankhede', '2021-11-17 22:40:07', '8691981850', '2021-11-17 22:40:07', '2021-11-17 22:40:51', 0, '', 'ffd050121'),
(4, 'Ankit', '2021-11-18 07:25:49', '9992906622', '2021-11-28 21:21:44', '2021-11-28 21:46:48', 1, '', 'ffd050121'),
(5, 'usha guttedar', '2021-11-18 07:51:17', '09900289248', '2021-11-18 07:51:17', '2021-11-18 07:54:48', 1, '91', 'ffd050121'),
(6, 'Vipin Bhatnagar ', '2021-11-18 19:50:10', '9971444551', '2021-11-18 19:50:10', '2021-11-18 19:51:10', 1, '', 'ffd050121'),
(7, 'Vikash Kumar', '2021-11-18 19:51:40', '9304423604', '2021-11-27 08:56:04', '2021-11-27 09:15:04', 1, '', 'ffd050121'),
(8, 'Sarika sagane', '2021-11-20 19:03:23', '9975634670', '2021-11-27 08:21:36', '2021-11-27 11:09:14', 0, '', 'ffd050121'),
(9, 'Jitendra kumar mallik', '2021-11-21 18:32:48', '9668557722', '2021-11-27 08:06:19', '2021-11-27 11:18:20', 1, '91', 'ffd050121'),
(10, 'Narinder Ahluwalia', '2021-11-22 08:49:10', '8146668191', '2021-11-22 08:49:10', '2021-11-22 08:50:11', 1, '', 'ffd050121'),
(11, 'Vikram Trivedi', '2021-11-22 09:54:52', '9867155765', '2021-11-27 07:58:26', '2021-11-27 11:09:26', 1, '', 'ffd050121'),
(12, 'Nitin kolhe', '2021-11-22 12:07:22', '9922934748', '2021-11-27 07:57:27', '2021-11-27 11:13:28', 1, '', 'ffd050121'),
(13, 'Yasoda khanal', '2021-11-22 15:05:00', '8617825744', '2021-11-27 07:42:19', '2021-11-27 10:36:24', 1, '', 'ffd050121'),
(14, 'Dhiren', '2021-11-22 17:27:59', '9011050532', '2021-11-27 07:58:06', '2021-11-27 11:13:36', 1, '', 'ffd050121'),
(15, 'Sushil Sharnagate', '2021-11-22 18:32:05', '9595919383', '2021-11-22 18:32:05', '2021-11-22 18:32:35', 1, '', 'ffd050121'),
(16, 'Rajanikant Sahu', '2021-11-22 21:28:16', '9473545353', '2021-11-27 07:57:51', '2021-11-27 10:36:25', 1, '', 'ffd050121'),
(17, 'Asha kalla', '2021-11-22 22:14:45', '7597611213', '2021-11-27 07:50:01', '2021-11-27 10:06:39', 1, '', 'ffd050121'),
(18, 'Manoj kumar Choudhary', '2021-11-23 07:56:26', '09785077177', '2021-11-27 09:51:54', '2021-11-27 11:08:25', 1, '', 'ffd050121'),
(19, 'Anwesha Mukherjee', '2021-11-23 10:05:32', '8013492779', '2021-11-23 10:05:32', '2021-11-23 10:06:02', 1, '91', 'ffd050121'),
(20, 'Daxa', '2021-11-23 11:29:13', '09833250188', '2021-11-23 11:29:13', '2021-11-23 11:30:14', 1, '', 'ffd050121'),
(21, '8812963283', '2021-11-23 13:43:43', '8812963283', '2021-11-29 18:01:17', '2021-11-29 21:17:00', 1, '91', 'ffd050121'),
(22, 'Rajesh Dhulapkar', '2021-11-23 15:03:34', '9552590809', '2021-11-27 10:49:38', '2021-11-27 11:20:10', 1, '', 'ffd050121'),
(23, 'Rambahadur', '2021-11-23 15:44:32', '8791771868', '2021-11-27 08:56:06', '2021-11-27 11:13:37', 1, '', 'ffd050121'),
(24, 'Uma rajan', '2021-11-24 00:15:37', '8839632385', '2021-11-27 08:01:55', '2021-11-27 11:08:55', 1, '', 'ffd050121'),
(25, 'Ashwini Tangadi', '2021-11-24 08:51:01', '8762795118', '2021-11-28 19:42:35', '2021-11-28 19:47:06', 1, '', 'ffd050121'),
(26, 'v', '2021-11-24 16:10:54', '9765875731', '2021-12-01 14:14:56', '2021-12-01 14:33:46', 1, '', 'ffd050121'),
(27, 'dhanalakshmi', '2021-11-24 17:47:20', '8179508479', '2021-11-28 10:20:42', '2021-11-28 10:21:12', 1, '', 'ffd050121'),
(28, 'Jafar ', '2021-11-24 20:59:49', '09110437372', '2021-11-29 11:49:16', '2021-11-29 11:52:48', 1, '', 'ffd050121'),
(29, 'K Rajendran', '2021-11-24 22:15:09', '9566750407', '2021-12-16 19:44:40', '2021-12-16 19:45:10', 1, '91', 'ffd050121'),
(30, 'Kama jeet', '2021-11-25 10:03:55', '9911195221', '2021-11-27 09:33:21', '2021-11-27 10:40:22', 1, '91', 'ffd050121'),
(31, 'Phoolchand Jain', '2021-11-25 10:25:52', '09819674616', '2021-11-28 09:18:03', '2021-11-28 09:20:34', 1, '', 'ffd050121'),
(32, 'Shalini Salian', '2021-11-25 12:41:45', '09880809862', '2021-11-27 07:26:42', '2021-11-27 10:34:09', 0, '', 'ffd050121'),
(33, 'dr.shabbir dubey', '2021-11-25 15:01:50', '9806718717', '2021-11-27 09:55:18', '2021-11-27 10:27:37', 1, '', 'ffd050121'),
(34, 'Ritu Kapoor', '2021-11-25 15:08:42', '9810326398', '2021-11-28 14:39:04', '2021-11-28 16:54:04', 1, '', 'ffd050121'),
(35, 'Dhurva Raj Thapa ', '2021-11-25 16:33:31', '9970760851', '2021-11-28 14:26:12', '2021-11-28 14:27:14', 1, '', 'ffd050121'),
(36, 'Baptu Ghosh', '2021-11-25 17:37:19', '9932288696', '2021-11-30 12:50:40', '2021-11-30 12:57:54', 1, '', 'ffd050121'),
(37, 'Baptu Ghosh', '2021-11-25 17:41:13', '8250065730', '2021-11-30 12:57:35', '2021-11-30 13:02:06', 1, '', 'ffd050121'),
(38, 'Ghanshyam Ahirwar', '2021-11-25 18:27:04', '9893459774', '2021-11-27 09:08:03', '2021-11-27 10:44:51', 1, '', 'ffd050121'),
(39, 'Shashidhar Rao S', '2021-11-25 20:26:37', '8105205445', '2021-11-27 18:30:35', '2021-11-27 21:09:14', 1, '', 'ffd050121'),
(40, 'Shubha', '2021-11-25 20:44:17', '9425815500', '2021-11-29 09:43:36', '2021-11-29 11:09:13', 1, '', 'ffd050121'),
(41, 'Sarika Jadhav', '2021-11-25 21:58:14', '9637366850', '2021-11-25 21:58:14', '2021-11-27 11:26:03', 0, '91', 'ffd050121'),
(42, 'Sarika Jadhav', '2021-11-25 22:20:41', '9637366850', '2021-11-27 10:31:31', '2021-11-27 11:26:03', 0, '', 'ffd050121'),
(43, 'Neha Thengdi', '2021-11-26 05:13:54', '7588325900', '2021-11-27 07:45:49', '2021-11-27 10:40:20', 1, '91', 'ffd050121'),
(44, 'Tirupati ', '2021-11-26 07:59:15', '9949069992', '2021-11-26 08:02:02', '2021-11-26 08:14:29', 1, '91', 'ffd050121'),
(45, 'Tirupati', '2021-11-26 08:04:19', '09949069992', '2021-11-26 08:04:19', '2021-11-26 08:05:00', 0, '91', 'ffd050121'),
(46, 'Shobha', '2021-11-26 08:13:15', '7972137998', '2021-11-27 10:15:23', '2021-11-27 12:07:43', 1, '', 'ffd050121'),
(47, 'Pradeep Malhotra', '2021-11-26 08:38:42', '9312809090', '2021-11-26 08:38:42', '2021-11-26 08:39:12', 1, '', 'ffd050121'),
(48, 'Rajan Sharma', '2021-11-26 09:46:30', '9769636641', '2021-11-26 09:46:30', '2021-11-26 09:47:00', 1, '91', 'ffd050121'),
(49, 'H.P.PRAKASH Hunugund', '2021-11-26 11:23:11', '08762199955', '2021-11-26 11:23:11', '2021-11-26 11:23:57', 0, '', 'ffd050121'),
(50, 'v', '2021-11-26 11:27:49', '9765875732', '2021-11-26 11:27:49', '2021-11-26 11:28:08', 0, '', 'ffd050121'),
(51, 'Srikant Parui', '2021-11-26 12:31:21', '9820210368', '2021-11-27 07:48:35', '2021-11-27 11:13:36', 1, '91', 'ffd050121'),
(52, 'Khurshid Shirolkar', '2021-11-26 12:58:52', '9890681816', '2021-11-27 07:44:20', '2021-11-27 10:17:09', 0, '91', 'ffd050121'),
(53, 'Sunita Gandhar Brahmapurkar', '2021-11-26 13:34:18', '7030178505', '2021-11-29 15:10:23', '2021-11-29 17:25:16', 1, '', 'ffd050121'),
(54, 'PRAKASH BALOJI', '2021-11-26 13:58:35', '9916298258', '2021-11-26 13:58:35', '2021-11-26 13:59:36', 1, '', 'ffd050121'),
(55, 'Raju Kumar', '2021-11-26 14:20:59', '7870219124', '2021-11-27 09:25:49', '2021-11-27 09:47:45', 1, '', 'ffd050121'),
(56, 'Dr kishor Sapkale ', '2021-11-26 14:42:25', '8149797090', '2021-11-26 14:42:25', '2021-11-26 14:42:55', 1, '', 'ffd050121'),
(57, 'SHAIK Ali', '2021-11-26 15:01:12', '7411914330', '2021-11-27 08:00:35', '2021-11-27 12:14:06', 1, '', 'ffd050121'),
(58, 'S.B.Patil', '2021-11-26 16:34:59', '9535365119', '2021-11-26 16:34:59', '2021-11-28 06:43:03', 0, '', 'ffd050121'),
(59, 'Jayaram Shetty', '2021-11-26 16:59:09', '93210', '2021-11-26 16:59:09', '2021-11-26 17:03:11', 1, '91', 'ffd050121'),
(60, 'jayaram shetty', '2021-11-26 17:04:27', '9821030225', '2021-11-27 07:12:15', '2021-11-27 10:55:14', 0, '91', 'ffd050121'),
(61, 'ABDUTTAIYEB TAHERALI KAPASI', '2021-11-26 17:14:46', '9925245552', '2021-11-27 07:47:03', '2021-11-27 10:28:34', 1, '91', 'ffd050121'),
(62, 'Ravi Sangvai', '2021-11-26 18:09:52', '9096085079', '2021-11-27 09:00:38', '2021-11-27 10:59:58', 1, '91', 'ffd050121'),
(63, 'Mohammed rizwan ', '2021-11-26 18:23:58', '9669061786', '2021-11-27 08:04:26', '2021-11-27 11:14:59', 1, '', 'ffd050121'),
(64, 'Sandhya Bulbule', '2021-11-26 18:28:59', '09741578258', '2021-11-27 11:38:48', '2021-11-27 11:43:58', 1, '', 'ffd050121'),
(65, 'Poonam Sen', '2021-11-26 18:43:58', '09315179644', '2021-11-26 18:49:02', '2021-11-26 18:52:33', 1, '', 'ffd050121'),
(66, 'Atul Bais', '2021-11-26 18:50:47', '8009268975', '2021-11-26 18:50:47', '2021-11-26 18:51:17', 1, '', 'ffd050121'),
(67, 'Mukta Sharma', '2021-11-26 19:16:30', '09873444464', '2021-11-27 07:49:50', '2021-11-27 08:17:20', 1, '', 'ffd050121'),
(68, 'Lata Seth', '2021-11-26 19:22:56', '8210723374', '2021-11-26 19:22:56', '2021-11-26 19:23:21', 0, '91', 'ffd050121'),
(69, 'Sutapa chowdhury', '2021-11-26 19:29:08', '9810583799', '2021-11-27 07:50:16', '2021-11-27 11:13:30', 0, '', 'ffd050121'),
(70, 'Pramodini D Y', '2021-11-26 20:46:49', '9448514767', '2021-11-28 11:38:18', '2021-11-28 11:55:58', 1, '', 'ffd050121'),
(71, 'Yogesh Goel', '2021-11-26 21:26:09', '9818058680', '2021-11-27 07:51:31', '2021-11-27 10:34:33', 1, '', 'ffd050121'),
(72, 'Bhavesh Savaliya ', '2021-11-26 21:34:03', '9426429590', '2021-12-04 18:28:18', '2021-12-04 18:29:29', 0, '', 'ffd050121'),
(73, 'Kushal Dev Sharma', '2021-11-26 21:40:51', '9818029819', '2021-11-27 07:46:18', '2021-11-27 11:13:48', 1, '91', 'ffd050121'),
(74, 'ujwala potdar', '2021-11-26 21:47:58', '9405703703', '2021-11-27 07:49:14', '2021-11-27 11:43:53', 1, '', 'ffd050121'),
(75, 'Mangesh', '2021-11-26 21:53:27', '9326806577', '2021-11-26 21:53:27', '2021-11-26 21:56:57', 0, '', 'ffd050121'),
(76, 'S Kanwal', '2021-11-26 21:54:43', '9651616159', '2021-11-28 21:55:16', '2021-11-28 23:02:04', 1, '7', 'ffd050121'),
(77, 'Anwesha Mukherjee', '2021-11-26 21:56:33', '8013492779', '2021-11-28 19:21:02', '2021-11-28 19:42:02', 1, '', 'ffd050121'),
(78, 'Anand', '2021-11-26 21:56:43', '9535674717', '2021-11-27 21:16:23', '2021-11-27 21:33:52', 1, '', 'ffd050121'),
(79, 'Atul saraf', '2021-11-26 22:08:57', '9833067042', '2021-11-27 16:48:30', '2021-11-27 17:37:01', 1, '', 'ffd050121'),
(80, 'Aparna Kishor Bramhe ', '2021-11-26 22:20:35', '9860254637', '2021-11-27 07:58:56', '2021-11-27 11:14:15', 0, '91', 'ffd050121'),
(81, 'Sangeeta Jain', '2021-11-26 22:24:57', '9820026304', '2021-11-27 08:00:56', '2021-11-27 09:41:59', 1, '', 'ffd050121'),
(82, 'Shubha ', '2021-11-26 22:28:56', '9425815500', '2021-11-26 22:28:56', '2021-11-26 22:29:58', 1, '91', 'ffd050121'),
(83, 'Goutham', '2021-11-26 22:29:11', '7338148550', '2021-11-29 13:48:04', '2021-11-29 13:49:37', 1, '', 'ffd050121'),
(84, 'Tara', '2021-11-26 23:01:40', '9840654000', '2021-11-27 08:05:57', '2021-11-27 09:44:55', 1, '', 'ffd050121'),
(85, 'Akanksha Ajit Shinde ', '2021-11-26 23:05:06', '9527295169', '2021-11-27 16:16:30', '2021-11-27 16:17:00', 1, '', 'ffd050121'),
(86, 'H.P.Prakash', '2021-11-26 23:10:46', '8762199955', '2021-11-27 07:52:47', '2021-11-27 10:51:38', 1, '', 'ffd050121'),
(87, 'Ganesh P.mane', '2021-11-26 23:35:06', '09833365735', '2021-11-27 07:51:59', '2021-11-27 10:46:59', 1, '', 'ffd050121'),
(88, 'nikita verma', '2021-11-26 23:44:38', '8210611084', '2021-11-27 09:44:16', '2021-11-27 10:28:17', 1, '', 'ffd050121'),
(89, 'Bhagyashree Shivraj Almaji', '2021-11-27 00:13:11', '09730613567', '2021-11-27 07:38:09', '2021-11-27 10:02:39', 0, '91', 'ffd050121'),
(90, 'MEHERJYOTI SANGLE', '2021-11-27 00:35:32', '9869174511', '2021-11-27 18:05:00', '2021-11-27 19:39:32', 1, '', 'ffd050121'),
(91, 'Birendra Kumar Gupta', '2021-11-27 00:36:37', '7376550170', '2021-11-27 00:36:37', '2021-11-27 00:38:38', 1, '91', 'ffd050121'),
(92, 'Dipti desai', '2021-11-27 05:13:56', '7328417958', '2021-11-27 07:41:03', '2021-11-27 10:43:35', 1, '1', 'ffd050121'),
(93, 'Suresh Kumar', '2021-11-27 06:24:13', '9819326276', '2021-11-27 08:06:35', '2021-11-27 11:00:35', 1, '', 'ffd050121'),
(94, 'Laxman Yonjan', '2021-11-27 06:47:49', '9851066968', '2021-11-28 09:55:30', '2021-11-28 10:12:29', 1, '977', 'ffd050121'),
(95, 'Sham Pad Das', '2021-11-27 06:53:42', '9679595904', '2021-11-27 07:12:43', '2021-11-27 08:37:30', 1, '', 'ffd050121'),
(96, 'Daxa', '2021-11-27 06:58:38', '9833250188', '2021-11-27 07:39:23', '2021-11-27 10:36:25', 1, '91', 'ffd050121'),
(97, 'kumud', '2021-11-27 07:00:41', '9322198641', '2021-11-27 07:00:41', '2021-11-27 10:28:24', 1, '', 'ffd050121'),
(98, 'MD S ANSARI', '2021-11-27 07:06:17', '9868742275', '2021-11-27 07:45:44', '2021-11-27 10:30:44', 1, '', 'ffd050121'),
(99, 'Nishanth', '2021-11-27 07:08:39', '7683687632', '2021-11-27 07:08:39', '2021-11-27 07:09:09', 1, '', 'ffd050121'),
(100, 'Moumi Mitra', '2021-11-27 07:10:06', '7738085955', '2021-11-27 07:10:06', '2021-11-27 14:37:28', 1, '', 'ffd050121'),
(101, 'Anjali puranik', '2021-11-27 07:10:31', '9833704438', '2021-11-27 09:26:51', '2021-11-27 10:11:32', 1, '', 'ffd050121'),
(102, 'Shakuntala Jadhav', '2021-11-27 07:12:10', '9323758023', '2021-11-27 08:47:18', '2021-11-27 10:19:44', 0, '91', 'ffd050121'),
(103, 'P Shirke', '2021-11-27 07:18:52', '9886396246', '2021-11-27 07:18:52', '2021-11-27 08:37:54', 1, '', 'ffd050121'),
(104, 'Ajay Taranath', '2021-11-27 07:22:58', '0424046754', '2021-11-27 07:22:58', '2021-11-29 12:58:22', 1, '61', 'ffd050121'),
(105, 'Vimal Arora', '2021-11-27 07:24:42', '9911275926', '2021-11-29 15:54:48', '2021-11-29 16:35:49', 1, '', 'ffd050121'),
(106, 'Rahul Verma', '2021-11-27 07:25:22', '7406613386', '2021-11-27 07:25:22', '2021-11-27 10:30:22', 1, '', 'ffd050121'),
(107, 'jayaram shetty', '2021-11-27 07:27:12', '9821030225', '2021-11-27 07:44:48', '2021-11-27 10:55:14', 0, '', 'ffd050121'),
(108, 'phoolchand jain', '2021-11-27 07:28:20', '9819674616', '2021-11-27 07:28:20', '2021-11-27 10:27:21', 1, '91', 'ffd050121'),
(109, 'Manish Sinha', '2021-11-27 07:30:06', '9920553714', '2021-11-27 07:30:06', '2021-11-27 12:50:06', 1, '', 'ffd050121'),
(110, 'Ramesh kumar 2', '2021-11-27 07:30:35', '9829027308', '2021-11-27 07:30:35', '2021-11-27 11:13:35', 1, '', 'ffd050121'),
(111, 'Ramchandra Gaikwad', '2021-11-27 07:31:07', '9823980233', '2021-12-12 18:28:44', '2021-12-12 18:29:45', 1, '', 'ffd050121'),
(112, 'Abdul razzaq', '2021-11-27 07:32:47', '7675960321', '2021-11-27 10:23:06', '2021-11-27 11:12:27', 1, '', 'ffd050121'),
(113, 'Arun Goel', '2021-11-27 07:34:02', '9820011555', '2021-11-27 07:34:02', '2021-11-27 10:54:56', 0, '91', 'ffd050121'),
(114, 'Muninder Tayal', '2021-11-27 07:34:17', '9253241680', '2021-11-27 21:14:04', '2021-11-27 21:14:34', 1, '', 'ffd050121'),
(115, 'Vinod Giri', '2021-11-27 07:34:55', '7002407885', '2021-11-27 08:22:39', '2021-11-27 09:05:05', 1, '', 'ffd050121'),
(116, 'Simran Aidasani', '2021-11-27 07:35:11', '9820992216', '2021-11-28 18:39:57', '2021-11-28 19:52:06', 0, '', 'ffd050121'),
(117, 'Chandramohan ', '2021-11-27 07:35:11', '9842466641', '2021-11-27 07:35:11', '2021-11-27 10:28:45', 0, '', 'ffd050121'),
(118, 'Monali  Munde', '2021-11-27 07:35:33', '09834876791', '2021-11-27 09:31:52', '2021-11-27 10:18:23', 1, '', 'ffd050121'),
(119, 'Krishnaveni Baji', '2021-11-27 07:36:03', '9440219135', '2021-11-27 07:36:03', '2021-11-27 10:55:54', 1, '', 'ffd050121'),
(120, 'Nafees Ahmed', '2021-11-27 07:36:08', '09591229356', '2021-11-27 07:36:08', '2021-11-27 10:17:55', 1, '', 'ffd050121'),
(121, 'Shilpa Gupta', '2021-11-27 07:36:21', '81986125', '2021-11-30 06:45:41', '2021-11-30 06:53:26', 1, '65', 'ffd050121'),
(122, 'Vineet sinha', '2021-11-27 07:37:04', '8408974709', '2021-11-27 07:44:38', '2021-11-27 11:25:13', 1, '', 'ffd050121'),
(123, 'Vinit Bhagat', '2021-11-27 07:37:12', '9257878674', '2021-11-27 07:37:12', '2021-11-27 11:16:51', 0, '1', 'ffd050121'),
(124, 'PROF   ATULKUMAR BHATT', '2021-11-27 07:38:08', '9909978141', '2021-11-27 07:38:08', '2021-11-27 11:02:06', 0, '91', 'ffd050121'),
(125, 'Muninder Tayal', '2021-11-27 07:38:08', '8168222656', '2021-11-27 08:01:05', '2021-11-27 08:07:44', 1, '', 'ffd050121'),
(126, 'rupshree Singhi', '2021-11-27 07:38:14', '8700143703', '2021-11-27 07:38:14', '2021-11-27 11:10:15', 1, '', 'ffd050121'),
(127, 'Seema Agarwal', '2021-11-27 07:38:34', '9987512866', '2021-11-27 07:38:34', '2021-11-27 07:58:35', 1, '91', 'ffd050121'),
(128, 'Rishi kumar sharma ', '2021-11-27 07:40:01', '9831062449', '2021-11-27 07:40:01', '2021-11-27 11:13:15', 1, '', 'ffd050121'),
(129, 'rama chikate', '2021-11-27 07:40:11', '9518353158', '2021-12-04 08:47:48', '2021-12-04 08:48:18', 1, '', 'ffd050121'),
(130, 'Lalit Mahawer', '2021-11-27 07:40:53', '9414236805', '2021-11-27 07:40:53', '2021-11-27 11:16:14', 1, '', 'ffd050121'),
(131, 'BIBHUTI MISHRA', '2021-11-27 07:41:09', '9175322637', '2021-11-27 07:47:23', '2021-11-27 11:06:24', 1, '', 'ffd050121'),
(132, 'dr.shabbir dubey', '2021-11-27 07:41:18', '09806718717', '2021-11-27 07:41:18', '2021-11-27 09:55:51', 1, '', 'ffd050121'),
(133, 'Prashant Karandikar', '2021-11-27 07:41:24', '9890652634', '2021-11-27 17:05:17', '2021-11-27 18:43:47', 1, '', 'ffd050121'),
(134, 'Stuti Srivastava', '2021-11-27 07:41:36', '6789388641', '2021-11-27 07:41:36', '2021-11-27 11:13:49', 0, '1', 'ffd050121'),
(135, 'Nitesh Rajoria', '2021-11-27 07:41:36', '9712844828', '2021-11-27 07:41:36', '2021-11-27 11:48:16', 1, '', 'ffd050121'),
(136, 'Omkarnath Singh bariha', '2021-11-27 07:41:39', '7008500782', '2021-11-28 19:03:32', '2021-11-28 19:06:03', 1, '91', 'ffd050121'),
(137, 'ANIL KUMAR MENON', '2021-11-27 07:41:58', '9820371083', '2021-11-27 07:41:58', '2021-11-27 11:21:28', 1, '91', 'ffd050121'),
(138, 'Vikas Chandurkar', '2021-11-27 07:41:59', '9833837901', '2021-11-27 07:41:59', '2021-11-27 11:13:43', 0, '', 'ffd050121'),
(139, 'Sharat', '2021-11-27 07:42:02', '8660504237', '2021-11-27 07:42:02', '2021-11-27 09:53:55', 1, '', 'ffd050121'),
(140, 'Srinivas Vadali', '2021-11-27 07:42:08', '7322991756', '2021-11-27 07:42:08', '2021-11-27 11:11:19', 1, '1', 'ffd050121'),
(141, 'Rutuja', '2021-11-27 07:43:02', '8828062604', '2021-11-28 13:42:59', '2021-11-28 14:00:00', 1, '', 'ffd050121'),
(142, 'Sandeep', '2021-11-27 07:43:12', '0401491700', '2021-11-27 07:43:12', '2021-11-27 11:13:43', 1, '61', 'ffd050121'),
(143, 'Abha Singh', '2021-11-27 07:43:13', '9971440694', '2021-11-27 07:43:13', '2021-11-27 10:12:14', 1, '', 'ffd050121'),
(144, 'K L Bararia', '2021-11-27 07:43:22', '9851051995', '2021-11-27 07:43:22', '2021-11-27 08:12:53', 1, '977', 'ffd050121'),
(145, 'Shrirang Dhumal', '2021-11-27 07:43:27', '9820520409', '2021-11-27 07:43:27', '2021-11-27 11:08:58', 1, '', 'ffd050121'),
(146, 'Sharda Jangid', '2021-11-27 07:43:30', '96720205', '2021-11-27 07:43:30', '2021-11-27 11:14:01', 1, '', 'ffd050121'),
(147, 'Tarun Mahajan', '2021-11-27 07:43:35', '9945689870', '2021-11-28 16:51:35', '2021-11-28 18:02:36', 1, '', 'ffd050121'),
(148, 'Sandeep', '2021-11-27 07:43:36', '9740016388', '2021-11-27 07:43:36', '2021-11-27 11:26:06', 1, '91', 'ffd050121'),
(149, 'Sandeep Deshmukh ', '2021-11-27 07:43:37', '9611097240', '2021-11-27 07:43:37', '2021-11-27 11:15:08', 1, '', 'ffd050121'),
(150, 'Yogesh Ladhe', '2021-11-27 07:43:41', '9820928030', '2021-11-27 09:45:25', '2021-11-27 10:26:55', 1, '', 'ffd050121'),
(151, 'Anurakt jain', '2021-11-27 07:43:47', '7065002999', '2021-11-27 07:43:47', '2021-11-27 10:43:48', 1, '', 'ffd050121'),
(152, 'ManishVansia ', '2021-11-27 07:43:59', '9825184145', '2021-11-27 07:43:59', '2021-11-27 09:07:04', 0, '', 'ffd050121'),
(153, 'Priyanka Ballal', '2021-11-27 07:44:03', '8087986520', '2021-11-27 09:36:04', '2021-11-27 10:11:23', 0, '91', 'ffd050121'),
(154, 'R PRIYA', '2021-11-27 07:44:29', '09791977077', '2021-11-27 07:44:29', '2021-11-27 11:29:05', 1, '', 'ffd050121'),
(155, 'Pushp Ranjan Shrivastava', '2021-11-27 07:44:31', '9811612044', '2021-11-27 21:30:49', '2021-11-27 21:31:19', 1, '', 'ffd050121'),
(156, 'Tarh Tacho', '2021-11-27 07:44:35', '9436050135', '2021-11-27 07:44:35', '2021-11-27 11:16:42', 1, '', 'ffd050121'),
(157, 'Vivek Shah', '2021-11-27 07:44:45', '9890921244', '2021-11-27 07:44:45', '2021-11-27 10:37:35', 0, '', 'ffd050121'),
(158, 'Shivani Jain', '2021-11-27 07:44:52', '8800494456', '2021-11-27 07:44:52', '2021-11-27 10:03:19', 1, '91', 'ffd050121'),
(159, 'Parag', '2021-11-27 07:45:17', '9545551513', '2021-11-27 08:14:09', '2021-11-27 10:11:40', 1, '', 'ffd050121'),
(160, 'Almas ajani', '2021-11-27 07:45:20', '9920889132', '2021-11-28 12:49:16', '2021-11-28 12:49:46', 1, '91', 'ffd050121'),
(161, 'Sayeed Ahmed', '2021-11-27 07:45:28', '8197095754', '2021-11-27 07:45:28', '2021-11-27 16:48:10', 1, '91', 'ffd050121'),
(162, 'Mani Bhatnagar', '2021-11-27 07:45:35', '4698262102', '2021-11-27 07:45:35', '2021-11-27 11:34:52', 1, '1', 'ffd050121'),
(163, 'Neha khemchandani', '2021-11-27 07:45:36', '9900097106', '2021-11-27 08:03:34', '2021-11-27 11:16:50', 1, '', 'ffd050121'),
(164, 'Madhavan Kallath', '2021-11-27 07:46:02', '9136131606', '2021-11-27 07:46:02', '2021-11-27 11:43:19', 1, '', 'ffd050121'),
(165, 'PROMOD', '2021-11-27 07:46:29', '9544870651', '2021-11-27 07:46:29', '2021-11-27 10:22:32', 1, '', 'ffd050121'),
(166, 'Deepak Shah', '2021-11-27 07:46:33', '2489818925', '2021-12-05 21:41:23', '2021-12-05 21:42:25', 0, '1', 'ffd050121'),
(167, 'Chandrashekhar', '2021-11-27 07:46:38', '9422919925', '2021-11-27 07:46:38', '2021-11-27 11:13:41', 1, '', 'ffd050121'),
(168, 'Sumati Kubde', '2021-11-27 07:46:40', '9890069464', '2021-11-27 07:46:40', '2021-11-27 10:06:17', 1, '', 'ffd050121'),
(169, 'Ranbir', '2021-11-27 07:46:42', '9810924882', '2021-11-27 07:46:42', '2021-11-27 11:11:14', 0, '', 'ffd050121'),
(170, 'Mahaboob Basha', '2021-11-27 07:46:56', '7259516000', '2021-11-27 14:01:30', '2021-11-27 14:48:02', 1, '', 'ffd050121'),
(171, 'Anjali Rajendra Ghatge ', '2021-11-27 07:47:06', '9423971660', '2021-11-27 09:28:46', '2021-11-27 11:14:47', 1, '', 'ffd050121'),
(172, 'Dinesh', '2021-11-27 07:47:13', '9999914933', '2021-11-27 08:23:19', '2021-11-27 08:35:19', 1, '91', 'ffd050121'),
(173, 'Rajendra Deshpande', '2021-11-27 07:47:17', '9423068949', '2021-11-27 07:47:17', '2021-11-27 10:41:45', 1, '91', 'ffd050121'),
(174, 'RAVISHANKAR M V', '2021-11-27 07:47:18', '9483986132', '2021-11-27 07:47:18', '2021-11-27 09:36:45', 0, '91', 'ffd050121'),
(175, 'Smita Gaikwad', '2021-11-27 07:47:22', '8956226096', '2021-11-27 09:21:25', '2021-11-27 10:51:27', 1, '', 'ffd050121'),
(176, 'Jaya', '2021-11-27 07:47:25', '9900192501', '2021-11-27 09:27:31', '2021-11-27 10:17:01', 1, '', 'ffd050121'),
(177, 'Rajendra Patil', '2021-11-27 07:47:27', '7303117662', '2021-11-29 16:35:52', '2021-11-29 16:41:23', 1, '91', 'ffd050121'),
(178, 'Clarence Pandey', '2021-11-27 07:47:27', '7760971401', '2021-11-27 07:47:27', '2021-11-27 11:06:32', 0, '91', 'ffd050121'),
(179, 'Meghana Gaonkar', '2021-11-27 07:47:30', '9819720037', '2021-11-27 09:10:13', '2021-11-27 10:43:13', 1, '', 'ffd050121'),
(180, 'Lalit', '2021-11-27 07:47:33', '9560275050', '2021-11-27 07:47:33', '2021-11-27 10:51:34', 1, '', 'ffd050121'),
(181, 'VAISHALI BHOSALE', '2021-11-27 07:47:36', '09822822333', '2021-11-27 08:04:47', '2021-11-27 12:01:18', 1, '', 'ffd050121'),
(182, 'mukund bagul', '2021-11-27 07:47:44', '8275542637', '2021-11-27 07:47:44', '2021-11-27 11:13:45', 1, '91', 'ffd050121'),
(183, 'Vinod P', '2021-11-27 07:47:49', '9031361640', '2021-11-27 07:47:49', '2021-11-27 10:27:51', 1, '91', 'ffd050121'),
(184, 'Kruti Puranik ', '2021-11-27 07:48:07', '9869532287', '2021-11-27 07:48:07', '2021-11-27 09:33:21', 1, '', 'ffd050121'),
(185, 'Atul Bais', '2021-11-27 07:48:10', '08009268975', '2021-11-27 08:07:43', '2021-11-27 10:11:02', 0, '91', 'ffd050121'),
(186, 'HARIHARAN', '2021-11-27 07:48:14', '9920474334', '2021-11-27 07:48:14', '2021-11-27 10:49:44', 1, '', 'ffd050121'),
(187, 'Dhimant Bhatt', '2021-11-27 07:48:33', '9724967007', '2021-11-27 07:48:33', '2021-11-27 10:13:04', 1, '91', 'ffd050121'),
(188, 'Pooja Baheti Marshall', '2021-11-27 07:48:38', '9845491707', '2021-11-27 09:24:57', '2021-11-27 09:57:57', 1, '', 'ffd050121'),
(189, 'Sucheta Deshpande', '2021-11-27 07:48:44', '9881743513', '2021-11-27 09:54:16', '2021-11-27 10:27:17', 1, '', 'ffd050121'),
(190, 'Raghvendra Singh', '2021-11-27 07:48:52', '7846896828', '2021-11-27 07:48:52', '2021-11-27 11:13:16', 0, '91', 'ffd050121'),
(191, 'Ammar Koradia', '2021-11-27 07:48:54', '09974461699', '2021-11-27 09:47:39', '2021-11-27 11:13:10', 1, '91', 'ffd050121'),
(192, 'Dr Vinay Kumar Verma', '2021-11-27 07:48:56', '7800865818', '2021-11-27 07:48:56', '2021-11-27 11:13:50', 1, '', 'ffd050121'),
(193, 'VINITA ', '2021-11-27 07:48:57', '0403092151', '2021-11-27 07:48:57', '2021-11-27 08:56:58', 1, '61', 'ffd050121'),
(194, 'Praveen Johri ', '2021-11-27 07:49:40', '9820527676', '2021-11-27 22:30:05', '2021-11-27 23:14:06', 1, '', 'ffd050121'),
(195, 'Dr kishor Sapkale ', '2021-11-27 07:49:43', '8149797060', '2021-11-27 07:49:43', '2021-11-27 11:15:43', 1, '', 'ffd050121'),
(196, 'Anil kumar', '2021-11-27 07:49:50', '8890643876', '2021-11-27 19:04:36', '2021-11-27 19:30:07', 1, '', 'ffd050121'),
(197, 'Arika Lamba', '2021-11-27 07:49:53', '9828808801', '2021-11-27 23:25:47', '2021-11-27 23:31:21', 1, '', 'ffd050121'),
(198, 'Sushant Kumar', '2021-11-27 07:50:07', '9427504529', '2021-11-27 07:50:07', '2021-11-27 11:13:37', 1, '', 'ffd050121'),
(199, 'Jafar', '2021-11-27 07:50:08', '9110437372', '2021-11-27 07:50:08', '2021-11-27 10:58:38', 1, '', 'ffd050121'),
(200, 'Rajendrasinh R Gohil ', '2021-11-27 07:50:12', '9825075905', '2021-11-27 07:50:12', '2021-11-27 10:12:43', 1, '91', 'ffd050121'),
(201, 'Manoj M Patel', '2021-11-27 07:50:13', '5106972690', '2021-12-09 07:00:10', '2021-12-10 03:48:30', 1, '1', 'ffd050121'),
(202, 'Makarand', '2021-11-27 07:50:21', '9880980058', '2021-11-27 08:25:04', '2021-11-27 08:30:35', 1, '91', 'ffd050121'),
(203, 'Arvind Kumar Patel', '2021-11-27 07:50:29', '8982652439', '2021-11-27 07:55:18', '2021-11-27 11:13:49', 1, '', 'ffd050121'),
(204, 'Neelam Patel ', '2021-11-27 07:50:36', '9898464313', '2021-11-28 16:31:20', '2021-11-28 16:31:50', 1, '', 'ffd050121'),
(205, 'Sujata Amte', '2021-11-27 07:50:36', '9820259706', '2021-11-27 07:50:36', '2021-11-27 14:59:38', 1, '', 'ffd050121'),
(206, 'RAKTIM das', '2021-11-27 07:50:38', '8902198141', '2021-11-27 08:12:34', '2021-11-27 11:14:04', 1, '', 'ffd050121'),
(207, 'Mahesh Shekdar', '2021-11-27 07:50:39', '8850765911', '2021-11-27 07:50:39', '2021-11-27 10:48:06', 0, '', 'ffd050121'),
(208, 'Ajay Kukreja', '2021-11-27 07:50:48', '9811100069', '2021-11-28 15:16:55', '2021-11-28 15:36:26', 1, '', 'ffd050121'),
(209, 'Deepannita Pimpalkar', '2021-11-27 07:50:48', '9049882504', '2021-11-29 12:56:55', '2021-11-29 12:57:20', 0, '', 'ffd050121'),
(210, 'Shweta', '2021-11-27 07:50:54', '9922172287', '2021-11-27 07:50:54', '2021-11-27 10:22:47', 0, '91', 'ffd050121'),
(211, 'Sanjay Wankhade ', '2021-11-27 07:51:01', '9422181706', '2021-11-30 07:53:11', '2021-11-30 07:54:12', 1, '', 'ffd050121'),
(212, 'usha guttedar', '2021-11-27 07:51:01', '09900289248', '2021-11-27 07:53:55', '2021-11-27 10:14:55', 1, '', 'ffd050121'),
(213, 'Pradeep Malhotra', '2021-11-27 07:51:12', '09312809090', '2021-11-29 10:11:30', '2021-11-29 10:14:02', 0, '', 'ffd050121'),
(214, 'Sudheer Kalayanashetty', '2021-11-27 07:51:30', '9980041605', '2021-11-27 07:51:30', '2021-11-27 11:13:30', 1, '', 'ffd050121'),
(215, 'PRAKASH BALOJI', '2021-11-27 07:51:36', '9916298258', '2021-11-27 07:51:36', '2021-11-27 11:19:07', 1, '91', 'ffd050121'),
(216, 'Sewa singh Setia', '2021-11-27 07:51:44', '14258987906', '2021-11-27 07:51:44', '2021-11-27 10:32:45', 1, '1', 'ffd050121'),
(217, 'Suvarna kumbar', '2021-11-27 07:51:59', '9591204002', '2021-11-27 07:51:59', '2021-11-27 10:36:44', 1, '', 'ffd050121'),
(218, 'Shashi Hetakki', '2021-11-27 07:52:02', '220430163', '2021-11-27 07:52:02', '2021-11-27 10:30:15', 0, '64', 'ffd050121'),
(219, 'Jangam Shankar', '2021-11-27 07:52:07', '09912022120', '2021-11-29 12:18:22', '2021-11-29 12:41:42', 1, '', 'ffd050121'),
(220, 'Debdatta Ghosh', '2021-11-27 07:52:13', '9980142542', '2021-11-27 07:52:13', '2021-11-27 11:28:20', 1, '91', 'ffd050121'),
(221, 'Shrikala Shetty', '2021-11-27 07:52:20', '9845576026', '2021-11-27 07:52:20', '2021-11-27 10:52:12', 1, '', 'ffd050121'),
(222, 'Neha', '2021-11-27 07:52:23', '9636156579', '2021-11-27 07:52:23', '2021-11-27 08:30:54', 1, '91', 'ffd050121'),
(223, 'SUNIL JUGRAJ LODHA', '2021-11-27 07:52:25', '9342353958', '2021-11-27 07:52:25', '2021-11-27 11:28:17', 1, '', 'ffd050121'),
(224, 'Chandrashekhar Venkatasubbu', '2021-11-27 07:52:29', '8939947130', '2021-11-27 07:52:29', '2021-11-27 11:13:40', 1, '', 'ffd050121'),
(225, 'Arjun jadhav', '2021-11-27 07:52:34', '09326268803', '2021-11-27 07:52:34', '2021-11-27 11:13:36', 1, '', 'ffd050121'),
(226, 'Pavan Kumar Jain', '2021-11-27 07:52:35', '9871566399', '2021-11-27 07:52:35', '2021-11-28 12:42:07', 1, '', 'ffd050121'),
(227, 'Nandita Dhagat', '2021-11-27 07:52:44', '09665037561', '2021-11-27 10:08:12', '2021-11-27 10:15:19', 0, '91', 'ffd050121'),
(228, 'himanee arjunwadkar', '2021-11-27 07:52:48', '7798296724', '2021-11-27 11:48:34', '2021-11-27 11:50:16', 0, '91', 'ffd050121'),
(229, 'Sushil Kumar Dhara', '2021-11-27 07:52:50', '8178400767', '2021-11-27 10:11:06', '2021-11-27 11:13:36', 1, '', 'ffd050121'),
(230, 'Sarvesh Mathur', '2021-11-27 07:52:52', '9928366507', '2021-11-27 18:21:44', '2021-11-27 18:22:45', 1, '', 'ffd050121'),
(231, 'Vandana Pandey', '2021-11-27 07:52:53', '9929744492', '2021-11-27 07:52:53', '2021-11-27 11:13:23', 1, '', 'ffd050121'),
(232, 'Madhukar', '2021-11-27 07:52:53', '9619942430', '2021-11-27 07:52:53', '2021-11-27 10:31:01', 1, '', 'ffd050121'),
(233, 'Mohan Shetty', '2021-11-27 07:52:56', '9916401555', '2021-11-27 07:52:56', '2021-11-27 10:07:10', 1, '91', 'ffd050121'),
(234, 'Ritika Dixit', '2021-11-27 07:53:08', '8130747050', '2021-11-28 12:35:36', '2021-11-28 14:12:15', 1, '', 'ffd050121'),
(235, 'JYOTI MANOJ HEDAOO', '2021-11-27 07:53:11', '8055355903', '2021-11-27 07:53:11', '2021-11-27 11:13:42', 1, '91', 'ffd050121'),
(236, 'Omeshwar Mehra', '2021-11-27 07:53:11', '919811109126', '2021-11-27 07:53:11', '2021-11-27 10:23:42', 0, '', 'ffd050121'),
(237, 'Bikash', '2021-11-27 07:53:20', '9241299836', '2021-11-28 01:19:08', '2021-11-29 16:15:00', 1, '', 'ffd050121'),
(238, 'Ashok  Saxena', '2021-11-27 07:53:22', '9352624355', '2021-11-27 07:53:22', '2021-11-27 11:13:23', 1, '', 'ffd050121'),
(239, 'Nachiketa Oza', '2021-11-27 07:53:26', '9821022506', '2021-11-27 07:53:26', '2021-11-27 11:06:37', 1, '', 'ffd050121'),
(240, 'Krishna Jain', '2021-11-27 07:53:27', '9350504197', '2021-11-27 07:53:27', '2021-11-27 08:19:00', 1, '', 'ffd050121'),
(241, 'AKhandelwal', '2021-11-27 07:53:37', '9429925253', '2021-11-29 17:27:34', '2021-11-29 18:06:05', 1, '', 'ffd050121'),
(242, 'Lakshmi', '2021-11-27 07:53:38', '9923327280', '2021-11-27 07:53:38', '2021-11-27 11:13:13', 1, '', 'ffd050121'),
(243, 'Parul Dhawan', '2021-11-27 07:53:58', '9810396673', '2021-11-28 02:38:30', '2021-11-28 03:10:58', 1, '', 'ffd050121'),
(244, 'V Prakash', '2021-11-27 07:53:59', '9167084246', '2021-11-29 06:12:37', '2021-11-29 08:50:39', 1, '', 'ffd050121'),
(245, 'Sb patil', '2021-11-27 07:54:05', '9535365119', '2021-11-28 06:41:57', '2021-11-28 06:43:03', 0, '91', 'ffd050121'),
(246, 'Shyamalan pad das', '2021-11-27 07:54:14', '9933277579', '2021-11-27 07:54:14', '2021-11-27 10:15:00', 1, '', 'ffd050121'),
(247, 'Shubham Purohit', '2021-11-27 07:54:19', '7696611443', '2021-11-27 07:54:19', '2021-11-27 10:13:28', 0, '', 'ffd050121'),
(248, 'Asim Mitra', '2021-11-27 07:54:26', '09804770554', '2021-11-27 07:54:26', '2021-11-27 11:18:04', 0, '', 'ffd050121'),
(249, 'ANUPAM JHA', '2021-11-27 07:54:29', '9810024347', '2021-11-27 07:54:29', '2021-11-27 10:51:34', 0, '', 'ffd050121'),
(250, 'Shivam Verms', '2021-11-27 07:54:31', '8770550352', '2021-11-29 16:37:05', '2021-11-30 18:23:36', 1, '', 'ffd050121'),
(251, 'Vevek K Kapsee', '2021-11-27 07:54:46', '9890609360', '2021-11-27 09:05:31', '2021-11-27 11:07:55', 1, '', 'ffd050121'),
(252, 'MINAL', '2021-11-27 07:54:46', '8743094195', '2021-12-01 19:13:24', '2021-12-01 19:17:54', 1, '91', 'ffd050121'),
(253, 'Vimal Kishor Panchal', '2021-11-27 07:54:55', '09833306279', '2021-11-27 07:54:55', '2021-11-27 10:38:58', 1, '', 'ffd050121'),
(254, 'Dr Manisha Dixit', '2021-11-27 07:55:02', '9822820408', '2021-11-28 16:52:48', '2021-11-28 18:00:25', 1, '', 'ffd050121'),
(255, 'Surinder Sharma', '2021-11-27 07:55:02', '08847226491', '2021-11-27 07:55:02', '2021-11-27 09:09:42', 1, '', 'ffd050121'),
(256, 'Manoj kumar Choudhary', '2021-11-27 07:55:02', '9785077177', '2021-11-27 07:55:02', '2021-11-27 09:52:03', 1, '', 'ffd050121'),
(257, 'AMRESH KUMAR', '2021-11-27 07:55:08', '9328717318', '2021-11-27 07:55:08', '2021-11-27 11:13:33', 0, '91', 'ffd050121'),
(258, 'Ram Babu Sharma', '2021-11-27 07:55:09', '9837013192', '2021-12-04 09:05:31', '2021-12-04 09:06:08', 0, '', 'ffd050121'),
(259, 'Chander kanta sehgal ', '2021-11-27 07:55:19', '9741353088', '2021-11-27 09:39:17', '2021-11-27 10:52:49', 1, '', 'ffd050121'),
(260, 'Sunita Thengadi', '2021-11-27 07:55:21', '9960231339', '2021-11-27 11:59:15', '2021-11-27 12:01:45', 1, '', 'ffd050121'),
(261, 'Arvind Kumar', '2021-11-27 07:55:28', '9893582207', '2021-11-27 11:13:25', '2021-11-27 11:14:26', 1, '', 'ffd050121'),
(262, 'Varsha Hulle', '2021-11-27 07:55:28', '8983783711', '2021-11-27 08:42:26', '2021-11-27 10:15:56', 1, '', 'ffd050121'),
(263, 'C. B. Kulkarni', '2021-11-27 07:55:37', '9480694957', '2021-11-27 07:55:37', '2021-11-27 10:08:29', 1, '', 'ffd050121'),
(264, 'rishabh bajpai', '2021-11-27 07:55:39', '6263046844', '2021-11-27 09:54:24', '2021-11-27 10:01:54', 1, '', 'ffd050121'),
(265, 'M jafar', '2021-11-27 07:55:46', '8880788880', '2021-11-27 10:31:45', '2021-11-27 10:43:57', 1, '', 'ffd050121'),
(266, 'Jitendra Walunj', '2021-11-27 07:55:48', '8796535529', '2021-11-27 08:23:39', '2021-11-27 10:30:09', 0, '', 'ffd050121'),
(267, 'Shiv ram yadav', '2021-11-27 07:55:59', '9828383731', '2021-11-29 06:48:43', '2021-11-29 06:49:13', 1, '', 'ffd050121'),
(268, 'In Naresh Pantawane', '2021-11-27 07:56:13', '9850736338', '2021-11-27 11:05:44', '2021-11-27 11:13:52', 1, '', 'ffd050121'),
(269, 'Prasad sahoo', '2021-11-27 07:56:19', '09769115485', '2021-11-28 09:34:04', '2021-11-28 10:19:21', 1, '', 'ffd050121'),
(270, 'Tarun', '2021-11-27 07:56:20', '9866009211', '2021-11-27 08:07:12', '2021-11-27 10:21:12', 0, '91', 'ffd050121'),
(271, 'Renu Mishra', '2021-11-27 07:56:21', '09717467976', '2021-11-27 08:14:32', '2021-11-27 10:33:03', 1, '', 'ffd050121'),
(272, 'vedika sharma', '2021-11-27 07:56:32', '9891936739', '2021-11-28 01:13:06', '2021-11-28 01:19:38', 1, '', 'ffd050121'),
(273, 'Deepak kumar', '2021-11-27 07:56:51', '09570506977', '2021-11-27 07:57:26', '2021-11-27 10:35:38', 1, '', 'ffd050121'),
(274, 'Anantha rao', '2021-11-27 07:56:52', '9739943404', '2021-11-27 07:56:52', '2021-11-27 11:13:52', 1, '91', 'ffd050121'),
(275, 'Dr R K Gupta', '2021-11-27 07:56:55', '9413782645', '2021-11-28 14:47:27', '2021-11-28 17:04:45', 1, '', 'ffd050121'),
(276, 'Rajneesh Kumar', '2021-11-27 07:57:05', '8476604654', '2021-11-27 07:57:05', '2021-11-27 11:14:37', 1, '1', 'ffd050121'),
(277, 'Prakash', '2021-11-27 07:57:11', '9986862662', '2021-11-27 20:27:30', '2021-11-27 20:30:43', 1, '', 'ffd050121'),
(278, 'Rajan', '2021-11-27 07:57:14', '9769636641', '2021-11-27 07:57:14', '2021-11-27 10:59:52', 1, '', 'ffd050121'),
(279, 'Sajeev Balakrishnan', '2021-11-27 07:57:16', '09841124504', '2021-11-27 07:57:16', '2021-11-27 10:49:38', 0, '91', 'ffd050121'),
(280, 'Jyoti', '2021-11-27 07:57:27', '9923024247', '2021-11-27 07:57:27', '2021-11-27 13:23:35', 1, '', 'ffd050121'),
(281, 'Snehalata pagar', '2021-11-27 07:57:39', '8857874950', '2021-11-27 08:03:54', '2021-11-27 09:39:55', 1, '', 'ffd050121'),
(282, 'Sivaprasad', '2021-11-27 07:57:45', '9902805928', '2021-11-27 18:55:58', '2021-11-27 19:24:28', 1, '', 'ffd050121'),
(283, 'G v Sahadeva Kumar', '2021-11-27 07:57:48', '7506363367', '2021-11-29 16:57:48', '2021-11-29 17:00:02', 0, '91', 'ffd050121'),
(284, 'Prashanth Kini', '2021-11-27 07:58:00', '09448437745', '2021-11-27 07:58:00', '2021-11-27 10:32:58', 0, '91', 'ffd050121'),
(285, 'Mahantesh. B.Sajjanar', '2021-11-27 07:58:15', '8277449763', '2021-11-27 09:42:21', '2021-11-27 10:03:23', 1, '', 'ffd050121'),
(286, 'GIRISH WADHWANI', '2021-11-27 07:58:16', '96669425', '2021-11-27 07:58:16', '2021-11-27 11:14:10', 1, '65', 'ffd050121'),
(287, 'Rekha chauhan', '2021-11-27 07:58:30', '9897351697', '2021-11-27 10:35:41', '2021-11-27 11:37:45', 1, '', 'ffd050121'),
(288, 'Suresh Divekar', '2021-11-27 07:58:31', '9916761694', '2021-11-27 10:51:44', '2021-11-27 11:06:46', 1, '', 'ffd050121'),
(289, 'Anandita', '2021-11-27 07:58:35', '09004080344', '2021-11-27 07:58:35', '2021-11-27 10:41:00', 1, '', 'ffd050121'),
(290, 'Manjit Singh', '2021-11-27 07:58:39', '9013224564', '2021-11-27 07:58:39', '2021-11-27 10:37:39', 0, '91', 'ffd050121'),
(291, 'Satarupa Chaudhuri', '2021-11-27 07:58:45', '09810292422', '2021-11-27 07:58:45', '2021-11-27 10:08:45', 0, '91', 'ffd050121'),
(292, 'Rajagopal Santhanam', '2021-11-27 07:58:48', '8600001189', '2021-11-27 07:58:48', '2021-11-27 08:43:40', 1, '91', 'ffd050121'),
(293, 'Bilkis Nizamuddin Shaikh', '2021-11-27 07:58:55', '8691802202', '2021-11-27 07:58:55', '2021-11-27 10:17:26', 1, '91', 'ffd050121'),
(294, 'SURESH SHENOY', '2021-11-27 07:59:07', '2143362822', '2021-11-27 07:59:07', '2021-11-27 10:28:10', 1, '1', 'ffd050121'),
(295, 'Seema Agarwal', '2021-11-27 07:59:10', '9987512866', '2021-11-27 07:59:10', '2021-11-27 11:29:35', 1, '', 'ffd050121'),
(296, 'Atul Bais', '2021-11-27 07:59:13', '8009268975', '2021-11-28 16:11:31', '2021-11-28 17:14:50', 1, '91', 'ffd050121'),
(297, 'Rachana Rao', '2021-11-27 07:59:24', '9323975761', '2021-11-27 07:59:24', '2021-11-27 11:13:36', 0, '', 'ffd050121'),
(298, 'Preeti Upadhyay', '2021-11-27 07:59:28', '9987573048', '2021-11-27 08:51:58', '2021-11-27 09:49:00', 1, '91', 'ffd050121'),
(299, 'Rama Medasetti', '2021-11-27 07:59:37', '6263530206', '2021-11-27 08:01:59', '2021-11-27 10:31:30', 1, '1', 'ffd050121'),
(300, 'vikas kakka', '2021-11-27 07:59:43', '9815131355', '2021-11-27 07:59:43', '2021-11-27 10:46:13', 1, '', 'ffd050121'),
(301, 'R K SHARMA', '2021-11-27 07:59:44', '9911804804', '2021-11-27 07:59:44', '2021-11-27 10:31:33', 0, '91', 'ffd050121'),
(302, 'Kusum lata', '2021-11-27 07:59:59', '9899060829', '2021-11-27 07:59:59', '2021-11-27 11:01:36', 1, '', 'ffd050121'),
(303, 'Umesh Shingavi', '2021-11-27 08:00:04', '0422348506', '2021-11-30 08:51:50', '2021-11-30 10:39:55', 1, '61', 'ffd050121'),
(304, 'Paulson Lazarus', '2021-11-27 08:00:17', '09619006008', '2021-11-27 08:00:17', '2021-11-27 08:05:18', 1, '91', 'ffd050121'),
(305, 'Sarjerao Patil', '2021-11-27 08:00:19', '9686689949', '2021-11-29 22:10:44', '2021-11-29 23:36:26', 0, '', 'ffd050121'),
(306, 'Milind Bildikar', '2021-11-27 08:00:28', '7588325900', '2021-11-27 08:02:02', '2021-11-27 08:40:32', 1, '', 'ffd050121'),
(307, 'Nishant Kumar ', '2021-11-27 08:00:31', '9463379740', '2021-11-27 11:02:34', '2021-11-27 11:09:35', 1, '91', 'ffd050121'),
(308, 'Jyoti', '2021-11-27 08:00:34', '9923024247', '2021-11-27 08:00:34', '2021-11-27 10:26:37', 1, '91', 'ffd050121'),
(309, 'Chetana Jivani', '2021-11-27 08:01:04', '9940021159', '2021-11-27 08:01:04', '2021-11-27 10:00:05', 1, '', 'ffd050121'),
(310, 'Jagannath Vasudevan', '2021-11-27 08:01:08', '9970196523', '2021-11-27 08:01:08', '2021-11-27 11:13:24', 0, '', 'ffd050121'),
(311, 'Deepak Awari', '2021-11-27 08:01:22', '9350570057', '2021-11-27 08:01:22', '2021-11-27 11:56:06', 1, '91', 'ffd050121'),
(312, 'Nishanth', '2021-11-27 08:01:27', '876875', '2021-11-27 08:01:27', '2021-11-27 08:01:57', 1, '', 'ffd050121'),
(313, 'Yatendra', '2021-11-27 08:01:44', '9663722006', '2021-11-27 08:01:44', '2021-11-27 11:04:15', 1, '', 'ffd050121'),
(314, 'Jagdish chand Chauhan', '2021-11-27 08:01:59', '7836007444', '2021-11-27 08:01:59', '2021-11-27 10:34:27', 1, '', 'ffd050121'),
(315, 'Vishram Kunte', '2021-11-27 08:02:05', '9820636491', '2021-11-27 18:52:55', '2021-11-27 19:22:03', 1, '', 'ffd050121'),
(316, 'Bala Rajagopal', '2021-11-27 08:02:12', '9028399881', '2021-11-27 09:03:51', '2021-11-27 11:12:22', 1, '', 'ffd050121'),
(317, 'Virendra Deo Verma', '2021-11-27 08:02:12', '9867284458', '2021-11-27 08:02:12', '2021-11-27 11:13:42', 1, '', 'ffd050121'),
(318, 'Shweta lavangare', '2021-11-27 08:02:18', '7720079152', '2021-11-29 07:43:16', '2021-11-29 07:44:17', 1, '', 'ffd050121'),
(319, 'Neha Gupta', '2021-11-27 08:02:29', '07406292925', '2021-11-27 08:02:29', '2021-11-27 10:32:30', 1, '', 'ffd050121'),
(320, 'Megha', '2021-11-27 08:02:31', '9845618680', '2021-11-27 08:02:31', '2021-11-27 09:40:52', 1, '91', 'ffd050121'),
(321, 'Jamal Sharief', '2021-11-27 08:02:32', '9845114602', '2021-11-27 08:02:32', '2021-11-27 11:23:04', 1, '', 'ffd050121'),
(322, 'Varun  Pawar', '2021-11-27 08:02:34', '07566252632', '2021-11-27 08:02:34', '2021-11-27 11:13:42', 0, '', 'ffd050121'),
(323, 'Minesh M Patel', '2021-11-27 08:02:37', '9082306183', '2021-11-29 05:14:59', '2021-11-29 08:27:01', 1, '1', 'ffd050121'),
(324, 'Anil chand jain', '2021-11-27 08:02:37', '9013292676', '2021-11-27 09:47:38', '2021-11-27 10:04:38', 1, '91', 'ffd050121'),
(325, 'vinod sharma', '2021-11-27 08:02:44', '9891458890', '2021-11-27 08:02:44', '2021-11-27 11:14:12', 0, '', 'ffd050121'),
(326, 'Charu Karnik', '2021-11-27 08:03:08', '9820842533', '2021-11-27 08:03:08', '2021-11-27 10:07:06', 1, '91', 'ffd050121'),
(327, 'Navneet Singh', '2021-11-27 08:03:22', '8103131318', '2021-11-28 23:36:07', '2021-11-28 23:44:14', 1, '', 'ffd050121'),
(328, 'Moumi mitra', '2021-11-27 08:03:40', '9679795904', '2021-11-27 10:26:29', '2021-11-27 10:37:01', 1, '', 'ffd050121'),
(329, 'Chaitali', '2021-11-27 08:03:40', '9822359936', '2021-11-29 15:59:46', '2021-11-29 16:36:52', 1, '', 'ffd050121'),
(330, 'ARVIND', '2021-11-27 08:03:47', '9313906661', '2021-11-28 11:07:59', '2021-11-28 11:13:30', 1, '', 'ffd050121'),
(331, 'paulson lazarus', '2021-11-27 08:03:51', '9619006008', '2021-12-11 10:29:16', '2021-12-11 10:41:12', 1, '', 'ffd050121'),
(332, 'Reena Asai', '2021-11-27 08:03:57', '9768086999', '2021-11-27 08:03:57', '2021-11-27 10:14:58', 1, '', 'ffd050121'),
(333, 'Sushil Sharnagate', '2021-11-27 08:04:08', '9595919383', '2021-11-27 08:04:08', '2021-11-27 10:43:08', 1, '91', 'ffd050121'),
(334, 'Laxman Singh Kurmi', '2021-11-27 08:04:16', '09826380471', '2021-11-27 08:22:28', '2021-11-27 08:27:59', 1, '', 'ffd050121'),
(335, 'Chandaben V.Rathod', '2021-11-27 08:04:17', '6352535391', '2021-11-30 11:31:56', '2021-11-30 12:18:17', 1, '', 'ffd050121'),
(336, 'Abhishek agarwal', '2021-11-27 08:04:23', '09928073747', '2021-11-27 08:04:23', '2021-11-27 09:13:54', 1, '', 'ffd050121'),
(337, 'Ashok Deshmukh ', '2021-11-27 08:04:28', '9004974970', '2021-11-27 08:04:28', '2021-11-27 11:13:30', 1, '91', 'ffd050121'),
(338, 'SUNEETA MARAWAR', '2021-11-27 08:04:32', '9823012152', '2021-11-27 08:04:32', '2021-11-27 10:02:53', 0, '91', 'ffd050121'),
(339, 'SANJAY THENGADI', '2021-11-27 08:04:59', '9960263990', '2021-11-27 08:04:59', '2021-11-27 10:15:04', 1, '', 'ffd050121'),
(340, 'Balaji Kaushik', '2021-11-27 08:05:57', '9845168555', '2021-11-27 08:05:57', '2021-11-27 10:12:37', 1, '', 'ffd050121'),
(341, 'Nishi Saksena', '2021-11-27 08:06:02', '09810090963', '2021-11-27 09:04:21', '2021-11-27 09:10:21', 1, '', 'ffd050121'),
(342, 'Tejal devdatt basiya', '2021-11-27 08:06:41', '9429353932', '2021-11-27 08:06:41', '2021-11-27 10:36:42', 1, '91', 'ffd050121'),
(343, 'Ramabrahmam Kancharla', '2021-11-27 08:07:10', '09441113322', '2021-11-27 08:07:10', '2021-11-27 10:17:40', 1, '', 'ffd050121'),
(344, 'Mahaboo Basha', '2021-11-27 08:07:22', '7259516000', '2021-11-27 08:07:22', '2021-11-27 11:06:15', 0, '91', 'ffd050121'),
(345, 'Anshuman Gupta', '2021-11-27 08:07:38', '9736311789', '2021-11-27 08:07:38', '2021-11-27 10:02:09', 1, '', 'ffd050121'),
(346, 'Rambahadur', '2021-11-27 08:08:03', '879177186', '2021-11-27 08:08:03', '2021-11-27 08:54:47', 1, '', 'ffd050121'),
(347, 'Dinesh AGarwal', '2021-11-27 08:08:42', '9999914933', '2021-11-27 08:08:42', '2021-11-27 10:03:00', 1, '', 'ffd050121'),
(348, 'Shadab Akhtar', '2021-11-27 08:08:56', '7979710415', '2021-11-29 14:34:23', '2021-11-29 15:15:11', 1, '', 'ffd050121'),
(349, 'Deendayal Goyal', '2021-11-27 08:09:00', '8867233276', '2021-11-27 21:20:52', '2021-11-27 22:10:39', 1, '', 'ffd050121'),
(350, 'Jalindarnath', '2021-11-27 08:09:47', '8555922950', '2021-11-27 08:09:47', '2021-11-27 10:14:44', 1, '', 'ffd050121'),
(351, 'Husaina shujalpurwala ', '2021-11-27 08:11:48', '6359251053', '2021-11-27 08:11:48', '2021-11-27 09:18:42', 0, '', 'ffd050121'),
(352, 'krishna Jain', '2021-11-27 08:13:10', '9350504197', '2021-11-28 13:33:19', '2021-11-28 13:34:51', 1, '91', 'ffd050121'),
(353, 'K.lbararia', '2021-11-27 08:14:03', '98510995', '2021-11-27 08:14:03', '2021-11-27 11:18:14', 1, '977', 'ffd050121'),
(354, 'Hitendra Chheda', '2021-11-27 08:14:03', '9664666697', '2021-11-27 08:21:17', '2021-11-27 10:12:47', 1, '', 'ffd050121'),
(355, 'DR. A. NUNGSHITOMBI DEVI ', '2021-11-27 08:14:57', '8837416251', '2021-11-27 08:14:57', '2021-11-27 10:15:58', 1, '', 'ffd050121'),
(356, 'Vijay Kumar Baheti', '2021-11-27 08:15:01', '9341270525', '2021-12-11 06:52:40', '2021-12-11 06:55:20', 1, '', 'ffd050121'),
(357, 'Poonam sen', '2021-11-27 08:15:20', '9315179644', '2021-11-27 10:37:55', '2021-11-27 11:32:25', 1, '', 'ffd050121'),
(358, 'Vinita', '2021-11-27 08:16:12', '0423695989', '2021-11-27 08:16:12', '2021-11-27 11:21:11', 1, '61', 'ffd050121'),
(359, 'mukta sharma', '2021-11-27 08:16:52', '987344464', '2021-11-27 08:16:52', '2021-11-27 09:30:53', 1, '', 'ffd050121'),
(360, 'Sacheen Kumar Bheemkar', '2021-11-27 08:16:57', '9704625777', '2021-11-27 08:16:57', '2021-11-27 12:12:35', 1, '91', 'ffd050121'),
(361, 'Nimbaji Wankhede ', '2021-11-27 08:17:32', '9987445180', '2021-11-28 21:43:33', '2021-11-28 22:23:56', 1, '', 'ffd050121'),
(362, 'sunil sudam Ghadigaonkar', '2021-11-27 08:18:42', '9221316106', '2021-11-28 18:47:14', '2021-11-28 19:01:08', 1, '', 'ffd050121'),
(363, 'NAVNEET JULKA', '2021-11-27 08:19:21', '7869449444', '2021-11-27 08:19:21', '2021-11-27 11:14:21', 1, '', 'ffd050121'),
(364, 'Harsh Tangadi', '2021-11-27 08:19:37', '8861963968', '2021-11-27 09:43:45', '2021-11-27 09:44:15', 1, '', 'ffd050121'),
(365, 'DINESH YEVANKAR', '2021-11-27 08:20:27', '9923199699', '2021-11-27 08:20:27', '2021-11-27 11:13:43', 0, '91', 'ffd050121'),
(366, 'Sanjay Katira ', '2021-11-27 08:20:48', '9167195559', '2021-11-27 08:20:48', '2021-11-27 10:24:50', 0, '', 'ffd050121'),
(367, 'Hemant Bawankar', '2021-11-27 08:21:22', '9833727628', '2021-11-27 08:21:22', '2021-11-27 10:15:52', 1, '', 'ffd050121'),
(368, 'Ruchicka M Bansal', '2021-11-27 08:22:03', '9990706999', '2021-11-27 18:04:51', '2021-11-27 18:06:21', 1, '', 'ffd050121'),
(369, 'LATA SETJ', '2021-11-27 08:22:24', '7349899998', '2021-11-27 08:22:24', '2021-11-27 10:13:29', 0, '', 'ffd050121'),
(370, 'Seema', '2021-11-27 08:24:31', '8178068589', '2021-11-27 08:24:31', '2021-11-27 08:33:56', 1, '', 'ffd050121'),
(371, 'Somendra Shahi', '2021-11-27 08:24:55', '9022820555', '2021-11-27 08:25:32', '2021-11-27 10:17:58', 1, '', 'ffd050121'),
(372, 'Nilima ', '2021-11-27 08:30:47', '9561486338', '2021-11-27 08:30:47', '2021-11-27 10:55:29', 1, '', 'ffd050121'),
(373, 'Neha Suhalka', '2021-11-27 08:30:49', '09636156579', '2021-11-27 08:30:49', '2021-11-27 10:11:35', 0, '91', 'ffd050121'),
(374, 'Pallavi ', '2021-11-27 08:32:47', '8600598234', '2021-11-27 10:16:44', '2021-11-27 11:20:04', 1, '', 'ffd050121'),
(375, 'Gauri', '2021-11-27 08:33:10', '8805281900', '2021-11-27 08:33:10', '2021-11-27 08:33:40', 1, '', 'ffd050121'),
(376, 'Ishwarbhai Patel', '2021-11-27 08:33:25', '9925558746', '2021-11-27 08:33:25', '2021-11-27 10:14:25', 1, '', 'ffd050121'),
(377, 'Nanda Kulkarni', '2021-11-27 08:33:43', '8805232900', '2021-11-27 09:39:35', '2021-11-27 10:02:06', 1, '', 'ffd050121'),
(378, 'Vijay Kumar Baheti', '2021-11-27 08:34:48', '934127052', '2021-12-11 06:52:14', '2021-12-11 06:52:16', 0, '', 'ffd050121'),
(379, 'vk  baheti', '2021-11-27 08:35:36', '9341270525', '2021-11-27 08:35:36', '2021-12-11 06:51:51', 0, '91', 'ffd050121'),
(380, 'Milind Bildikar', '2021-11-27 08:41:10', '78', '2021-11-27 08:41:10', '2021-11-27 09:40:31', 1, '', 'ffd050121'),
(381, 'Gurpreet', '2021-11-27 08:42:56', '8130157429', '2021-11-27 08:49:57', '2021-11-27 09:12:27', 1, '', 'ffd050121'),
(382, 'Sandeep Tulsyan ', '2021-11-27 08:46:35', '9007252525', '2021-11-27 08:46:35', '2021-11-27 10:46:36', 1, '91', 'ffd050121'),
(383, 'Vijeta Shrivastava', '2021-11-27 08:46:55', '9826040229', '2021-11-27 08:46:55', '2021-11-27 10:30:57', 1, '', 'ffd050121'),
(384, 'Neelam Gupta', '2021-11-27 08:54:08', '9873252377', '2021-11-27 16:52:47', '2021-11-27 20:07:18', 1, '', 'ffd050121'),
(385, 'Subhajit', '2021-11-27 08:54:51', '9945604071', '2021-11-27 08:54:51', '2021-11-27 10:06:24', 1, '91', 'ffd050121'),
(386, 'Laxman singh kurmi', '2021-11-27 08:56:57', '9826380471', '2021-11-27 08:56:57', '2021-11-27 10:18:47', 1, '', 'ffd050121'),
(387, 'Gaikwad', '2021-11-27 08:59:04', '7020831216', '2021-11-27 08:59:04', '2021-11-27 09:12:57', 1, '', 'ffd050121'),
(388, 'Muninder Tayal', '2021-11-27 09:03:49', '9253241681', '2021-11-27 09:03:49', '2021-11-27 10:03:20', 1, '', 'ffd050121'),
(389, 'sumit laskar', '2021-11-27 09:06:51', '9774310897', '2021-11-27 09:06:51', '2021-11-27 09:44:16', 1, '', 'ffd050121'),
(390, 'Abhishek agarwal', '2021-11-27 09:07:06', '9928073747', '2021-11-27 09:12:15', '2021-11-27 11:30:39', 1, '', 'ffd050121'),
(391, 'Reshma', '2021-11-27 09:16:35', '7262530388', '2021-11-27 09:16:35', '2021-11-27 10:14:06', 1, '', 'ffd050121'),
(392, 'Rekha chauhan', '2021-11-27 09:21:08', '989735169', '2021-11-27 09:21:08', '2021-11-27 10:34:28', 1, '', 'ffd050121'),
(393, 'Rakhi', '2021-11-27 09:28:31', '9145294335', '2021-11-27 09:28:31', '2021-11-27 11:14:34', 1, '', 'ffd050121'),
(394, 'Clarence Pandey', '2021-11-27 09:30:25', '7760971401', '2021-11-27 09:30:25', '2021-11-27 11:06:32', 0, '', 'ffd050121'),
(395, ' mukta', '2021-11-27 09:32:18', '9873444464', '2021-11-27 09:32:18', '2021-11-27 11:13:25', 0, '', 'ffd050121'),
(396, 'Preeti Upadhyay', '2021-11-27 09:48:40', '09987573048', '2021-11-27 09:48:40', '2021-11-27 10:38:44', 1, '', 'ffd050121'),
(397, 'Poonam', '2021-11-27 09:50:10', '9810006041', '2021-11-27 09:50:10', '2021-11-27 10:37:15', 1, '', 'ffd050121');
INSERT INTO `tbl_users` (`id`, `name`, `reg_date`, `mobile_num`, `login_date`, `logout_date`, `logout_status`, `cntry_code`, `eventname`) VALUES
(398, 'Muninder Tayal', '2021-11-27 10:03:02', '92532416811', '2021-11-27 10:03:02', '2021-11-27 10:08:20', 1, '', 'ffd050121'),
(399, 'Shivani jain', '2021-11-27 10:03:43', '8800494456', '2021-11-27 10:03:43', '2021-11-27 12:09:18', 1, '', 'ffd050121'),
(400, 'akanksha ', '2021-11-27 10:09:24', '9404309485', '2021-11-27 10:09:24', '2021-11-27 11:19:56', 1, '', 'ffd050121'),
(401, 'Rajendrasinh', '2021-11-27 10:09:52', '9825075905', '2021-11-27 10:09:52', '2021-11-27 11:00:41', 1, '', 'ffd050121'),
(402, 'Vinod P', '2021-11-27 10:27:38', '9031361640', '2021-11-27 10:52:09', '2021-11-27 11:13:39', 1, '', 'ffd050121'),
(403, 'Manjit Singh', '2021-11-27 10:38:13', '9013224564', '2021-11-30 20:10:44', '2021-11-30 20:16:16', 1, '', 'ffd050121'),
(404, 'Reshma', '2021-11-27 11:10:51', '7262830388', '2021-11-27 11:10:51', '2021-11-27 11:13:51', 1, '', 'ffd050121'),
(405, 'Arti Jain', '2021-11-27 11:14:09', '9646022331', '2021-11-27 11:14:09', '2021-11-27 12:20:31', 1, '', 'ffd050121'),
(406, 'Mangesh Bind', '2021-11-27 13:54:07', '09326806577', '2021-11-27 13:54:07', '2021-11-27 13:55:38', 1, '', 'ffd050121'),
(407, 'Kalyani Patki', '2021-11-27 15:08:31', '7276818211', '2021-11-27 15:08:31', '2021-11-27 16:44:24', 0, '', 'ffd050121'),
(408, 'Meherjyoti Sangle', '2021-11-27 16:19:33', '8335845679', '2021-11-27 17:19:26', '2021-11-27 18:04:20', 0, '', 'ffd050121'),
(409, 'Akshat Jharia', '2021-11-27 16:21:21', '07204420017', '2021-11-27 16:21:21', '2021-11-27 16:24:55', 1, '', 'ffd050121'),
(410, 'sneha sapakl', '2021-11-27 16:48:55', '9975618927', '2021-11-27 16:48:55', '2021-11-27 17:39:23', 1, '', 'ffd050121'),
(411, 'Sukumar Nayak', '2021-11-27 16:53:00', '9950964000', '2021-11-27 20:40:59', '2021-11-27 20:49:33', 1, '', 'ffd050121'),
(412, 'Minal mulloth', '2021-11-27 16:56:21', '9899991346', '2021-11-27 16:56:21', '2021-11-27 18:51:00', 1, '', 'ffd050121'),
(413, 'Bhausaheb Sakore', '2021-11-27 17:29:52', '9822056756', '2021-11-27 19:55:45', '2021-11-27 21:56:16', 1, '', 'ffd050121'),
(414, 'Arun Kumar Goel', '2021-11-27 18:29:20', '9820011555', '2021-11-27 18:29:20', '2021-11-27 18:31:21', 1, '', 'ffd050121'),
(415, 'ajay', '2021-11-27 18:32:39', '7999520670', '2021-11-27 18:32:39', '2021-11-27 18:40:17', 1, '91', 'ffd050121'),
(416, 'Dhiraj patel', '2021-11-27 18:50:51', '9823176975', '2021-11-27 18:50:51', '2021-11-27 18:51:52', 1, '91', 'ffd050121'),
(417, 'SWAMI BARUN ANAND', '2021-11-27 18:54:59', '9435311489', '2021-11-27 18:55:39', '2021-11-27 18:56:09', 1, '', 'ffd050121'),
(418, 'laxman@bridgeblueglobal.com', '2021-11-27 19:04:13', '9851066969', '2021-11-27 19:04:13', '2021-11-27 19:27:13', 1, '977', 'ffd050121'),
(419, 'Poonam Patankar', '2021-11-27 19:09:39', '09833102825', '2021-11-27 19:13:25', '2021-11-27 19:13:55', 1, '', 'ffd050121'),
(420, 'SWAMI BARUN ANAND', '2021-11-27 20:02:39', '09435311489', '2021-11-27 20:03:17', '2021-11-27 20:03:47', 1, '', 'ffd050121'),
(421, 'Prema Prasad', '2021-11-27 20:07:32', '9868130404', '2021-11-29 17:46:18', '2021-11-29 18:16:26', 1, '', 'ffd050121'),
(422, 'Kamaljeet', '2021-11-27 20:51:08', '9911195221', '2021-11-27 22:25:26', '2021-11-27 22:59:26', 1, '', 'ffd050121'),
(423, 'Ankit', '2021-11-27 20:56:11', '9992906622', '2021-11-28 19:05:09', '2021-11-28 21:13:42', 1, '91', 'ffd050121'),
(424, 'Dr Manisha Dixit', '2021-11-27 21:19:18', '09822820408', '2021-11-27 21:19:18', '2021-11-27 21:20:35', 1, '', 'ffd050121'),
(425, 'Jalindarnath', '2021-11-27 21:30:15', '08555922950', '2021-11-28 22:07:17', '2021-11-28 23:05:43', 1, '', 'ffd050121'),
(426, 'Ajay Shastare', '2021-11-27 21:47:45', '9822303636', '2021-11-29 22:07:19', '2021-11-29 22:08:49', 1, '', 'ffd050121'),
(427, 'Tarun Mahajan', '2021-11-27 21:56:21', '09945689870', '2021-11-28 21:04:52', '2021-11-28 21:10:22', 1, '', 'ffd050121'),
(428, 'Minal', '2021-11-27 22:01:55', '8743094195', '2021-11-27 22:01:55', '2021-11-27 22:44:27', 1, '', 'ffd050121'),
(429, 'Deendayal', '2021-11-27 22:10:43', '8123077771', '2021-11-28 22:50:44', '2021-11-28 23:22:30', 1, '', 'ffd050121'),
(430, 'Manish vansia', '2021-11-27 22:12:55', '09023606344', '2021-11-30 16:51:54', '2021-11-30 17:04:04', 1, '', 'ffd050121'),
(431, 'Dr Munnalal Gupta', '2021-11-27 22:32:14', '9028226561', '2021-11-27 22:32:14', '2021-11-27 22:33:15', 1, '', 'ffd050121'),
(432, 'Arika Lamba', '2021-11-27 22:32:54', '09828808801', '2021-11-27 22:32:54', '2021-11-27 23:01:25', 1, '', 'ffd050121'),
(433, 'Gopal M Chipkar', '2021-11-27 23:26:03', '09433773207', '2021-11-27 23:26:03', '2021-11-27 23:27:04', 0, '91', 'ffd050121'),
(434, 'Gopal M Chipkar', '2021-11-27 23:27:42', '08777695744', '2021-11-29 18:40:15', '2021-11-29 18:41:45', 1, '91', 'ffd050121'),
(435, 'Piyush', '2021-11-28 04:25:12', '9407348570', '2021-11-28 04:27:10', '2021-11-28 07:14:15', 1, '91', 'ffd050121'),
(436, 'Munnalal Gupta', '2021-11-28 05:57:59', '09028226561', '2021-11-28 05:57:59', '2021-11-28 06:06:29', 1, '', 'ffd050121'),
(437, 'Sindhu ', '2021-11-28 07:24:11', '9945189563', '2021-11-28 07:24:11', '2021-11-28 07:25:32', 1, '', 'ffd050121'),
(438, 'Sajeev', '2021-11-28 07:26:09', '9841124504', '2021-11-28 07:26:09', '2021-11-28 07:56:56', 1, '', 'ffd050121'),
(439, 'Chitra Salgame', '2021-11-28 07:55:27', '6099370215', '2021-11-28 07:56:18', '2021-11-28 10:57:18', 1, '1', 'ffd050121'),
(440, 'Shadab Akhtar', '2021-11-28 10:01:22', '7979710115', '2021-11-28 10:01:22', '2021-11-28 10:01:30', 0, '', 'ffd050121'),
(441, 'Madhavan Kallath', '2021-11-28 11:13:43', '9136131606', '2021-11-28 20:26:09', '2021-11-28 21:28:10', 1, '91', 'ffd050121'),
(442, 'Sandeep Kanwal', '2021-11-28 11:55:42', '9958338178', '2021-11-28 11:59:25', '2021-11-28 11:59:55', 1, '', 'ffd050121'),
(443, 'D D Goyal', '2021-11-28 14:03:40', '8123077771', '2021-11-28 14:03:40', '2021-11-28 16:24:04', 1, '91', 'ffd050121'),
(444, 'Rajbir Rana', '2021-11-28 14:17:30', '9416492007', '2021-11-28 16:39:00', '2021-11-28 17:21:32', 1, '', 'ffd050121'),
(445, 'Ajit Umap ', '2021-11-28 14:17:38', '7387797657', '2021-11-29 11:39:15', '2021-11-29 11:41:27', 1, '', 'ffd050121'),
(446, 'Aarti Kaushal', '2021-11-28 15:26:06', '7484600620', '2021-11-28 22:11:48', '2021-11-29 00:22:24', 1, '44', 'ffd050121'),
(447, 'Arun Kumar Goel', '2021-11-28 15:40:25', '9820146500', '2021-11-28 22:50:21', '2021-11-29 00:04:52', 1, '', 'ffd050121'),
(448, 'Moogi Dhanalakshmi', '2021-11-28 15:45:03', '9849572868', '2021-11-28 15:45:03', '2021-11-28 16:32:03', 1, '', 'ffd050121'),
(449, 'Satarupa Chaudhuri ', '2021-11-28 15:48:17', '9810292422', '2021-11-28 15:48:17', '2021-11-28 16:24:48', 1, '91', 'ffd050121'),
(450, 'Vinita Pal', '2021-11-28 16:28:22', '9650096939', '2021-11-28 18:04:50', '2021-11-28 18:05:20', 1, '', 'ffd050121'),
(451, 'Neelam', '2021-11-28 16:32:22', '9898461313', '2021-11-28 16:32:22', '2021-11-28 18:02:19', 1, '', 'ffd050121'),
(452, 'Anantha ', '2021-11-28 16:35:07', '9739943404', '2021-11-28 16:35:07', '2021-11-28 16:37:15', 1, '', 'ffd050121'),
(453, 'Dr Deepak Kumar Hota', '2021-11-28 18:03:28', '8861542542', '2021-11-29 13:37:19', '2021-11-29 14:08:55', 1, '', 'ffd050121'),
(454, 'shweta', '2021-11-28 18:04:58', '7729979152', '2021-11-28 18:04:58', '2021-11-28 18:13:58', 1, '', 'ffd050121'),
(455, 'Sumant Dewan', '2021-11-28 18:53:54', '9971220300', '2021-11-28 18:53:54', '2021-11-28 18:54:24', 1, '', 'ffd050121'),
(456, 'Deepak', '2021-11-28 19:24:14', '9570506977', '2021-11-28 19:24:14', '2021-11-28 19:29:45', 1, '', 'ffd050121'),
(457, 'Dewanand Salve', '2021-11-28 19:56:09', '9822234163', '2021-11-30 15:09:06', '2021-11-30 16:32:08', 1, '', 'ffd050121'),
(458, 'Meghana Goankar', '2021-11-28 21:40:41', '09819720037', '2021-11-28 21:40:41', '2021-11-28 22:27:41', 1, '', 'ffd050121'),
(459, 'Mukund bagul', '2021-11-28 22:05:54', '9890044278', '2021-11-28 22:13:39', '2021-11-28 23:01:35', 1, '91', 'ffd050121'),
(460, 'chaitali', '2021-11-28 22:18:00', '9822335522', '2021-11-28 22:18:00', '2021-11-28 22:57:31', 1, '', 'ffd050121'),
(461, 'Sangita Amale', '2021-11-28 22:34:40', '9920400267', '2021-11-29 15:39:37', '2021-11-29 16:59:37', 1, '', 'ffd050121'),
(462, 'Manish vansia', '2021-11-28 22:50:00', '9023606344', '2021-11-29 22:29:10', '2021-11-29 22:43:11', 1, '', 'ffd050121'),
(463, 'Prikshit Mehra', '2021-11-29 00:21:21', '9810149122', '2021-11-29 00:21:21', '2021-11-29 00:21:51', 1, '91', 'ffd050121'),
(464, 'Jayant Ravi Mathely ', '2021-11-29 00:29:28', '0762059459', '2021-11-29 00:37:31', '2021-11-29 02:50:32', 1, '41', 'ffd050121'),
(465, 'Dr R K Gupta', '2021-11-29 07:09:21', '09413782645', '2021-11-29 07:09:21', '2021-11-29 07:50:32', 1, '', 'ffd050121'),
(466, 'Mukund', '2021-11-29 09:30:37', '9890044278', '2021-11-29 11:15:17', '2021-11-29 11:20:48', 1, '', 'ffd050121'),
(467, 'Sangita', '2021-11-29 09:34:27', '9920400257', '2021-11-29 09:34:27', '2021-11-29 10:10:13', 1, '', 'ffd050121'),
(468, 'Deepak Gandhi ', '2021-11-29 11:05:04', '9960992000', '2021-12-23 17:43:40', '2021-12-23 19:26:48', 1, '', 'ffd050121'),
(469, 'VeenaDeepakjain', '2021-11-29 11:24:25', '9665359000', '2021-11-29 11:24:25', '2021-11-29 11:31:56', 1, '', 'ffd050121'),
(470, 'kadambari pasalkar', '2021-11-29 11:32:05', '07276792844', '2021-11-29 11:32:05', '2021-11-29 12:06:02', 1, '91', 'ffd050121'),
(471, 'Veena Jain', '2021-11-29 11:41:12', '09665359000', '2021-11-29 16:36:19', '2021-11-29 20:02:50', 0, '', 'ffd050121'),
(472, 'Vishal kumar', '2021-11-29 12:07:48', '9897373776', '2021-11-29 12:52:16', '2021-11-29 14:47:05', 1, '', 'ffd050121'),
(473, 'Deepak gandhi ', '2021-11-29 12:26:05', '99609992000', '2021-11-29 12:26:05', '2021-11-29 13:38:36', 1, '', 'ffd050121'),
(474, 'Rahul Vichare', '2021-11-29 12:55:12', '9104236797', '2021-11-29 17:27:53', '2021-11-29 17:34:54', 1, '', 'ffd050121'),
(475, 'Sayali tejas wankhade ', '2021-11-29 14:40:14', '9637084777', '2021-11-29 14:40:14', '2021-11-29 14:47:46', 1, '', 'ffd050121'),
(476, 'laxman@brdigeblueglobal.com', '2021-11-29 14:51:03', '985106968', '2021-11-29 14:51:03', '2021-11-29 16:07:57', 0, '977', 'ffd050121'),
(477, 'Gopal M Chipkar', '2021-11-29 15:47:28', '07044810985', '2021-11-29 15:47:28', '2021-11-29 17:50:29', 1, '91', 'ffd050121'),
(478, 'Praveen Kumar', '2021-11-29 16:58:37', '9993868654', '2021-11-29 17:48:22', '2021-11-29 18:52:55', 1, '', 'ffd050121'),
(479, 'Ritesh Shekhar', '2021-11-29 16:59:09', '9910899703', '2021-11-29 16:59:09', '2021-11-29 17:00:09', 1, '', 'ffd050121'),
(480, 'Reena Asai', '2021-11-29 17:42:12', '9820123949', '2021-11-29 22:39:50', '2021-11-29 23:00:24', 1, '', 'ffd050121'),
(481, 'Ruchika Jain', '2021-11-29 22:12:14', '7875236000', '2021-11-29 22:12:14', '2021-11-29 22:38:16', 1, '91', 'ffd050121'),
(482, 'Abhinav Mathur', '2021-11-30 09:21:47', '7387390457', '2021-11-30 09:21:47', '2021-11-30 23:09:59', 0, '91', 'ffd050121'),
(483, 'Ashish Mathur', '2021-11-30 09:52:34', '2013902835', '2021-12-01 02:26:42', '2021-12-01 02:44:30', 1, '1', 'ffd050121'),
(484, 'Palak Nanda', '2021-11-30 10:34:01', '8368872242', '2021-11-30 10:34:01', '2021-11-30 10:50:48', 1, '', 'ffd050121'),
(485, 'Rachna', '2021-11-30 13:04:33', '9717005597', '2021-11-30 13:04:33', '2021-11-30 13:11:36', 1, '', 'ffd050121'),
(486, 'Dewanand Salve', '2021-11-30 15:05:40', '9822234163', '2021-11-30 15:05:40', '2021-11-30 15:07:11', 1, '91', 'ffd050121'),
(487, 'abhinav', '2021-11-30 16:23:43', '7387390457', '2021-11-30 16:23:43', '2021-11-30 23:09:59', 0, '', 'ffd050121'),
(488, 'Usha Saxena', '2021-12-01 16:01:50', '9986638752', '2021-12-01 16:01:50', '2021-12-01 19:42:21', 1, '', 'ffd050121'),
(489, 'priyanka', '2021-12-02 12:33:12', '888888888', '2021-12-02 12:33:12', '2021-12-02 13:00:31', 1, '', 'ffd050121'),
(490, 'ANILA ANN KURUVILLA ', '2021-12-04 08:08:38', '9962998177', '2021-12-04 08:08:38', '2021-12-04 08:17:39', 1, '', 'ffd050121'),
(491, 'Ghanshyam Ahirwar', '2021-12-04 08:17:35', '8959842979', '2021-12-04 08:17:35', '2021-12-04 08:18:05', 1, '', 'ffd050121'),
(492, 'Paulson Lazarus', '2021-12-11 08:38:32', '09619006008', '2021-12-11 08:38:32', '2021-12-11 08:39:32', 1, '', 'ffd050121'),
(493, 'Chaitali', '2021-12-11 09:44:54', '9822', '2021-12-11 09:44:54', '2021-12-11 09:45:24', 1, '', 'ffd050121'),
(494, 'Vijay', '2021-12-18 12:46:51', '09028420975', '2021-12-18 12:46:51', '2021-12-18 12:48:21', 1, '91', 'ffd050121');

--
-- Indexes for dumped tables
--

--
-- Indexes for table `tbl_questions`
--
ALTER TABLE `tbl_questions`
  ADD PRIMARY KEY (`id`);

--
-- Indexes for table `tbl_users`
--
ALTER TABLE `tbl_users`
  ADD PRIMARY KEY (`id`);

--
-- AUTO_INCREMENT for dumped tables
--

--
-- AUTO_INCREMENT for table `tbl_questions`
--
ALTER TABLE `tbl_questions`
  MODIFY `id` int(11) NOT NULL AUTO_INCREMENT, AUTO_INCREMENT=479;
--
-- AUTO_INCREMENT for table `tbl_users`
--
ALTER TABLE `tbl_users`
  MODIFY `id` int(3) NOT NULL AUTO_INCREMENT, AUTO_INCREMENT=495;
/*!40101 SET CHARACTER_SET_CLIENT=@OLD_CHARACTER_SET_CLIENT */;
/*!40101 SET CHARACTER_SET_RESULTS=@OLD_CHARACTER_SET_RESULTS */;
/*!40101 SET COLLATION_CONNECTION=@OLD_COLLATION_CONNECTION */;
